[
    {
        "changeuuid": "4f8776a3-f69e-4aef-bd53-f7d9556b6eac",
        "stationuuid": "962e5c39-0601-11e8-ae97-52543be04c81",
        "serveruuid": "7428a437-48fa-44aa-b890-8dec20428f6c",
        "name": "Proxima FM 94.6 Andorra la Vella",
        "url": "http://91.187.93.115:8000/;",
        "url_resolved": "http://91.187.93.115:8000/;",
        "homepage": "http://www.proxima.cat/",
        "favicon": "",
        "tags": "andorra la vella,pop",
        "country": "Andorra",
        "countrycode": "AD",
        "iso_3166_2": null,
        "state": "",
        "language": "catalan",
        "languagecodes": "ca",
        "votes": 1228,
        "lastchangetime": "2022-03-28 09:55:53",
        "lastchangetime_iso8601": "2022-03-28T09:55:53Z",
        "codec": "MP3",
        "bitrate": 128,
        "hls": 0,
        "lastcheckok": 1,
        "lastchecktime": "2023-04-24 02:13:10",
        "lastchecktime_iso8601": "2023-04-24T02:13:10Z",
        "lastcheckoktime": "2023-04-24 02:13:10",
        "lastcheckoktime_iso8601": "2023-04-24T02:13:10Z",
        "lastlocalchecktime": "2023-04-24 00:09:08",
        "lastlocalchecktime_iso8601": "2023-04-24T00:09:08Z",
        "clicktimestamp": "2023-04-24 11:36:34",
        "clicktimestamp_iso8601": "2023-04-24T11:36:34Z",
        "clickcount": 87,
        "clicktrend": -4,
        "ssl_error": 0,
        "geo_lat": null,
        "geo_long": null,
        "has_extended_info": false
    },
    {
        "changeuuid": "dcdeb590-cf7b-4997-a9b3-1bdd9b0cbcd3",
        "stationuuid": "9619c637-0601-11e8-ae97-52543be04c81",
        "serveruuid": "68bff67b-552d-455a-ba4f-aa7eb0ea26b9",
        "name": "R\u00e0dio Valira",
        "url": "http://91.187.93.115:8020/;stream/1",
        "url_resolved": "http://91.187.93.115:8020/;stream/1",
        "homepage": "http://www.radiovalira.ad/radiovalira/",
        "favicon": "http://radiovalira.ad/wp-content/uploads/2022/04/cropped-faviconrv-180x180.png",
        "tags": "encamp",
        "country": "Andorra",
        "countrycode": "AD",
        "iso_3166_2": null,
        "state": "",
        "language": "catalan,spanish",
        "languagecodes": "ca,es",
        "votes": 1042,
        "lastchangetime": "2022-12-07 13:21:21",
        "lastchangetime_iso8601": "2022-12-07T13:21:21Z",
        "codec": "MP3",
        "bitrate": 192,
        "hls": 0,
        "lastcheckok": 1,
        "lastchecktime": "2023-04-24 12:47:32",
        "lastchecktime_iso8601": "2023-04-24T12:47:32Z",
        "lastcheckoktime": "2023-04-24 12:47:32",
        "lastcheckoktime_iso8601": "2023-04-24T12:47:32Z",
        "lastlocalchecktime": "2023-04-24 12:47:32",
        "lastlocalchecktime_iso8601": "2023-04-24T12:47:32Z",
        "clicktimestamp": "2023-04-24 01:33:48",
        "clicktimestamp_iso8601": "2023-04-24T01:33:48Z",
        "clickcount": 67,
        "clicktrend": -1,
        "ssl_error": 0,
        "geo_lat": null,
        "geo_long": null,
        "has_extended_info": false
    },
    {
        "changeuuid": "38864a48-cb83-4a27-a383-81ef01d43294",
        "stationuuid": "c92a9934-c1af-42c0-8781-90748eec6f11",
        "serveruuid": "9af6e447-bceb-4033-a8b7-21541543a737",
        "name": "101.2 AZUL POP",
        "url": "https://azulpop.ozelip.com:8006/stream",
        "url_resolved": "https://azulpop.ozelip.com:8006/stream",
        "homepage": "https://www.azulradyo.com/",
        "favicon": "",
        "tags": "adult top 40,classic hits,hits,italian pop,m\u00fasica popular mexicana,pop en ingl\u00e9s",
        "country": "Andorra",
        "countrycode": "AD",
        "iso_3166_2": null,
        "state": "Rio Grande do Sul",
        "language": "english,espanish,spanish,turkish",
        "languagecodes": "en,es,tr",
        "votes": 516,
        "lastchangetime": "2022-09-19 17:53:13",
        "lastchangetime_iso8601": "2022-09-19T17:53:13Z",
        "codec": "MP3",
        "bitrate": 128,
        "hls": 0,
        "lastcheckok": 1,
        "lastchecktime": "2023-04-24 06:42:29",
        "lastchecktime_iso8601": "2023-04-24T06:42:29Z",
        "lastcheckoktime": "2023-04-24 06:42:29",
        "lastcheckoktime_iso8601": "2023-04-24T06:42:29Z",
        "lastlocalchecktime": "2023-04-23 23:51:40",
        "lastlocalchecktime_iso8601": "2023-04-23T23:51:40Z",
        "clicktimestamp": "2023-04-24 10:39:49",
        "clicktimestamp_iso8601": "2023-04-24T10:39:49Z",
        "clickcount": 136,
        "clicktrend": 3,
        "ssl_error": 0,
        "geo_lat": null,
        "geo_long": null,
        "has_extended_info": false
    },
    {
        "changeuuid": "4ed24eb2-dd03-4ee3-8035-1ea96d0f821f",
        "stationuuid": "ea5af7a2-7107-476f-9cee-94904d48ddbe",
        "serveruuid": "1c7b135c-8b7a-4909-a705-bc1d64c1df8c",
        "name": "ARABESK\u0130N MERKEZ\u0130 FM ",
        "url": "https://canli.arabeskinmerkezi.com/9180/stream",
        "url_resolved": "https://canli.arabeskinmerkezi.com/9180/stream",
        "homepage": "https://www.arabeskinmerkezi.com/",
        "favicon": "",
        "tags": "arabesk,arabesk fantazi,espa\u00f1ol,pop,spanish",
        "country": "Andorra",
        "countrycode": "AD",
        "iso_3166_2": null,
        "state": "andorra",
        "language": "spanish,turkish",
        "languagecodes": "es,tr",
        "votes": 426,
        "lastchangetime": "2023-02-23 23:18:06",
        "lastchangetime_iso8601": "2023-02-23T23:18:06Z",
        "codec": "MP3",
        "bitrate": 128,
        "hls": 0,
        "lastcheckok": 1,
        "lastchecktime": "2023-04-24 08:50:51",
        "lastchecktime_iso8601": "2023-04-24T08:50:51Z",
        "lastcheckoktime": "2023-04-24 08:50:51",
        "lastcheckoktime_iso8601": "2023-04-24T08:50:51Z",
        "lastlocalchecktime": "2023-04-24 08:50:51",
        "lastlocalchecktime_iso8601": "2023-04-24T08:50:51Z",
        "clicktimestamp": "2023-04-24 13:56:30",
        "clicktimestamp_iso8601": "2023-04-24T13:56:30Z",
        "clickcount": 61,
        "clicktrend": 0,
        "ssl_error": 0,
        "geo_lat": null,
        "geo_long": null,
        "has_extended_info": false
    },
    {
        "changeuuid": "6f336d8b-e5cf-4d14-9cac-133a5679f5ac",
        "stationuuid": "69a0e4de-491e-4481-893f-9a79e1afce67",
        "serveruuid": "5732bc4e-7378-4356-bbd0-c21e9de49917",
        "name": "tch",
        "url": "http://node-01.zeno.fm/bwrw9xcgqeruv",
        "url_resolved": "http://stream-015.zeno.fm/bwrw9xcgqeruv?zs=K776ntjfRlCdc8KCq_ksNA",
        "homepage": "",
        "favicon": "",
        "tags": "classical",
        "country": "Andorra",
        "countrycode": "AD",
        "iso_3166_2": null,
        "state": "",
        "language": "",
        "languagecodes": "",
        "votes": 197,
        "lastchangetime": "2022-10-11 23:34:32",
        "lastchangetime_iso8601": "2022-10-11T23:34:32Z",
        "codec": "AAC",
        "bitrate": 0,
        "hls": 0,
        "lastcheckok": 1,
        "lastchecktime": "2023-04-24 12:28:46",
        "lastchecktime_iso8601": "2023-04-24T12:28:46Z",
        "lastcheckoktime": "2023-04-24 12:28:46",
        "lastcheckoktime_iso8601": "2023-04-24T12:28:46Z",
        "lastlocalchecktime": "2023-04-23 20:08:25",
        "lastlocalchecktime_iso8601": "2023-04-23T20:08:25Z",
        "clicktimestamp": "2023-04-23 12:47:58",
        "clicktimestamp_iso8601": "2023-04-23T12:47:58Z",
        "clickcount": 40,
        "clicktrend": -6,
        "ssl_error": 0,
        "geo_lat": null,
        "geo_long": null,
        "has_extended_info": false
    },
    {
        "changeuuid": "0134a6d7-2926-4109-8cf8-54cd0141ab8b",
        "stationuuid": "c0eb35b1-eb76-4510-b759-f603125b5a0c",
        "serveruuid": null,
        "name": "Exa FM",
        "url": "https://playerservices.streamtheworld.com/api/livestream-redirect/XHPSFMAAC.aac",
        "url_resolved": "https://22823.live.streamtheworld.com:443/XHPSFMAAC.aac",
        "homepage": "https://www.exafm.com/veracruz/",
        "favicon": "https://i.iheart.com/v3/re/new_assets/5f9883c7cde5eff19e6eabac",
        "tags": "93.3 fm,entretenimiento,espa\u00f1ol,estaci\u00f3n,exa,exa fm,fm,juvenil,la estaci\u00f3n exacta,la estaci\u00f3n naranja,moi merino,mvs,mvs noticias,mvs radio,m\u00fasica en espa\u00f1ol e ingl\u00e9s,m\u00fasica pop,ponte exa,pop,pop en espa\u00f1ol e ingl\u00e9s,pop music,pop rock,radio",
        "country": "Andorra",
        "countrycode": "AD",
        "iso_3166_2": null,
        "state": "",
        "language": "spanish",
        "languagecodes": "es",
        "votes": 167,
        "lastchangetime": "2022-12-12 06:02:51",
        "lastchangetime_iso8601": "2022-12-12T06:02:51Z",
        "codec": "AAC+",
        "bitrate": 48,
        "hls": 0,
        "lastcheckok": 1,
        "lastchecktime": "2023-04-24 11:30:22",
        "lastchecktime_iso8601": "2023-04-24T11:30:22Z",
        "lastcheckoktime": "2023-04-24 11:30:22",
        "lastcheckoktime_iso8601": "2023-04-24T11:30:22Z",
        "lastlocalchecktime": "2023-04-24 11:30:22",
        "lastlocalchecktime_iso8601": "2023-04-24T11:30:22Z",
        "clicktimestamp": "2023-04-24 08:03:59",
        "clicktimestamp_iso8601": "2023-04-24T08:03:59Z",
        "clickcount": 82,
        "clicktrend": -1,
        "ssl_error": 0,
        "geo_lat": null,
        "geo_long": null,
        "has_extended_info": false
    },
    {
        "changeuuid": "cf628fd2-51b4-4e4a-be10-c9c97d331dc0",
        "stationuuid": "cdb78f60-cdb9-4b9e-8194-3ac0bef25aaf",
        "serveruuid": "cc6c28aa-911a-487d-a1d2-172b3310438b",
        "name": "RNA - Radio Nacional d Andorra",
        "url": "https://videos.rtva.ad/live/rna/playlist.m3u8",
        "url_resolved": "https://videos.rtva.ad/live/rna/playlist.m3u8",
        "homepage": "https://www.andorradifusio.ad/",
        "favicon": "https://cdn.onlineradiobox.com/img/l/2/82252.v15.png",
        "tags": "information,news,pop",
        "country": "Andorra",
        "countrycode": "AD",
        "iso_3166_2": null,
        "state": "Andorra La Vella",
        "language": "catalan,spanish",
        "languagecodes": "ca,es",
        "votes": 138,
        "lastchangetime": "2022-12-15 21:45:54",
        "lastchangetime_iso8601": "2022-12-15T21:45:54Z",
        "codec": "AAC",
        "bitrate": 169,
        "hls": 1,
        "lastcheckok": 1,
        "lastchecktime": "2023-04-24 13:11:50",
        "lastchecktime_iso8601": "2023-04-24T13:11:50Z",
        "lastcheckoktime": "2023-04-24 13:11:50",
        "lastcheckoktime_iso8601": "2023-04-24T13:11:50Z",
        "lastlocalchecktime": "2023-04-24 13:11:50",
        "lastlocalchecktime_iso8601": "2023-04-24T13:11:50Z",
        "clicktimestamp": "2023-04-24 07:23:44",
        "clicktimestamp_iso8601": "2023-04-24T07:23:44Z",
        "clickcount": 59,
        "clicktrend": -3,
        "ssl_error": 0,
        "geo_lat": 42.50644956264624,
        "geo_long": 1.5216493606567385,
        "has_extended_info": false
    },
    {
        "changeuuid": "154ccbb5-74db-427b-9edd-7256e88a6a19",
        "stationuuid": "5785afe1-f91d-497b-9f02-68ab656919f8",
        "serveruuid": "50e41f39-d235-46a5-9e56-64c2d905622e",
        "name": "Radio Put Sre\u0107e ",
        "url": "https://stream.master-dizajn.com/8004/stream",
        "url_resolved": "https://stream.master-dizajn.com/8004/stream",
        "homepage": "https://radioputsrece011.jimdofree.com/",
        "favicon": "",
        "tags": "classical",
        "country": "Andorra",
        "countrycode": "AD",
        "iso_3166_2": null,
        "state": "",
        "language": "",
        "languagecodes": "",
        "votes": 8,
        "lastchangetime": "2023-07-01 19:43:17",
        "lastchangetime_iso8601": "2023-07-01T19:43:17Z",
        "codec": "MP3",
        "bitrate": 128,
        "hls": 0,
        "lastcheckok": 1,
        "lastchecktime": "2023-07-09 05:32:28",
        "lastchecktime_iso8601": "2023-07-09T05:32:28Z",
        "lastcheckoktime": "2023-07-09 05:32:28",
        "lastcheckoktime_iso8601": "2023-07-09T05:32:28Z",
        "lastlocalchecktime": "2023-07-09 05:32:28",
        "lastlocalchecktime_iso8601": "2023-07-09T05:32:28Z",
        "clicktimestamp": "2023-07-09 11:48:54",
        "clicktimestamp_iso8601": "2023-07-09T11:48:54Z",
        "clickcount": 36,
        "clicktrend": -1,
        "ssl_error": 0,
        "geo_lat": null,
        "geo_long": null,
        "has_extended_info": false
    },
    {
        "changeuuid": "f94891f8-4f2a-461d-81f1-f44723c75b64",
        "stationuuid": "7626bbcc-8dfc-455e-bb0e-47ee38f8924a",
        "serveruuid": "757e116c-bb85-4eb1-b6d5-5d0d91ba807f",
        "name": "DIMusic Trance Andorra ",
        "url": "http://stream2.dimusic.club:11499/dim2",
        "url_resolved": "http://stream2.dimusic.club:11499/dim2",
        "homepage": "http://dimusic.club/",
        "favicon": "https://firebasestorage.googleapis.com/v0/b/radiogalaxy-580f4.appspot.com/o/images%2FIMG_20230504_091348644.jpg?alt=media&token=fa3051e1-78b7-4872-95ba-4e6f0b02cb6f",
        "tags": "trance music",
        "country": "Andorra",
        "countrycode": "AD",
        "iso_3166_2": null,
        "state": "",
        "language": "english",
        "languagecodes": "en",
        "votes": 74,
        "lastchangetime": "2023-07-30 20:21:39",
        "lastchangetime_iso8601": "2023-07-30T20:21:39Z",
        "codec": "AAC+",
        "bitrate": 96,
        "hls": 0,
        "lastcheckok": 1,
        "lastchecktime": "2023-09-03 10:53:35",
        "lastchecktime_iso8601": "2023-09-03T10:53:35Z",
        "lastcheckoktime": "2023-09-03 10:53:35",
        "lastcheckoktime_iso8601": "2023-09-03T10:53:35Z",
        "lastlocalchecktime": "2023-09-02 23:43:14",
        "lastlocalchecktime_iso8601": "2023-09-02T23:43:14Z",
        "clicktimestamp": "2023-09-03 14:27:41",
        "clicktimestamp_iso8601": "2023-09-03T14:27:41Z",
        "clickcount": 18,
        "clicktrend": 0,
        "ssl_error": 0,
        "geo_lat": null,
        "geo_long": null,
        "has_extended_info": false
    },
    {
        "changeuuid": "d8333768-66f6-4b51-a342-9dc343bd02ba",
        "stationuuid": "4bef4f44-d548-4ff5-b9de-413f0c3215c1",
        "serveruuid": "454ae35b-ac28-4296-844e-996e6b50f9db",
        "name": "DIMusic Club Andorra \ud83c\udde6\ud83c\udde9 ",
        "url": "http://stream1.dimusic.club:11496/live",
        "url_resolved": "http://stream1.dimusic.club:11496/live",
        "homepage": "http://dimusic.club/",
        "favicon": "https://firebasestorage.googleapis.com/v0/b/radiogalaxy-580f4.appspot.com/o/images%2FIMG_20230808_145923898.jpg?alt=media&token=9488fcfa-cdcc-4227-a1fe-5f9d813ed266",
        "tags": "dance,eurodance,eurohit,europop,pop,pophit",
        "country": "Andorra",
        "countrycode": "AD",
        "iso_3166_2": null,
        "state": "",
        "language": "english/ espa\u00f1a/ russian /francia /italia",
        "languagecodes": "",
        "votes": 11,
        "lastchangetime": "2023-08-08 12:08:36",
        "lastchangetime_iso8601": "2023-08-08T12:08:36Z",
        "codec": "AAC+",
        "bitrate": 96,
        "hls": 0,
        "lastcheckok": 1,
        "lastchecktime": "2023-09-03 13:54:40",
        "lastchecktime_iso8601": "2023-09-03T13:54:40Z",
        "lastcheckoktime": "2023-09-03 13:54:40",
        "lastcheckoktime_iso8601": "2023-09-03T13:54:40Z",
        "lastlocalchecktime": "2023-09-03 09:23:20",
        "lastlocalchecktime_iso8601": "2023-09-03T09:23:20Z",
        "clicktimestamp": "2023-09-03 12:43:35",
        "clicktimestamp_iso8601": "2023-09-03T12:43:35Z",
        "clickcount": 38,
        "clicktrend": 7,
        "ssl_error": 0,
        "geo_lat": null,
        "geo_long": null,
        "has_extended_info": false
    }
]