[
    {
        "changeuuid": "c8007789-14ed-4a04-92ce-0688e66ad000",
        "stationuuid": "962f7e44-0601-11e8-ae97-52543be04c81",
        "serveruuid": "571460e9-0b5b-47e4-bd5b-ef57968bb1b8",
        "name": "Antigua Observer Radio 91.1 St. John's",
        "url": "http://s8.voscast.com:8176/;",
        "url_resolved": "http://s8.voscast.com:8176/;",
        "homepage": "http://antiguaobserver.com/",
        "favicon": "",
        "tags": "talk",
        "country": "Antigua And Barbuda",
        "countrycode": "AG",
        "iso_3166_2": null,
        "state": "",
        "language": "english",
        "languagecodes": "en",
        "votes": 2651,
        "lastchangetime": "2022-03-28 13:29:00",
        "lastchangetime_iso8601": "2022-03-28T13:29:00Z",
        "codec": "MP3",
        "bitrate": 192,
        "hls": 0,
        "lastcheckok": 1,
        "lastchecktime": "2023-04-24 11:13:36",
        "lastchecktime_iso8601": "2023-04-24T11:13:36Z",
        "lastcheckoktime": "2023-04-24 11:13:36",
        "lastcheckoktime_iso8601": "2023-04-24T11:13:36Z",
        "lastlocalchecktime": "2023-04-24 10:50:40",
        "lastlocalchecktime_iso8601": "2023-04-24T10:50:40Z",
        "clicktimestamp": "2023-04-24 13:17:03",
        "clicktimestamp_iso8601": "2023-04-24T13:17:03Z",
        "clickcount": 123,
        "clicktrend": -8,
        "ssl_error": 0,
        "geo_lat": null,
        "geo_long": null,
        "has_extended_info": false
    },
    {
        "changeuuid": "a85f361a-3f67-4a3e-9387-fcee13802651",
        "stationuuid": "962f7faa-0601-11e8-ae97-52543be04c81",
        "serveruuid": "48860660-e6cc-4377-99a0-ce52a9519d23",
        "name": "Zoom Radio 95.7 St. John's",
        "url": "http://108.178.13.122:8170/;",
        "url_resolved": "http://108.178.13.122:8170/;",
        "homepage": "http://www.zoomradiofm.com/",
        "favicon": "",
        "tags": "jazz,rnb,soul",
        "country": "Antigua And Barbuda",
        "countrycode": "AG",
        "iso_3166_2": null,
        "state": "",
        "language": "english",
        "languagecodes": "en",
        "votes": 1002,
        "lastchangetime": "2022-03-28 09:07:45",
        "lastchangetime_iso8601": "2022-03-28T09:07:45Z",
        "codec": "MP3",
        "bitrate": 112,
        "hls": 0,
        "lastcheckok": 1,
        "lastchecktime": "2023-04-24 00:22:10",
        "lastchecktime_iso8601": "2023-04-24T00:22:10Z",
        "lastcheckoktime": "2023-04-24 00:22:10",
        "lastcheckoktime_iso8601": "2023-04-24T00:22:10Z",
        "lastlocalchecktime": "2023-04-23 22:46:19",
        "lastlocalchecktime_iso8601": "2023-04-23T22:46:19Z",
        "clicktimestamp": "2023-04-24 12:26:37",
        "clicktimestamp_iso8601": "2023-04-24T12:26:37Z",
        "clickcount": 84,
        "clicktrend": -7,
        "ssl_error": 0,
        "geo_lat": null,
        "geo_long": null,
        "has_extended_info": false
    }
]