[
    {
        "changeuuid": "a371b89b-d291-447f-a5da-0a53be8824f1",
        "stationuuid": "7be2bdb3-c9b9-400a-a649-5d00fe4b462d",
        "serveruuid": "fcce28f5-0200-4962-95c7-234ddf7deeb1",
        "name": "Play Radio Albania",
        "url": "http://stream.radiojar.com/sx7zrht0pg0uv",
        "url_resolved": "http://n05.radiojar.com/sx7zrht0pg0uv?rj-ttl=5&rj-tok=AAABh7JtZbUADw4lPkD3JyjKkw",
        "homepage": "https://www.playradio.io/",
        "favicon": "https://static.wixstatic.com/media/d54aed_0851a7076cf84e8f86d3e34466c25d60%7emv2.png/v1/fill/w_32%2ch_32%2clg_1%2cusm_0.66_1.00_0.01/d54aed_0851a7076cf84e8f86d3e34466c25d60%7emv2.png",
        "tags": "variety",
        "country": "Albania",
        "countrycode": "AL",
        "iso_3166_2": null,
        "state": "Tirana",
        "language": "shqip",
        "languagecodes": "",
        "votes": 2526,
        "lastchangetime": "2022-01-26 22:15:08",
        "lastchangetime_iso8601": "2022-01-26T22:15:08Z",
        "codec": "MP3",
        "bitrate": 0,
        "hls": 0,
        "lastcheckok": 1,
        "lastchecktime": "2023-04-24 08:39:06",
        "lastchecktime_iso8601": "2023-04-24T08:39:06Z",
        "lastcheckoktime": "2023-04-24 08:39:06",
        "lastcheckoktime_iso8601": "2023-04-24T08:39:06Z",
        "lastlocalchecktime": "2023-04-23 14:23:05",
        "lastlocalchecktime_iso8601": "2023-04-23T14:23:05Z",
        "clicktimestamp": "2023-04-24 13:17:16",
        "clicktimestamp_iso8601": "2023-04-24T13:17:16Z",
        "clickcount": 71,
        "clicktrend": -1,
        "ssl_error": 0,
        "geo_lat": null,
        "geo_long": null,
        "has_extended_info": false
    },
    {
        "changeuuid": "6696f371-3132-4c75-b4e4-99b671dbb375",
        "stationuuid": "26ff53d3-8f2f-4874-850f-3ae964e9712f",
        "serveruuid": "bf1cde6b-a112-455e-90cc-2a93c35245d3",
        "name": "RadioOne",
        "url": "https://cp1.sednastream.com/proxy/radioone94?mp=/stream",
        "url_resolved": "https://cp1.sednastream.com/proxy/radioone94?mp=/stream",
        "homepage": "https://radioone.al/",
        "favicon": "",
        "tags": "public radio",
        "country": "Albania",
        "countrycode": "AL",
        "iso_3166_2": null,
        "state": "",
        "language": "albanian,english,italian",
        "languagecodes": "en,it,sq",
        "votes": 1658,
        "lastchangetime": "2022-09-18 00:08:41",
        "lastchangetime_iso8601": "2022-09-18T00:08:41Z",
        "codec": "AAC+",
        "bitrate": 64,
        "hls": 0,
        "lastcheckok": 1,
        "lastchecktime": "2023-04-23 22:49:39",
        "lastchecktime_iso8601": "2023-04-23T22:49:39Z",
        "lastcheckoktime": "2023-04-23 22:49:39",
        "lastcheckoktime_iso8601": "2023-04-23T22:49:39Z",
        "lastlocalchecktime": "2023-04-23 20:31:08",
        "lastlocalchecktime_iso8601": "2023-04-23T20:31:08Z",
        "clicktimestamp": "2023-04-24 07:18:54",
        "clicktimestamp_iso8601": "2023-04-24T07:18:54Z",
        "clickcount": 57,
        "clicktrend": -1,
        "ssl_error": 0,
        "geo_lat": null,
        "geo_long": null,
        "has_extended_info": false
    },
    {
        "changeuuid": "cb3e6acb-3657-4f88-b46c-3bb3b7056391",
        "stationuuid": "961d695f-0601-11e8-ae97-52543be04c81",
        "serveruuid": "d6b18552-773e-44ed-853d-5eaac3d09e05",
        "name": "Radio Emigranti",
        "url": "http://www.radioemigranti.com:8000/radio.m3u",
        "url_resolved": "http://www.radioemigranti.com:8000/radio",
        "homepage": "http://www.radioemigranti.com/",
        "favicon": "",
        "tags": "albanian music",
        "country": "Albania",
        "countrycode": "AL",
        "iso_3166_2": null,
        "state": "",
        "language": "albanian",
        "languagecodes": "sq",
        "votes": 1450,
        "lastchangetime": "2022-03-28 13:23:15",
        "lastchangetime_iso8601": "2022-03-28T13:23:15Z",
        "codec": "MP3",
        "bitrate": 96,
        "hls": 0,
        "lastcheckok": 1,
        "lastchecktime": "2023-04-24 12:46:45",
        "lastchecktime_iso8601": "2023-04-24T12:46:45Z",
        "lastcheckoktime": "2023-04-24 12:46:45",
        "lastcheckoktime_iso8601": "2023-04-24T12:46:45Z",
        "lastlocalchecktime": "2023-04-23 18:59:22",
        "lastlocalchecktime_iso8601": "2023-04-23T18:59:22Z",
        "clicktimestamp": "2023-04-24 12:45:00",
        "clicktimestamp_iso8601": "2023-04-24T12:45:00Z",
        "clickcount": 101,
        "clicktrend": 3,
        "ssl_error": 0,
        "geo_lat": null,
        "geo_long": null,
        "has_extended_info": false
    },
    {
        "changeuuid": "6d57737b-5adc-4f90-a5a4-260d33ac6d1d",
        "stationuuid": "c2a284d3-1c1f-4eb8-b49c-4f5dff952d5a",
        "serveruuid": "bf1cde6b-a112-455e-90cc-2a93c35245d3",
        "name": "Radio Shqip - Tirana 92.0 MHz",
        "url": "https://cp1.sednastream.com/proxy/radioshqip?mp=/stream",
        "url_resolved": "https://cp1.sednastream.com/proxy/radioshqip?mp=/stream",
        "homepage": "http://shqipfm.al/",
        "favicon": "http://shqipfm.al/favicon.ico",
        "tags": "",
        "country": "Albania",
        "countrycode": "AL",
        "iso_3166_2": null,
        "state": "",
        "language": "",
        "languagecodes": "",
        "votes": 1135,
        "lastchangetime": "2022-07-09 18:38:58",
        "lastchangetime_iso8601": "2022-07-09T18:38:58Z",
        "codec": "MP3",
        "bitrate": 128,
        "hls": 0,
        "lastcheckok": 1,
        "lastchecktime": "2023-04-24 11:32:43",
        "lastchecktime_iso8601": "2023-04-24T11:32:43Z",
        "lastcheckoktime": "2023-04-24 11:32:43",
        "lastcheckoktime_iso8601": "2023-04-24T11:32:43Z",
        "lastlocalchecktime": "2023-04-23 20:18:37",
        "lastlocalchecktime_iso8601": "2023-04-23T20:18:37Z",
        "clicktimestamp": "2023-04-24 10:43:22",
        "clicktimestamp_iso8601": "2023-04-24T10:43:22Z",
        "clickcount": 47,
        "clicktrend": 6,
        "ssl_error": 0,
        "geo_lat": null,
        "geo_long": null,
        "has_extended_info": false
    },
    {
        "changeuuid": "297d6e43-3247-4c2b-87f5-ed0459c37515",
        "stationuuid": "1ebc1d71-5773-11ea-be63-52543be04c81",
        "serveruuid": "6662fd17-f03a-4d52-94db-fa4254b3024c",
        "name": "Tirana Jazz Radio",
        "url": "http://live.tiranajazzradio.com:8000/stream",
        "url_resolved": "http://live.tiranajazzradio.com:8000/stream",
        "homepage": "http://www.tiranajazzradio.com/",
        "favicon": "",
        "tags": "albania",
        "country": "Albania",
        "countrycode": "AL",
        "iso_3166_2": null,
        "state": "",
        "language": "albanian,shqip",
        "languagecodes": "sq",
        "votes": 1121,
        "lastchangetime": "2022-03-28 09:55:53",
        "lastchangetime_iso8601": "2022-03-28T09:55:53Z",
        "codec": "MP3",
        "bitrate": 128,
        "hls": 0,
        "lastcheckok": 1,
        "lastchecktime": "2023-04-24 03:39:26",
        "lastchecktime_iso8601": "2023-04-24T03:39:26Z",
        "lastcheckoktime": "2023-04-24 03:39:26",
        "lastcheckoktime_iso8601": "2023-04-24T03:39:26Z",
        "lastlocalchecktime": "2023-04-23 17:07:29",
        "lastlocalchecktime_iso8601": "2023-04-23T17:07:29Z",
        "clicktimestamp": "2023-04-24 11:12:59",
        "clicktimestamp_iso8601": "2023-04-24T11:12:59Z",
        "clickcount": 53,
        "clicktrend": 0,
        "ssl_error": 0,
        "geo_lat": null,
        "geo_long": null,
        "has_extended_info": false
    },
    {
        "changeuuid": "5a6ca3fb-3b8b-43b4-bdbe-06e80f651f2e",
        "stationuuid": "1a27cafc-50e7-40e6-a07e-36cf66668a5f",
        "serveruuid": "ababfaf1-edc4-458f-bdf1-8d0d211f32f1",
        "name": "Eurostar Radio - Tirana 94.4 FM",
        "url": "http://radioeurostar.al:9000/stream",
        "url_resolved": "http://radioeurostar.al:9000/stream",
        "homepage": "http://www.radioeurostar.al/",
        "favicon": "",
        "tags": "",
        "country": "Albania",
        "countrycode": "AL",
        "iso_3166_2": null,
        "state": "",
        "language": "",
        "languagecodes": "",
        "votes": 1051,
        "lastchangetime": "2023-02-24 02:08:32",
        "lastchangetime_iso8601": "2023-02-24T02:08:32Z",
        "codec": "MP3",
        "bitrate": 320,
        "hls": 0,
        "lastcheckok": 1,
        "lastchecktime": "2023-04-24 11:32:43",
        "lastchecktime_iso8601": "2023-04-24T11:32:43Z",
        "lastcheckoktime": "2023-04-24 11:32:43",
        "lastcheckoktime_iso8601": "2023-04-24T11:32:43Z",
        "lastlocalchecktime": "2023-04-24 09:53:08",
        "lastlocalchecktime_iso8601": "2023-04-24T09:53:08Z",
        "clicktimestamp": "2023-04-24 06:05:15",
        "clicktimestamp_iso8601": "2023-04-24T06:05:15Z",
        "clickcount": 44,
        "clicktrend": -2,
        "ssl_error": 0,
        "geo_lat": null,
        "geo_long": null,
        "has_extended_info": false
    },
    {
        "changeuuid": "c44ad184-3393-4d9b-9f88-bb5d69692698",
        "stationuuid": "089e5ac6-576e-11ea-be63-52543be04c81",
        "serveruuid": "308d15f0-e3cc-4590-9bd9-d71038f75cf2",
        "name": "Energy Radio NRG",
        "url": "http://ice31.securenetsystems.net/AL09?type=.mp3",
        "url_resolved": "http://ice31.securenetsystems.net/AL09?type=.mp3",
        "homepage": "https://radionrg.al/",
        "favicon": "",
        "tags": "albania,tirane",
        "country": "Albania",
        "countrycode": "AL",
        "iso_3166_2": null,
        "state": "",
        "language": "albanian,shqip",
        "languagecodes": "sq",
        "votes": 922,
        "lastchangetime": "2022-03-28 13:51:41",
        "lastchangetime_iso8601": "2022-03-28T13:51:41Z",
        "codec": "AAC+",
        "bitrate": 64,
        "hls": 0,
        "lastcheckok": 1,
        "lastchecktime": "2023-04-24 10:57:16",
        "lastchecktime_iso8601": "2023-04-24T10:57:16Z",
        "lastcheckoktime": "2023-04-24 10:57:16",
        "lastcheckoktime_iso8601": "2023-04-24T10:57:16Z",
        "lastlocalchecktime": "2023-04-23 23:00:21",
        "lastlocalchecktime_iso8601": "2023-04-23T23:00:21Z",
        "clicktimestamp": "2023-04-24 08:13:17",
        "clicktimestamp_iso8601": "2023-04-24T08:13:17Z",
        "clickcount": 29,
        "clicktrend": -1,
        "ssl_error": 0,
        "geo_lat": null,
        "geo_long": null,
        "has_extended_info": false
    },
    {
        "changeuuid": "bd099848-ac64-4635-868f-069886d86b77",
        "stationuuid": "4a75dd5d-f636-11e8-a471-52543be04c81",
        "serveruuid": "3abb26f7-5441-45fb-a5fa-deed95fa5098",
        "name": "Albania News 24 TV",
        "url": "http://tv.balkanweb.com:8081/news24/livestream/playlist.m3u8",
        "url_resolved": "http://tv.balkanweb.com:8081/news24/livestream/playlist.m3u8",
        "homepage": "http://www.balkanweb.com/",
        "favicon": "https://www.balkanweb.com/icon//apple-touch-icon-120x120.png",
        "tags": "",
        "country": "Albania",
        "countrycode": "AL",
        "iso_3166_2": null,
        "state": "Tirana",
        "language": "albanian",
        "languagecodes": "sq",
        "votes": 800,
        "lastchangetime": "2023-01-05 09:51:12",
        "lastchangetime_iso8601": "2023-01-05T09:51:12Z",
        "codec": "AAC,H.264",
        "bitrate": 390,
        "hls": 1,
        "lastcheckok": 1,
        "lastchecktime": "2023-04-23 21:56:04",
        "lastchecktime_iso8601": "2023-04-23T21:56:04Z",
        "lastcheckoktime": "2023-04-23 21:56:04",
        "lastcheckoktime_iso8601": "2023-04-23T21:56:04Z",
        "lastlocalchecktime": "2023-04-23 18:40:11",
        "lastlocalchecktime_iso8601": "2023-04-23T18:40:11Z",
        "clicktimestamp": "2023-04-24 12:11:40",
        "clicktimestamp_iso8601": "2023-04-24T12:11:40Z",
        "clickcount": 145,
        "clicktrend": -1,
        "ssl_error": 0,
        "geo_lat": null,
        "geo_long": null,
        "has_extended_info": false
    },
    {
        "changeuuid": "af11e2ec-93c0-4b35-964f-9ee8a71638d9",
        "stationuuid": "fc1d94ce-d7bf-4953-aac8-1180c5372f19",
        "serveruuid": "8b540b60-912e-430f-b243-d251b19f9084",
        "name": "My Music Radio - Tirana 97.3 FM",
        "url": "https://live.top-media.al/mmr",
        "url_resolved": "https://live.top-media.al/mmr",
        "homepage": "http://www.topalbaniaradio.com/v7/live/mymusicradio/",
        "favicon": "https://www.topalbaniaradio.com/v7/wp-content/themes/topalbaniaradio/images/site-icons/apple-touch-icon.png",
        "tags": "",
        "country": "Albania",
        "countrycode": "AL",
        "iso_3166_2": null,
        "state": "",
        "language": "",
        "languagecodes": "",
        "votes": 749,
        "lastchangetime": "2022-07-09 19:00:03",
        "lastchangetime_iso8601": "2022-07-09T19:00:03Z",
        "codec": "AAC+",
        "bitrate": 64,
        "hls": 0,
        "lastcheckok": 1,
        "lastchecktime": "2023-04-24 12:10:15",
        "lastchecktime_iso8601": "2023-04-24T12:10:15Z",
        "lastcheckoktime": "2023-04-24 12:10:15",
        "lastcheckoktime_iso8601": "2023-04-24T12:10:15Z",
        "lastlocalchecktime": "2023-04-23 20:50:02",
        "lastlocalchecktime_iso8601": "2023-04-23T20:50:02Z",
        "clicktimestamp": "2023-04-24 10:45:11",
        "clicktimestamp_iso8601": "2023-04-24T10:45:11Z",
        "clickcount": 63,
        "clicktrend": -2,
        "ssl_error": 0,
        "geo_lat": null,
        "geo_long": null,
        "has_extended_info": false
    },
    {
        "changeuuid": "f77e807b-7427-4aac-816c-5f820d88d820",
        "stationuuid": "3524ac56-5970-11e9-a622-52543be04c81",
        "serveruuid": "7eb2d8a3-6277-41a2-a520-799e1ea23fd6",
        "name": "RADIO MARIA ALBANIA",
        "url": "http://dreamsiteradiocp2.com:8028/stream",
        "url_resolved": "http://dreamsiteradiocp2.com:8028/stream",
        "homepage": "https://www.radiomaria.al/",
        "favicon": "https://www.radiomaria.al/wp-content/uploads/2018/01/cropped-per-itunes-270x270.jpg",
        "tags": "catholic,religion",
        "country": "Albania",
        "countrycode": "AL",
        "iso_3166_2": null,
        "state": "",
        "language": "albanian",
        "languagecodes": "sq",
        "votes": 660,
        "lastchangetime": "2022-03-28 13:45:37",
        "lastchangetime_iso8601": "2022-03-28T13:45:37Z",
        "codec": "AAC+",
        "bitrate": 32,
        "hls": 0,
        "lastcheckok": 1,
        "lastchecktime": "2023-04-24 13:20:17",
        "lastchecktime_iso8601": "2023-04-24T13:20:17Z",
        "lastcheckoktime": "2023-04-24 13:20:17",
        "lastcheckoktime_iso8601": "2023-04-24T13:20:17Z",
        "lastlocalchecktime": "2023-04-23 22:08:05",
        "lastlocalchecktime_iso8601": "2023-04-23T22:08:05Z",
        "clicktimestamp": "2023-04-23 10:52:07",
        "clicktimestamp_iso8601": "2023-04-23T10:52:07Z",
        "clickcount": 16,
        "clicktrend": -2,
        "ssl_error": 0,
        "geo_lat": null,
        "geo_long": null,
        "has_extended_info": false
    },
    {
        "changeuuid": "a6bd7305-4469-4b82-b5b2-d220988915c7",
        "stationuuid": "d8d3a887-761e-4a7d-81d8-00d2fcda1b8a",
        "serveruuid": "be3074bc-ac5b-4b47-8fcb-5a7e8c230b39",
        "name": "Radio Ora News - Tirana 96.7 FM",
        "url": "https://radio.oranews.tv:8443/stream",
        "url_resolved": "https://radio.oranews.tv:8443/stream",
        "homepage": "https://www.oranews.tv/",
        "favicon": "https://www.oranews.tv/ikona/apple-touch-icon.png",
        "tags": "",
        "country": "Albania",
        "countrycode": "AL",
        "iso_3166_2": null,
        "state": "",
        "language": "",
        "languagecodes": "",
        "votes": 626,
        "lastchangetime": "2022-07-09 18:56:07",
        "lastchangetime_iso8601": "2022-07-09T18:56:07Z",
        "codec": "MP3",
        "bitrate": 64,
        "hls": 0,
        "lastcheckok": 1,
        "lastchecktime": "2023-04-24 12:40:43",
        "lastchecktime_iso8601": "2023-04-24T12:40:43Z",
        "lastcheckoktime": "2023-04-24 12:40:43",
        "lastcheckoktime_iso8601": "2023-04-24T12:40:43Z",
        "lastlocalchecktime": "2023-04-24 09:34:21",
        "lastlocalchecktime_iso8601": "2023-04-24T09:34:21Z",
        "clicktimestamp": "2023-04-23 19:52:11",
        "clicktimestamp_iso8601": "2023-04-23T19:52:11Z",
        "clickcount": 33,
        "clicktrend": -3,
        "ssl_error": 0,
        "geo_lat": null,
        "geo_long": null,
        "has_extended_info": false
    },
    {
        "changeuuid": "58a9454a-7057-400d-8ff7-ccc1da3b6421",
        "stationuuid": "a51835f7-ef69-4b77-ab3c-54ac902b781a",
        "serveruuid": "2c3f9090-9c51-4ed2-9f2b-7997ebcbc3c2",
        "name": "Top Albania Radio - Tirana 100 .0 FM",
        "url": "https://live.topgold.al/tar",
        "url_resolved": "https://live.topgold.al/tar",
        "homepage": "http://www.topalbaniaradio.com/",
        "favicon": "https://www.topalbaniaradio.com/v7/wp-content/themes/topalbaniaradio/images/site-icons/apple-touch-icon.png",
        "tags": "",
        "country": "Albania",
        "countrycode": "AL",
        "iso_3166_2": null,
        "state": "",
        "language": "",
        "languagecodes": "",
        "votes": 579,
        "lastchangetime": "2022-07-09 19:01:58",
        "lastchangetime_iso8601": "2022-07-09T19:01:58Z",
        "codec": "MP3",
        "bitrate": 128,
        "hls": 0,
        "lastcheckok": 1,
        "lastchecktime": "2023-04-24 12:10:15",
        "lastchecktime_iso8601": "2023-04-24T12:10:15Z",
        "lastcheckoktime": "2023-04-24 12:10:15",
        "lastcheckoktime_iso8601": "2023-04-24T12:10:15Z",
        "lastlocalchecktime": "2023-04-23 21:16:41",
        "lastlocalchecktime_iso8601": "2023-04-23T21:16:41Z",
        "clicktimestamp": "2023-04-24 06:01:07",
        "clicktimestamp_iso8601": "2023-04-24T06:01:07Z",
        "clickcount": 42,
        "clicktrend": -1,
        "ssl_error": 0,
        "geo_lat": null,
        "geo_long": null,
        "has_extended_info": false
    },
    {
        "changeuuid": "0de1669d-07b2-4fd4-920a-99bddc9c230e",
        "stationuuid": "69f36f3e-3bef-4c28-a817-b86989020d1d",
        "serveruuid": "bf1cde6b-a112-455e-90cc-2a93c35245d3",
        "name": "City Radio - Tirana 88.0 FM",
        "url": "https://cp1.sednastream.com/proxy/cityradio?mp=/stream",
        "url_resolved": "https://cp1.sednastream.com/proxy/cityradio?mp=/stream",
        "homepage": "https://www.cityradio.al/",
        "favicon": "",
        "tags": "",
        "country": "Albania",
        "countrycode": "AL",
        "iso_3166_2": null,
        "state": "",
        "language": "",
        "languagecodes": "",
        "votes": 572,
        "lastchangetime": "2022-07-09 18:29:30",
        "lastchangetime_iso8601": "2022-07-09T18:29:30Z",
        "codec": "MP3",
        "bitrate": 128,
        "hls": 0,
        "lastcheckok": 1,
        "lastchecktime": "2023-04-24 09:45:54",
        "lastchecktime_iso8601": "2023-04-24T09:45:54Z",
        "lastcheckoktime": "2023-04-24 09:45:54",
        "lastcheckoktime_iso8601": "2023-04-24T09:45:54Z",
        "lastlocalchecktime": "2023-04-23 22:31:07",
        "lastlocalchecktime_iso8601": "2023-04-23T22:31:07Z",
        "clicktimestamp": "2023-04-24 08:13:10",
        "clicktimestamp_iso8601": "2023-04-24T08:13:10Z",
        "clickcount": 34,
        "clicktrend": 0,
        "ssl_error": 0,
        "geo_lat": null,
        "geo_long": null,
        "has_extended_info": false
    },
    {
        "changeuuid": "a2415c25-a185-4203-8b1e-f27707baed03",
        "stationuuid": "4ddec43d-5354-4b79-a86a-f12ed37fdf7b",
        "serveruuid": "bea1371d-ae69-4b2d-9477-c34b4eed10bb",
        "name": "MCN Radio - Tirana 103.1 FM",
        "url": "http://46.183.121.48:8000/mcn",
        "url_resolved": "http://46.183.121.48:8000/mcn",
        "homepage": "http://mcnradio.al/",
        "favicon": "",
        "tags": "",
        "country": "Albania",
        "countrycode": "AL",
        "iso_3166_2": null,
        "state": "",
        "language": "",
        "languagecodes": "",
        "votes": 570,
        "lastchangetime": "2022-12-10 03:57:21",
        "lastchangetime_iso8601": "2022-12-10T03:57:21Z",
        "codec": "MP3",
        "bitrate": 320,
        "hls": 0,
        "lastcheckok": 1,
        "lastchecktime": "2023-04-24 09:45:54",
        "lastchecktime_iso8601": "2023-04-24T09:45:54Z",
        "lastcheckoktime": "2023-04-24 09:45:54",
        "lastcheckoktime_iso8601": "2023-04-24T09:45:54Z",
        "lastlocalchecktime": "2023-04-23 16:58:20",
        "lastlocalchecktime_iso8601": "2023-04-23T16:58:20Z",
        "clicktimestamp": "2023-04-24 12:59:07",
        "clicktimestamp_iso8601": "2023-04-24T12:59:07Z",
        "clickcount": 22,
        "clicktrend": -1,
        "ssl_error": 0,
        "geo_lat": null,
        "geo_long": null,
        "has_extended_info": false
    },
    {
        "changeuuid": "7f3d6fda-a90e-423b-b854-8cb95f07a575",
        "stationuuid": "bb7869b2-89f9-4b53-abe8-13530e1f67a5",
        "serveruuid": "bf1cde6b-a112-455e-90cc-2a93c35245d3",
        "name": "Radio One - Tirana 95.2 FM",
        "url": "https://cp1.sednastream.com/proxy/radioone94?mp=/stream",
        "url_resolved": "https://cp1.sednastream.com/proxy/radioone94?mp=/stream",
        "homepage": "https://www.radioone.al/",
        "favicon": "",
        "tags": "",
        "country": "Albania",
        "countrycode": "AL",
        "iso_3166_2": null,
        "state": "",
        "language": "",
        "languagecodes": "",
        "votes": 564,
        "lastchangetime": "2022-07-09 18:45:58",
        "lastchangetime_iso8601": "2022-07-09T18:45:58Z",
        "codec": "AAC+",
        "bitrate": 64,
        "hls": 0,
        "lastcheckok": 1,
        "lastchecktime": "2023-04-24 12:40:43",
        "lastchecktime_iso8601": "2023-04-24T12:40:43Z",
        "lastcheckoktime": "2023-04-24 12:40:43",
        "lastcheckoktime_iso8601": "2023-04-24T12:40:43Z",
        "lastlocalchecktime": "2023-04-24 11:21:27",
        "lastlocalchecktime_iso8601": "2023-04-24T11:21:27Z",
        "clicktimestamp": "2023-04-24 08:33:06",
        "clicktimestamp_iso8601": "2023-04-24T08:33:06Z",
        "clickcount": 21,
        "clicktrend": -1,
        "ssl_error": 0,
        "geo_lat": null,
        "geo_long": null,
        "has_extended_info": false
    },
    {
        "changeuuid": "91e56315-293b-4ef9-9157-c4b733535387",
        "stationuuid": "91f9fe1a-7a15-4624-8e89-e96099297ff5",
        "serveruuid": "2c3f9090-9c51-4ed2-9f2b-7997ebcbc3c2",
        "name": "Top Gold Radio - Tirana 100.8 FM",
        "url": "https://live.topgold.al/topgold",
        "url_resolved": "https://live.topgold.al/topgold",
        "homepage": "http://www.topalbaniaradio.com/v7/live/topgold/",
        "favicon": "https://www.topalbaniaradio.com/v7/wp-content/themes/topalbaniaradio/images/site-icons/apple-touch-icon.png",
        "tags": "",
        "country": "Albania",
        "countrycode": "AL",
        "iso_3166_2": null,
        "state": "",
        "language": "",
        "languagecodes": "",
        "votes": 547,
        "lastchangetime": "2022-09-04 21:34:19",
        "lastchangetime_iso8601": "2022-09-04T21:34:19Z",
        "codec": "AAC+",
        "bitrate": 64,
        "hls": 0,
        "lastcheckok": 1,
        "lastchecktime": "2023-04-24 12:35:03",
        "lastchecktime_iso8601": "2023-04-24T12:35:03Z",
        "lastcheckoktime": "2023-04-24 12:35:03",
        "lastcheckoktime_iso8601": "2023-04-24T12:35:03Z",
        "lastlocalchecktime": "2023-04-23 15:52:51",
        "lastlocalchecktime_iso8601": "2023-04-23T15:52:51Z",
        "clicktimestamp": "2023-04-24 10:47:16",
        "clicktimestamp_iso8601": "2023-04-24T10:47:16Z",
        "clickcount": 26,
        "clicktrend": -1,
        "ssl_error": 0,
        "geo_lat": null,
        "geo_long": null,
        "has_extended_info": false
    },
    {
        "changeuuid": "efcb1b7c-0e90-4648-95bf-1a83cd20e2ed",
        "stationuuid": "1d12e920-2e7c-42f2-ac14-809d9192a99b",
        "serveruuid": "8b540b60-912e-430f-b243-d251b19f9084",
        "name": "Top Albanian Radio",
        "url": "https://live.top-media.al/tar",
        "url_resolved": "https://live.top-media.al/tar",
        "homepage": "https://www.topalbaniaradio.com/",
        "favicon": "https://www.topalbaniaradio.com/v7/wp-content/themes/topalbaniaradio/images/site-icons/apple-touch-icon.png",
        "tags": "",
        "country": "Albania",
        "countrycode": "AL",
        "iso_3166_2": null,
        "state": "",
        "language": "",
        "languagecodes": "",
        "votes": 519,
        "lastchangetime": "2022-05-25 16:22:58",
        "lastchangetime_iso8601": "2022-05-25T16:22:58Z",
        "codec": "MP3",
        "bitrate": 128,
        "hls": 0,
        "lastcheckok": 1,
        "lastchecktime": "2023-04-24 10:50:53",
        "lastchecktime_iso8601": "2023-04-24T10:50:53Z",
        "lastcheckoktime": "2023-04-24 10:50:53",
        "lastcheckoktime_iso8601": "2023-04-24T10:50:53Z",
        "lastlocalchecktime": "2023-04-23 21:47:41",
        "lastlocalchecktime_iso8601": "2023-04-23T21:47:41Z",
        "clicktimestamp": "2023-04-24 07:12:56",
        "clicktimestamp_iso8601": "2023-04-24T07:12:56Z",
        "clickcount": 30,
        "clicktrend": -1,
        "ssl_error": 0,
        "geo_lat": null,
        "geo_long": null,
        "has_extended_info": false
    },
    {
        "changeuuid": "e0f7056a-dfe5-47ac-a8fb-3de8fd4c2734",
        "stationuuid": "e4af0537-2f95-4980-8adb-08389367b1de",
        "serveruuid": "a5413437-edf1-4028-8c66-a737bf85aa37",
        "name": "Radio DJ - Tirana 98.2 FM",
        "url": "https://antena.albaniadigitalradio.al/radiodj",
        "url_resolved": "https://antena.albaniadigitalradio.al/radiodj",
        "homepage": "http://www.albaniaradiodj.al/",
        "favicon": "",
        "tags": "",
        "country": "Albania",
        "countrycode": "AL",
        "iso_3166_2": null,
        "state": "",
        "language": "",
        "languagecodes": "",
        "votes": 500,
        "lastchangetime": "2022-07-09 18:54:46",
        "lastchangetime_iso8601": "2022-07-09T18:54:46Z",
        "codec": "MP3",
        "bitrate": 128,
        "hls": 0,
        "lastcheckok": 1,
        "lastchecktime": "2023-04-24 13:51:38",
        "lastchecktime_iso8601": "2023-04-24T13:51:38Z",
        "lastcheckoktime": "2023-04-24 13:51:38",
        "lastcheckoktime_iso8601": "2023-04-24T13:51:38Z",
        "lastlocalchecktime": "2023-04-23 21:30:34",
        "lastlocalchecktime_iso8601": "2023-04-23T21:30:34Z",
        "clicktimestamp": "2023-04-24 13:48:41",
        "clicktimestamp_iso8601": "2023-04-24T13:48:41Z",
        "clickcount": 36,
        "clicktrend": 2,
        "ssl_error": 0,
        "geo_lat": null,
        "geo_long": null,
        "has_extended_info": false
    },
    {
        "changeuuid": "6ffe0ea4-11c1-4322-8964-f1ed8d40df2d",
        "stationuuid": "7ac71088-cd65-417d-b437-850cc1b5fabb",
        "serveruuid": "bf1cde6b-a112-455e-90cc-2a93c35245d3",
        "name": "Radio Club FM - Tirana 100.4 MHz",
        "url": "https://cp1.sednastream.com/proxy/clubfm?mp=/stream",
        "url_resolved": "https://cp1.sednastream.com/proxy/clubfm?mp=/stream",
        "homepage": "http://clubfm.al/",
        "favicon": "",
        "tags": "",
        "country": "Albania",
        "countrycode": "AL",
        "iso_3166_2": null,
        "state": "",
        "language": "",
        "languagecodes": "",
        "votes": 494,
        "lastchangetime": "2022-07-09 18:59:07",
        "lastchangetime_iso8601": "2022-07-09T18:59:07Z",
        "codec": "MP3",
        "bitrate": 128,
        "hls": 0,
        "lastcheckok": 1,
        "lastchecktime": "2023-04-24 13:31:53",
        "lastchecktime_iso8601": "2023-04-24T13:31:53Z",
        "lastcheckoktime": "2023-04-24 13:31:53",
        "lastcheckoktime_iso8601": "2023-04-24T13:31:53Z",
        "lastlocalchecktime": "2023-04-23 19:15:26",
        "lastlocalchecktime_iso8601": "2023-04-23T19:15:26Z",
        "clicktimestamp": "2023-04-24 06:02:52",
        "clicktimestamp_iso8601": "2023-04-24T06:02:52Z",
        "clickcount": 20,
        "clicktrend": 0,
        "ssl_error": 0,
        "geo_lat": null,
        "geo_long": null,
        "has_extended_info": false
    },
    {
        "changeuuid": "edba215e-70a7-4114-b4fb-3421709d9ff1",
        "stationuuid": "af4f436f-bc28-4a66-ba7d-2633eb434d74",
        "serveruuid": "1b346b57-1a48-4b47-930e-286b57af6f31",
        "name": "Play Radio - Tirana 91.1 FM",
        "url": "http://n0d.radiojar.com/sx7zrht0pg0uv",
        "url_resolved": "http://n11.radiojar.com/sx7zrht0pg0uv?rj-ttl=5&rj-tok=AAABh7LDYTMAbyeXheuXGSFPxw",
        "homepage": "https://playradio.io/",
        "favicon": "https://static.wixstatic.com/media/d54aed_0851a7076cf84e8f86d3e34466c25d60%7emv2.png/v1/fill/w_32%2ch_32%2clg_1%2cusm_0.66_1.00_0.01/d54aed_0851a7076cf84e8f86d3e34466c25d60%7emv2.png",
        "tags": "",
        "country": "Albania",
        "countrycode": "AL",
        "iso_3166_2": null,
        "state": "",
        "language": "",
        "languagecodes": "",
        "votes": 461,
        "lastchangetime": "2022-07-09 18:37:03",
        "lastchangetime_iso8601": "2022-07-09T18:37:03Z",
        "codec": "MP3",
        "bitrate": 0,
        "hls": 0,
        "lastcheckok": 1,
        "lastchecktime": "2023-04-24 10:09:43",
        "lastchecktime_iso8601": "2023-04-24T10:09:43Z",
        "lastcheckoktime": "2023-04-24 10:09:43",
        "lastcheckoktime_iso8601": "2023-04-24T10:09:43Z",
        "lastlocalchecktime": "2023-04-23 15:26:34",
        "lastlocalchecktime_iso8601": "2023-04-23T15:26:34Z",
        "clicktimestamp": "2023-04-24 12:59:12",
        "clicktimestamp_iso8601": "2023-04-24T12:59:12Z",
        "clickcount": 25,
        "clicktrend": 5,
        "ssl_error": 0,
        "geo_lat": null,
        "geo_long": null,
        "has_extended_info": false
    },
    {
        "changeuuid": "7faf5bf9-3c95-4322-a6c0-84fbed63ba48",
        "stationuuid": "f036b30c-b240-4c28-891f-23e20331a111",
        "serveruuid": "dd093f93-d7e4-4108-98b4-40fe59a2105c",
        "name": "Radio Kontakt - Tirana 89.3 FM",
        "url": "http://84.20.83.24:88/broadwavehigh.mp3?src=1",
        "url_resolved": "http://84.20.83.24:88/broadwavehigh.mp3?src=1",
        "homepage": "http://fb.com/radiokontakt.al",
        "favicon": "",
        "tags": "",
        "country": "Albania",
        "countrycode": "AL",
        "iso_3166_2": null,
        "state": "",
        "language": "albanian",
        "languagecodes": "sq",
        "votes": 460,
        "lastchangetime": "2022-07-09 18:46:40",
        "lastchangetime_iso8601": "2022-07-09T18:46:40Z",
        "codec": "MP3",
        "bitrate": 0,
        "hls": 0,
        "lastcheckok": 1,
        "lastchecktime": "2023-04-24 12:46:45",
        "lastchecktime_iso8601": "2023-04-24T12:46:45Z",
        "lastcheckoktime": "2023-04-24 12:46:45",
        "lastcheckoktime_iso8601": "2023-04-24T12:46:45Z",
        "lastlocalchecktime": "2023-04-23 22:46:19",
        "lastlocalchecktime_iso8601": "2023-04-23T22:46:19Z",
        "clicktimestamp": "2023-04-24 12:59:16",
        "clicktimestamp_iso8601": "2023-04-24T12:59:16Z",
        "clickcount": 29,
        "clicktrend": -1,
        "ssl_error": 0,
        "geo_lat": null,
        "geo_long": null,
        "has_extended_info": false
    },
    {
        "changeuuid": "13829f82-4518-4f71-a0d5-e19c04d146b5",
        "stationuuid": "4f861d50-c8f7-4e46-bc79-fc4dfaf4ae1b",
        "serveruuid": "a5413437-edf1-4028-8c66-a737bf85aa37",
        "name": "Love Radio - Tirana 90.7 FM",
        "url": "https://antena.albaniadigitalradio.al/loveradio",
        "url_resolved": "https://antena.albaniadigitalradio.al/loveradio",
        "homepage": "http://www.loveradio.al/",
        "favicon": "",
        "tags": "",
        "country": "Albania",
        "countrycode": "AL",
        "iso_3166_2": null,
        "state": "",
        "language": "",
        "languagecodes": "",
        "votes": 430,
        "lastchangetime": "2022-07-09 18:35:43",
        "lastchangetime_iso8601": "2022-07-09T18:35:43Z",
        "codec": "MP3",
        "bitrate": 128,
        "hls": 0,
        "lastcheckok": 1,
        "lastchecktime": "2023-04-24 13:07:18",
        "lastchecktime_iso8601": "2023-04-24T13:07:18Z",
        "lastcheckoktime": "2023-04-24 13:07:18",
        "lastcheckoktime_iso8601": "2023-04-24T13:07:18Z",
        "lastlocalchecktime": "2023-04-23 15:39:32",
        "lastlocalchecktime_iso8601": "2023-04-23T15:39:32Z",
        "clicktimestamp": "2023-04-24 03:22:23",
        "clicktimestamp_iso8601": "2023-04-24T03:22:23Z",
        "clickcount": 21,
        "clicktrend": 0,
        "ssl_error": 0,
        "geo_lat": null,
        "geo_long": null,
        "has_extended_info": false
    },
    {
        "changeuuid": "bb598921-4934-4976-adf8-62951aff5d51",
        "stationuuid": "10598473-04f3-4f70-b337-0a5b904cf818",
        "serveruuid": "308d15f0-e3cc-4590-9bd9-d71038f75cf2",
        "name": "Radio NRG - Tirana 106.6 FM",
        "url": "http://ice31.securenetsystems.net/AL09",
        "url_resolved": "http://ice31.securenetsystems.net/AL09",
        "homepage": "http://www.radionrg.al/",
        "favicon": "",
        "tags": "",
        "country": "Albania",
        "countrycode": "AL",
        "iso_3166_2": null,
        "state": "",
        "language": "",
        "languagecodes": "",
        "votes": 427,
        "lastchangetime": "2022-07-09 19:05:37",
        "lastchangetime_iso8601": "2022-07-09T19:05:37Z",
        "codec": "AAC+",
        "bitrate": 64,
        "hls": 0,
        "lastcheckok": 1,
        "lastchecktime": "2023-04-24 11:08:32",
        "lastchecktime_iso8601": "2023-04-24T11:08:32Z",
        "lastcheckoktime": "2023-04-24 11:08:32",
        "lastcheckoktime_iso8601": "2023-04-24T11:08:32Z",
        "lastlocalchecktime": "2023-04-23 22:52:39",
        "lastlocalchecktime_iso8601": "2023-04-23T22:52:39Z",
        "clicktimestamp": "2023-04-24 10:47:53",
        "clicktimestamp_iso8601": "2023-04-24T10:47:53Z",
        "clickcount": 23,
        "clicktrend": -1,
        "ssl_error": 0,
        "geo_lat": null,
        "geo_long": null,
        "has_extended_info": false
    },
    {
        "changeuuid": "bafa369b-f344-42c7-9433-d132e1fbffd5",
        "stationuuid": "89dbb0b8-6f36-476f-bc56-b13dd391845c",
        "serveruuid": "ddf68c13-dca6-465b-80f3-7da32051324d",
        "name": "IN Radio - Tirana 105.7 FM",
        "url": "http://80.90.86.194:8000/inradio",
        "url_resolved": "http://80.90.86.194:8000/inradio",
        "homepage": "http://www.intv.al/",
        "favicon": "https://www.intv.al/app/assets/img/logo.png",
        "tags": "",
        "country": "Albania",
        "countrycode": "AL",
        "iso_3166_2": null,
        "state": "",
        "language": "",
        "languagecodes": "",
        "votes": 405,
        "lastchangetime": "2022-07-09 19:06:21",
        "lastchangetime_iso8601": "2022-07-09T19:06:21Z",
        "codec": "MP3",
        "bitrate": 128,
        "hls": 0,
        "lastcheckok": 1,
        "lastchecktime": "2023-04-24 13:23:30",
        "lastchecktime_iso8601": "2023-04-24T13:23:30Z",
        "lastcheckoktime": "2023-04-24 13:23:30",
        "lastcheckoktime_iso8601": "2023-04-24T13:23:30Z",
        "lastlocalchecktime": "2023-04-24 13:23:30",
        "lastlocalchecktime_iso8601": "2023-04-24T13:23:30Z",
        "clicktimestamp": "2023-04-24 06:05:25",
        "clicktimestamp_iso8601": "2023-04-24T06:05:25Z",
        "clickcount": 24,
        "clicktrend": -2,
        "ssl_error": 0,
        "geo_lat": null,
        "geo_long": null,
        "has_extended_info": false
    },
    {
        "changeuuid": "c745311e-33c4-4c7d-bf5e-b008489a443a",
        "stationuuid": "09c75736-4d82-44dd-96cd-9f778fd6a0d6",
        "serveruuid": "a181b6c6-57c5-4046-9f64-a63e9742ab35",
        "name": "Phish Radio",
        "url": "https://streaming.radio.co/sd71de59b3/listen",
        "url_resolved": "https://streaming.radio.co/sd71de59b3/listen",
        "homepage": "http://www.jempradio.com/",
        "favicon": "https://jempradio.com/wp-content/uploads/2022/01/cropped-favicon3-180x180.png",
        "tags": "jambands,jemp,phish",
        "country": "Albania",
        "countrycode": "AL",
        "iso_3166_2": null,
        "state": "",
        "language": "english",
        "languagecodes": "en",
        "votes": 384,
        "lastchangetime": "2022-04-19 16:51:12",
        "lastchangetime_iso8601": "2022-04-19T16:51:12Z",
        "codec": "MP3",
        "bitrate": 128,
        "hls": 0,
        "lastcheckok": 1,
        "lastchecktime": "2023-04-24 03:19:02",
        "lastchecktime_iso8601": "2023-04-24T03:19:02Z",
        "lastcheckoktime": "2023-04-24 03:19:02",
        "lastcheckoktime_iso8601": "2023-04-24T03:19:02Z",
        "lastlocalchecktime": "2023-04-23 16:05:58",
        "lastlocalchecktime_iso8601": "2023-04-23T16:05:58Z",
        "clicktimestamp": "2023-04-23 22:08:33",
        "clicktimestamp_iso8601": "2023-04-23T22:08:33Z",
        "clickcount": 57,
        "clicktrend": -4,
        "ssl_error": 0,
        "geo_lat": null,
        "geo_long": null,
        "has_extended_info": false
    },
    {
        "changeuuid": "0e13ea51-4ea3-11e8-a4d1-52543be04c81",
        "stationuuid": "0e13ea3b-4ea3-11e8-a4d1-52543be04c81",
        "serveruuid": "2291cba4-ce0e-4418-bb33-a98258f2efc9",
        "name": "Radio Logos 94.2 FM Pogradec, AL",
        "url": "http://s2.stationplaylist.com:8240/;",
        "url_resolved": "http://s2.stationplaylist.com:8240/;",
        "homepage": "http://radiologos.al/",
        "favicon": "https://i2.wp.com/radiologos.al/wp-content/uploads/2018/01/default-featured-image.png?fit=1200%2C675",
        "tags": "christian",
        "country": "Albania",
        "countrycode": "AL",
        "iso_3166_2": null,
        "state": "",
        "language": "",
        "languagecodes": "",
        "votes": 358,
        "lastchangetime": "2021-08-06 08:36:44",
        "lastchangetime_iso8601": "2021-08-06T08:36:44Z",
        "codec": "AAC+",
        "bitrate": 64,
        "hls": 0,
        "lastcheckok": 1,
        "lastchecktime": "2023-04-24 12:30:31",
        "lastchecktime_iso8601": "2023-04-24T12:30:31Z",
        "lastcheckoktime": "2023-04-24 12:30:31",
        "lastcheckoktime_iso8601": "2023-04-24T12:30:31Z",
        "lastlocalchecktime": "2023-04-24 12:30:31",
        "lastlocalchecktime_iso8601": "2023-04-24T12:30:31Z",
        "clicktimestamp": "2023-04-23 08:56:17",
        "clicktimestamp_iso8601": "2023-04-23T08:56:17Z",
        "clickcount": 11,
        "clicktrend": -2,
        "ssl_error": 0,
        "geo_lat": null,
        "geo_long": null,
        "has_extended_info": false
    },
    {
        "changeuuid": "646a80fd-c199-4353-a272-687623494e6b",
        "stationuuid": "0115a084-9697-4e79-87d0-f7ae98a02d3b",
        "serveruuid": "70661f60-ee8c-4ae2-a229-00f2eb2978fa",
        "name": "Radio Tirana 3",
        "url": "http://79.106.48.2:8000/radiotirana3",
        "url_resolved": "http://79.106.48.2:8000/radiotirana3",
        "homepage": "https://radio.rtsh.al/kanale/radio-tirana-3-platforma-rtsh-",
        "favicon": "https://rtsh-radio.s3.eu-central-1.amazonaws.com/2020/11/12cc0403e4c6491b8ab4b6f6f8c18426.png",
        "tags": "classical,jazz,traditional",
        "country": "Albania",
        "countrycode": "AL",
        "iso_3166_2": null,
        "state": "Tirana",
        "language": "albanian,shqip",
        "languagecodes": "sq",
        "votes": 348,
        "lastchangetime": "2022-10-06 06:58:03",
        "lastchangetime_iso8601": "2022-10-06T06:58:03Z",
        "codec": "AAC",
        "bitrate": 96,
        "hls": 0,
        "lastcheckok": 1,
        "lastchecktime": "2023-04-24 13:44:51",
        "lastchecktime_iso8601": "2023-04-24T13:44:51Z",
        "lastcheckoktime": "2023-04-24 13:44:51",
        "lastcheckoktime_iso8601": "2023-04-24T13:44:51Z",
        "lastlocalchecktime": "2023-04-24 13:44:51",
        "lastlocalchecktime_iso8601": "2023-04-24T13:44:51Z",
        "clicktimestamp": "2023-04-23 13:57:15",
        "clicktimestamp_iso8601": "2023-04-23T13:57:15Z",
        "clickcount": 23,
        "clicktrend": -2,
        "ssl_error": 0,
        "geo_lat": 41.33495727911085,
        "geo_long": 19.81796264648438,
        "has_extended_info": false
    },
    {
        "changeuuid": "800ad468-d5c6-4c94-ab6c-47512bb3f8d0",
        "stationuuid": "45f968c8-29fa-47e5-a822-989cad6e3956",
        "serveruuid": "560f21d7-fe12-428f-86fe-172cb2aed732",
        "name": "_100.5 AZUL POP",
        "url": "https://azulpop.ozelip.com/8006/stream",
        "url_resolved": "https://azulpop.ozelip.com/8006/stream",
        "homepage": "https://azulradyo.com/",
        "favicon": "",
        "tags": "70 80 hits,adult hits,alternative,alternative rock,children,childrens music,classic dance,classic hits,club dance,commercial,contemporary hits,dance,dance music,drama,drgnu,drone,drum & bass,drum and bass,electro,electro deep,electro house,electro swing,electronic,electronic beats,electronic dance music,electronic music,electronica,electropop,entertainment,eurodance,grupera,grupero,hendrix,indie dance,italo dance,la comadre,moi merino,musica latinoamericana,m\u00fasica del recuerdo,piedras negras,pop,top 40 hits,top hits,university radio,variety hits",
        "country": "Albania",
        "countrycode": "AL",
        "iso_3166_2": null,
        "state": "Alberta",
        "language": "albanian,american english,bengali,british english,espa\u00f1ol chile,espa\u00f1ol internacional,galician",
        "languagecodes": "bn,gl,sq",
        "votes": 277,
        "lastchangetime": "2023-02-23 21:44:16",
        "lastchangetime_iso8601": "2023-02-23T21:44:16Z",
        "codec": "MP3",
        "bitrate": 128,
        "hls": 0,
        "lastcheckok": 1,
        "lastchecktime": "2023-04-23 23:21:18",
        "lastchecktime_iso8601": "2023-04-23T23:21:18Z",
        "lastcheckoktime": "2023-04-23 23:21:18",
        "lastcheckoktime_iso8601": "2023-04-23T23:21:18Z",
        "lastlocalchecktime": "2023-04-23 23:21:18",
        "lastlocalchecktime_iso8601": "2023-04-23T23:21:18Z",
        "clicktimestamp": "2023-04-24 13:34:18",
        "clicktimestamp_iso8601": "2023-04-24T13:34:18Z",
        "clickcount": 195,
        "clicktrend": 1,
        "ssl_error": 0,
        "geo_lat": null,
        "geo_long": null,
        "has_extended_info": false
    },
    {
        "changeuuid": "92dcdb15-5912-4ad4-9ec6-6763910f486c",
        "stationuuid": "654c01c2-d1a3-45dd-903e-b011e1e077b6",
        "serveruuid": "70661f60-ee8c-4ae2-a229-00f2eb2978fa",
        "name": "Radio Tirana 1",
        "url": "http://79.106.48.2:8000/radiotirana1",
        "url_resolved": "http://79.106.48.2:8000/radiotirana1",
        "homepage": "https://radio.rtsh.al/",
        "favicon": "https://rtsh-radio.s3.eu-central-1.amazonaws.com/2020/11/12cc0403e4c6491b8ab4b6f6f8c18426.png",
        "tags": "shqip",
        "country": "Albania",
        "countrycode": "AL",
        "iso_3166_2": null,
        "state": "Tirana",
        "language": "albanian,shqip",
        "languagecodes": "sq",
        "votes": 251,
        "lastchangetime": "2022-12-23 12:10:15",
        "lastchangetime_iso8601": "2022-12-23T12:10:15Z",
        "codec": "MP3",
        "bitrate": 185,
        "hls": 0,
        "lastcheckok": 1,
        "lastchecktime": "2023-04-23 21:24:40",
        "lastchecktime_iso8601": "2023-04-23T21:24:40Z",
        "lastcheckoktime": "2023-04-23 21:24:40",
        "lastcheckoktime_iso8601": "2023-04-23T21:24:40Z",
        "lastlocalchecktime": "2023-04-23 20:31:55",
        "lastlocalchecktime_iso8601": "2023-04-23T20:31:55Z",
        "clicktimestamp": "2023-04-24 08:06:40",
        "clicktimestamp_iso8601": "2023-04-24T08:06:40Z",
        "clickcount": 38,
        "clicktrend": -4,
        "ssl_error": 0,
        "geo_lat": null,
        "geo_long": null,
        "has_extended_info": false
    },
    {
        "changeuuid": "9678f868-7947-43c8-8603-3b7c6fcbd334",
        "stationuuid": "168fbb18-63b4-4e47-ac80-1b7f11a1b6f0",
        "serveruuid": "1c7b135c-8b7a-4909-a705-bc1d64c1df8c",
        "name": "ARNAVUT FM",
        "url": "https://canli.arabeskinmerkezi.com/9180/stream",
        "url_resolved": "https://canli.arabeskinmerkezi.com/9180/stream",
        "homepage": "https://www.arabeskinmerkezi.com/",
        "favicon": "",
        "tags": "arabesk,arabic music,musica,pop,pop music",
        "country": "Albania",
        "countrycode": "AL",
        "iso_3166_2": null,
        "state": "Tirana",
        "language": "albanian,english",
        "languagecodes": "en,sq",
        "votes": 201,
        "lastchangetime": "2022-10-02 03:20:02",
        "lastchangetime_iso8601": "2022-10-02T03:20:02Z",
        "codec": "MP3",
        "bitrate": 128,
        "hls": 0,
        "lastcheckok": 1,
        "lastchecktime": "2023-04-24 10:38:20",
        "lastchecktime_iso8601": "2023-04-24T10:38:20Z",
        "lastcheckoktime": "2023-04-24 10:38:20",
        "lastcheckoktime_iso8601": "2023-04-24T10:38:20Z",
        "lastlocalchecktime": "2023-04-23 22:58:00",
        "lastlocalchecktime_iso8601": "2023-04-23T22:58:00Z",
        "clicktimestamp": "2023-04-24 08:22:24",
        "clicktimestamp_iso8601": "2023-04-24T08:22:24Z",
        "clickcount": 45,
        "clicktrend": -4,
        "ssl_error": 0,
        "geo_lat": null,
        "geo_long": null,
        "has_extended_info": false
    },
    {
        "changeuuid": "65391551-5746-4863-b004-31d20453bb55",
        "stationuuid": "e439aa52-203a-4f83-a8e4-995d5c90f554",
        "serveruuid": "85d5c199-3792-464b-937f-e1eeaf392ef8",
        "name": "sasaram",
        "url": "http://air.pc.cdn.bitgravity.com/air/live/pbaudio075/chunklist.m3u8",
        "url_resolved": "http://air.pc.cdn.bitgravity.com/air/live/pbaudio075/chunklist.m3u8",
        "homepage": "http://air.pc.cdn.bitgravity.com/air/live/pbaudio075/chunklist.m3u8",
        "favicon": "",
        "tags": "",
        "country": "Albania",
        "countrycode": "AL",
        "iso_3166_2": null,
        "state": "",
        "language": "hindi",
        "languagecodes": "hi",
        "votes": 118,
        "lastchangetime": "2022-05-15 20:00:34",
        "lastchangetime_iso8601": "2022-05-15T20:00:34Z",
        "codec": "UNKNOWN",
        "bitrate": 0,
        "hls": 1,
        "lastcheckok": 1,
        "lastchecktime": "2023-04-24 11:02:19",
        "lastchecktime_iso8601": "2023-04-24T11:02:19Z",
        "lastcheckoktime": "2023-04-24 11:02:19",
        "lastcheckoktime_iso8601": "2023-04-24T11:02:19Z",
        "lastlocalchecktime": "2023-04-23 14:31:56",
        "lastlocalchecktime_iso8601": "2023-04-23T14:31:56Z",
        "clicktimestamp": "2023-04-24 06:21:32",
        "clicktimestamp_iso8601": "2023-04-24T06:21:32Z",
        "clickcount": 19,
        "clicktrend": 0,
        "ssl_error": 0,
        "geo_lat": null,
        "geo_long": null,
        "has_extended_info": false
    },
    {
        "changeuuid": "5435b340-93fb-4fcd-9ce5-2cc4c7ae815b",
        "stationuuid": "bc65059a-991c-42b2-8550-4e895d9b210a",
        "serveruuid": "be3074bc-ac5b-4b47-8fcb-5a7e8c230b39",
        "name": "Radio Ora News",
        "url": "https://radio.oranews.tv:8443/stream",
        "url_resolved": "https://radio.oranews.tv:8443/stream",
        "homepage": "https://www.oranews.tv/",
        "favicon": "https://www.oranews.tv/ikona/apple-touch-icon.png",
        "tags": "",
        "country": "Albania",
        "countrycode": "AL",
        "iso_3166_2": null,
        "state": "",
        "language": "",
        "languagecodes": "",
        "votes": 80,
        "lastchangetime": "2022-07-09 18:54:17",
        "lastchangetime_iso8601": "2022-07-09T18:54:17Z",
        "codec": "MP3",
        "bitrate": 64,
        "hls": 0,
        "lastcheckok": 1,
        "lastchecktime": "2023-04-24 10:45:23",
        "lastchecktime_iso8601": "2023-04-24T10:45:23Z",
        "lastcheckoktime": "2023-04-24 10:45:23",
        "lastcheckoktime_iso8601": "2023-04-24T10:45:23Z",
        "lastlocalchecktime": "2023-04-23 16:04:26",
        "lastlocalchecktime_iso8601": "2023-04-23T16:04:26Z",
        "clicktimestamp": "2023-04-23 15:41:57",
        "clicktimestamp_iso8601": "2023-04-23T15:41:57Z",
        "clickcount": 15,
        "clicktrend": 1,
        "ssl_error": 0,
        "geo_lat": null,
        "geo_long": null,
        "has_extended_info": false
    },
    {
        "changeuuid": "773a1102-c0c4-46b3-a70e-77fe87c3c25a",
        "stationuuid": "2d5ea260-f42f-40eb-8498-194802e83cb7",
        "serveruuid": "699ff652-a2fb-48e5-9d33-d7c0c6e7b03e",
        "name": "\u0625\u0630\u0627\u0639\u0629 \u0627\u0644\u0642\u0631\u0622\u0646 \u0627\u0644\u0643\u0631\u064a\u0645 ",
        "url": "https://n0a.radiojar.com/0tpy1h0kxtzuv?rj-ttl=5&rj-tok=AAABhdgGORQA-2acfyF3_4WY2g",
        "url_resolved": "http://n04.radiojar.com/0tpy1h0kxtzuv?rj-ttl=5&rj-tok=AAABh7MmW3YAgwnH9wfwHs9_xQ",
        "homepage": "",
        "favicon": "https://i.pinimg.com/564x/3a/a1/a1/3aa1a107c9434ca52b42b2dd0ffc896f.jpg",
        "tags": "classical",
        "country": "Albania",
        "countrycode": "AL",
        "iso_3166_2": null,
        "state": "",
        "language": "",
        "languagecodes": "",
        "votes": 47,
        "lastchangetime": "2023-01-22 05:53:03",
        "lastchangetime_iso8601": "2023-01-22T05:53:03Z",
        "codec": "MP3",
        "bitrate": 0,
        "hls": 0,
        "lastcheckok": 1,
        "lastchecktime": "2023-04-24 11:57:16",
        "lastchecktime_iso8601": "2023-04-24T11:57:16Z",
        "lastcheckoktime": "2023-04-24 11:57:16",
        "lastcheckoktime_iso8601": "2023-04-24T11:57:16Z",
        "lastlocalchecktime": "2023-04-23 22:54:29",
        "lastlocalchecktime_iso8601": "2023-04-23T22:54:29Z",
        "clicktimestamp": "2023-04-23 06:26:00",
        "clicktimestamp_iso8601": "2023-04-23T06:26:00Z",
        "clickcount": 19,
        "clicktrend": -3,
        "ssl_error": 0,
        "geo_lat": null,
        "geo_long": null,
        "has_extended_info": false
    },
    {
        "changeuuid": "11335b0c-a579-4616-8417-ae33c46b9740",
        "stationuuid": "a5b41499-8918-49a3-814a-3223d3c30e61",
        "serveruuid": "36408541-8e93-45c9-9b96-d2b751eb8265",
        "name": "\u0627\u0630\u0627\u0639\u0629 \u0627\u0644\u0642\u0631\u0622\u0646 \u0627\u0644\u0643\u0631\u064a\u0645",
        "url": "http://stream.radiojar.com/0tpy1h0kxtzuv",
        "url_resolved": "http://n0d.radiojar.com/0tpy1h0kxtzuv?rj-ttl=5&rj-tok=AAABh7KXFuAA-A0azw2ZKpvBFw",
        "homepage": "",
        "favicon": "",
        "tags": "classical",
        "country": "Albania",
        "countrycode": "AL",
        "iso_3166_2": null,
        "state": "",
        "language": "",
        "languagecodes": "",
        "votes": 37,
        "lastchangetime": "2022-12-10 05:03:55",
        "lastchangetime_iso8601": "2022-12-10T05:03:55Z",
        "codec": "MP3",
        "bitrate": 0,
        "hls": 0,
        "lastcheckok": 1,
        "lastchecktime": "2023-04-24 09:18:04",
        "lastchecktime_iso8601": "2023-04-24T09:18:04Z",
        "lastcheckoktime": "2023-04-24 09:18:04",
        "lastcheckoktime_iso8601": "2023-04-24T09:18:04Z",
        "lastlocalchecktime": "2023-04-24 09:18:04",
        "lastlocalchecktime_iso8601": "2023-04-24T09:18:04Z",
        "clicktimestamp": "2023-04-22 15:06:51",
        "clicktimestamp_iso8601": "2023-04-22T15:06:51Z",
        "clickcount": 12,
        "clicktrend": -1,
        "ssl_error": 0,
        "geo_lat": null,
        "geo_long": null,
        "has_extended_info": false
    },
    {
        "changeuuid": "bcd75f5b-d696-40ab-8266-a1a1150cdb25",
        "stationuuid": "d366167f-96ef-4c99-9214-b9a3ab4276f5",
        "serveruuid": "53f9cd88-c5e9-441d-b6e9-b8540c089c99",
        "name": "Chill Radio",
        "url": "https://eu8.fastcast4u.com/proxy/chillradio?mp=/1",
        "url_resolved": "https://eu8.fastcast4u.com/proxy/chillradio?mp=/1",
        "homepage": "https://sites.google.com/view/chillradioal",
        "favicon": "",
        "tags": "adult contemporary,deep house,hits,top 40,tropical house,vibes",
        "country": "Albania",
        "countrycode": "AL",
        "iso_3166_2": null,
        "state": "Tirana",
        "language": "english",
        "languagecodes": "en",
        "votes": 35,
        "lastchangetime": "2023-02-02 17:41:31",
        "lastchangetime_iso8601": "2023-02-02T17:41:31Z",
        "codec": "MP3",
        "bitrate": 96,
        "hls": 0,
        "lastcheckok": 1,
        "lastchecktime": "2023-04-23 22:19:34",
        "lastchecktime_iso8601": "2023-04-23T22:19:34Z",
        "lastcheckoktime": "2023-04-23 22:19:34",
        "lastcheckoktime_iso8601": "2023-04-23T22:19:34Z",
        "lastlocalchecktime": "2023-04-23 22:19:34",
        "lastlocalchecktime_iso8601": "2023-04-23T22:19:34Z",
        "clicktimestamp": "2023-04-24 12:34:47",
        "clicktimestamp_iso8601": "2023-04-24T12:34:47Z",
        "clickcount": 23,
        "clicktrend": 1,
        "ssl_error": 0,
        "geo_lat": null,
        "geo_long": null,
        "has_extended_info": false
    },
    {
        "changeuuid": "ed7a778f-d326-4bc9-a0f0-b093c84e8fee",
        "stationuuid": "ec45d655-294e-4432-8788-bc46c80cfb59",
        "serveruuid": "6b3eb9b4-b048-4576-bbc9-abae5df80413",
        "name": "Chill Radio",
        "url": "http://eu8.fastcast4u.com/proxy/chillradio?mp=/1",
        "url_resolved": "http://eu8.fastcast4u.com/proxy/chillradio?mp=/1",
        "homepage": "https://sites.google.com/view/chillradioal",
        "favicon": "",
        "tags": "",
        "country": "Albania",
        "countrycode": "AL",
        "iso_3166_2": null,
        "state": "Tirana",
        "language": "",
        "languagecodes": "",
        "votes": 32,
        "lastchangetime": "2023-02-02 16:49:49",
        "lastchangetime_iso8601": "2023-02-02T16:49:49Z",
        "codec": "MP3",
        "bitrate": 96,
        "hls": 0,
        "lastcheckok": 1,
        "lastchecktime": "2023-04-23 20:58:15",
        "lastchecktime_iso8601": "2023-04-23T20:58:15Z",
        "lastcheckoktime": "2023-04-23 20:58:15",
        "lastcheckoktime_iso8601": "2023-04-23T20:58:15Z",
        "lastlocalchecktime": "2023-04-23 16:25:41",
        "lastlocalchecktime_iso8601": "2023-04-23T16:25:41Z",
        "clicktimestamp": "2023-04-24 12:23:50",
        "clicktimestamp_iso8601": "2023-04-24T12:23:50Z",
        "clickcount": 25,
        "clicktrend": 0,
        "ssl_error": 0,
        "geo_lat": 41.33093567199179,
        "geo_long": 19.821052551269535,
        "has_extended_info": false
    },
    {
        "changeuuid": "01511f2a-8a84-48db-a250-69ee80a3cb0a",
        "stationuuid": "04a5c951-6f16-417b-b07a-236d51069abd",
        "serveruuid": null,
        "name": " EXA FM: Muzik\u00eb pop n\u00eb anglisht dhe spanjisht",
        "url": "https://playerservices.streamtheworld.com/api/livestream-redirect/XHPSFMAAC.aac",
        "url_resolved": "https://22823.live.streamtheworld.com:443/XHPSFMAAC.aac",
        "homepage": "https://www.exafm.com/veracruz/",
        "favicon": "https://i.iheart.com/v3/re/new_assets/5f9883c7cde5eff19e6eabac",
        "tags": "",
        "country": "Albania",
        "countrycode": "AL",
        "iso_3166_2": null,
        "state": "",
        "language": "spanish",
        "languagecodes": "es",
        "votes": 31,
        "lastchangetime": "2023-03-10 07:25:59",
        "lastchangetime_iso8601": "2023-03-10T07:25:59Z",
        "codec": "AAC+",
        "bitrate": 48,
        "hls": 0,
        "lastcheckok": 1,
        "lastchecktime": "2023-04-24 09:29:56",
        "lastchecktime_iso8601": "2023-04-24T09:29:56Z",
        "lastcheckoktime": "2023-04-23 20:30:14",
        "lastcheckoktime_iso8601": "2023-04-23T20:30:14Z",
        "lastlocalchecktime": "2023-04-23 20:30:14",
        "lastlocalchecktime_iso8601": "2023-04-23T20:30:14Z",
        "clicktimestamp": "2023-04-24 11:55:59",
        "clicktimestamp_iso8601": "2023-04-24T11:55:59Z",
        "clickcount": 100,
        "clicktrend": -11,
        "ssl_error": 0,
        "geo_lat": null,
        "geo_long": null,
        "has_extended_info": false
    },
    {
        "changeuuid": "20d5dde6-ae29-4cac-9c96-074343235cfa",
        "stationuuid": "e1fe5d50-87d8-465e-afec-fc00beeaacd1",
        "serveruuid": "e9a30e03-8d91-4494-8c6f-8d7dc16c9d84",
        "name": "Raduo-BLLACA",
        "url": "https://stream.zeno.fm/0smrlmhdbxuuv",
        "url_resolved": "https://stream-017.zeno.fm/0smrlmhdbxuuv?zs=NXUPsrs_QQqBkbyN95Uj4A",
        "homepage": "https://stream.zeno.fm/0smrlmhdbxuuv",
        "favicon": "",
        "tags": "classical",
        "country": "Albania",
        "countrycode": "AL",
        "iso_3166_2": null,
        "state": "",
        "language": "",
        "languagecodes": "",
        "votes": 17,
        "lastchangetime": "2023-03-15 12:00:46",
        "lastchangetime_iso8601": "2023-03-15T12:00:46Z",
        "codec": "MP3",
        "bitrate": 0,
        "hls": 0,
        "lastcheckok": 1,
        "lastchecktime": "2023-04-24 13:31:53",
        "lastchecktime_iso8601": "2023-04-24T13:31:53Z",
        "lastcheckoktime": "2023-04-24 13:31:53",
        "lastcheckoktime_iso8601": "2023-04-24T13:31:53Z",
        "lastlocalchecktime": "2023-04-23 18:36:26",
        "lastlocalchecktime_iso8601": "2023-04-23T18:36:26Z",
        "clicktimestamp": "2023-04-23 22:18:48",
        "clicktimestamp_iso8601": "2023-04-23T22:18:48Z",
        "clickcount": 13,
        "clicktrend": -3,
        "ssl_error": 0,
        "geo_lat": null,
        "geo_long": null,
        "has_extended_info": false
    },
    {
        "changeuuid": "43cad054-62a5-45b6-bd49-13ed45b831f2",
        "stationuuid": "4af15922-15ee-4e60-b4dc-60332a443d4e",
        "serveruuid": "eb0510d9-6722-4293-a9ad-4dbec93fdf0f",
        "name": "Radio DJ",
        "url": "https://radio.albaniaradiodj.al/stream",
        "url_resolved": "https://radio.albaniaradiodj.al/stream",
        "homepage": "https://radiodj.al/",
        "favicon": "",
        "tags": "dance,dj mixes,house",
        "country": "Albania",
        "countrycode": "AL",
        "iso_3166_2": null,
        "state": "",
        "language": "albanian,english",
        "languagecodes": "en,sq",
        "votes": 15,
        "lastchangetime": "2023-08-01 20:30:45",
        "lastchangetime_iso8601": "2023-08-01T20:30:45Z",
        "codec": "MP3",
        "bitrate": 128,
        "hls": 0,
        "lastcheckok": 1,
        "lastchecktime": "2023-09-03 09:30:39",
        "lastchecktime_iso8601": "2023-09-03T09:30:39Z",
        "lastcheckoktime": "2023-09-03 09:30:39",
        "lastcheckoktime_iso8601": "2023-09-03T09:30:39Z",
        "lastlocalchecktime": "2023-09-03 09:30:39",
        "lastlocalchecktime_iso8601": "2023-09-03T09:30:39Z",
        "clicktimestamp": "2023-09-03 12:42:26",
        "clicktimestamp_iso8601": "2023-09-03T12:42:26Z",
        "clickcount": 15,
        "clicktrend": 2,
        "ssl_error": 0,
        "geo_lat": 41.33093567199179,
        "geo_long": 19.829292297363285,
        "has_extended_info": false
    },
    {
        "changeuuid": "36698382-0f3a-4336-b5df-9b80cf248bd0",
        "stationuuid": "1b0feabd-d3a5-4a4f-86ee-d2b4e13d8ca1",
        "serveruuid": "321c36de-a1e7-4939-a2d2-d95502f497b5",
        "name": "Radio burimi",
        "url": "https://stream-156.zeno.fm/vzp9uf0u3ehvv?zs=Jubk5XJHTEC2zFWm3mOTfA",
        "url_resolved": "https://stream-156.zeno.fm/vzp9uf0u3ehvv?zs=Jubk5XJHTEC2zFWm3mOTfA",
        "homepage": "https://zeno.fm/radio/Radio-Burimi/",
        "favicon": "https://zeno.fm/static/icons/apple-icon-120x120.png",
        "tags": "albanian music,folk",
        "country": "Albania",
        "countrycode": "AL",
        "iso_3166_2": null,
        "state": "",
        "language": "albanian",
        "languagecodes": "sq",
        "votes": 3,
        "lastchangetime": "2023-08-24 13:52:55",
        "lastchangetime_iso8601": "2023-08-24T13:52:55Z",
        "codec": "MP3",
        "bitrate": 0,
        "hls": 0,
        "lastcheckok": 1,
        "lastchecktime": "2023-09-03 14:04:54",
        "lastchecktime_iso8601": "2023-09-03T14:04:54Z",
        "lastcheckoktime": "2023-09-03 14:04:54",
        "lastcheckoktime_iso8601": "2023-09-03T14:04:54Z",
        "lastlocalchecktime": "2023-09-03 01:04:20",
        "lastlocalchecktime_iso8601": "2023-09-03T01:04:20Z",
        "clicktimestamp": "2023-09-03 13:10:00",
        "clicktimestamp_iso8601": "2023-09-03T13:10:00Z",
        "clickcount": 16,
        "clicktrend": 2,
        "ssl_error": 0,
        "geo_lat": null,
        "geo_long": null,
        "has_extended_info": false
    },
    {
        "changeuuid": "81c3433d-779e-4d0f-b157-9633125f0194",
        "stationuuid": "9fb164fd-10b0-4536-b590-07b87c5b7eec",
        "serveruuid": "51277bf2-e2c1-4ce3-b652-707077198cc9",
        "name": "Radio-BLLACA",
        "url": "https://stream.zeno.fm/0smrlmhdbxuuv",
        "url_resolved": "https://stream-150.zeno.fm/0smrlmhdbxuuv?zs=SZMyrchyRruBhNQ-uh8XgA",
        "homepage": "https://stream.zeno.fm/0smrlmhdbxuuv",
        "favicon": "",
        "tags": "keng\u00eb shqipe",
        "country": "Albania",
        "countrycode": "AL",
        "iso_3166_2": null,
        "state": "",
        "language": "shqip macedonia",
        "languagecodes": "",
        "votes": 8,
        "lastchangetime": "2023-10-01 06:22:42",
        "lastchangetime_iso8601": "2023-10-01T06:22:42Z",
        "codec": "MP3",
        "bitrate": 0,
        "hls": 0,
        "lastcheckok": 1,
        "lastchecktime": "2023-10-20 14:20:27",
        "lastchecktime_iso8601": "2023-10-20T14:20:27Z",
        "lastcheckoktime": "2023-10-20 14:20:27",
        "lastcheckoktime_iso8601": "2023-10-20T14:20:27Z",
        "lastlocalchecktime": "2023-10-20 10:00:47",
        "lastlocalchecktime_iso8601": "2023-10-20T10:00:47Z",
        "clicktimestamp": "2023-10-21 07:05:47",
        "clicktimestamp_iso8601": "2023-10-21T07:05:47Z",
        "clickcount": 11,
        "clicktrend": 3,
        "ssl_error": 0,
        "geo_lat": null,
        "geo_long": null,
        "has_extended_info": false
    },
    {
        "changeuuid": "9a1fb4fe-d003-493b-bf4a-4cda2e744b89",
        "stationuuid": "b1b009de-b1bc-4373-8e64-d613a8c73568",
        "serveruuid": "d28d8f9e-278e-4069-b725-eddd127622d1",
        "name": "chili moje",
        "url": "https://media-ssl.musicradio.com/ChillMP3",
        "url_resolved": "https://media-ssl.musicradio.com/ChillMP3",
        "homepage": "https://media-ssl.musicradio.com/ChillMP3",
        "favicon": "",
        "tags": "chilli",
        "country": "Albania",
        "countrycode": "AL",
        "iso_3166_2": null,
        "state": "",
        "language": "english",
        "languagecodes": "en",
        "votes": 7,
        "lastchangetime": "2023-10-11 21:04:31",
        "lastchangetime_iso8601": "2023-10-11T21:04:31Z",
        "codec": "MP3",
        "bitrate": 128,
        "hls": 0,
        "lastcheckok": 1,
        "lastchecktime": "2023-10-20 21:22:09",
        "lastchecktime_iso8601": "2023-10-20T21:22:09Z",
        "lastcheckoktime": "2023-10-20 21:22:09",
        "lastcheckoktime_iso8601": "2023-10-20T21:22:09Z",
        "lastlocalchecktime": "2023-10-20 21:09:42",
        "lastlocalchecktime_iso8601": "2023-10-20T21:09:42Z",
        "clicktimestamp": "2023-10-20 23:48:43",
        "clicktimestamp_iso8601": "2023-10-20T23:48:43Z",
        "clickcount": 34,
        "clicktrend": -1,
        "ssl_error": 0,
        "geo_lat": null,
        "geo_long": null,
        "has_extended_info": false
    },
    {
        "changeuuid": "144faa06-60dc-4ae6-b662-07ee845081fc",
        "stationuuid": "62117d98-b348-4d66-8516-d3de7174531d",
        "serveruuid": "51277bf2-e2c1-4ce3-b652-707077198cc9",
        "name": "Radio-BLLACA",
        "url": "https://stream.zeno.fm/0smrlmhdbxuuv",
        "url_resolved": "https://stream-150.zeno.fm/0smrlmhdbxuuv?zs=L-E6HEFIQp6VfC0CX0UCNg",
        "homepage": "https://stream.zeno.fm/0smrlmhdbxuuv",
        "favicon": "",
        "tags": "",
        "country": "Albania",
        "countrycode": "AL",
        "iso_3166_2": null,
        "state": "",
        "language": "shqip",
        "languagecodes": "",
        "votes": 3,
        "lastchangetime": "2023-09-12 13:16:57",
        "lastchangetime_iso8601": "2023-09-12T13:16:57Z",
        "codec": "MP3",
        "bitrate": 0,
        "hls": 0,
        "lastcheckok": 1,
        "lastchecktime": "2023-10-20 14:30:42",
        "lastchecktime_iso8601": "2023-10-20T14:30:42Z",
        "lastcheckoktime": "2023-10-20 14:30:42",
        "lastcheckoktime_iso8601": "2023-10-20T14:30:42Z",
        "lastlocalchecktime": "2023-10-20 13:26:27",
        "lastlocalchecktime_iso8601": "2023-10-20T13:26:27Z",
        "clicktimestamp": "2023-10-21 07:01:47",
        "clicktimestamp_iso8601": "2023-10-21T07:01:47Z",
        "clickcount": 8,
        "clicktrend": 2,
        "ssl_error": 0,
        "geo_lat": null,
        "geo_long": null,
        "has_extended_info": false
    },
    {
        "changeuuid": "d249d2b2-1b83-406a-bebb-d923c7de78e8",
        "stationuuid": "2985f8a9-c5be-42fd-b29a-ba014ceee908",
        "serveruuid": "51277bf2-e2c1-4ce3-b652-707077198cc9",
        "name": "Radio-BLLACA",
        "url": "https://stream.zeno.fm/0smrlmhdbxuuv",
        "url_resolved": "https://stream-150.zeno.fm/0smrlmhdbxuuv?zs=i6_ddtptT1u7bWOtooFsag",
        "homepage": "https://stream.zeno.fm/0smrlmhdbxuuv",
        "favicon": "",
        "tags": "",
        "country": "Albania",
        "countrycode": "AL",
        "iso_3166_2": null,
        "state": "",
        "language": "shqip macedonia",
        "languagecodes": "",
        "votes": 3,
        "lastchangetime": "2023-09-12 13:24:31",
        "lastchangetime_iso8601": "2023-09-12T13:24:31Z",
        "codec": "MP3",
        "bitrate": 0,
        "hls": 0,
        "lastcheckok": 1,
        "lastchecktime": "2023-10-20 14:42:18",
        "lastchecktime_iso8601": "2023-10-20T14:42:18Z",
        "lastcheckoktime": "2023-10-20 14:42:18",
        "lastcheckoktime_iso8601": "2023-10-20T14:42:18Z",
        "lastlocalchecktime": "2023-10-20 09:33:05",
        "lastlocalchecktime_iso8601": "2023-10-20T09:33:05Z",
        "clicktimestamp": "2023-10-21 07:03:47",
        "clicktimestamp_iso8601": "2023-10-21T07:03:47Z",
        "clickcount": 10,
        "clicktrend": 2,
        "ssl_error": 0,
        "geo_lat": null,
        "geo_long": null,
        "has_extended_info": false
    },
    {
        "changeuuid": "ea41c3af-c3f1-48a9-b9f5-556f7b85588e",
        "stationuuid": "4c7725c1-eba4-4ac5-8a77-4dec31e49744",
        "serveruuid": "51277bf2-e2c1-4ce3-b652-707077198cc9",
        "name": "Radio-BLLACA",
        "url": "https://stream.zeno.fm/0smrlmhdbxuuv",
        "url_resolved": "https://stream-150.zeno.fm/0smrlmhdbxuuv?zs=T18G44gGRf67SOu6kss21g",
        "homepage": "https://stream.zeno.fm/0smrlmhdbxuuv",
        "favicon": "",
        "tags": "keng\u00eb shqipe",
        "country": "Albania",
        "countrycode": "AL",
        "iso_3166_2": null,
        "state": "",
        "language": "shqip macedonia",
        "languagecodes": "",
        "votes": 3,
        "lastchangetime": "2023-09-12 13:24:31",
        "lastchangetime_iso8601": "2023-09-12T13:24:31Z",
        "codec": "MP3",
        "bitrate": 0,
        "hls": 0,
        "lastcheckok": 1,
        "lastchecktime": "2023-10-20 14:42:18",
        "lastchecktime_iso8601": "2023-10-20T14:42:18Z",
        "lastcheckoktime": "2023-10-20 14:42:18",
        "lastcheckoktime_iso8601": "2023-10-20T14:42:18Z",
        "lastlocalchecktime": "2023-10-20 14:31:52",
        "lastlocalchecktime_iso8601": "2023-10-20T14:31:52Z",
        "clicktimestamp": "2023-10-21 07:40:43",
        "clicktimestamp_iso8601": "2023-10-21T07:40:43Z",
        "clickcount": 14,
        "clicktrend": 6,
        "ssl_error": 0,
        "geo_lat": null,
        "geo_long": null,
        "has_extended_info": false
    },
    {
        "changeuuid": "e8e89b14-0e34-4ffc-8aac-4c3797317458",
        "stationuuid": "e4825ca6-38e8-4a30-86d0-b6591ceaa9b5",
        "serveruuid": "51277bf2-e2c1-4ce3-b652-707077198cc9",
        "name": "Radio-BLLACA",
        "url": "https://stream.zeno.fm/0smrlmhdbxuuv",
        "url_resolved": "https://stream-150.zeno.fm/0smrlmhdbxuuv?zs=R8lMVbtTQ0KfSFYqurlqkg",
        "homepage": "https://stream.zeno.fm/0smrlmhdbxuuv",
        "favicon": "",
        "tags": "",
        "country": "Albania",
        "countrycode": "AL",
        "iso_3166_2": null,
        "state": "",
        "language": "shqip macedonia",
        "languagecodes": "",
        "votes": 3,
        "lastchangetime": "2023-09-12 13:24:31",
        "lastchangetime_iso8601": "2023-09-12T13:24:31Z",
        "codec": "MP3",
        "bitrate": 0,
        "hls": 0,
        "lastcheckok": 1,
        "lastchecktime": "2023-10-20 14:25:34",
        "lastchecktime_iso8601": "2023-10-20T14:25:34Z",
        "lastcheckoktime": "2023-10-20 14:25:34",
        "lastcheckoktime_iso8601": "2023-10-20T14:25:34Z",
        "lastlocalchecktime": "2023-10-20 14:02:09",
        "lastlocalchecktime_iso8601": "2023-10-20T14:02:09Z",
        "clicktimestamp": "2023-10-21 07:03:47",
        "clicktimestamp_iso8601": "2023-10-21T07:03:47Z",
        "clickcount": 7,
        "clicktrend": 0,
        "ssl_error": 0,
        "geo_lat": null,
        "geo_long": null,
        "has_extended_info": false
    },
    {
        "changeuuid": "58575c06-a232-4bf8-8ec6-bca95aae6772",
        "stationuuid": "49a40ac7-4b5d-49e5-a7fc-35318841b15e",
        "serveruuid": "51277bf2-e2c1-4ce3-b652-707077198cc9",
        "name": "Radio-BLLACA",
        "url": "https://stream.zeno.fm/0smrlmhdbxuuv",
        "url_resolved": "https://stream-150.zeno.fm/0smrlmhdbxuuv?zs=0xsuUz-cSTW79gKrspw8qA",
        "homepage": "https://stream.zeno.fm/0smrlmhdbxuuv",
        "favicon": "",
        "tags": "keng\u00eb shqipe",
        "country": "Albania",
        "countrycode": "AL",
        "iso_3166_2": null,
        "state": "",
        "language": "shqip macedonia",
        "languagecodes": "",
        "votes": 2,
        "lastchangetime": "2023-09-12 13:24:31",
        "lastchangetime_iso8601": "2023-09-12T13:24:31Z",
        "codec": "MP3",
        "bitrate": 0,
        "hls": 0,
        "lastcheckok": 1,
        "lastchecktime": "2023-10-21 07:10:24",
        "lastchecktime_iso8601": "2023-10-21T07:10:24Z",
        "lastcheckoktime": "2023-10-21 07:10:24",
        "lastcheckoktime_iso8601": "2023-10-21T07:10:24Z",
        "lastlocalchecktime": "2023-10-21 07:10:24",
        "lastlocalchecktime_iso8601": "2023-10-21T07:10:24Z",
        "clicktimestamp": "2023-10-21 07:05:47",
        "clicktimestamp_iso8601": "2023-10-21T07:05:47Z",
        "clickcount": 7,
        "clicktrend": 1,
        "ssl_error": 0,
        "geo_lat": null,
        "geo_long": null,
        "has_extended_info": false
    },
    {
        "changeuuid": "6d421a05-c420-4ae7-9421-663e416b87d6",
        "stationuuid": "96bc39e8-486b-45f4-8736-e8f9f5b5816b",
        "serveruuid": "d28d8f9e-278e-4069-b725-eddd127622d1",
        "name": "chili moje",
        "url": "https://media-ssl.musicradio.com/ChillMP3",
        "url_resolved": "https://media-ssl.musicradio.com/ChillMP3",
        "homepage": "https://media-ssl.musicradio.com/",
        "favicon": "https://firebasestorage.googleapis.com/v0/b/radiogalaxy-580f4.appspot.com/o/images%2FIMG_20231011_225835382.jpg?alt=media&token=9da17e4d-d031-4ef1-b846-fb5d856e20b2",
        "tags": "chilli",
        "country": "Albania",
        "countrycode": "AL",
        "iso_3166_2": null,
        "state": "",
        "language": "english",
        "languagecodes": "en",
        "votes": 1,
        "lastchangetime": "2023-10-11 21:04:31",
        "lastchangetime_iso8601": "2023-10-11T21:04:31Z",
        "codec": "MP3",
        "bitrate": 128,
        "hls": 0,
        "lastcheckok": 1,
        "lastchecktime": "2023-10-20 21:22:09",
        "lastchecktime_iso8601": "2023-10-20T21:22:09Z",
        "lastcheckoktime": "2023-10-20 21:22:09",
        "lastcheckoktime_iso8601": "2023-10-20T21:22:09Z",
        "lastlocalchecktime": "2023-10-20 21:09:42",
        "lastlocalchecktime_iso8601": "2023-10-20T21:09:42Z",
        "clicktimestamp": "2023-10-21 06:40:06",
        "clicktimestamp_iso8601": "2023-10-21T06:40:06Z",
        "clickcount": 60,
        "clicktrend": 6,
        "ssl_error": 0,
        "geo_lat": null,
        "geo_long": null,
        "has_extended_info": false
    },
    {
        "changeuuid": "ceb6d457-24f5-4695-983b-2992c197a47a",
        "stationuuid": "584c6a2a-d771-4fc9-9987-11d139640908",
        "serveruuid": "51277bf2-e2c1-4ce3-b652-707077198cc9",
        "name": "Radio-BLLACA",
        "url": "https://stream.zeno.fm/0smrlmhdbxuuv",
        "url_resolved": "https://stream-150.zeno.fm/0smrlmhdbxuuv?zs=qts2uJoySuCPxE7BgBanmg",
        "homepage": "https://stream.zeno.fm/0smrlmhdbxuuv",
        "favicon": "",
        "tags": "keng\u00eb shqipe",
        "country": "Albania",
        "countrycode": "AL",
        "iso_3166_2": null,
        "state": "",
        "language": "shqip macedonia",
        "languagecodes": "",
        "votes": 0,
        "lastchangetime": "2023-09-12 13:24:31",
        "lastchangetime_iso8601": "2023-09-12T13:24:31Z",
        "codec": "MP3",
        "bitrate": 0,
        "hls": 0,
        "lastcheckok": 1,
        "lastchecktime": "2023-10-20 14:42:18",
        "lastchecktime_iso8601": "2023-10-20T14:42:18Z",
        "lastcheckoktime": "2023-10-20 14:42:18",
        "lastcheckoktime_iso8601": "2023-10-20T14:42:18Z",
        "lastlocalchecktime": "2023-10-20 09:10:13",
        "lastlocalchecktime_iso8601": "2023-10-20T09:10:13Z",
        "clicktimestamp": "2023-10-21 07:05:47",
        "clicktimestamp_iso8601": "2023-10-21T07:05:47Z",
        "clickcount": 8,
        "clicktrend": 0,
        "ssl_error": 0,
        "geo_lat": null,
        "geo_long": null,
        "has_extended_info": false
    },
    {
        "changeuuid": "98887ab7-64c8-4353-ad4a-25b10f230c99",
        "stationuuid": "8280074f-2181-4013-a644-8146ef489012",
        "serveruuid": "d28d8f9e-278e-4069-b725-eddd127622d1",
        "name": "chili moje",
        "url": "https://media-ssl.musicradio.com/ChillMP3",
        "url_resolved": "https://media-ssl.musicradio.com/ChillMP3",
        "homepage": "https://media-ssl.musicradio.com/",
        "favicon": "",
        "tags": "chilli",
        "country": "Albania",
        "countrycode": "AL",
        "iso_3166_2": null,
        "state": "",
        "language": "english",
        "languagecodes": "en",
        "votes": 0,
        "lastchangetime": "2023-10-11 21:04:31",
        "lastchangetime_iso8601": "2023-10-11T21:04:31Z",
        "codec": "MP3",
        "bitrate": 128,
        "hls": 0,
        "lastcheckok": 1,
        "lastchecktime": "2023-10-20 21:22:09",
        "lastchecktime_iso8601": "2023-10-20T21:22:09Z",
        "lastcheckoktime": "2023-10-20 21:22:09",
        "lastcheckoktime_iso8601": "2023-10-20T21:22:09Z",
        "lastlocalchecktime": "2023-10-20 21:09:42",
        "lastlocalchecktime_iso8601": "2023-10-20T21:09:42Z",
        "clicktimestamp": "2023-10-20 23:48:50",
        "clicktimestamp_iso8601": "2023-10-20T23:48:50Z",
        "clickcount": 17,
        "clicktrend": -1,
        "ssl_error": 0,
        "geo_lat": null,
        "geo_long": null,
        "has_extended_info": false
    },
    {
        "changeuuid": "4910d2f8-3a92-481a-9f49-f84164d74b03",
        "stationuuid": "7d65c355-a932-4279-bfec-57d5eacecd3c",
        "serveruuid": "532458f3-7220-4433-a26b-84b10188f43e",
        "name": ".\u0627\u0644\u0642\u0631\u0622\u0646",
        "url": "https://backup.qurango.net/radio/ahmad_khader_altarabulsi",
        "url_resolved": "https://backup.qurango.net/radio/ahmad_khader_altarabulsi",
        "homepage": "",
        "favicon": "",
        "tags": "classical",
        "country": "Albania",
        "countrycode": "AL",
        "iso_3166_2": null,
        "state": "",
        "language": "",
        "languagecodes": "",
        "votes": 5,
        "lastchangetime": "2023-10-26 05:18:23",
        "lastchangetime_iso8601": "2023-10-26T05:18:23Z",
        "codec": "MP3",
        "bitrate": 128,
        "hls": 0,
        "lastcheckok": 1,
        "lastchecktime": "2023-11-07 17:07:47",
        "lastchecktime_iso8601": "2023-11-07T17:07:47Z",
        "lastcheckoktime": "2023-11-07 17:07:47",
        "lastcheckoktime_iso8601": "2023-11-07T17:07:47Z",
        "lastlocalchecktime": "2023-11-07 06:22:45",
        "lastlocalchecktime_iso8601": "2023-11-07T06:22:45Z",
        "clicktimestamp": "2023-11-07 17:38:21",
        "clicktimestamp_iso8601": "2023-11-07T17:38:21Z",
        "clickcount": 63,
        "clicktrend": 1,
        "ssl_error": 0,
        "geo_lat": null,
        "geo_long": null,
        "has_extended_info": false
    }
]