[
    {
        "changeuuid": "e0339dce-9a0c-4079-9fd3-69453bf14e9a",
        "stationuuid": "2017aa91-7277-11e9-af37-52543be04c81",
        "serveruuid": "b5bbde2e-f0b2-4924-b70d-1dd3ad2752bc",
        "name": "Radio Aurora",
        "url": "http://am.radioaurora.am:8010/al.mp3",
        "url_resolved": "http://am.radioaurora.am:8010/al.mp3",
        "homepage": "https://www.radioaurora.am/",
        "favicon": "",
        "tags": "",
        "country": "Armenia",
        "countrycode": "AM",
        "iso_3166_2": null,
        "state": "",
        "language": "",
        "languagecodes": "",
        "votes": 1512,
        "lastchangetime": "2021-11-10 17:28:50",
        "lastchangetime_iso8601": "2021-11-10T17:28:50Z",
        "codec": "AAC+",
        "bitrate": 96,
        "hls": 0,
        "lastcheckok": 1,
        "lastchecktime": "2023-04-24 06:52:36",
        "lastchecktime_iso8601": "2023-04-24T06:52:36Z",
        "lastcheckoktime": "2023-04-24 06:52:36",
        "lastcheckoktime_iso8601": "2023-04-24T06:52:36Z",
        "lastlocalchecktime": "2023-04-23 22:20:14",
        "lastlocalchecktime_iso8601": "2023-04-23T22:20:14Z",
        "clicktimestamp": "2023-04-24 13:35:27",
        "clicktimestamp_iso8601": "2023-04-24T13:35:27Z",
        "clickcount": 33,
        "clicktrend": 0,
        "ssl_error": 0,
        "geo_lat": null,
        "geo_long": null,
        "has_extended_info": false
    },
    {
        "changeuuid": "fa95e852-fc19-43c3-9f34-4dbd6efd4eb6",
        "stationuuid": "961c475b-0601-11e8-ae97-52543be04c81",
        "serveruuid": "3e0bde75-06c0-4d60-92f6-de28720e976f",
        "name": "Radio Van",
        "url": "http://media.radiovan.am:8000/96_stereo.m3u",
        "url_resolved": "http://media.radiovan.am:8000/96_stereo",
        "homepage": "http://www.radiovan.am/",
        "favicon": "http://www.radiovan.am/css/images/ico.png",
        "tags": "top 40",
        "country": "Armenia",
        "countrycode": "AM",
        "iso_3166_2": null,
        "state": "",
        "language": "armenian",
        "languagecodes": "hy",
        "votes": 850,
        "lastchangetime": "2022-11-16 13:28:21",
        "lastchangetime_iso8601": "2022-11-16T13:28:21Z",
        "codec": "MP3",
        "bitrate": 96,
        "hls": 0,
        "lastcheckok": 1,
        "lastchecktime": "2023-04-23 21:24:40",
        "lastchecktime_iso8601": "2023-04-23T21:24:40Z",
        "lastcheckoktime": "2023-04-23 21:24:40",
        "lastcheckoktime_iso8601": "2023-04-23T21:24:40Z",
        "lastlocalchecktime": "2023-04-23 19:28:12",
        "lastlocalchecktime_iso8601": "2023-04-23T19:28:12Z",
        "clicktimestamp": "2023-04-24 13:29:19",
        "clicktimestamp_iso8601": "2023-04-24T13:29:19Z",
        "clickcount": 54,
        "clicktrend": -3,
        "ssl_error": 0,
        "geo_lat": null,
        "geo_long": null,
        "has_extended_info": false
    },
    {
        "changeuuid": "ce233e6d-fc35-4f7e-8111-84451509cbf0",
        "stationuuid": "5ed84267-7281-11e9-af37-52543be04c81",
        "serveruuid": "59de96cc-9133-46ea-943b-6e416ff19e59",
        "name": "Fama",
        "url": "http://eu.stream4cast.com:8036/stream/",
        "url_resolved": "http://eu.stream4cast.com:8036/stream/",
        "homepage": "https://www.radiofama.am/",
        "favicon": "",
        "tags": "",
        "country": "Armenia",
        "countrycode": "AM",
        "iso_3166_2": null,
        "state": "",
        "language": "",
        "languagecodes": "",
        "votes": 734,
        "lastchangetime": "2021-11-27 18:32:07",
        "lastchangetime_iso8601": "2021-11-27T18:32:07Z",
        "codec": "MP3",
        "bitrate": 192,
        "hls": 0,
        "lastcheckok": 1,
        "lastchecktime": "2023-04-24 09:23:17",
        "lastchecktime_iso8601": "2023-04-24T09:23:17Z",
        "lastcheckoktime": "2023-04-24 09:23:17",
        "lastcheckoktime_iso8601": "2023-04-24T09:23:17Z",
        "lastlocalchecktime": "2023-04-23 18:31:31",
        "lastlocalchecktime_iso8601": "2023-04-23T18:31:31Z",
        "clicktimestamp": "2023-04-24 13:28:53",
        "clicktimestamp_iso8601": "2023-04-24T13:28:53Z",
        "clickcount": 28,
        "clicktrend": 0,
        "ssl_error": 0,
        "geo_lat": null,
        "geo_long": null,
        "has_extended_info": false
    },
    {
        "changeuuid": "0b5706c9-4f77-41c7-abed-52a0f1dc143c",
        "stationuuid": "a72b1862-727e-11e9-af37-52543be04c81",
        "serveruuid": "eeb6589b-076c-4e9c-ade4-3695b11299a3",
        "name": "Lratvakan Radio 106.5 FM",
        "url": "http://212.34.233.78:8000/live",
        "url_resolved": "http://212.34.233.78:8000/live",
        "homepage": "https://lratvakan.am/",
        "favicon": "https://lratvakan.am/static/img/favicon.png",
        "tags": "",
        "country": "Armenia",
        "countrycode": "AM",
        "iso_3166_2": null,
        "state": "",
        "language": "",
        "languagecodes": "",
        "votes": 660,
        "lastchangetime": "2023-03-08 01:35:13",
        "lastchangetime_iso8601": "2023-03-08T01:35:13Z",
        "codec": "MP3",
        "bitrate": 128,
        "hls": 0,
        "lastcheckok": 1,
        "lastchecktime": "2023-04-24 10:46:16",
        "lastchecktime_iso8601": "2023-04-24T10:46:16Z",
        "lastcheckoktime": "2023-04-24 10:46:16",
        "lastcheckoktime_iso8601": "2023-04-24T10:46:16Z",
        "lastlocalchecktime": "2023-04-24 10:46:16",
        "lastlocalchecktime_iso8601": "2023-04-24T10:46:16Z",
        "clicktimestamp": "2023-04-24 02:26:22",
        "clicktimestamp_iso8601": "2023-04-24T02:26:22Z",
        "clickcount": 39,
        "clicktrend": -5,
        "ssl_error": 0,
        "geo_lat": null,
        "geo_long": null,
        "has_extended_info": false
    },
    {
        "changeuuid": "373a78fb-0aae-4337-b69d-deb2d43d3711",
        "stationuuid": "062547d8-728f-11e9-af37-52543be04c81",
        "serveruuid": "f1b91b0d-31a3-4319-b39f-cfdd00bf364c",
        "name": "Armenian Christian Radio - Bashde Radio",
        "url": "https://streams.radio.co/sa0bf8ec29/listen?sid=1",
        "url_resolved": "https://streams.radio.co/sa0bf8ec29/listen?sid=1",
        "homepage": "http://bashde.org/",
        "favicon": "http://bashde.org/favicon.ico",
        "tags": "",
        "country": "Armenia",
        "countrycode": "AM",
        "iso_3166_2": null,
        "state": "",
        "language": "",
        "languagecodes": "",
        "votes": 622,
        "lastchangetime": "2022-02-06 22:13:41",
        "lastchangetime_iso8601": "2022-02-06T22:13:41Z",
        "codec": "MP3",
        "bitrate": 192,
        "hls": 0,
        "lastcheckok": 1,
        "lastchecktime": "2023-04-24 10:26:21",
        "lastchecktime_iso8601": "2023-04-24T10:26:21Z",
        "lastcheckoktime": "2023-04-24 10:26:21",
        "lastcheckoktime_iso8601": "2023-04-24T10:26:21Z",
        "lastlocalchecktime": "2023-04-23 18:04:56",
        "lastlocalchecktime_iso8601": "2023-04-23T18:04:56Z",
        "clicktimestamp": "2023-04-24 13:35:44",
        "clicktimestamp_iso8601": "2023-04-24T13:35:44Z",
        "clickcount": 40,
        "clicktrend": 0,
        "ssl_error": 0,
        "geo_lat": null,
        "geo_long": null,
        "has_extended_info": false
    },
    {
        "changeuuid": "e037a065-a68b-472a-b91f-a377c720798d",
        "stationuuid": "623c349d-727d-11e9-af37-52543be04c81",
        "serveruuid": "07bb20db-c699-472c-9d94-6b6b2fce0e96",
        "name": "Radio AYK",
        "url": "http://s3.streammonster.com:8117/;",
        "url_resolved": "http://s3.streammonster.com:8117/;",
        "homepage": "http://www.radioayk.com/",
        "favicon": "",
        "tags": "",
        "country": "Armenia",
        "countrycode": "AM",
        "iso_3166_2": null,
        "state": "",
        "language": "",
        "languagecodes": "",
        "votes": 572,
        "lastchangetime": "2022-11-18 03:11:56",
        "lastchangetime_iso8601": "2022-11-18T03:11:56Z",
        "codec": "MP3",
        "bitrate": 128,
        "hls": 0,
        "lastcheckok": 1,
        "lastchecktime": "2023-04-24 09:23:17",
        "lastchecktime_iso8601": "2023-04-24T09:23:17Z",
        "lastcheckoktime": "2023-04-24 09:23:17",
        "lastcheckoktime_iso8601": "2023-04-24T09:23:17Z",
        "lastlocalchecktime": "2023-04-23 23:18:27",
        "lastlocalchecktime_iso8601": "2023-04-23T23:18:27Z",
        "clicktimestamp": "2023-04-24 13:28:37",
        "clicktimestamp_iso8601": "2023-04-24T13:28:37Z",
        "clickcount": 25,
        "clicktrend": 0,
        "ssl_error": 0,
        "geo_lat": null,
        "geo_long": null,
        "has_extended_info": false
    },
    {
        "changeuuid": "eeab762f-e92c-4c3f-9fce-d23f2ff713dc",
        "stationuuid": "73a416d9-728f-11e9-af37-52543be04c81",
        "serveruuid": "7f9c3cd8-dabe-435b-bedd-5f750a468730",
        "name": "Radio YAN",
        "url": "http://83.169.36.75:8000/stream",
        "url_resolved": "http://83.169.36.75:8000/stream",
        "homepage": "http://www.radioyan.com/",
        "favicon": "https://www.radioyan.com/wp-content/uploads/2018/02/cropped-favicon144x144-180x180.png",
        "tags": "",
        "country": "Armenia",
        "countrycode": "AM",
        "iso_3166_2": null,
        "state": "",
        "language": "",
        "languagecodes": "",
        "votes": 522,
        "lastchangetime": "2021-11-27 17:07:08",
        "lastchangetime_iso8601": "2021-11-27T17:07:08Z",
        "codec": "MP3",
        "bitrate": 64,
        "hls": 0,
        "lastcheckok": 1,
        "lastchecktime": "2023-04-24 10:45:23",
        "lastchecktime_iso8601": "2023-04-24T10:45:23Z",
        "lastcheckoktime": "2023-04-24 10:45:23",
        "lastcheckoktime_iso8601": "2023-04-24T10:45:23Z",
        "lastlocalchecktime": "2023-04-23 18:18:07",
        "lastlocalchecktime_iso8601": "2023-04-23T18:18:07Z",
        "clicktimestamp": "2023-04-24 13:29:31",
        "clicktimestamp_iso8601": "2023-04-24T13:29:31Z",
        "clickcount": 65,
        "clicktrend": -6,
        "ssl_error": 0,
        "geo_lat": null,
        "geo_long": null,
        "has_extended_info": false
    },
    {
        "changeuuid": "ac64d334-0cb2-4271-ad9b-97e37231f569",
        "stationuuid": "79c6afaa-5a27-11e9-a622-52543be04c81",
        "serveruuid": "adc5b056-8985-4833-801f-645a5e256357",
        "name": "Radio Mariam Armenia",
        "url": "http://dreamsiteradiocp.com:8056/stream",
        "url_resolved": "http://dreamsiteradiocp.com:8056/stream",
        "homepage": "http://www.radiomariam.am/",
        "favicon": "http://www.radiomariam.am/resources/radiomariam/images/logo_white.png",
        "tags": "catholic,religion",
        "country": "Armenia",
        "countrycode": "AM",
        "iso_3166_2": null,
        "state": "",
        "language": "armenian",
        "languagecodes": "hy",
        "votes": 398,
        "lastchangetime": "2022-11-23 01:09:11",
        "lastchangetime_iso8601": "2022-11-23T01:09:11Z",
        "codec": "MP3",
        "bitrate": 32,
        "hls": 0,
        "lastcheckok": 1,
        "lastchecktime": "2023-04-24 03:08:53",
        "lastchecktime_iso8601": "2023-04-24T03:08:53Z",
        "lastcheckoktime": "2023-04-24 03:08:53",
        "lastcheckoktime_iso8601": "2023-04-24T03:08:53Z",
        "lastlocalchecktime": "2023-04-23 20:03:11",
        "lastlocalchecktime_iso8601": "2023-04-23T20:03:11Z",
        "clicktimestamp": "2023-04-22 20:51:59",
        "clicktimestamp_iso8601": "2023-04-22T20:51:59Z",
        "clickcount": 25,
        "clicktrend": -2,
        "ssl_error": 0,
        "geo_lat": null,
        "geo_long": null,
        "has_extended_info": false
    },
    {
        "changeuuid": "99343d03-f5b7-429c-a326-ac9a40691b0d",
        "stationuuid": "a64cfc96-66f4-4bca-88f0-b4774cc9c32d",
        "serveruuid": "1c7b135c-8b7a-4909-a705-bc1d64c1df8c",
        "name": "_Armenia FM ",
        "url": "https://canli.arabeskinmerkezi.com/9180/stream",
        "url_resolved": "https://canli.arabeskinmerkezi.com/9180/stream",
        "homepage": "https://www.arabeskinmerkezi.com/",
        "favicon": "",
        "tags": "armenian,pop,pop music",
        "country": "Armenia",
        "countrycode": "AM",
        "iso_3166_2": null,
        "state": "Vancouver WA",
        "language": "armenian",
        "languagecodes": "hy",
        "votes": 270,
        "lastchangetime": "2022-09-05 21:28:19",
        "lastchangetime_iso8601": "2022-09-05T21:28:19Z",
        "codec": "MP3",
        "bitrate": 128,
        "hls": 0,
        "lastcheckok": 1,
        "lastchecktime": "2023-04-24 11:51:12",
        "lastchecktime_iso8601": "2023-04-24T11:51:12Z",
        "lastcheckoktime": "2023-04-24 11:51:12",
        "lastcheckoktime_iso8601": "2023-04-24T11:51:12Z",
        "lastlocalchecktime": "2023-04-23 20:01:10",
        "lastlocalchecktime_iso8601": "2023-04-23T20:01:10Z",
        "clicktimestamp": "2023-04-24 13:27:52",
        "clicktimestamp_iso8601": "2023-04-24T13:27:52Z",
        "clickcount": 64,
        "clicktrend": -1,
        "ssl_error": 0,
        "geo_lat": null,
        "geo_long": null,
        "has_extended_info": false
    },
    {
        "changeuuid": "ac61525c-a72a-472c-b666-903787adc054",
        "stationuuid": "8e1cf94c-7195-11e9-af37-52543be04c81",
        "serveruuid": "726d8354-d91f-4ac7-855c-b9156f2a9648",
        "name": "Armenia One TV",
        "url": "http://amtv1.livestreamingcdn.com/am2abr/tracks-v1a1/index.m3u8",
        "url_resolved": "http://amtv1.livestreamingcdn.com/am2abr/tracks-v1a1/index.m3u8",
        "homepage": "http://www.1tv.am/",
        "favicon": "http://www.1tv.am/favicon.png?v=1",
        "tags": "",
        "country": "Armenia",
        "countrycode": "AM",
        "iso_3166_2": null,
        "state": "Yerevan",
        "language": "armenian",
        "languagecodes": "hy",
        "votes": 245,
        "lastchangetime": "2022-09-25 21:13:29",
        "lastchangetime_iso8601": "2022-09-25T21:13:29Z",
        "codec": "UNKNOWN",
        "bitrate": 0,
        "hls": 1,
        "lastcheckok": 1,
        "lastchecktime": "2023-04-24 09:12:14",
        "lastchecktime_iso8601": "2023-04-24T09:12:14Z",
        "lastcheckoktime": "2023-04-24 09:12:14",
        "lastcheckoktime_iso8601": "2023-04-24T09:12:14Z",
        "lastlocalchecktime": "2023-04-23 18:25:33",
        "lastlocalchecktime_iso8601": "2023-04-23T18:25:33Z",
        "clicktimestamp": "2023-04-24 13:38:55",
        "clicktimestamp_iso8601": "2023-04-24T13:38:55Z",
        "clickcount": 42,
        "clicktrend": 2,
        "ssl_error": 0,
        "geo_lat": null,
        "geo_long": null,
        "has_extended_info": false
    },
    {
        "changeuuid": "c19687e3-b1db-4f22-8cbb-3f2bce9ae632",
        "stationuuid": "db6a67c4-9ded-41eb-9d3f-4b16b6ffc53b",
        "serveruuid": "4343e438-2b11-45a4-8d6e-bc9480146641",
        "name": "Horizon Armenian TV",
        "url": "http://5.254.76.34:17070/C441/index.m3u8?token=kdsdkwy453wrRq29IIIo",
        "url_resolved": "http://5.254.76.34:17070/C441/index.m3u8?token=kdsdkwy453wrRq29IIIo",
        "homepage": "https://horizonarmeniantv.com/",
        "favicon": "https://horizonarmeniantv.com/wp-content/uploads/2019/02/favicon.png",
        "tags": "",
        "country": "Armenia",
        "countrycode": "AM",
        "iso_3166_2": null,
        "state": "",
        "language": "armenian",
        "languagecodes": "hy",
        "votes": 156,
        "lastchangetime": "2022-11-19 02:58:42",
        "lastchangetime_iso8601": "2022-11-19T02:58:42Z",
        "codec": "AAC,H.264",
        "bitrate": 4330,
        "hls": 1,
        "lastcheckok": 1,
        "lastchecktime": "2023-04-24 13:44:04",
        "lastchecktime_iso8601": "2023-04-24T13:44:04Z",
        "lastcheckoktime": "2023-04-24 13:44:04",
        "lastcheckoktime_iso8601": "2023-04-24T13:44:04Z",
        "lastlocalchecktime": "2023-04-23 19:58:47",
        "lastlocalchecktime_iso8601": "2023-04-23T19:58:47Z",
        "clicktimestamp": "2023-04-24 13:42:58",
        "clicktimestamp_iso8601": "2023-04-24T13:42:58Z",
        "clickcount": 23,
        "clicktrend": 1,
        "ssl_error": 0,
        "geo_lat": null,
        "geo_long": null,
        "has_extended_info": false
    },
    {
        "changeuuid": "ba6ed2c8-6bb2-4ef6-9664-d874cc9ccec1",
        "stationuuid": "67559407-bf54-44ce-bc55-fe22efed1f88",
        "serveruuid": "d42b0af7-02fa-4bcb-b5c9-93dc13081179",
        "name": "LOVE RADIO",
        "url": "https://loveradio.streamingmedia.it/play",
        "url_resolved": "https://loveradio.streamingmedia.it/play",
        "homepage": "",
        "favicon": "",
        "tags": "international",
        "country": "Armenia",
        "countrycode": "AM",
        "iso_3166_2": null,
        "state": "",
        "language": "",
        "languagecodes": "",
        "votes": 44,
        "lastchangetime": "2023-01-30 11:08:38",
        "lastchangetime_iso8601": "2023-01-30T11:08:38Z",
        "codec": "AAC+",
        "bitrate": 128,
        "hls": 0,
        "lastcheckok": 1,
        "lastchecktime": "2023-04-23 19:58:47",
        "lastchecktime_iso8601": "2023-04-23T19:58:47Z",
        "lastcheckoktime": "2023-04-23 19:58:47",
        "lastcheckoktime_iso8601": "2023-04-23T19:58:47Z",
        "lastlocalchecktime": "2023-04-23 19:58:47",
        "lastlocalchecktime_iso8601": "2023-04-23T19:58:47Z",
        "clicktimestamp": "2023-04-24 13:34:13",
        "clicktimestamp_iso8601": "2023-04-24T13:34:13Z",
        "clickcount": 38,
        "clicktrend": 2,
        "ssl_error": 0,
        "geo_lat": null,
        "geo_long": null,
        "has_extended_info": false
    },
    {
        "changeuuid": "92c42c12-e2e1-456c-b2a4-2d3264f84031",
        "stationuuid": "17d24be8-80db-4138-999a-a1c630cc486b",
        "serveruuid": "c9c653bb-c3ff-41dc-90a3-eb06aee51522",
        "name": "Luys TV Western Armenian TV",
        "url": "http://luyse.mediatriple.net/luystv/luystv.smil/playlist.m3u8",
        "url_resolved": "http://luyse.mediatriple.net/luystv/luystv.smil/playlist.m3u8",
        "homepage": "http://www.luys.tv/",
        "favicon": "http://www.luys.tv/images/logo.png",
        "tags": "westernarmenia",
        "country": "Armenia",
        "countrycode": "AM",
        "iso_3166_2": null,
        "state": "",
        "language": "turkish",
        "languagecodes": "tr",
        "votes": 32,
        "lastchangetime": "2022-05-15 20:00:34",
        "lastchangetime_iso8601": "2022-05-15T20:00:34Z",
        "codec": "UNKNOWN",
        "bitrate": 1500,
        "hls": 1,
        "lastcheckok": 1,
        "lastchecktime": "2023-04-24 02:08:07",
        "lastchecktime_iso8601": "2023-04-24T02:08:07Z",
        "lastcheckoktime": "2023-04-24 02:08:07",
        "lastcheckoktime_iso8601": "2023-04-24T02:08:07Z",
        "lastlocalchecktime": "2023-04-23 15:59:03",
        "lastlocalchecktime_iso8601": "2023-04-23T15:59:03Z",
        "clicktimestamp": "2023-04-24 13:38:18",
        "clicktimestamp_iso8601": "2023-04-24T13:38:18Z",
        "clickcount": 13,
        "clicktrend": 1,
        "ssl_error": 0,
        "geo_lat": null,
        "geo_long": null,
        "has_extended_info": false
    },
    {
        "changeuuid": "113e59b7-fdc0-45de-b04b-5df93c546281",
        "stationuuid": "93c5dc77-4865-4f51-9496-4f0f333949eb",
        "serveruuid": "1ecd7e19-1f1a-4e67-9057-64591161a061",
        "name": "MFM Music Radio",
        "url": "https://eu.stream4cast.com/proxy/mfmradio/stream",
        "url_resolved": "https://eu.stream4cast.com/proxy/mfmradio/stream",
        "homepage": "https://www.mfm.am/",
        "favicon": "https://www.mfm.am/wp-content/uploads/2017/02/mfm.png",
        "tags": "modern,music,pop",
        "country": "Armenia",
        "countrycode": "AM",
        "iso_3166_2": null,
        "state": "",
        "language": "",
        "languagecodes": "",
        "votes": 23,
        "lastchangetime": "2023-03-26 00:06:07",
        "lastchangetime_iso8601": "2023-03-26T00:06:07Z",
        "codec": "MP3",
        "bitrate": 256,
        "hls": 0,
        "lastcheckok": 1,
        "lastchecktime": "2023-04-24 12:19:32",
        "lastchecktime_iso8601": "2023-04-24T12:19:32Z",
        "lastcheckoktime": "2023-04-24 12:19:32",
        "lastcheckoktime_iso8601": "2023-04-24T12:19:32Z",
        "lastlocalchecktime": "2023-04-24 12:19:32",
        "lastlocalchecktime_iso8601": "2023-04-24T12:19:32Z",
        "clicktimestamp": "2023-04-24 13:35:04",
        "clicktimestamp_iso8601": "2023-04-24T13:35:04Z",
        "clickcount": 25,
        "clicktrend": -2,
        "ssl_error": 0,
        "geo_lat": null,
        "geo_long": null,
        "has_extended_info": false
    },
    {
        "changeuuid": "a0e07bff-724d-4d29-bd98-8bbb933d2d1b",
        "stationuuid": "8aae11ac-727b-11e9-af37-52543be04c81",
        "serveruuid": "b5bbde2e-f0b2-4924-b70d-1dd3ad2752bc",
        "name": "Radio Aurora yc2",
        "url": "http://am.radioaurora.am:8010/yc",
        "url_resolved": "http://am.radioaurora.am:8010/yc",
        "homepage": "https://www.radioaurora.am/",
        "favicon": "",
        "tags": "",
        "country": "Armenia",
        "countrycode": "AM",
        "iso_3166_2": null,
        "state": "",
        "language": "",
        "languagecodes": "",
        "votes": 473,
        "lastchangetime": "2022-09-01 01:32:30",
        "lastchangetime_iso8601": "2022-09-01T01:32:30Z",
        "codec": "AAC",
        "bitrate": 128,
        "hls": 0,
        "lastcheckok": 1,
        "lastchecktime": "2023-07-09 10:46:50",
        "lastchecktime_iso8601": "2023-07-09T10:46:50Z",
        "lastcheckoktime": "2023-07-09 10:46:50",
        "lastcheckoktime_iso8601": "2023-07-09T10:46:50Z",
        "lastlocalchecktime": "2023-07-08 20:40:48",
        "lastlocalchecktime_iso8601": "2023-07-08T20:40:48Z",
        "clicktimestamp": "2023-07-06 18:45:47",
        "clicktimestamp_iso8601": "2023-07-06T18:45:47Z",
        "clickcount": 9,
        "clicktrend": 0,
        "ssl_error": 0,
        "geo_lat": null,
        "geo_long": null,
        "has_extended_info": false
    }
]