[
    {
        "changeuuid": "c7e495e2-d12a-4268-bf65-471934df4ab1",
        "stationuuid": "6e1b084f-3448-11e8-bb9b-52543be04c81",
        "serveruuid": "5d3faf5e-a62a-42c8-ba90-3794dd0f9aa0",
        "name": "RNA R\u00e1dio 5 (94.5 MHz FM, Luanda) R\u00e1dio Nacional de Angola",
        "url": "http://radios.vpn.sapo.pt/AO/radio5.mp3",
        "url_resolved": "https://radios.vpn.sapo.pt/AO/radio5.mp3",
        "homepage": "http://radios.sapo.ao/radio-5",
        "favicon": "http://imgs.sapo.pt/radiosonlineao/content/img/radio_5.jpg",
        "tags": "live sports,sports news,sports talk",
        "country": "Angola",
        "countrycode": "AO",
        "iso_3166_2": null,
        "state": "Luanda",
        "language": "portuguese",
        "languagecodes": "pt",
        "votes": 4188,
        "lastchangetime": "2022-04-18 20:14:00",
        "lastchangetime_iso8601": "2022-04-18T20:14:00Z",
        "codec": "MP3",
        "bitrate": 128,
        "hls": 0,
        "lastcheckok": 1,
        "lastchecktime": "2023-04-23 20:50:15",
        "lastchecktime_iso8601": "2023-04-23T20:50:15Z",
        "lastcheckoktime": "2023-04-23 20:50:15",
        "lastcheckoktime_iso8601": "2023-04-23T20:50:15Z",
        "lastlocalchecktime": "2023-04-23 20:34:10",
        "lastlocalchecktime_iso8601": "2023-04-23T20:34:10Z",
        "clicktimestamp": "2023-04-24 12:09:42",
        "clicktimestamp_iso8601": "2023-04-24T12:09:42Z",
        "clickcount": 240,
        "clicktrend": 4,
        "ssl_error": 0,
        "geo_lat": null,
        "geo_long": null,
        "has_extended_info": false
    },
    {
        "changeuuid": "bec60205-5b16-4a38-b36e-a45585d260b2",
        "stationuuid": "69cee014-127c-11e9-a80b-52543be04c81",
        "serveruuid": "5d3faf5e-a62a-42c8-ba90-3794dd0f9aa0",
        "name": "Radio Mais 99.1",
        "url": "http://radios.vpn.sapo.pt/AO/radio10.mp3",
        "url_resolved": "https://radios.vpn.sapo.pt/AO/radio10.mp3",
        "homepage": "http://radios.sapo.ao/radio-mais",
        "favicon": "",
        "tags": "hiphop,house,kizoma,kuduro,pop,r&b,rap,semba",
        "country": "Angola",
        "countrycode": "AO",
        "iso_3166_2": null,
        "state": "",
        "language": "portuguese",
        "languagecodes": "pt",
        "votes": 2649,
        "lastchangetime": "2022-09-13 20:20:34",
        "lastchangetime_iso8601": "2022-09-13T20:20:34Z",
        "codec": "MP3",
        "bitrate": 128,
        "hls": 0,
        "lastcheckok": 1,
        "lastchecktime": "2023-04-24 10:43:31",
        "lastchecktime_iso8601": "2023-04-24T10:43:31Z",
        "lastcheckoktime": "2023-04-24 10:43:31",
        "lastcheckoktime_iso8601": "2023-04-24T10:43:31Z",
        "lastlocalchecktime": "2023-04-24 10:43:31",
        "lastlocalchecktime_iso8601": "2023-04-24T10:43:31Z",
        "clicktimestamp": "2023-04-24 13:01:23",
        "clicktimestamp_iso8601": "2023-04-24T13:01:23Z",
        "clickcount": 170,
        "clicktrend": 5,
        "ssl_error": 0,
        "geo_lat": null,
        "geo_long": null,
        "has_extended_info": false
    },
    {
        "changeuuid": "c8e664c2-75b8-4c22-be54-9f3d7bbdc992",
        "stationuuid": "194d4d7e-3447-11e8-bb9b-52543be04c81",
        "serveruuid": "5d3faf5e-a62a-42c8-ba90-3794dd0f9aa0",
        "name": "LAC Luanda Antena Comercial (95.5 MHz FM, Luanda)",
        "url": "http://radios.vpn.sapo.pt/AO/radio14.mp3",
        "url_resolved": "https://radios.vpn.sapo.pt/AO/radio14.mp3",
        "homepage": "http://www.lacluanda.co.ao/",
        "favicon": "",
        "tags": "local news,local talk,music,news radio,talk radio,variety",
        "country": "Angola",
        "countrycode": "AO",
        "iso_3166_2": null,
        "state": "Luanda",
        "language": "portuguese",
        "languagecodes": "pt",
        "votes": 2518,
        "lastchangetime": "2022-03-28 12:06:32",
        "lastchangetime_iso8601": "2022-03-28T12:06:32Z",
        "codec": "MP3",
        "bitrate": 128,
        "hls": 0,
        "lastcheckok": 1,
        "lastchecktime": "2023-04-24 08:03:35",
        "lastchecktime_iso8601": "2023-04-24T08:03:35Z",
        "lastcheckoktime": "2023-04-24 08:03:35",
        "lastcheckoktime_iso8601": "2023-04-24T08:03:35Z",
        "lastlocalchecktime": "2023-04-24 04:45:34",
        "lastlocalchecktime_iso8601": "2023-04-24T04:45:34Z",
        "clicktimestamp": "2023-04-24 13:17:19",
        "clicktimestamp_iso8601": "2023-04-24T13:17:19Z",
        "clickcount": 137,
        "clicktrend": 2,
        "ssl_error": 0,
        "geo_lat": null,
        "geo_long": null,
        "has_extended_info": false
    },
    {
        "changeuuid": "37740747-dd97-4cb2-bf3e-dd6cfecc9de0",
        "stationuuid": "01797cb0-126c-11e9-a80b-52543be04c81",
        "serveruuid": "5d3faf5e-a62a-42c8-ba90-3794dd0f9aa0",
        "name": "Radio Escola 88.5 FM",
        "url": "http://radios.vpn.sapo.pt/AO/radio1.mp3",
        "url_resolved": "https://radios.vpn.sapo.pt/AO/radio1.mp3",
        "homepage": "http://radios.sapo.ao/radio-escola",
        "favicon": "",
        "tags": "hiphop,house,kizoma,kuduro,pop,r&b,rap,semba",
        "country": "Angola",
        "countrycode": "AO",
        "iso_3166_2": null,
        "state": "",
        "language": "portuguese",
        "languagecodes": "pt",
        "votes": 1663,
        "lastchangetime": "2022-08-31 00:34:31",
        "lastchangetime_iso8601": "2022-08-31T00:34:31Z",
        "codec": "MP3",
        "bitrate": 128,
        "hls": 0,
        "lastcheckok": 1,
        "lastchecktime": "2023-04-24 11:51:12",
        "lastchecktime_iso8601": "2023-04-24T11:51:12Z",
        "lastcheckoktime": "2023-04-24 11:51:12",
        "lastcheckoktime_iso8601": "2023-04-24T11:51:12Z",
        "lastlocalchecktime": "2023-04-23 14:53:56",
        "lastlocalchecktime_iso8601": "2023-04-23T14:53:56Z",
        "clicktimestamp": "2023-04-24 05:00:34",
        "clicktimestamp_iso8601": "2023-04-24T05:00:34Z",
        "clickcount": 105,
        "clicktrend": -2,
        "ssl_error": 0,
        "geo_lat": null,
        "geo_long": null,
        "has_extended_info": false
    },
    {
        "changeuuid": "8ca7efc7-4db1-4ca9-ab93-bc6bab3068cc",
        "stationuuid": "c49231a8-7296-4076-9fb8-494a36a07c7f",
        "serveruuid": "5d3faf5e-a62a-42c8-ba90-3794dd0f9aa0",
        "name": "RNA \u2013 Radio Cazenga ",
        "url": "https://radios.vpn.sapo.pt/AO/radio13.mp3",
        "url_resolved": "https://radios.vpn.sapo.pt/AO/radio13.mp3",
        "homepage": "https://liveonlineradio.net/rna-radio-cazenga",
        "favicon": "https://liveonlineradio.net/wp-content/uploads/2021/04/RNA-Radio-Cazenga-220x108.jpg",
        "tags": "",
        "country": "Angola",
        "countrycode": "AO",
        "iso_3166_2": null,
        "state": "Luanda",
        "language": "",
        "languagecodes": "",
        "votes": 1448,
        "lastchangetime": "2021-08-06 08:36:45",
        "lastchangetime_iso8601": "2021-08-06T08:36:45Z",
        "codec": "MP3",
        "bitrate": 128,
        "hls": 0,
        "lastcheckok": 1,
        "lastchecktime": "2023-04-24 12:46:45",
        "lastchecktime_iso8601": "2023-04-24T12:46:45Z",
        "lastcheckoktime": "2023-04-24 12:46:45",
        "lastcheckoktime_iso8601": "2023-04-24T12:46:45Z",
        "lastlocalchecktime": "2023-04-24 00:09:08",
        "lastlocalchecktime_iso8601": "2023-04-24T00:09:08Z",
        "clicktimestamp": "2023-04-24 12:53:09",
        "clicktimestamp_iso8601": "2023-04-24T12:53:09Z",
        "clickcount": 96,
        "clicktrend": 1,
        "ssl_error": 0,
        "geo_lat": -9.64407696490791,
        "geo_long": 13.623046875,
        "has_extended_info": false
    },
    {
        "changeuuid": "d437d153-29e9-4d45-95c8-c97248f0a691",
        "stationuuid": "b5c942f6-c683-11e8-a498-52543be04c81",
        "serveruuid": "884aa5f1-2de7-4a6d-ac99-3867f6736658",
        "name": "Kuia Bue FM",
        "url": "http://hts03.kshost.com.br:9126/;stream.nsv",
        "url_resolved": "http://hts03.kshost.com.br:9126/;stream.nsv",
        "homepage": "http://www.radiokuiabue.com/",
        "favicon": "",
        "tags": "",
        "country": "Angola",
        "countrycode": "AO",
        "iso_3166_2": null,
        "state": "",
        "language": "",
        "languagecodes": "",
        "votes": 1386,
        "lastchangetime": "2021-11-10 15:10:09",
        "lastchangetime_iso8601": "2021-11-10T15:10:09Z",
        "codec": "AAC+",
        "bitrate": 32,
        "hls": 0,
        "lastcheckok": 1,
        "lastchecktime": "2023-04-24 05:11:32",
        "lastchecktime_iso8601": "2023-04-24T05:11:32Z",
        "lastcheckoktime": "2023-04-24 05:11:32",
        "lastcheckoktime_iso8601": "2023-04-24T05:11:32Z",
        "lastlocalchecktime": "2023-04-23 17:13:33",
        "lastlocalchecktime_iso8601": "2023-04-23T17:13:33Z",
        "clicktimestamp": "2023-04-24 03:13:05",
        "clicktimestamp_iso8601": "2023-04-24T03:13:05Z",
        "clickcount": 50,
        "clicktrend": 1,
        "ssl_error": 0,
        "geo_lat": null,
        "geo_long": null,
        "has_extended_info": false
    },
    {
        "changeuuid": "c3d2f5ab-ee6e-4e92-a51a-ddb1ed83199c",
        "stationuuid": "1d1e2d6d-344c-11e8-bb9b-52543be04c81",
        "serveruuid": "5d3faf5e-a62a-42c8-ba90-3794dd0f9aa0",
        "name": "R\u00e1dio UnIA (92.3 MHz FM, Luanda) Universidade Independente de Angola",
        "url": "http://radios.vpn.sapo.pt/AO/radio2.mp3",
        "url_resolved": "https://radios.vpn.sapo.pt/AO/radio2.mp3",
        "homepage": "https://www.facebook.com/RADIOUNIA92.3/",
        "favicon": "",
        "tags": "college radio,cultural,educational,music,news,news talk,university radio",
        "country": "Angola",
        "countrycode": "AO",
        "iso_3166_2": null,
        "state": "Luanda",
        "language": "portuguese",
        "languagecodes": "pt",
        "votes": 1269,
        "lastchangetime": "2022-03-28 17:11:12",
        "lastchangetime_iso8601": "2022-03-28T17:11:12Z",
        "codec": "MP3",
        "bitrate": 128,
        "hls": 0,
        "lastcheckok": 1,
        "lastchecktime": "2023-04-23 23:04:43",
        "lastchecktime_iso8601": "2023-04-23T23:04:43Z",
        "lastcheckoktime": "2023-04-23 23:04:43",
        "lastcheckoktime_iso8601": "2023-04-23T23:04:43Z",
        "lastlocalchecktime": "2023-04-23 15:15:38",
        "lastlocalchecktime_iso8601": "2023-04-23T15:15:38Z",
        "clicktimestamp": "2023-04-24 13:01:13",
        "clicktimestamp_iso8601": "2023-04-24T13:01:13Z",
        "clickcount": 59,
        "clicktrend": 1,
        "ssl_error": 0,
        "geo_lat": null,
        "geo_long": null,
        "has_extended_info": false
    },
    {
        "changeuuid": "aa629328-ca5f-4ba1-8e04-7ff772897bca",
        "stationuuid": "513747bf-ff63-41e4-b4c8-b38608244d81",
        "serveruuid": "5d3faf5e-a62a-42c8-ba90-3794dd0f9aa0",
        "name": "Radio Romantica",
        "url": "https://radios.vpn.sapo.pt/AO/radio4.mp3",
        "url_resolved": "https://radios.vpn.sapo.pt/AO/radio4.mp3",
        "homepage": "http://radios.sapo.ao/radio-romantica",
        "favicon": "http://imgs.sapo.pt/radiosonlineao/content/img/r_romantica.png",
        "tags": "pop music",
        "country": "Angola",
        "countrycode": "AO",
        "iso_3166_2": null,
        "state": "",
        "language": "portuguese",
        "languagecodes": "pt",
        "votes": 1166,
        "lastchangetime": "2022-03-28 14:19:47",
        "lastchangetime_iso8601": "2022-03-28T14:19:47Z",
        "codec": "MP3",
        "bitrate": 128,
        "hls": 0,
        "lastcheckok": 1,
        "lastchecktime": "2023-04-24 13:59:17",
        "lastchecktime_iso8601": "2023-04-24T13:59:17Z",
        "lastcheckoktime": "2023-04-24 13:59:17",
        "lastcheckoktime_iso8601": "2023-04-24T13:59:17Z",
        "lastlocalchecktime": "2023-04-23 16:42:35",
        "lastlocalchecktime_iso8601": "2023-04-23T16:42:35Z",
        "clicktimestamp": "2023-04-24 03:13:14",
        "clicktimestamp_iso8601": "2023-04-24T03:13:14Z",
        "clickcount": 65,
        "clicktrend": 0,
        "ssl_error": 0,
        "geo_lat": null,
        "geo_long": null,
        "has_extended_info": false
    },
    {
        "changeuuid": "c311a3c7-f89f-49dc-a3b6-ce6637e445e6",
        "stationuuid": "2351337a-0f5e-413a-b558-a2bc0ca25f22",
        "serveruuid": "298592fd-8993-4053-afd2-7014b6aa4c17",
        "name": "Ebn\u00e9zer R\u00e1dio",
        "url": "http://08.stmip.net:10028/;;",
        "url_resolved": "http://08.stmip.net:10028/;;",
        "homepage": "http://www.shaloministerio.org/",
        "favicon": "",
        "tags": "religion",
        "country": "Angola",
        "countrycode": "AO",
        "iso_3166_2": null,
        "state": "",
        "language": "portuguese",
        "languagecodes": "pt",
        "votes": 942,
        "lastchangetime": "2022-04-19 16:06:10",
        "lastchangetime_iso8601": "2022-04-19T16:06:10Z",
        "codec": "AAC+",
        "bitrate": 32,
        "hls": 0,
        "lastcheckok": 1,
        "lastchecktime": "2023-04-24 02:08:07",
        "lastchecktime_iso8601": "2023-04-24T02:08:07Z",
        "lastcheckoktime": "2023-04-24 02:08:07",
        "lastcheckoktime_iso8601": "2023-04-24T02:08:07Z",
        "lastlocalchecktime": "2023-04-23 20:58:00",
        "lastlocalchecktime_iso8601": "2023-04-23T20:58:00Z",
        "clicktimestamp": "2023-04-24 03:13:19",
        "clicktimestamp_iso8601": "2023-04-24T03:13:19Z",
        "clickcount": 41,
        "clicktrend": 2,
        "ssl_error": 0,
        "geo_lat": null,
        "geo_long": null,
        "has_extended_info": false
    },
    {
        "changeuuid": "89c8dd58-012f-4585-ac40-537d9aea007c",
        "stationuuid": "4ed4b346-e81b-4570-adbe-8e62ae7a171a",
        "serveruuid": "ef63f2e4-bcd6-4e56-82c1-e610fbdec989",
        "name": "Kaji FM",
        "url": "https://s07.maxcast.com.br:8022/live",
        "url_resolved": "https://s07.maxcast.com.br:8022/live",
        "homepage": "https://kajifm.minharadio.fm/",
        "favicon": "",
        "tags": "",
        "country": "Angola",
        "countrycode": "AO",
        "iso_3166_2": null,
        "state": "",
        "language": "portuguese",
        "languagecodes": "pt",
        "votes": 843,
        "lastchangetime": "2022-03-28 13:02:19",
        "lastchangetime_iso8601": "2022-03-28T13:02:19Z",
        "codec": "MP3",
        "bitrate": 128,
        "hls": 0,
        "lastcheckok": 1,
        "lastchecktime": "2023-04-24 12:54:15",
        "lastchecktime_iso8601": "2023-04-24T12:54:15Z",
        "lastcheckoktime": "2023-04-24 12:54:15",
        "lastcheckoktime_iso8601": "2023-04-24T12:54:15Z",
        "lastlocalchecktime": "2023-04-23 17:12:22",
        "lastlocalchecktime_iso8601": "2023-04-23T17:12:22Z",
        "clicktimestamp": "2023-04-24 13:00:55",
        "clicktimestamp_iso8601": "2023-04-24T13:00:55Z",
        "clickcount": 33,
        "clicktrend": 2,
        "ssl_error": 0,
        "geo_lat": null,
        "geo_long": null,
        "has_extended_info": false
    },
    {
        "changeuuid": "36c486a4-b67c-4d94-80e8-3265b5b2f599",
        "stationuuid": "105fe2a7-04ed-4c23-ba3b-7538091c836d",
        "serveruuid": "5d3faf5e-a62a-42c8-ba90-3794dd0f9aa0",
        "name": "Radio N'Gola Yetu",
        "url": "https://radios.vpn.sapo.pt/AO/radio12.mp3",
        "url_resolved": "https://radios.vpn.sapo.pt/AO/radio12.mp3",
        "homepage": "https://rna.ao/rna.ao/radio-ngola-yetu/",
        "favicon": "",
        "tags": "",
        "country": "Angola",
        "countrycode": "AO",
        "iso_3166_2": null,
        "state": "",
        "language": "",
        "languagecodes": "",
        "votes": 699,
        "lastchangetime": "2021-08-06 08:36:45",
        "lastchangetime_iso8601": "2021-08-06T08:36:45Z",
        "codec": "MP3",
        "bitrate": 128,
        "hls": 0,
        "lastcheckok": 1,
        "lastchecktime": "2023-04-24 10:28:23",
        "lastchecktime_iso8601": "2023-04-24T10:28:23Z",
        "lastcheckoktime": "2023-04-24 10:28:23",
        "lastcheckoktime_iso8601": "2023-04-24T10:28:23Z",
        "lastlocalchecktime": "2023-04-24 10:28:23",
        "lastlocalchecktime_iso8601": "2023-04-24T10:28:23Z",
        "clicktimestamp": "2023-04-24 03:11:34",
        "clicktimestamp_iso8601": "2023-04-24T03:11:34Z",
        "clickcount": 37,
        "clicktrend": -2,
        "ssl_error": 0,
        "geo_lat": null,
        "geo_long": null,
        "has_extended_info": false
    },
    {
        "changeuuid": "eac670c3-9230-49e6-8ef2-d4c5ae313a91",
        "stationuuid": "7de3b8e3-873f-48b8-8dd9-c69e17e1e4e8",
        "serveruuid": "5b38ec20-de2f-4764-861c-6888f5efdf0d",
        "name": "Powermix FM",
        "url": "https://cast.iplayradio.net/radio/9500/stream",
        "url_resolved": "https://cast.iplayradio.net/radio/9500/stream",
        "homepage": "https://powermixfm.eu/",
        "favicon": "https://res.cloudinary.com/iplayradio/image/upload/f_auto,q_auto/v1610919210/powermixfm/apple-touch-icon.png",
        "tags": "90s,breakbeat,dnb,funky,rave,trance",
        "country": "Angola",
        "countrycode": "AO",
        "iso_3166_2": null,
        "state": "Luanda",
        "language": "",
        "languagecodes": "",
        "votes": 625,
        "lastchangetime": "2022-08-26 20:59:34",
        "lastchangetime_iso8601": "2022-08-26T20:59:34Z",
        "codec": "MP3",
        "bitrate": 320,
        "hls": 0,
        "lastcheckok": 1,
        "lastchecktime": "2023-04-24 12:28:46",
        "lastchecktime_iso8601": "2023-04-24T12:28:46Z",
        "lastcheckoktime": "2023-04-24 12:28:46",
        "lastcheckoktime_iso8601": "2023-04-24T12:28:46Z",
        "lastlocalchecktime": "2023-04-24 11:36:07",
        "lastlocalchecktime_iso8601": "2023-04-24T11:36:07Z",
        "clicktimestamp": "2023-04-24 03:11:54",
        "clicktimestamp_iso8601": "2023-04-24T03:11:54Z",
        "clickcount": 60,
        "clicktrend": -5,
        "ssl_error": 0,
        "geo_lat": null,
        "geo_long": null,
        "has_extended_info": false
    },
    {
        "changeuuid": "9caaae10-3a3c-45a0-b2aa-d0c7477bb87a",
        "stationuuid": "3f05940c-c3eb-4b51-9361-c33cce992a5c",
        "serveruuid": "1c7b135c-8b7a-4909-a705-bc1d64c1df8c",
        "name": "_ANGOLA FM",
        "url": "https://canli.arabeskinmerkezi.com/9180/stream",
        "url_resolved": "https://canli.arabeskinmerkezi.com/9180/stream",
        "homepage": "https://www.arabeskinmerkezi.com/",
        "favicon": "",
        "tags": "pop,pop music",
        "country": "Angola",
        "countrycode": "AO",
        "iso_3166_2": null,
        "state": "Bangkok",
        "language": "english",
        "languagecodes": "en",
        "votes": 596,
        "lastchangetime": "2022-09-05 21:30:19",
        "lastchangetime_iso8601": "2022-09-05T21:30:19Z",
        "codec": "MP3",
        "bitrate": 128,
        "hls": 0,
        "lastcheckok": 1,
        "lastchecktime": "2023-04-24 11:57:16",
        "lastchecktime_iso8601": "2023-04-24T11:57:16Z",
        "lastcheckoktime": "2023-04-24 11:57:16",
        "lastcheckoktime_iso8601": "2023-04-24T11:57:16Z",
        "lastlocalchecktime": "2023-04-23 18:09:18",
        "lastlocalchecktime_iso8601": "2023-04-23T18:09:18Z",
        "clicktimestamp": "2023-04-24 13:01:07",
        "clicktimestamp_iso8601": "2023-04-24T13:01:07Z",
        "clickcount": 86,
        "clicktrend": 1,
        "ssl_error": 0,
        "geo_lat": null,
        "geo_long": null,
        "has_extended_info": false
    },
    {
        "changeuuid": "70f16798-21c6-4019-a1f8-fc290dafadab",
        "stationuuid": "b2d5b56a-7eb6-4bb0-8687-b562bc8aca85",
        "serveruuid": "5d3faf5e-a62a-42c8-ba90-3794dd0f9aa0",
        "name": "Radio Sem Anestesia",
        "url": "https://radios.vpn.sapo.pt/AO/radio7.mp3",
        "url_resolved": "https://radios.vpn.sapo.pt/AO/radio7.mp3",
        "homepage": "https://liveonlineradio.net/radio-sem-anestesia",
        "favicon": "",
        "tags": "",
        "country": "Angola",
        "countrycode": "AO",
        "iso_3166_2": null,
        "state": "Luanda",
        "language": "",
        "languagecodes": "",
        "votes": 579,
        "lastchangetime": "2022-08-29 02:44:19",
        "lastchangetime_iso8601": "2022-08-29T02:44:19Z",
        "codec": "MP3",
        "bitrate": 128,
        "hls": 0,
        "lastcheckok": 1,
        "lastchecktime": "2023-04-24 09:12:14",
        "lastchecktime_iso8601": "2023-04-24T09:12:14Z",
        "lastcheckoktime": "2023-04-24 09:12:14",
        "lastcheckoktime_iso8601": "2023-04-24T09:12:14Z",
        "lastlocalchecktime": "2023-04-23 23:22:18",
        "lastlocalchecktime_iso8601": "2023-04-23T23:22:18Z",
        "clicktimestamp": "2023-04-24 11:13:20",
        "clicktimestamp_iso8601": "2023-04-24T11:13:20Z",
        "clickcount": 37,
        "clicktrend": 3,
        "ssl_error": 0,
        "geo_lat": -9.71134129647537,
        "geo_long": 13.605794906616213,
        "has_extended_info": false
    },
    {
        "changeuuid": "0927c55d-f5f5-41ce-bb34-6bfb3f834d9a",
        "stationuuid": "5a366e3e-f3e6-49f9-b0b0-b825c24df541",
        "serveruuid": "560f21d7-fe12-428f-86fe-172cb2aed732",
        "name": "AZUL POP FM",
        "url": "https://azulpop.ozelip.com/8006/stream",
        "url_resolved": "https://azulpop.ozelip.com/8006/stream",
        "homepage": "https://azulradyo.com/",
        "favicon": "",
        "tags": "70 80 hits,adult hits,adult top 40,american top 40,classic dance,classic hits,club dance,dance,dance music,electronic dance music,eurodance,hits,hot hits,indie dance,italo dance,latin music,latin pop,latino,latinoam\u00e9rica,m\u00fasica pop,pop,pop dance,pop latino,pop music,pop rock,rhythmic top 40,spanish contemporary hits,top 40,top 40 hits,top 40 pop,top 40/pop,top hits,variety hits",
        "country": "Angola",
        "countrycode": "AO",
        "iso_3166_2": null,
        "state": "Luanda",
        "language": "english",
        "languagecodes": "en",
        "votes": 257,
        "lastchangetime": "2023-02-23 22:49:05",
        "lastchangetime_iso8601": "2023-02-23T22:49:05Z",
        "codec": "MP3",
        "bitrate": 128,
        "hls": 0,
        "lastcheckok": 1,
        "lastchecktime": "2023-04-24 00:05:58",
        "lastchecktime_iso8601": "2023-04-24T00:05:58Z",
        "lastcheckoktime": "2023-04-24 00:05:58",
        "lastcheckoktime_iso8601": "2023-04-24T00:05:58Z",
        "lastlocalchecktime": "2023-04-23 14:41:27",
        "lastlocalchecktime_iso8601": "2023-04-23T14:41:27Z",
        "clicktimestamp": "2023-04-24 08:27:31",
        "clicktimestamp_iso8601": "2023-04-24T08:27:31Z",
        "clickcount": 49,
        "clicktrend": 2,
        "ssl_error": 0,
        "geo_lat": -11.606950965094272,
        "geo_long": 18.35449241101742,
        "has_extended_info": false
    },
    {
        "changeuuid": "8c29b77e-7161-47f0-8ebf-a764d0487c50",
        "stationuuid": "e7ceeac8-342a-4096-82d1-173f10af95c9",
        "serveruuid": "488550e2-7a68-4201-a44e-432719248438",
        "name": "R\u00e1dio F\u00e9 Angola",
        "url": "http://stream.zeno.fm/gsndh1xvczetv",
        "url_resolved": "http://stream-056.zeno.fm/gsndh1xvczetv?zs=_Y79uaU2TpumH0LuQtvcLw",
        "homepage": "https://zeno.fm/radio/radio-fe-angola/",
        "favicon": "https://zeno.fm/static/icons/apple-icon-120x120.png",
        "tags": "religi\u00e3o",
        "country": "Angola",
        "countrycode": "AO",
        "iso_3166_2": null,
        "state": "Angola",
        "language": "portuguese",
        "languagecodes": "pt",
        "votes": 246,
        "lastchangetime": "2023-03-29 00:38:06",
        "lastchangetime_iso8601": "2023-03-29T00:38:06Z",
        "codec": "MP3",
        "bitrate": 0,
        "hls": 0,
        "lastcheckok": 1,
        "lastchecktime": "2023-04-24 03:39:26",
        "lastchecktime_iso8601": "2023-04-24T03:39:26Z",
        "lastcheckoktime": "2023-04-24 03:39:26",
        "lastcheckoktime_iso8601": "2023-04-24T03:39:26Z",
        "lastlocalchecktime": "2023-04-23 17:54:17",
        "lastlocalchecktime_iso8601": "2023-04-23T17:54:17Z",
        "clicktimestamp": "2023-04-24 03:12:13",
        "clicktimestamp_iso8601": "2023-04-24T03:12:13Z",
        "clickcount": 50,
        "clicktrend": -2,
        "ssl_error": 0,
        "geo_lat": -10.445241337215023,
        "geo_long": 17.601529955863956,
        "has_extended_info": false
    },
    {
        "changeuuid": "7b4d16e5-3ce3-4de1-b662-8f79e182314a",
        "stationuuid": "3973bb14-4377-4b62-86ac-b25d11d81949",
        "serveruuid": null,
        "name": " EXA FM: M\u00fasica pop em ingl\u00eas e espanhol",
        "url": "https://playerservices.streamtheworld.com/api/livestream-redirect/XHPSFMAAC.aac",
        "url_resolved": "https://26523.live.streamtheworld.com:443/XHPSFMAAC.aac",
        "homepage": "https://www.exafm.com/veracruz/",
        "favicon": "https://i.iheart.com/v3/re/new_assets/5f9883c7cde5eff19e6eabac",
        "tags": "",
        "country": "Angola",
        "countrycode": "AO",
        "iso_3166_2": null,
        "state": "",
        "language": "spanish",
        "languagecodes": "es",
        "votes": 19,
        "lastchangetime": "2023-04-11 07:38:22",
        "lastchangetime_iso8601": "2023-04-11T07:38:22Z",
        "codec": "AAC+",
        "bitrate": 48,
        "hls": 0,
        "lastcheckok": 1,
        "lastchecktime": "2023-04-24 09:14:55",
        "lastchecktime_iso8601": "2023-04-24T09:14:55Z",
        "lastcheckoktime": "2023-04-24 09:14:55",
        "lastcheckoktime_iso8601": "2023-04-24T09:14:55Z",
        "lastlocalchecktime": "2023-04-24 09:14:55",
        "lastlocalchecktime_iso8601": "2023-04-24T09:14:55Z",
        "clicktimestamp": "2023-04-24 13:00:42",
        "clicktimestamp_iso8601": "2023-04-24T13:00:42Z",
        "clickcount": 52,
        "clicktrend": 5,
        "ssl_error": 0,
        "geo_lat": null,
        "geo_long": null,
        "has_extended_info": false
    },
    {
        "changeuuid": "cb53fd9c-75d7-452a-aa39-44139b759c20",
        "stationuuid": "c580c241-639a-44a5-a795-2087a3237c07",
        "serveruuid": "d5880f39-1e73-412b-a9e7-3a34ac598b09",
        "name": "gremlin",
        "url": "http://epsilon.shoutca.st:8648/stream.mp3",
        "url_resolved": "http://epsilon.shoutca.st:8648/stream.mp3",
        "homepage": "http://epsilon.shoutca.st:8648/stream.mp3",
        "favicon": "",
        "tags": "xd",
        "country": "Angola",
        "countrycode": "AO",
        "iso_3166_2": null,
        "state": "",
        "language": "polish",
        "languagecodes": "pl",
        "votes": 9,
        "lastchangetime": "2023-08-22 06:59:29",
        "lastchangetime_iso8601": "2023-08-22T06:59:29Z",
        "codec": "AAC+",
        "bitrate": 128,
        "hls": 0,
        "lastcheckok": 1,
        "lastchecktime": "2023-09-03 07:27:26",
        "lastchecktime_iso8601": "2023-09-03T07:27:26Z",
        "lastcheckoktime": "2023-09-03 07:27:26",
        "lastcheckoktime_iso8601": "2023-09-03T07:27:26Z",
        "lastlocalchecktime": "2023-09-03 04:27:40",
        "lastlocalchecktime_iso8601": "2023-09-03T04:27:40Z",
        "clicktimestamp": "2023-09-01 00:11:48",
        "clicktimestamp_iso8601": "2023-09-01T00:11:48Z",
        "clickcount": 20,
        "clicktrend": 0,
        "ssl_error": 0,
        "geo_lat": null,
        "geo_long": null,
        "has_extended_info": false
    },
    {
        "changeuuid": "65031aee-3d0a-4491-a4f4-6d04a79ed45a",
        "stationuuid": "fba2a8d4-e5ae-427e-b57e-36a8e57e2f3e",
        "serveruuid": "d5880f39-1e73-412b-a9e7-3a34ac598b09",
        "name": "gremlin",
        "url": "http://epsilon.shoutca.st:8648/stream.mp3",
        "url_resolved": "http://epsilon.shoutca.st:8648/stream.mp3",
        "homepage": "http://epsilon.shoutca.st:8648/stream.mp3",
        "favicon": "",
        "tags": "xd",
        "country": "Angola",
        "countrycode": "AO",
        "iso_3166_2": null,
        "state": "",
        "language": "polish",
        "languagecodes": "pl",
        "votes": 8,
        "lastchangetime": "2023-08-22 06:59:29",
        "lastchangetime_iso8601": "2023-08-22T06:59:29Z",
        "codec": "AAC+",
        "bitrate": 128,
        "hls": 0,
        "lastcheckok": 1,
        "lastchecktime": "2023-09-03 10:17:41",
        "lastchecktime_iso8601": "2023-09-03T10:17:41Z",
        "lastcheckoktime": "2023-09-03 10:17:41",
        "lastcheckoktime_iso8601": "2023-09-03T10:17:41Z",
        "lastlocalchecktime": "2023-09-03 10:17:41",
        "lastlocalchecktime_iso8601": "2023-09-03T10:17:41Z",
        "clicktimestamp": "2023-09-03 11:44:48",
        "clicktimestamp_iso8601": "2023-09-03T11:44:48Z",
        "clickcount": 37,
        "clicktrend": 2,
        "ssl_error": 0,
        "geo_lat": null,
        "geo_long": null,
        "has_extended_info": false
    },
    {
        "changeuuid": "94d0d747-8ca7-4249-a8eb-978d7b54c125",
        "stationuuid": "7f2d99d1-5f32-4d99-8eb2-64b97c354868",
        "serveruuid": "80c75194-d87f-43f6-a5e6-d269f30f1f20",
        "name": "Radio Maria Angola",
        "url": "http://dreamsiteradiocp5.com:2199/tunein/rmangola-stream.pls",
        "url_resolved": "http://dreamsiteradiocp5.com:8043/stream",
        "homepage": "https://www.radiomaria.co.ao/",
        "favicon": "https://www.radiomaria.co.ao/wp-content/uploads/2019/03/per-itunes-170x170.jpg",
        "tags": "",
        "country": "Angola",
        "countrycode": "AO",
        "iso_3166_2": null,
        "state": "",
        "language": "",
        "languagecodes": "",
        "votes": 1,
        "lastchangetime": "2023-10-21 04:23:34",
        "lastchangetime_iso8601": "2023-10-21T04:23:34Z",
        "codec": "AAC+",
        "bitrate": 48,
        "hls": 0,
        "lastcheckok": 1,
        "lastchecktime": "2023-10-21 04:29:09",
        "lastchecktime_iso8601": "2023-10-21T04:29:09Z",
        "lastcheckoktime": "2023-10-21 04:29:09",
        "lastcheckoktime_iso8601": "2023-10-21T04:29:09Z",
        "lastlocalchecktime": "2023-10-21 04:26:22",
        "lastlocalchecktime_iso8601": "2023-10-21T04:26:22Z",
        "clicktimestamp": "2023-10-21 08:37:52",
        "clicktimestamp_iso8601": "2023-10-21T08:37:52Z",
        "clickcount": 3,
        "clicktrend": 3,
        "ssl_error": 0,
        "geo_lat": null,
        "geo_long": null,
        "has_extended_info": false
    },
    {
        "changeuuid": "337ec7bf-bde0-43e1-bac1-5b8f5c99f40e",
        "stationuuid": "5be023eb-7209-4ab0-8d69-27e356aad314",
        "serveruuid": "8074997e-e662-4ff4-ac07-f5f0f4648e52",
        "name": "R\u00e1dio MFM Angola",
        "url": "https://centova87.instainternet.com/proxy/mfm?mp=/stream",
        "url_resolved": "https://centova87.instainternet.com/proxy/mfm?mp=/stream",
        "homepage": "https://radiomfmangola.com/",
        "favicon": "https://radiomfmangola.com/wp-content/uploads/2022/07/cropped-unnamed-1-180x180.png",
        "tags": "",
        "country": "Angola",
        "countrycode": "AO",
        "iso_3166_2": null,
        "state": "",
        "language": "",
        "languagecodes": "",
        "votes": 28,
        "lastchangetime": "2023-10-29 14:56:18",
        "lastchangetime_iso8601": "2023-10-29T14:56:18Z",
        "codec": "MP3",
        "bitrate": 192,
        "hls": 0,
        "lastcheckok": 1,
        "lastchecktime": "2023-11-07 15:50:20",
        "lastchecktime_iso8601": "2023-11-07T15:50:20Z",
        "lastcheckoktime": "2023-11-07 15:50:20",
        "lastcheckoktime_iso8601": "2023-11-07T15:50:20Z",
        "lastlocalchecktime": "2023-11-07 15:50:20",
        "lastlocalchecktime_iso8601": "2023-11-07T15:50:20Z",
        "clicktimestamp": "2023-11-07 07:27:00",
        "clicktimestamp_iso8601": "2023-11-07T07:27:00Z",
        "clickcount": 92,
        "clicktrend": -5,
        "ssl_error": 0,
        "geo_lat": -11.961948267201173,
        "geo_long": 18.742675781250004,
        "has_extended_info": false
    }
]