[
    {
        "changeuuid": "43a104a3-9b54-49eb-bfff-18736d88c838",
        "stationuuid": "25b7f90e-d455-4981-a9f2-7a2954a96716",
        "serveruuid": "6609ed8f-e02b-4d07-822b-d2df943a8692",
        "name": "UKNova",
        "url": "http://uknr.org:8000/",
        "url_resolved": "http://uknr.org:8000/",
        "homepage": "http://uknr.org/",
        "favicon": "https://hips.hearstapps.com/digitalspyuk.cdnds.net/12/35/media_uknova_logo.jpg",
        "tags": "misc",
        "country": "Antarctica",
        "countrycode": "AQ",
        "iso_3166_2": null,
        "state": "",
        "language": "",
        "languagecodes": "",
        "votes": 1016,
        "lastchangetime": "2021-08-06 08:36:45",
        "lastchangetime_iso8601": "2021-08-06T08:36:45Z",
        "codec": "MP3",
        "bitrate": 0,
        "hls": 0,
        "lastcheckok": 1,
        "lastchecktime": "2023-04-24 11:38:28",
        "lastchecktime_iso8601": "2023-04-24T11:38:28Z",
        "lastcheckoktime": "2023-04-24 11:38:28",
        "lastcheckoktime_iso8601": "2023-04-24T11:38:28Z",
        "lastlocalchecktime": "2023-04-23 20:38:12",
        "lastlocalchecktime_iso8601": "2023-04-23T20:38:12Z",
        "clicktimestamp": "2023-04-24 12:57:57",
        "clicktimestamp_iso8601": "2023-04-24T12:57:57Z",
        "clickcount": 141,
        "clicktrend": -1,
        "ssl_error": 0,
        "geo_lat": null,
        "geo_long": null,
        "has_extended_info": false
    },
    {
        "changeuuid": "b93123ea-cb14-478a-a9ba-267a9d66f36a",
        "stationuuid": "b46ca30c-c28d-4cb9-89a8-d207440d1b78",
        "serveruuid": "bd7c0aca-76de-4dab-b3a8-863f44cfea55",
        "name": "kbs",
        "url": "http://serpent0.duckdns.org:8088/kbs1fm.pls",
        "url_resolved": "https://1fm.gscdn.kbs.co.kr/1fm_192_2.m3u8?Expires=1682509044&Policy=eyJTdGF0ZW1lbnQiOlt7IlJlc291cmNlIjoiaHR0cHM6Ly8xZm0uZ3NjZG4ua2JzLmNvLmtyLzFmbV8xOTJfMi5tM3U4IiwiQ29uZGl0aW9uIjp7IkRhdGVMZXNzVGhhbiI6eyJBV1M6RXBvY2hUaW1lIjoxNjgyNTA5MDQ0fX19XX0_&Signature=fEDyjSySk6h2EAh6dQ2LeID~xsiJzPDJQduUjjduepg-ehGYuUl7uCqu2twIaD8t7SrhEPclqtfaRBKSgmV2euV6Ma9ge-ZbaPmhx4FtmWdubfQwOC98JqXyPDgGQceL6RGqHmrp3IVKeFtjykR4gUh86zcQfzUz6E-02~FUCpuwp3FFGlUt~sTfb6An95WCsdGMS4ZNrXeBaZLG-prXdxdboYtzPGdAoGBJsgHDm34AIfimoSmnKwCgbIbchvkxoXFARfKWe5LxnIdtkfyabX0zcahBg2SCkWQj3lamm-ChYjR6ayTNU2TXlyKV227IUbqUCO1ItHOISzUTgzXBQw__&Key-Pair-Id=APKAICDSGT3Y7IXGJ3TA",
        "homepage": "http://serpent0.duckdns.org:8088/kbs1fm.pls",
        "favicon": "",
        "tags": "kbs",
        "country": "Antarctica",
        "countrycode": "AQ",
        "iso_3166_2": null,
        "state": "",
        "language": "korean",
        "languagecodes": "ko",
        "votes": 227,
        "lastchangetime": "2022-03-28 17:01:29",
        "lastchangetime_iso8601": "2022-03-28T17:01:29Z",
        "codec": "UNKNOWN",
        "bitrate": 0,
        "hls": 1,
        "lastcheckok": 1,
        "lastchecktime": "2023-04-24 11:51:12",
        "lastchecktime_iso8601": "2023-04-24T11:51:12Z",
        "lastcheckoktime": "2023-04-24 11:51:12",
        "lastcheckoktime_iso8601": "2023-04-24T11:51:12Z",
        "lastlocalchecktime": "2023-04-23 22:19:34",
        "lastlocalchecktime_iso8601": "2023-04-23T22:19:34Z",
        "clicktimestamp": "2023-04-24 07:24:27",
        "clicktimestamp_iso8601": "2023-04-24T07:24:27Z",
        "clickcount": 43,
        "clicktrend": -2,
        "ssl_error": 0,
        "geo_lat": null,
        "geo_long": null,
        "has_extended_info": false
    },
    {
        "changeuuid": "3752a1e2-3d6a-4a7b-a87b-349a217e0782",
        "stationuuid": "6bd86a98-4c1b-4435-9be7-45e2c32209cf",
        "serveruuid": "cced48d8-8647-496a-a1f0-78fe8dc67c39",
        "name": "wattsni",
        "url": "https://cdnamd-hls-globecast.akamaized.net/live/ramdisk/radio_idaa_watanya/hls_snrt_radio/index.m3u8",
        "url_resolved": "https://cdnamd-hls-globecast.akamaized.net/live/ramdisk/radio_idaa_watanya/hls_snrt_radio/index.m3u8",
        "homepage": "https://m.marketscreener.com/quote/stock/NATIONAL-TAKAFUL-COMPANY-21162924/news-sector/?fpage=6",
        "favicon": "",
        "tags": "rock",
        "country": "Antarctica",
        "countrycode": "AQ",
        "iso_3166_2": null,
        "state": "",
        "language": "arabic",
        "languagecodes": "ar",
        "votes": 213,
        "lastchangetime": "2022-05-15 20:00:34",
        "lastchangetime_iso8601": "2022-05-15T20:00:34Z",
        "codec": "AAC",
        "bitrate": 261,
        "hls": 1,
        "lastcheckok": 1,
        "lastchecktime": "2023-04-24 08:49:12",
        "lastchecktime_iso8601": "2023-04-24T08:49:12Z",
        "lastcheckoktime": "2023-04-24 08:49:12",
        "lastcheckoktime_iso8601": "2023-04-24T08:49:12Z",
        "lastlocalchecktime": "2023-04-23 16:15:20",
        "lastlocalchecktime_iso8601": "2023-04-23T16:15:20Z",
        "clicktimestamp": "2023-04-24 02:10:56",
        "clicktimestamp_iso8601": "2023-04-24T02:10:56Z",
        "clickcount": 47,
        "clicktrend": -5,
        "ssl_error": 0,
        "geo_lat": null,
        "geo_long": null,
        "has_extended_info": false
    },
    {
        "changeuuid": "6084bc89-3e0c-452f-b2a7-a72f94938bb3",
        "stationuuid": "fb31dd25-0ee5-45c5-9d75-3cc74d84c13b",
        "serveruuid": "16b42d98-ade4-4169-9967-dffb0b9108dc",
        "name": "lassulus radio",
        "url": "http://lassul.us:8000/radio.mp3",
        "url_resolved": "http://radio.lassul.us/radio.mp3",
        "homepage": "http://example.com/",
        "favicon": "",
        "tags": "",
        "country": "Antarctica",
        "countrycode": "AQ",
        "iso_3166_2": null,
        "state": "",
        "language": "",
        "languagecodes": "",
        "votes": 205,
        "lastchangetime": "2022-07-15 19:50:48",
        "lastchangetime_iso8601": "2022-07-15T19:50:48Z",
        "codec": "MP3",
        "bitrate": 0,
        "hls": 0,
        "lastcheckok": 1,
        "lastchecktime": "2023-04-24 09:29:56",
        "lastchecktime_iso8601": "2023-04-24T09:29:56Z",
        "lastcheckoktime": "2023-04-24 09:29:56",
        "lastcheckoktime_iso8601": "2023-04-24T09:29:56Z",
        "lastlocalchecktime": "2023-04-23 17:00:22",
        "lastlocalchecktime_iso8601": "2023-04-23T17:00:22Z",
        "clicktimestamp": "2023-04-24 12:04:58",
        "clicktimestamp_iso8601": "2023-04-24T12:04:58Z",
        "clickcount": 63,
        "clicktrend": 1,
        "ssl_error": 0,
        "geo_lat": null,
        "geo_long": null,
        "has_extended_info": false
    },
    {
        "changeuuid": "26a4a37c-224f-4263-8909-d355efa42203",
        "stationuuid": "e7b1dd42-dbcf-42c6-8d0d-f93b5da25c32",
        "serveruuid": "560f21d7-fe12-428f-86fe-172cb2aed732",
        "name": "100.7 AZUL POP ANTERT\u0130CA",
        "url": "https://azulpop.ozelip.com/8006/stream",
        "url_resolved": "https://azulpop.ozelip.com/8006/stream",
        "homepage": "https://azulradyo.com/",
        "favicon": "",
        "tags": "pop,pop music",
        "country": "Antarctica",
        "countrycode": "AQ",
        "iso_3166_2": null,
        "state": "Paris",
        "language": "american english,british english",
        "languagecodes": "",
        "votes": 186,
        "lastchangetime": "2023-02-23 18:49:38",
        "lastchangetime_iso8601": "2023-02-23T18:49:38Z",
        "codec": "MP3",
        "bitrate": 128,
        "hls": 0,
        "lastcheckok": 1,
        "lastchecktime": "2023-04-23 23:50:34",
        "lastchecktime_iso8601": "2023-04-23T23:50:34Z",
        "lastcheckoktime": "2023-04-23 23:50:34",
        "lastcheckoktime_iso8601": "2023-04-23T23:50:34Z",
        "lastlocalchecktime": "2023-04-23 23:50:34",
        "lastlocalchecktime_iso8601": "2023-04-23T23:50:34Z",
        "clicktimestamp": "2023-04-24 12:34:31",
        "clicktimestamp_iso8601": "2023-04-24T12:34:31Z",
        "clickcount": 103,
        "clicktrend": -5,
        "ssl_error": 0,
        "geo_lat": -51.38777152489089,
        "geo_long": -69.96093213558198,
        "has_extended_info": false
    },
    {
        "changeuuid": "d1a88caa-006e-4c2f-9005-4c06d13c617a",
        "stationuuid": "dd1e0e95-8826-4aed-b090-b61b90019b62",
        "serveruuid": "192c014e-25ed-4781-9364-54633a86efa5",
        "name": "A Net Station",
        "url": "http://anetstation.com/MP3/ANETSTATIONDOTCOM.m3u",
        "url_resolved": "https://www.anetstation.com/MP3/Larry_Pattis_-_Farewell_To_Tarwathie.mp3",
        "homepage": "http://anetstation.com/",
        "favicon": "",
        "tags": "",
        "country": "Antarctica",
        "countrycode": "AQ",
        "iso_3166_2": null,
        "state": "",
        "language": "",
        "languagecodes": "",
        "votes": 13,
        "lastchangetime": "2023-06-11 09:46:11",
        "lastchangetime_iso8601": "2023-06-11T09:46:11Z",
        "codec": "MP3",
        "bitrate": 0,
        "hls": 0,
        "lastcheckok": 1,
        "lastchecktime": "2023-07-09 10:41:48",
        "lastchecktime_iso8601": "2023-07-09T10:41:48Z",
        "lastcheckoktime": "2023-07-09 10:41:48",
        "lastcheckoktime_iso8601": "2023-07-09T10:41:48Z",
        "lastlocalchecktime": "2023-07-09 04:02:40",
        "lastlocalchecktime_iso8601": "2023-07-09T04:02:40Z",
        "clicktimestamp": "2023-07-09 04:54:02",
        "clicktimestamp_iso8601": "2023-07-09T04:54:02Z",
        "clickcount": 28,
        "clicktrend": 0,
        "ssl_error": 0,
        "geo_lat": -78.70197591954278,
        "geo_long": -62.80206523920107,
        "has_extended_info": false
    },
    {
        "changeuuid": "71b8bf52-d805-4a48-a8e0-49ede191d610",
        "stationuuid": "0b35a602-0eff-4db8-a3c2-4ce6241f04e3",
        "serveruuid": "6c7b71bd-42dd-41dd-9301-144c51ee383a",
        "name": "Doujindance",
        "url": "http://radio.funkot.net:8010/playlist",
        "url_resolved": "http://radio.funkot.net:8010/playlist",
        "homepage": "https://www.doujindance.com/",
        "favicon": "",
        "tags": "doujin,japanese,jcore",
        "country": "Antarctica",
        "countrycode": "AQ",
        "iso_3166_2": null,
        "state": "",
        "language": "",
        "languagecodes": "",
        "votes": 12,
        "lastchangetime": "2023-06-04 00:21:52",
        "lastchangetime_iso8601": "2023-06-04T00:21:52Z",
        "codec": "MP3",
        "bitrate": 320,
        "hls": 0,
        "lastcheckok": 1,
        "lastchecktime": "2023-07-09 05:25:12",
        "lastchecktime_iso8601": "2023-07-09T05:25:12Z",
        "lastcheckoktime": "2023-07-09 05:25:12",
        "lastcheckoktime_iso8601": "2023-07-09T05:25:12Z",
        "lastlocalchecktime": "2023-07-09 05:25:12",
        "lastlocalchecktime_iso8601": "2023-07-09T05:25:12Z",
        "clicktimestamp": "2023-07-08 16:54:01",
        "clicktimestamp_iso8601": "2023-07-08T16:54:01Z",
        "clickcount": 28,
        "clicktrend": 0,
        "ssl_error": 0,
        "geo_lat": null,
        "geo_long": null,
        "has_extended_info": false
    },
    {
        "changeuuid": "a6e62c7f-41bb-4bb6-97ab-38e2d4a531f6",
        "stationuuid": "3b5b04c4-45b3-4305-bc52-f2dc76850b07",
        "serveruuid": "192c014e-25ed-4781-9364-54633a86efa5",
        "name": "A Net Station",
        "url": "https://anetstation.com/MP3/ANETSTATIONDOTCOM.m3u",
        "url_resolved": "https://www.anetstation.com/MP3/George_Maat_2013_-_Peaceful_Cottage_Music.mp3",
        "homepage": "https://anetstation.com/",
        "favicon": "https://anetstation.com/images/logos/anetstation_banner_2008.jpg",
        "tags": "",
        "country": "Antarctica",
        "countrycode": "AQ",
        "iso_3166_2": null,
        "state": "",
        "language": "",
        "languagecodes": "",
        "votes": 11,
        "lastchangetime": "2023-06-11 10:02:15",
        "lastchangetime_iso8601": "2023-06-11T10:02:15Z",
        "codec": "MP3",
        "bitrate": 0,
        "hls": 0,
        "lastcheckok": 1,
        "lastchecktime": "2023-07-09 10:46:50",
        "lastchecktime_iso8601": "2023-07-09T10:46:50Z",
        "lastcheckoktime": "2023-07-09 10:46:50",
        "lastcheckoktime_iso8601": "2023-07-09T10:46:50Z",
        "lastlocalchecktime": "2023-07-08 19:40:09",
        "lastlocalchecktime_iso8601": "2023-07-08T19:40:09Z",
        "clicktimestamp": "2023-07-09 01:37:38",
        "clicktimestamp_iso8601": "2023-07-09T01:37:38Z",
        "clickcount": 46,
        "clicktrend": 2,
        "ssl_error": 0,
        "geo_lat": -72.62812734648386,
        "geo_long": -65.03906250000001,
        "has_extended_info": false
    },
    {
        "changeuuid": "286597f4-d488-4ad1-826b-f2ddddfbee6f",
        "stationuuid": "e2869774-409c-4bc8-870c-dd14c055510a",
        "serveruuid": "27ef8440-26e2-486e-8db9-4111b966625b",
        "name": "Digital Impulse - ATG Trance",
        "url": "http://148.251.43.231:8162/stream",
        "url_resolved": "http://148.251.43.231:8162/stream",
        "homepage": "https://www.di-radio.com/",
        "favicon": "https://mediaprocessor.websimages.com/width/116/crop/0,0,116x116/www.di-radio.com/atg%20cover-1.png",
        "tags": "trance music",
        "country": "Antarctica",
        "countrycode": "AQ",
        "iso_3166_2": null,
        "state": "",
        "language": "english",
        "languagecodes": "en",
        "votes": 7,
        "lastchangetime": "2023-07-07 07:09:49",
        "lastchangetime_iso8601": "2023-07-07T07:09:49Z",
        "codec": "MP3",
        "bitrate": 320,
        "hls": 0,
        "lastcheckok": 1,
        "lastchecktime": "2023-07-09 11:02:03",
        "lastchecktime_iso8601": "2023-07-09T11:02:03Z",
        "lastcheckoktime": "2023-07-09 11:02:03",
        "lastcheckoktime_iso8601": "2023-07-09T11:02:03Z",
        "lastlocalchecktime": "2023-07-09 07:21:20",
        "lastlocalchecktime_iso8601": "2023-07-09T07:21:20Z",
        "clicktimestamp": "2023-07-09 09:46:24",
        "clicktimestamp_iso8601": "2023-07-09T09:46:24Z",
        "clickcount": 26,
        "clicktrend": 2,
        "ssl_error": 0,
        "geo_lat": null,
        "geo_long": null,
        "has_extended_info": false
    },
    {
        "changeuuid": "e382ff93-7934-46b7-b9c2-6f7334a992f4",
        "stationuuid": "9e05bb6f-3b2d-4ea4-9eb6-dd44c8975824",
        "serveruuid": "68677015-b129-4511-bbb0-1590ba7b7b92",
        "name": "Radio Nacional Arcangel San Gabriel - LRA 36 Antartida",
        "url": "https://sa.mp3.icecast.magma.edge-access.net/sc_rad32",
        "url_resolved": "https://sa.mp3.icecast.magma.edge-access.net/sc_rad32",
        "homepage": "https://www.radionacional.com.ar/tag/lra-36-arcangel-san-gabriel/",
        "favicon": "https://upload.wikimedia.org/wikipedia/commons/thumb/c/c8/Instalaciones_LRA36_Radio_Nacional_Arc%C3%A1ngel_San_Gabriel%2C_Ant%C3%A1rtida_Arg.jpg/275px-Instalaciones_LRA36_Radio_Nacional_Arc%C3%A1ngel_San_Gabriel%2C_Ant%C3%A1rtida_Arg.jpg",
        "tags": "antartida,antartida argentina,argentina,base marambio",
        "country": "Antarctica",
        "countrycode": "AQ",
        "iso_3166_2": null,
        "state": "antartida",
        "language": "espa\u00f1ol argentina,espa\u00f1ol internacional",
        "languagecodes": "",
        "votes": 25,
        "lastchangetime": "2023-08-01 00:53:45",
        "lastchangetime_iso8601": "2023-08-01T00:53:45Z",
        "codec": "MP3",
        "bitrate": 28,
        "hls": 0,
        "lastcheckok": 1,
        "lastchecktime": "2023-09-03 08:06:55",
        "lastchecktime_iso8601": "2023-09-03T08:06:55Z",
        "lastcheckoktime": "2023-09-03 08:06:55",
        "lastcheckoktime_iso8601": "2023-09-03T08:06:55Z",
        "lastlocalchecktime": "2023-09-03 08:06:55",
        "lastlocalchecktime_iso8601": "2023-09-03T08:06:55Z",
        "clicktimestamp": "2023-09-03 04:01:03",
        "clicktimestamp_iso8601": "2023-09-03T04:01:03Z",
        "clickcount": 64,
        "clicktrend": -4,
        "ssl_error": 0,
        "geo_lat": null,
        "geo_long": null,
        "has_extended_info": false
    }
]