[
    {
        "changeuuid": "8c5178d2-9f18-4aa6-9965-b7fd7a7239ac",
        "stationuuid": "962eec0f-0601-11e8-ae97-52543be04c81",
        "serveruuid": "1a742ed8-da34-463a-ad96-f8d470a16234",
        "name": "KKHJ 93.1 \"93KHJ\" Pago Pago",
        "url": "http://ice9.securenetsystems.net/KKHJ",
        "url_resolved": "http://ice9.securenetsystems.net/KKHJ",
        "homepage": "http://khjradio.com/",
        "favicon": "https://www.southseasbroadcasting.com/wp-content/uploads/2019/03/32.png",
        "tags": "hot adult contemporary,pago pago,top 40",
        "country": "American Samoa",
        "countrycode": "AS",
        "iso_3166_2": null,
        "state": "",
        "language": "english",
        "languagecodes": "en",
        "votes": 825,
        "lastchangetime": "2022-04-19 11:57:05",
        "lastchangetime_iso8601": "2022-04-19T11:57:05Z",
        "codec": "AAC+",
        "bitrate": 48,
        "hls": 0,
        "lastcheckok": 1,
        "lastchecktime": "2023-04-24 11:32:43",
        "lastchecktime_iso8601": "2023-04-24T11:32:43Z",
        "lastcheckoktime": "2023-04-24 11:32:43",
        "lastcheckoktime_iso8601": "2023-04-24T11:32:43Z",
        "lastlocalchecktime": "2023-04-24 09:37:46",
        "lastlocalchecktime_iso8601": "2023-04-24T09:37:46Z",
        "clicktimestamp": "2023-04-24 08:43:13",
        "clicktimestamp_iso8601": "2023-04-24T08:43:13Z",
        "clickcount": 26,
        "clicktrend": 3,
        "ssl_error": 0,
        "geo_lat": null,
        "geo_long": null,
        "has_extended_info": false
    },
    {
        "changeuuid": "8a7cee84-16c3-4290-8597-4578026033eb",
        "stationuuid": "3250a8a8-8697-4aa7-9710-ea1141e846bd",
        "serveruuid": "6071a7ae-db2e-4b1e-968a-f65cd0712c47",
        "name": "National Public Radio",
        "url": "https://npr-ice.streamguys1.com/live.mp3",
        "url_resolved": "https://npr-ice.streamguys1.com/live.mp3",
        "homepage": "",
        "favicon": "",
        "tags": "classical",
        "country": "American Samoa",
        "countrycode": "AS",
        "iso_3166_2": null,
        "state": "",
        "language": "",
        "languagecodes": "",
        "votes": 685,
        "lastchangetime": "2021-08-06 08:36:45",
        "lastchangetime_iso8601": "2021-08-06T08:36:45Z",
        "codec": "MP3",
        "bitrate": 96,
        "hls": 0,
        "lastcheckok": 1,
        "lastchecktime": "2023-04-24 12:05:30",
        "lastchecktime_iso8601": "2023-04-24T12:05:30Z",
        "lastcheckoktime": "2023-04-24 12:05:30",
        "lastcheckoktime_iso8601": "2023-04-24T12:05:30Z",
        "lastlocalchecktime": "2023-04-24 12:05:30",
        "lastlocalchecktime_iso8601": "2023-04-24T12:05:30Z",
        "clicktimestamp": "2023-04-23 18:30:15",
        "clicktimestamp_iso8601": "2023-04-23T18:30:15Z",
        "clickcount": 41,
        "clicktrend": -3,
        "ssl_error": 0,
        "geo_lat": null,
        "geo_long": null,
        "has_extended_info": false
    },
    {
        "changeuuid": "d5708a8e-9b76-4d64-b826-faefca714f2a",
        "stationuuid": "05997685-4ab3-4de1-9072-becd58047f02",
        "serveruuid": "560f21d7-fe12-428f-86fe-172cb2aed732",
        "name": "AZUL POP FM",
        "url": "https://azulpop.ozelip.com/8006/stream",
        "url_resolved": "https://azulpop.ozelip.com/8006/stream",
        "homepage": "https://azulradyo.com/",
        "favicon": "",
        "tags": "adult standards,ambient and relaxation music,andean music,banda,banda norte\u00f1a,banda tradicional,big band,dj remix,drum and bass,handsup,low bandwidth,pop,remix,remixes,rhythm and blues",
        "country": "American Samoa",
        "countrycode": "AS",
        "iso_3166_2": null,
        "state": "Rostovskaya",
        "language": "english,tahitian,tajik",
        "languagecodes": "en,tg,ty",
        "votes": 164,
        "lastchangetime": "2023-02-24 04:38:31",
        "lastchangetime_iso8601": "2023-02-24T04:38:31Z",
        "codec": "MP3",
        "bitrate": 128,
        "hls": 0,
        "lastcheckok": 1,
        "lastchecktime": "2023-04-23 20:58:15",
        "lastchecktime_iso8601": "2023-04-23T20:58:15Z",
        "lastcheckoktime": "2023-04-23 20:58:15",
        "lastcheckoktime_iso8601": "2023-04-23T20:58:15Z",
        "lastlocalchecktime": "2023-04-23 19:41:54",
        "lastlocalchecktime_iso8601": "2023-04-23T19:41:54Z",
        "clicktimestamp": "2023-04-24 12:57:30",
        "clicktimestamp_iso8601": "2023-04-24T12:57:30Z",
        "clickcount": 45,
        "clicktrend": -4,
        "ssl_error": 0,
        "geo_lat": -40.177998514274165,
        "geo_long": 175.56884754449132,
        "has_extended_info": false
    },
    {
        "changeuuid": "51afd24f-3fd0-4f1a-af1a-da12a293ff6f",
        "stationuuid": "101c0368-d755-462b-805d-f226d2e8f2be",
        "serveruuid": "7a44ff01-60d0-457f-aa14-f2feaa9e58dd",
        "name": "Fm Christmas classics",
        "url": "https://listen.181fm.com/181-xtraditional_128k.mp3",
        "url_resolved": "https://listen.181fm.com/181-xtraditional_128k.mp3",
        "homepage": "http://www.181.fm/",
        "favicon": "",
        "tags": "",
        "country": "American Samoa",
        "countrycode": "AS",
        "iso_3166_2": null,
        "state": "",
        "language": "",
        "languagecodes": "",
        "votes": 105,
        "lastchangetime": "2022-09-08 10:53:44",
        "lastchangetime_iso8601": "2022-09-08T10:53:44Z",
        "codec": "MP3",
        "bitrate": 128,
        "hls": 0,
        "lastcheckok": 1,
        "lastchecktime": "2023-04-24 12:33:12",
        "lastchecktime_iso8601": "2023-04-24T12:33:12Z",
        "lastcheckoktime": "2023-04-24 12:33:12",
        "lastcheckoktime_iso8601": "2023-04-24T12:33:12Z",
        "lastlocalchecktime": "2023-04-24 12:33:12",
        "lastlocalchecktime_iso8601": "2023-04-24T12:33:12Z",
        "clicktimestamp": "2023-04-24 03:55:20",
        "clicktimestamp_iso8601": "2023-04-24T03:55:20Z",
        "clickcount": 23,
        "clicktrend": -2,
        "ssl_error": 0,
        "geo_lat": null,
        "geo_long": null,
        "has_extended_info": false
    },
    {
        "changeuuid": "6eefb3f5-73d6-4ff4-a187-8feb6254cc9d",
        "stationuuid": "ce6dc5a4-a2b5-433f-9912-a01d56f49de6",
        "serveruuid": "6e60ede6-7d1a-4f2a-a86e-d11bd5f84faa",
        "name": "\u5e0c\u671b\u4e4b\u58f0",
        "url": "https://livecast1.soundofhope.org:2087/soh-live",
        "url_resolved": "https://livecast1.soundofhope.org:2087/soh-live",
        "homepage": "https://www.soundofhope.org/",
        "favicon": "https://www.soundofhope.org/img/logo.svg",
        "tags": "",
        "country": "American Samoa",
        "countrycode": "AS",
        "iso_3166_2": null,
        "state": "USA",
        "language": "",
        "languagecodes": "",
        "votes": 68,
        "lastchangetime": "2022-10-26 01:42:19",
        "lastchangetime_iso8601": "2022-10-26T01:42:19Z",
        "codec": "MP3",
        "bitrate": 0,
        "hls": 0,
        "lastcheckok": 1,
        "lastchecktime": "2023-04-24 11:51:12",
        "lastchecktime_iso8601": "2023-04-24T11:51:12Z",
        "lastcheckoktime": "2023-04-24 11:51:12",
        "lastcheckoktime_iso8601": "2023-04-24T11:51:12Z",
        "lastlocalchecktime": "2023-04-23 17:56:24",
        "lastlocalchecktime_iso8601": "2023-04-23T17:56:24Z",
        "clicktimestamp": "2023-04-24 05:15:18",
        "clicktimestamp_iso8601": "2023-04-24T05:15:18Z",
        "clickcount": 69,
        "clicktrend": -4,
        "ssl_error": 0,
        "geo_lat": null,
        "geo_long": null,
        "has_extended_info": false
    },
    {
        "changeuuid": "a4d36c5b-a9a7-404f-a962-ec28d97bb3a3",
        "stationuuid": "2ae7456c-9a45-4536-820d-a4c1e0e09fd1",
        "serveruuid": "537efbe5-1449-4ac0-979a-9f8c9e2ad6cf",
        "name": "WABC Pure Gold Radio Airchecks",
        "url": "https://sp14.instainternet.com:8036/stream?type=http&nocache=5",
        "url_resolved": "https://sp14.instainternet.com:8036/stream?type=http&nocache=5",
        "homepage": "https://wabcradionewyork.com/",
        "favicon": "",
        "tags": "1970s,port jervis",
        "country": "American Samoa",
        "countrycode": "AS",
        "iso_3166_2": null,
        "state": "USA",
        "language": "",
        "languagecodes": "",
        "votes": 53,
        "lastchangetime": "2022-09-30 04:15:05",
        "lastchangetime_iso8601": "2022-09-30T04:15:05Z",
        "codec": "MP3",
        "bitrate": 320,
        "hls": 0,
        "lastcheckok": 1,
        "lastchecktime": "2023-04-24 12:15:05",
        "lastchecktime_iso8601": "2023-04-24T12:15:05Z",
        "lastcheckoktime": "2023-04-24 12:15:05",
        "lastcheckoktime_iso8601": "2023-04-24T12:15:05Z",
        "lastlocalchecktime": "2023-04-24 12:15:05",
        "lastlocalchecktime_iso8601": "2023-04-24T12:15:05Z",
        "clicktimestamp": "2023-04-24 12:26:47",
        "clicktimestamp_iso8601": "2023-04-24T12:26:47Z",
        "clickcount": 15,
        "clicktrend": 1,
        "ssl_error": 1,
        "geo_lat": null,
        "geo_long": null,
        "has_extended_info": false
    },
    {
        "changeuuid": "bef269eb-dff2-4fc2-9be0-b40b50dcedd5",
        "stationuuid": "c76649db-9464-4c20-af1b-9c0e01004680",
        "serveruuid": "56b67820-1078-4b59-ad71-f0d6ba96eda7",
        "name": "Christmas Classics",
        "url": "http://listen.181fm.com/181-xtraditional_128k.mp3?listenerId=esAdblock074493&aw_0_1st.playerid=esPlayer&aw_0_1st.skey=1669379836",
        "url_resolved": "http://listen.181fm.com/181-xtraditional_128k.mp3?listenerId=esAdblock074493&aw_0_1st.playerid=esPlayer&aw_0_1st.skey=1669379836",
        "homepage": "http://player.181fm.com/?station=181-xtraditional",
        "favicon": "http://player.181fm.com/?station=181-xtraditional",
        "tags": "",
        "country": "American Samoa",
        "countrycode": "AS",
        "iso_3166_2": null,
        "state": "",
        "language": "",
        "languagecodes": "",
        "votes": 42,
        "lastchangetime": "2022-11-25 12:55:33",
        "lastchangetime_iso8601": "2022-11-25T12:55:33Z",
        "codec": "MP3",
        "bitrate": 128,
        "hls": 0,
        "lastcheckok": 1,
        "lastchecktime": "2023-04-23 21:28:05",
        "lastchecktime_iso8601": "2023-04-23T21:28:05Z",
        "lastcheckoktime": "2023-04-23 21:28:05",
        "lastcheckoktime_iso8601": "2023-04-23T21:28:05Z",
        "lastlocalchecktime": "2023-04-23 21:28:05",
        "lastlocalchecktime_iso8601": "2023-04-23T21:28:05Z",
        "clicktimestamp": "2023-04-24 03:55:41",
        "clicktimestamp_iso8601": "2023-04-24T03:55:41Z",
        "clickcount": 14,
        "clicktrend": 0,
        "ssl_error": 0,
        "geo_lat": 39.153420503167254,
        "geo_long": -104.34226237213434,
        "has_extended_info": false
    },
    {
        "changeuuid": "619bcefe-abe4-42a7-a7e2-3b1f8247cae5",
        "stationuuid": "7eb65cc2-7d74-4026-817d-882b92462e7d",
        "serveruuid": "dba044a2-c6d1-4217-9385-593edcfba40e",
        "name": "Christmas 356 Santa's Radio",
        "url": "https://us3.streamingpulse.com/ssl/7038",
        "url_resolved": "https://us3.streamingpulse.com/ssl/7038",
        "homepage": "http://xmas365.fm/",
        "favicon": "https://us7.streamingpulse.com/2826/index.php",
        "tags": "",
        "country": "American Samoa",
        "countrycode": "AS",
        "iso_3166_2": null,
        "state": "",
        "language": "",
        "languagecodes": "",
        "votes": 24,
        "lastchangetime": "2022-11-25 13:15:07",
        "lastchangetime_iso8601": "2022-11-25T13:15:07Z",
        "codec": "MP3",
        "bitrate": 128,
        "hls": 0,
        "lastcheckok": 1,
        "lastchecktime": "2023-04-23 21:00:01",
        "lastchecktime_iso8601": "2023-04-23T21:00:01Z",
        "lastcheckoktime": "2023-04-23 21:00:01",
        "lastcheckoktime_iso8601": "2023-04-23T21:00:01Z",
        "lastlocalchecktime": "2023-04-23 21:00:01",
        "lastlocalchecktime_iso8601": "2023-04-23T21:00:01Z",
        "clicktimestamp": "2023-04-24 03:54:41",
        "clicktimestamp_iso8601": "2023-04-24T03:54:41Z",
        "clickcount": 20,
        "clicktrend": -1,
        "ssl_error": 0,
        "geo_lat": null,
        "geo_long": null,
        "has_extended_info": false
    },
    {
        "changeuuid": "f9c2e3a1-a171-4e7c-9eab-16ff97b8bdef",
        "stationuuid": "40c04d08-c2f0-419a-8103-66ed68105cba",
        "serveruuid": "56b67820-1078-4b59-ad71-f0d6ba96eda7",
        "name": "Christmas Classics",
        "url": "http://listen.181fm.com/181-xtraditional_128k.mp3?listenerId=esAdblock074493&aw_0_1st.playerid=esPlayer&aw_0_1st.skey=1669379836",
        "url_resolved": "http://listen.181fm.com/181-xtraditional_128k.mp3?listenerId=esAdblock074493&aw_0_1st.playerid=esPlayer&aw_0_1st.skey=1669379836",
        "homepage": "http://player.181fm.com/",
        "favicon": "http://player.181fm.com/?station=181-xtraditional",
        "tags": "",
        "country": "American Samoa",
        "countrycode": "AS",
        "iso_3166_2": null,
        "state": "",
        "language": "",
        "languagecodes": "",
        "votes": 20,
        "lastchangetime": "2022-11-25 13:04:01",
        "lastchangetime_iso8601": "2022-11-25T13:04:01Z",
        "codec": "MP3",
        "bitrate": 128,
        "hls": 0,
        "lastcheckok": 1,
        "lastchecktime": "2023-04-23 21:29:47",
        "lastchecktime_iso8601": "2023-04-23T21:29:47Z",
        "lastcheckoktime": "2023-04-23 21:29:47",
        "lastcheckoktime_iso8601": "2023-04-23T21:29:47Z",
        "lastlocalchecktime": "2023-04-23 21:01:57",
        "lastlocalchecktime_iso8601": "2023-04-23T21:01:57Z",
        "clicktimestamp": "2023-04-24 01:56:08",
        "clicktimestamp_iso8601": "2023-04-24T01:56:08Z",
        "clickcount": 7,
        "clicktrend": 0,
        "ssl_error": 0,
        "geo_lat": null,
        "geo_long": null,
        "has_extended_info": false
    },
    {
        "changeuuid": "da6a55ff-e4d3-4976-af77-119539e14a91",
        "stationuuid": "16ec6d17-fbb9-40df-ad44-0df825cdf0b7",
        "serveruuid": "f806d1d7-5f6b-4428-8cce-512c75a7cd5c",
        "name": "\u5275\u4e16",
        "url": "https://cdn.deepcore.online/hlsme/ctv_hk_720.m3u8",
        "url_resolved": "https://cdn.deepcore.online/hlsme/ctv_hk_720.m3u8",
        "homepage": "http://www.creation-tv.com/ctv_hk/",
        "favicon": "http://www.creation-tv.com/favicon.ico",
        "tags": "christian",
        "country": "American Samoa",
        "countrycode": "AS",
        "iso_3166_2": null,
        "state": "",
        "language": "cantonese",
        "languagecodes": "yue",
        "votes": 17,
        "lastchangetime": "2023-01-05 14:17:05",
        "lastchangetime_iso8601": "2023-01-05T14:17:05Z",
        "codec": "UNKNOWN",
        "bitrate": 0,
        "hls": 1,
        "lastcheckok": 1,
        "lastchecktime": "2023-04-24 11:21:27",
        "lastchecktime_iso8601": "2023-04-24T11:21:27Z",
        "lastcheckoktime": "2023-04-24 11:21:27",
        "lastcheckoktime_iso8601": "2023-04-24T11:21:27Z",
        "lastlocalchecktime": "2023-04-24 11:21:27",
        "lastlocalchecktime_iso8601": "2023-04-24T11:21:27Z",
        "clicktimestamp": "2023-04-24 05:13:07",
        "clicktimestamp_iso8601": "2023-04-24T05:13:07Z",
        "clickcount": 9,
        "clicktrend": 0,
        "ssl_error": 0,
        "geo_lat": null,
        "geo_long": null,
        "has_extended_info": false
    },
    {
        "changeuuid": "c3bd75e0-d114-4772-914c-c68963981c19",
        "stationuuid": "ed08409b-0828-4e2d-be38-8e317ec61de8",
        "serveruuid": null,
        "name": "EXA FM: Pop musika i le Igilisi ma le Sipaniolo",
        "url": "https://playerservices.streamtheworld.com/api/livestream-redirect/XHPSFMAAC.aac",
        "url_resolved": "https://26523.live.streamtheworld.com:443/XHPSFMAAC.aac",
        "homepage": "https://www.exafm.com/veracruz/",
        "favicon": "https://i.iheart.com/v3/re/new_assets/5f9883c7cde5eff19e6eabac",
        "tags": "",
        "country": "American Samoa",
        "countrycode": "AS",
        "iso_3166_2": null,
        "state": "",
        "language": "spanish",
        "languagecodes": "es",
        "votes": 9,
        "lastchangetime": "2023-03-16 04:24:58",
        "lastchangetime_iso8601": "2023-03-16T04:24:58Z",
        "codec": "AAC+",
        "bitrate": 48,
        "hls": 0,
        "lastcheckok": 1,
        "lastchecktime": "2023-04-24 13:46:20",
        "lastchecktime_iso8601": "2023-04-24T13:46:20Z",
        "lastcheckoktime": "2023-04-24 13:46:20",
        "lastcheckoktime_iso8601": "2023-04-24T13:46:20Z",
        "lastlocalchecktime": "2023-04-24 13:46:20",
        "lastlocalchecktime_iso8601": "2023-04-24T13:46:20Z",
        "clicktimestamp": "2023-04-24 13:16:48",
        "clicktimestamp_iso8601": "2023-04-24T13:16:48Z",
        "clickcount": 34,
        "clicktrend": 0,
        "ssl_error": 0,
        "geo_lat": null,
        "geo_long": null,
        "has_extended_info": false
    },
    {
        "changeuuid": "a7967c16-11b3-4d8d-a302-52f969c2635b",
        "stationuuid": "4b1c00b7-53ef-4168-bf8e-1a0fa6a9298c",
        "serveruuid": "7cc7923c-d914-41a5-a779-1eeebfd42c38",
        "name": "Fox news",
        "url": "https://247preview.foxnews.com/hls/live/2020027/fncv3preview/primary.m3u8",
        "url_resolved": "https://247preview.foxnews.com/hls/live/2020027/fncv3preview/primary.m3u8",
        "homepage": "https://247preview.foxnews.com/hls/live/2020027/fncv3preview/primary.m3u8",
        "favicon": "",
        "tags": "",
        "country": "American Samoa",
        "countrycode": "AS",
        "iso_3166_2": null,
        "state": "",
        "language": "",
        "languagecodes": "",
        "votes": 5,
        "lastchangetime": "2023-03-27 17:49:18",
        "lastchangetime_iso8601": "2023-03-27T17:49:18Z",
        "codec": "AAC",
        "bitrate": 377,
        "hls": 1,
        "lastcheckok": 1,
        "lastchecktime": "2023-04-23 21:28:05",
        "lastchecktime_iso8601": "2023-04-23T21:28:05Z",
        "lastcheckoktime": "2023-04-23 21:28:05",
        "lastcheckoktime_iso8601": "2023-04-23T21:28:05Z",
        "lastlocalchecktime": "2023-04-23 21:28:05",
        "lastlocalchecktime_iso8601": "2023-04-23T21:28:05Z",
        "clicktimestamp": "2023-04-24 12:42:34",
        "clicktimestamp_iso8601": "2023-04-24T12:42:34Z",
        "clickcount": 31,
        "clicktrend": 1,
        "ssl_error": 0,
        "geo_lat": 15.987151551423228,
        "geo_long": 36.17187380790711,
        "has_extended_info": false
    },
    {
        "changeuuid": "37ad0145-ed2c-4002-ab14-954294dac563",
        "stationuuid": "504cb9a6-670c-49e6-8aed-caf7e89cbbb3",
        "serveruuid": "1f0e4c70-111b-424e-bc33-97bbb84ef757",
        "name": "NatureLive-AuroraLive",
        "url": "https://stitcheraws.unreel.me/wse-node02.powr.com/live/5c953819932c837b49397345/playlist.m3u8",
        "url_resolved": "https://stitcheraws.unreel.me/wse-node02.powr.com/live/5c953819932c837b49397345/playlist.m3u8",
        "homepage": "https://gdpr.tubi.tv/",
        "favicon": "",
        "tags": "",
        "country": "American Samoa",
        "countrycode": "AS",
        "iso_3166_2": null,
        "state": "",
        "language": "english",
        "languagecodes": "en",
        "votes": 10,
        "lastchangetime": "2023-07-23 08:57:20",
        "lastchangetime_iso8601": "2023-07-23T08:57:20Z",
        "codec": "AAC,H.264",
        "bitrate": 6128,
        "hls": 1,
        "lastcheckok": 1,
        "lastchecktime": "2023-09-03 12:13:49",
        "lastchecktime_iso8601": "2023-09-03T12:13:49Z",
        "lastcheckoktime": "2023-09-03 12:13:49",
        "lastcheckoktime_iso8601": "2023-09-03T12:13:49Z",
        "lastlocalchecktime": "2023-09-03 07:40:32",
        "lastlocalchecktime_iso8601": "2023-09-03T07:40:32Z",
        "clicktimestamp": "2023-09-03 12:06:53",
        "clicktimestamp_iso8601": "2023-09-03T12:06:53Z",
        "clickcount": 10,
        "clicktrend": 2,
        "ssl_error": 0,
        "geo_lat": null,
        "geo_long": null,
        "has_extended_info": false
    },
    {
        "changeuuid": "8364276b-0138-4e31-9a8d-080aaacdced5",
        "stationuuid": "5978bc91-9b54-4afb-a84c-72bba41ca7cc",
        "serveruuid": "1f0e4c70-111b-424e-bc33-97bbb84ef757",
        "name": "NatureLive-MountainLive",
        "url": "https://stitcheraws.unreel.me/wse-node02.powr.com/live/5c95387b932c837b49397357/playlist.m3u8",
        "url_resolved": "https://stitcheraws.unreel.me/wse-node02.powr.com/live/5c95387b932c837b49397357/playlist.m3u8",
        "homepage": "https://gdpr.tubi.tv/",
        "favicon": "",
        "tags": "",
        "country": "American Samoa",
        "countrycode": "AS",
        "iso_3166_2": null,
        "state": "",
        "language": "english",
        "languagecodes": "en",
        "votes": 7,
        "lastchangetime": "2023-07-23 09:03:59",
        "lastchangetime_iso8601": "2023-07-23T09:03:59Z",
        "codec": "AAC,H.264",
        "bitrate": 8079,
        "hls": 1,
        "lastcheckok": 1,
        "lastchecktime": "2023-09-03 11:39:24",
        "lastchecktime_iso8601": "2023-09-03T11:39:24Z",
        "lastcheckoktime": "2023-09-03 11:39:24",
        "lastcheckoktime_iso8601": "2023-09-03T11:39:24Z",
        "lastlocalchecktime": "2023-09-03 00:54:14",
        "lastlocalchecktime_iso8601": "2023-09-03T00:54:14Z",
        "clicktimestamp": "2023-09-03 12:07:15",
        "clicktimestamp_iso8601": "2023-09-03T12:07:15Z",
        "clickcount": 13,
        "clicktrend": 1,
        "ssl_error": 0,
        "geo_lat": null,
        "geo_long": null,
        "has_extended_info": false
    },
    {
        "changeuuid": "c4ff4534-3ba1-4ab9-a8e0-22c779dee265",
        "stationuuid": "1d354e5b-b0a6-4387-b7cd-19cc9e4f890c",
        "serveruuid": "1f0e4c70-111b-424e-bc33-97bbb84ef757",
        "name": "NatureLive-LakeLive",
        "url": "https://stitcheraws.unreel.me/wse-node02.powr.com/live/5c95385c932c837b49397356/playlist.m3u8",
        "url_resolved": "https://stitcheraws.unreel.me/wse-node02.powr.com/live/5c95385c932c837b49397356/playlist.m3u8",
        "homepage": "https://gdpr.tubi.tv/",
        "favicon": "",
        "tags": "",
        "country": "American Samoa",
        "countrycode": "AS",
        "iso_3166_2": null,
        "state": "",
        "language": "english",
        "languagecodes": "en",
        "votes": 6,
        "lastchangetime": "2023-07-23 08:55:58",
        "lastchangetime_iso8601": "2023-07-23T08:55:58Z",
        "codec": "AAC,H.264",
        "bitrate": 7015,
        "hls": 1,
        "lastcheckok": 1,
        "lastchecktime": "2023-09-03 10:59:25",
        "lastchecktime_iso8601": "2023-09-03T10:59:25Z",
        "lastcheckoktime": "2023-09-03 10:59:25",
        "lastcheckoktime_iso8601": "2023-09-03T10:59:25Z",
        "lastlocalchecktime": "2023-09-03 02:40:24",
        "lastlocalchecktime_iso8601": "2023-09-03T02:40:24Z",
        "clicktimestamp": "2023-09-03 12:06:57",
        "clicktimestamp_iso8601": "2023-09-03T12:06:57Z",
        "clickcount": 8,
        "clicktrend": 0,
        "ssl_error": 0,
        "geo_lat": null,
        "geo_long": null,
        "has_extended_info": false
    },
    {
        "changeuuid": "c98055c4-30bb-4219-8ee0-15e9671e34bd",
        "stationuuid": "b865dfb8-5168-4229-bad3-e819d92cb596",
        "serveruuid": "1f0e4c70-111b-424e-bc33-97bbb84ef757",
        "name": "NatureLive-ForestLive",
        "url": "https://stitcheraws.unreel.me/wse-node02.powr.com/live/5c953836932c837b49397355/playlist.m3u8",
        "url_resolved": "https://stitcheraws.unreel.me/wse-node02.powr.com/live/5c953836932c837b49397355/playlist.m3u8",
        "homepage": "https://gdpr.tubi.tv/",
        "favicon": "",
        "tags": "",
        "country": "American Samoa",
        "countrycode": "AS",
        "iso_3166_2": null,
        "state": "",
        "language": "english",
        "languagecodes": "en",
        "votes": 6,
        "lastchangetime": "2023-07-23 08:57:20",
        "lastchangetime_iso8601": "2023-07-23T08:57:20Z",
        "codec": "AAC,H.264",
        "bitrate": 5220,
        "hls": 1,
        "lastcheckok": 1,
        "lastchecktime": "2023-09-03 10:59:25",
        "lastchecktime_iso8601": "2023-09-03T10:59:25Z",
        "lastcheckoktime": "2023-09-03 10:59:25",
        "lastcheckoktime_iso8601": "2023-09-03T10:59:25Z",
        "lastlocalchecktime": "2023-09-03 00:41:47",
        "lastlocalchecktime_iso8601": "2023-09-03T00:41:47Z",
        "clicktimestamp": "2023-09-03 12:07:02",
        "clicktimestamp_iso8601": "2023-09-03T12:07:02Z",
        "clickcount": 10,
        "clicktrend": 2,
        "ssl_error": 0,
        "geo_lat": null,
        "geo_long": null,
        "has_extended_info": false
    },
    {
        "changeuuid": "ec1694bf-007c-4a9b-9087-f3f3244ba7b8",
        "stationuuid": "fcc08237-c3d4-44ba-9133-1bce23a62f96",
        "serveruuid": "1f0e4c70-111b-424e-bc33-97bbb84ef757",
        "name": "NatureLive-TropicsLive",
        "url": "https://stitcheraws.unreel.me/wse-node02.powr.com/live/5c9538b9932c837b4939735c/playlist.m3u8",
        "url_resolved": "https://stitcheraws.unreel.me/wse-node02.powr.com/live/5c9538b9932c837b4939735c/playlist.m3u8",
        "homepage": "https://gdpr.tubi.tv/",
        "favicon": "",
        "tags": "",
        "country": "American Samoa",
        "countrycode": "AS",
        "iso_3166_2": null,
        "state": "",
        "language": "english",
        "languagecodes": "en",
        "votes": 6,
        "lastchangetime": "2023-07-23 08:57:20",
        "lastchangetime_iso8601": "2023-07-23T08:57:20Z",
        "codec": "AAC,H.264",
        "bitrate": 7376,
        "hls": 1,
        "lastcheckok": 1,
        "lastchecktime": "2023-09-03 11:28:34",
        "lastchecktime_iso8601": "2023-09-03T11:28:34Z",
        "lastcheckoktime": "2023-09-03 11:28:34",
        "lastcheckoktime_iso8601": "2023-09-03T11:28:34Z",
        "lastlocalchecktime": "2023-09-03 08:18:46",
        "lastlocalchecktime_iso8601": "2023-09-03T08:18:46Z",
        "clicktimestamp": "2023-09-03 12:07:09",
        "clicktimestamp_iso8601": "2023-09-03T12:07:09Z",
        "clickcount": 9,
        "clicktrend": 1,
        "ssl_error": 0,
        "geo_lat": null,
        "geo_long": null,
        "has_extended_info": false
    },
    {
        "changeuuid": "bbb5f32c-b867-4ca5-9278-69590649fc27",
        "stationuuid": "5cbd56f3-b383-4444-9704-befaa00d6b72",
        "serveruuid": "c98fd9bf-b361-42a0-acfc-e0967176c2f0",
        "name": "93KHJ",
        "url": "https://ice9.securenetsystems.net/KKHJ?listening-from-radio-garden=1696067425",
        "url_resolved": "https://ice9.securenetsystems.net/KKHJ?listening-from-radio-garden=1696067425",
        "homepage": "",
        "favicon": "",
        "tags": "pop",
        "country": "American Samoa",
        "countrycode": "AS",
        "iso_3166_2": null,
        "state": "",
        "language": "",
        "languagecodes": "",
        "votes": 2,
        "lastchangetime": "2023-09-30 09:59:56",
        "lastchangetime_iso8601": "2023-09-30T09:59:56Z",
        "codec": "AAC+",
        "bitrate": 48,
        "hls": 0,
        "lastcheckok": 1,
        "lastchecktime": "2023-10-20 13:25:07",
        "lastchecktime_iso8601": "2023-10-20T13:25:07Z",
        "lastcheckoktime": "2023-10-20 13:25:07",
        "lastcheckoktime_iso8601": "2023-10-20T13:25:07Z",
        "lastlocalchecktime": "2023-10-20 13:25:07",
        "lastlocalchecktime_iso8601": "2023-10-20T13:25:07Z",
        "clicktimestamp": "2023-10-20 15:37:12",
        "clicktimestamp_iso8601": "2023-10-20T15:37:12Z",
        "clickcount": 18,
        "clicktrend": -5,
        "ssl_error": 0,
        "geo_lat": null,
        "geo_long": null,
        "has_extended_info": false
    }
]