[
    {
        "changeuuid": "c06d4281-814b-4201-9e78-1cd7525d161b",
        "stationuuid": "962a0a81-0601-11e8-ae97-52543be04c81",
        "serveruuid": "5b1b6e36-20af-493e-81d1-b8714fa66f17",
        "name": "Magic 96.5 - Oranjestad",
        "url": "http://158.69.114.190:8072/;",
        "url_resolved": "http://158.69.114.190:8072/;",
        "homepage": "http://www.magic96-5.com/",
        "favicon": "",
        "tags": "latin music,oranjestad,pop,top 40",
        "country": "Aruba",
        "countrycode": "AW",
        "iso_3166_2": null,
        "state": "",
        "language": "papiamentu",
        "languagecodes": "",
        "votes": 465,
        "lastchangetime": "2022-09-05 07:22:10",
        "lastchangetime_iso8601": "2022-09-05T07:22:10Z",
        "codec": "MP3",
        "bitrate": 128,
        "hls": 0,
        "lastcheckok": 1,
        "lastchecktime": "2023-04-24 06:22:18",
        "lastchecktime_iso8601": "2023-04-24T06:22:18Z",
        "lastcheckoktime": "2023-04-24 06:22:18",
        "lastcheckoktime_iso8601": "2023-04-24T06:22:18Z",
        "lastlocalchecktime": "2023-04-23 21:02:42",
        "lastlocalchecktime_iso8601": "2023-04-23T21:02:42Z",
        "clicktimestamp": "2023-04-23 19:41:41",
        "clicktimestamp_iso8601": "2023-04-23T19:41:41Z",
        "clickcount": 20,
        "clicktrend": -1,
        "ssl_error": 0,
        "geo_lat": null,
        "geo_long": null,
        "has_extended_info": false
    },
    {
        "changeuuid": "a8d5f665-bb0d-4206-81a9-4ce004f10d7c",
        "stationuuid": "962f49e0-0601-11e8-ae97-52543be04c81",
        "serveruuid": "c7ae82e3-dc58-497c-a893-8bee5b09fc8c",
        "name": "VIP Radio Online Dance - Noord",
        "url": "http://s02.whooshserver.net:8054/dance",
        "url_resolved": "http://s02.whooshserver.net:8054/dance",
        "homepage": "http://viponlineradio.com/",
        "favicon": "http://viponlineradio.com/favicon.ico",
        "tags": "dance,noord",
        "country": "Aruba",
        "countrycode": "AW",
        "iso_3166_2": null,
        "state": "",
        "language": "papiamentu",
        "languagecodes": "",
        "votes": 350,
        "lastchangetime": "2023-04-20 20:53:50",
        "lastchangetime_iso8601": "2023-04-20T20:53:50Z",
        "codec": "AAC",
        "bitrate": 128,
        "hls": 0,
        "lastcheckok": 1,
        "lastchecktime": "2023-04-24 07:53:27",
        "lastchecktime_iso8601": "2023-04-24T07:53:27Z",
        "lastcheckoktime": "2023-04-24 07:53:27",
        "lastcheckoktime_iso8601": "2023-04-24T07:53:27Z",
        "lastlocalchecktime": "2023-04-23 22:38:56",
        "lastlocalchecktime_iso8601": "2023-04-23T22:38:56Z",
        "clicktimestamp": "2023-04-23 14:16:54",
        "clicktimestamp_iso8601": "2023-04-23T14:16:54Z",
        "clickcount": 17,
        "clicktrend": -1,
        "ssl_error": 0,
        "geo_lat": null,
        "geo_long": null,
        "has_extended_info": false
    },
    {
        "changeuuid": "66ce04fd-7f21-4aa5-8b64-4fe8802389a2",
        "stationuuid": "962f9153-0601-11e8-ae97-52543be04c81",
        "serveruuid": "e6e75072-f999-4eea-869f-da87c3d640ed",
        "name": "Fresh FM 104.3 Oranjestad",
        "url": "http://www.fresharuba.com:8006/;",
        "url_resolved": "http://www.fresharuba.com:8006/;",
        "homepage": "http://www.fresharuba.com/",
        "favicon": "http://fresharuba.com/wp-content/uploads/2013/05/fresh_fevicon2.png",
        "tags": "adult contemporary,oranjestad,rock",
        "country": "Aruba",
        "countrycode": "AW",
        "iso_3166_2": null,
        "state": "",
        "language": "dutch,english",
        "languagecodes": "en,nl",
        "votes": 309,
        "lastchangetime": "2022-04-18 20:14:00",
        "lastchangetime_iso8601": "2022-04-18T20:14:00Z",
        "codec": "MP3",
        "bitrate": 128,
        "hls": 0,
        "lastcheckok": 1,
        "lastchecktime": "2023-04-23 21:09:19",
        "lastchecktime_iso8601": "2023-04-23T21:09:19Z",
        "lastcheckoktime": "2023-04-23 21:09:19",
        "lastcheckoktime_iso8601": "2023-04-23T21:09:19Z",
        "lastlocalchecktime": "2023-04-23 21:09:19",
        "lastlocalchecktime_iso8601": "2023-04-23T21:09:19Z",
        "clicktimestamp": "2023-04-24 10:18:37",
        "clicktimestamp_iso8601": "2023-04-24T10:18:37Z",
        "clickcount": 29,
        "clicktrend": -2,
        "ssl_error": 0,
        "geo_lat": null,
        "geo_long": null,
        "has_extended_info": false
    },
    {
        "changeuuid": "2eb9a129-022c-4a57-a598-1659af9842f8",
        "stationuuid": "16c4c567-e80b-4d29-b9ba-f894400dbc4a",
        "serveruuid": "ce7e5533-ba04-4648-9c5a-977a27788ef1",
        "name": "Generatioin Blast",
        "url": "https://stream.rcast.net/66043",
        "url_resolved": "https://stream.rcast.net/66043",
        "homepage": "https://www.facebook.com/Generation-Blast-127137830670498/",
        "favicon": "",
        "tags": "christian contemporary,christian rock",
        "country": "Aruba",
        "countrycode": "AW",
        "iso_3166_2": null,
        "state": "",
        "language": "english",
        "languagecodes": "en",
        "votes": 177,
        "lastchangetime": "2022-03-28 13:34:31",
        "lastchangetime_iso8601": "2022-03-28T13:34:31Z",
        "codec": "MP3",
        "bitrate": 0,
        "hls": 0,
        "lastcheckok": 1,
        "lastchecktime": "2023-04-24 13:51:38",
        "lastchecktime_iso8601": "2023-04-24T13:51:38Z",
        "lastcheckoktime": "2023-04-24 13:51:38",
        "lastcheckoktime_iso8601": "2023-04-24T13:51:38Z",
        "lastlocalchecktime": "2023-04-23 20:11:40",
        "lastlocalchecktime_iso8601": "2023-04-23T20:11:40Z",
        "clicktimestamp": "2023-04-23 15:17:59",
        "clicktimestamp_iso8601": "2023-04-23T15:17:59Z",
        "clickcount": 21,
        "clicktrend": -1,
        "ssl_error": 0,
        "geo_lat": null,
        "geo_long": null,
        "has_extended_info": false
    },
    {
        "changeuuid": "25c5d8cf-3510-448e-9555-47e65a7d7da8",
        "stationuuid": "7086d7ac-d260-4cb4-9ccf-ae9e0c252c40",
        "serveruuid": "f592ed26-a09b-4e39-b495-f635fa810c20",
        "name": "freshFM Aruba",
        "url": "http://fresharuba.com:8006/stream;audio.mp3",
        "url_resolved": "http://fresharuba.com:8006/stream;audio.mp3",
        "homepage": "http://fresharuba.com/",
        "favicon": "",
        "tags": "",
        "country": "Aruba",
        "countrycode": "AW",
        "iso_3166_2": null,
        "state": "",
        "language": "",
        "languagecodes": "",
        "votes": 57,
        "lastchangetime": "2023-01-31 09:27:50",
        "lastchangetime_iso8601": "2023-01-31T09:27:50Z",
        "codec": "MP3",
        "bitrate": 128,
        "hls": 0,
        "lastcheckok": 1,
        "lastchecktime": "2023-04-23 23:10:44",
        "lastchecktime_iso8601": "2023-04-23T23:10:44Z",
        "lastcheckoktime": "2023-04-23 23:10:44",
        "lastcheckoktime_iso8601": "2023-04-23T23:10:44Z",
        "lastlocalchecktime": "2023-04-23 23:10:44",
        "lastlocalchecktime_iso8601": "2023-04-23T23:10:44Z",
        "clicktimestamp": "2023-04-23 21:20:26",
        "clicktimestamp_iso8601": "2023-04-23T21:20:26Z",
        "clickcount": 32,
        "clicktrend": 2,
        "ssl_error": 0,
        "geo_lat": null,
        "geo_long": null,
        "has_extended_info": false
    },
    {
        "changeuuid": "5d755c3c-96c8-4706-b829-edbe2ba3556b",
        "stationuuid": "99480158-6431-4895-9670-a53172f03d7e",
        "serveruuid": "f592ed26-a09b-4e39-b495-f635fa810c20",
        "name": "Fresh Fm Aruba",
        "url": "http://fresharuba.com:8006/stream;audio.mp3?hash=1688155532122",
        "url_resolved": "http://fresharuba.com:8006/stream;audio.mp3?hash=1688155532122",
        "homepage": "http://fresharuba.com/",
        "favicon": "",
        "tags": "",
        "country": "Aruba",
        "countrycode": "AW",
        "iso_3166_2": null,
        "state": "Oranjestad",
        "language": "",
        "languagecodes": "",
        "votes": 4,
        "lastchangetime": "2023-06-30 20:15:45",
        "lastchangetime_iso8601": "2023-06-30T20:15:45Z",
        "codec": "MP3",
        "bitrate": 128,
        "hls": 0,
        "lastcheckok": 1,
        "lastchecktime": "2023-07-09 05:40:39",
        "lastchecktime_iso8601": "2023-07-09T05:40:39Z",
        "lastcheckoktime": "2023-07-09 05:40:39",
        "lastcheckoktime_iso8601": "2023-07-09T05:40:39Z",
        "lastlocalchecktime": "2023-07-09 05:40:39",
        "lastlocalchecktime_iso8601": "2023-07-09T05:40:39Z",
        "clicktimestamp": "2023-07-09 04:52:46",
        "clicktimestamp_iso8601": "2023-07-09T04:52:46Z",
        "clickcount": 18,
        "clicktrend": -1,
        "ssl_error": 0,
        "geo_lat": null,
        "geo_long": null,
        "has_extended_info": false
    },
    {
        "changeuuid": "ea4de02a-7293-43a0-849a-63cde3859988",
        "stationuuid": "81201620-b53f-4f81-8681-2deb43a2d47e",
        "serveruuid": "d3703665-a2e0-4da3-adbf-a79863de67b4",
        "name": "Hits 100 Aruba",
        "url": "https://audio-edge-es6pf.mia.g.radiomast.io/f4b2dcfb-399c-4650-a64a-e4fb5b32717e",
        "url_resolved": "https://audio-edge-es6pf.mia.g.radiomast.io/f4b2dcfb-399c-4650-a64a-e4fb5b32717e",
        "homepage": "https://www.hits100fm.com/",
        "favicon": "https://static.wixstatic.com/media/1a09f9_1fc9b1c6e3fa4de5a4a6d9f53410eff9%7emv2.png/v1/fill/w_32%2ch_32%2clg_1%2cusm_0.66_1.00_0.01/1a09f9_1fc9b1c6e3fa4de5a4a6d9f53410eff9%7emv2.png",
        "tags": "",
        "country": "Aruba",
        "countrycode": "AW",
        "iso_3166_2": null,
        "state": "Simeon Antonio",
        "language": "dutch,english,papiamentu,spanish",
        "languagecodes": "en,es,nl",
        "votes": 1,
        "lastchangetime": "2023-07-01 20:47:42",
        "lastchangetime_iso8601": "2023-07-01T20:47:42Z",
        "codec": "MP3",
        "bitrate": 128,
        "hls": 0,
        "lastcheckok": 1,
        "lastchecktime": "2023-07-08 23:10:38",
        "lastchecktime_iso8601": "2023-07-08T23:10:38Z",
        "lastcheckoktime": "2023-07-08 23:10:38",
        "lastcheckoktime_iso8601": "2023-07-08T23:10:38Z",
        "lastlocalchecktime": "2023-07-08 23:10:38",
        "lastlocalchecktime_iso8601": "2023-07-08T23:10:38Z",
        "clicktimestamp": "2023-07-09 11:36:49",
        "clicktimestamp_iso8601": "2023-07-09T11:36:49Z",
        "clickcount": 25,
        "clicktrend": 3,
        "ssl_error": 0,
        "geo_lat": null,
        "geo_long": null,
        "has_extended_info": false
    },
    {
        "changeuuid": "411c693a-1369-4e46-8aa6-59b8d3383fad",
        "stationuuid": "8b3905b1-3cfd-483b-a162-2c854c5cb615",
        "serveruuid": "0cf17d67-ef8a-4f2b-99bf-84ebf700eaf3",
        "name": "yhju",
        "url": "http://52.0.120.216:8000/stream/4/",
        "url_resolved": "http://52.0.120.216:8000/stream/4/",
        "homepage": "http://52.0.120.216:8000/stream/4/",
        "favicon": "",
        "tags": "music trance",
        "country": "Aruba",
        "countrycode": "AW",
        "iso_3166_2": null,
        "state": "",
        "language": "anq",
        "languagecodes": "",
        "votes": 17,
        "lastchangetime": "2023-09-05 20:33:07",
        "lastchangetime_iso8601": "2023-09-05T20:33:07Z",
        "codec": "MP3",
        "bitrate": 128,
        "hls": 0,
        "lastcheckok": 1,
        "lastchecktime": "2023-10-20 20:25:56",
        "lastchecktime_iso8601": "2023-10-20T20:25:56Z",
        "lastcheckoktime": "2023-10-20 20:25:56",
        "lastcheckoktime_iso8601": "2023-10-20T20:25:56Z",
        "lastlocalchecktime": "2023-10-20 10:32:58",
        "lastlocalchecktime_iso8601": "2023-10-20T10:32:58Z",
        "clicktimestamp": "2023-10-20 17:32:41",
        "clicktimestamp_iso8601": "2023-10-20T17:32:41Z",
        "clickcount": 18,
        "clicktrend": -2,
        "ssl_error": 0,
        "geo_lat": null,
        "geo_long": null,
        "has_extended_info": false
    }
]