[
    {
        "changeuuid": "9763af96-ec33-40b8-bedf-f978da8fd462",
        "stationuuid": "4ad3c0f9-61a5-4ebb-953a-a08fc1065a78",
        "serveruuid": "5357b5a7-a894-4a46-820d-63bdbcccdb8d",
        "name": "Araz fm 103.3",
        "url": "http://s39.myradiostream.com/5458/listen.mp3",
        "url_resolved": "http://s39.myradiostream.com:5458/listen.mp3?nocache=1682319885",
        "homepage": "http://araz.fm/",
        "favicon": "",
        "tags": "",
        "country": "Azerbaijan",
        "countrycode": "AZ",
        "iso_3166_2": null,
        "state": "",
        "language": "",
        "languagecodes": "",
        "votes": 6379,
        "lastchangetime": "2021-08-06 08:36:44",
        "lastchangetime_iso8601": "2021-08-06T08:36:44Z",
        "codec": "MP3",
        "bitrate": 128,
        "hls": 0,
        "lastcheckok": 1,
        "lastchecktime": "2023-04-24 07:33:03",
        "lastchecktime_iso8601": "2023-04-24T07:33:03Z",
        "lastcheckoktime": "2023-04-24 07:33:03",
        "lastcheckoktime_iso8601": "2023-04-24T07:33:03Z",
        "lastlocalchecktime": "2023-04-24 00:05:46",
        "lastlocalchecktime_iso8601": "2023-04-24T00:05:46Z",
        "clicktimestamp": "2023-04-24 13:55:50",
        "clicktimestamp_iso8601": "2023-04-24T13:55:50Z",
        "clickcount": 164,
        "clicktrend": -4,
        "ssl_error": 0,
        "geo_lat": null,
        "geo_long": null,
        "has_extended_info": false
    },
    {
        "changeuuid": "e4e02191-73bf-4c6c-ba0e-725116e8249f",
        "stationuuid": "0ad8350d-7d03-4f0d-9f35-b38cc42c40af",
        "serveruuid": "81840af1-f8bc-4ee9-b356-00335156f9d7",
        "name": "Asan Radio",
        "url": "http://94.20.74.206:4448/stream1",
        "url_resolved": "http://94.20.74.206:4448/stream1",
        "homepage": "http://www.asanradio.az/",
        "favicon": "",
        "tags": "",
        "country": "Azerbaijan",
        "countrycode": "AZ",
        "iso_3166_2": null,
        "state": "",
        "language": "azerbaijani",
        "languagecodes": "az",
        "votes": 4182,
        "lastchangetime": "2022-03-28 09:38:21",
        "lastchangetime_iso8601": "2022-03-28T09:38:21Z",
        "codec": "MP3",
        "bitrate": 112,
        "hls": 0,
        "lastcheckok": 1,
        "lastchecktime": "2023-04-24 01:22:43",
        "lastchecktime_iso8601": "2023-04-24T01:22:43Z",
        "lastcheckoktime": "2023-04-24 01:22:43",
        "lastcheckoktime_iso8601": "2023-04-24T01:22:43Z",
        "lastlocalchecktime": "2023-04-23 14:10:20",
        "lastlocalchecktime_iso8601": "2023-04-23T14:10:20Z",
        "clicktimestamp": "2023-04-24 11:38:29",
        "clicktimestamp_iso8601": "2023-04-24T11:38:29Z",
        "clickcount": 119,
        "clicktrend": 2,
        "ssl_error": 0,
        "geo_lat": null,
        "geo_long": null,
        "has_extended_info": false
    },
    {
        "changeuuid": "3ae31516-19ae-401e-9dc0-d22e57448f5c",
        "stationuuid": "f5421518-d2b4-4c66-9c2a-674e186d7221",
        "serveruuid": "406ac047-a50c-4ec2-b17a-2581fd41fcc7",
        "name": "Radio Veten",
        "url": "http://stream.zeno.fm/p1hx0c3y14zuv.m3u",
        "url_resolved": "http://stream-016.zeno.fm/p1hx0c3y14zuv?zs=H7XTqvrKSOypWiRRXhFXGQ",
        "homepage": "http://radioveten.ml/",
        "favicon": "",
        "tags": "azeri,baku,radioveten,vetenfm",
        "country": "Azerbaijan",
        "countrycode": "AZ",
        "iso_3166_2": null,
        "state": "Surakhani",
        "language": "azerbaijani",
        "languagecodes": "az",
        "votes": 3058,
        "lastchangetime": "2022-03-28 12:54:43",
        "lastchangetime_iso8601": "2022-03-28T12:54:43Z",
        "codec": "MP3",
        "bitrate": 0,
        "hls": 0,
        "lastcheckok": 1,
        "lastchecktime": "2023-04-24 08:49:12",
        "lastchecktime_iso8601": "2023-04-24T08:49:12Z",
        "lastcheckoktime": "2023-04-24 08:49:12",
        "lastcheckoktime_iso8601": "2023-04-24T08:49:12Z",
        "lastlocalchecktime": "2023-04-23 22:26:23",
        "lastlocalchecktime_iso8601": "2023-04-23T22:26:23Z",
        "clicktimestamp": "2023-04-24 11:38:35",
        "clicktimestamp_iso8601": "2023-04-24T11:38:35Z",
        "clickcount": 106,
        "clicktrend": -7,
        "ssl_error": 0,
        "geo_lat": null,
        "geo_long": null,
        "has_extended_info": false
    },
    {
        "changeuuid": "ec058ef3-65c6-44bb-ab84-89da3a345121",
        "stationuuid": "5b42c7de-0774-4d6b-b2dc-3e41d7fc2daf",
        "serveruuid": "b7362bef-0474-4991-bc88-82c4df925d1c",
        "name": "AutoLife Radio Azerbaijan",
        "url": "http://radio.autoliferadio.com:8090/radio",
        "url_resolved": "http://radio.autoliferadio.com:8090/radio",
        "homepage": "https://autoliferadio.com/",
        "favicon": "https://autoliferadio.com/wp-content/uploads/2020/10/cropped-favicon-180x180.png",
        "tags": "pop,pop music",
        "country": "Azerbaijan",
        "countrycode": "AZ",
        "iso_3166_2": null,
        "state": "",
        "language": "azerbaijani,english,russian,turkish",
        "languagecodes": "en,ru,tr,az",
        "votes": 2852,
        "lastchangetime": "2022-04-19 16:39:27",
        "lastchangetime_iso8601": "2022-04-19T16:39:27Z",
        "codec": "MP3",
        "bitrate": 192,
        "hls": 0,
        "lastcheckok": 1,
        "lastchecktime": "2023-04-24 06:07:05",
        "lastchecktime_iso8601": "2023-04-24T06:07:05Z",
        "lastcheckoktime": "2023-04-24 06:07:05",
        "lastcheckoktime_iso8601": "2023-04-24T06:07:05Z",
        "lastlocalchecktime": "2023-04-23 18:55:50",
        "lastlocalchecktime_iso8601": "2023-04-23T18:55:50Z",
        "clicktimestamp": "2023-04-24 11:35:33",
        "clicktimestamp_iso8601": "2023-04-24T11:35:33Z",
        "clickcount": 115,
        "clicktrend": -7,
        "ssl_error": 0,
        "geo_lat": null,
        "geo_long": null,
        "has_extended_info": false
    },
    {
        "changeuuid": "e156bcc5-5001-4230-9817-ac4ae77918da",
        "stationuuid": "389c6eee-06c7-47f4-956c-6a70f4b21157",
        "serveruuid": "6df82124-baaf-40f3-b88b-e72fa9d5f272",
        "name": "Mu\u011fam",
        "url": "http://95.217.196.109:8000/mediamugam",
        "url_resolved": "http://95.217.196.109:8000/mediamugam",
        "homepage": "http://onlineradiobox.com/az/mediamugam",
        "favicon": "http://cdn.onlineradiobox.com/img/apple-touch-icon-120x120.png",
        "tags": "muzik",
        "country": "Azerbaijan",
        "countrycode": "AZ",
        "iso_3166_2": null,
        "state": "",
        "language": "azerbaijani",
        "languagecodes": "az",
        "votes": 2603,
        "lastchangetime": "2022-06-05 10:45:15",
        "lastchangetime_iso8601": "2022-06-05T10:45:15Z",
        "codec": "MP3",
        "bitrate": 192,
        "hls": 0,
        "lastcheckok": 1,
        "lastchecktime": "2023-04-24 13:54:21",
        "lastchecktime_iso8601": "2023-04-24T13:54:21Z",
        "lastcheckoktime": "2023-04-24 13:54:21",
        "lastcheckoktime_iso8601": "2023-04-24T13:54:21Z",
        "lastlocalchecktime": "2023-04-24 13:54:21",
        "lastlocalchecktime_iso8601": "2023-04-24T13:54:21Z",
        "clicktimestamp": "2023-04-24 13:55:17",
        "clicktimestamp_iso8601": "2023-04-24T13:55:17Z",
        "clickcount": 154,
        "clicktrend": -16,
        "ssl_error": 0,
        "geo_lat": null,
        "geo_long": null,
        "has_extended_info": false
    },
    {
        "changeuuid": "93f0d475-466f-49c1-b4af-39b63d801b97",
        "stationuuid": "34f59a92-2913-4e2c-a6c8-e6fc77abd4f9",
        "serveruuid": "d691f737-af9a-47a0-b0bf-9950904606f4",
        "name": "105 fm",
        "url": "http://85.132.27.212:8888/azradio?listening-from-radio-radio-garden=1654328466",
        "url_resolved": "http://85.132.27.212:8888/azradio?listening-from-radio-radio-garden=1654328466",
        "homepage": "http://radiogarden/listen/respublika-radiosu-fm-105-0/OkladZbT",
        "favicon": "",
        "tags": "muzik",
        "country": "Azerbaijan",
        "countrycode": "AZ",
        "iso_3166_2": null,
        "state": "",
        "language": "azerbaijani",
        "languagecodes": "az",
        "votes": 2028,
        "lastchangetime": "2022-06-05 10:48:19",
        "lastchangetime_iso8601": "2022-06-05T10:48:19Z",
        "codec": "MP3",
        "bitrate": 128,
        "hls": 0,
        "lastcheckok": 1,
        "lastchecktime": "2023-04-24 09:19:39",
        "lastchecktime_iso8601": "2023-04-24T09:19:39Z",
        "lastcheckoktime": "2023-04-24 09:19:39",
        "lastcheckoktime_iso8601": "2023-04-24T09:19:39Z",
        "lastlocalchecktime": "2023-04-24 09:19:39",
        "lastlocalchecktime_iso8601": "2023-04-24T09:19:39Z",
        "clicktimestamp": "2023-04-24 11:38:26",
        "clicktimestamp_iso8601": "2023-04-24T11:38:26Z",
        "clickcount": 142,
        "clicktrend": -7,
        "ssl_error": 0,
        "geo_lat": null,
        "geo_long": null,
        "has_extended_info": false
    },
    {
        "changeuuid": "d229925c-0f54-46dc-be8f-d4b1f550b3a8",
        "stationuuid": "b5e2b516-53b0-445c-93d0-65c55dbb38b6",
        "serveruuid": "3e7dac1b-32ea-4d87-8d17-4214ab4faee3",
        "name": "Antonov",
        "url": "https://str2.pcradio.ru/Jurij_Antonov-med",
        "url_resolved": "https://str2.pcradio.ru/Jurij_Antonov-med",
        "homepage": "https://str2.pcradio.ru/Jurij_Antonov-med",
        "favicon": "",
        "tags": "muzik",
        "country": "Azerbaijan",
        "countrycode": "AZ",
        "iso_3166_2": null,
        "state": "",
        "language": "rossia",
        "languagecodes": "",
        "votes": 1275,
        "lastchangetime": "2022-06-04 11:10:13",
        "lastchangetime_iso8601": "2022-06-04T11:10:13Z",
        "codec": "AAC",
        "bitrate": 56,
        "hls": 0,
        "lastcheckok": 1,
        "lastchecktime": "2023-04-24 13:44:51",
        "lastchecktime_iso8601": "2023-04-24T13:44:51Z",
        "lastcheckoktime": "2023-04-24 13:44:51",
        "lastcheckoktime_iso8601": "2023-04-24T13:44:51Z",
        "lastlocalchecktime": "2023-04-24 13:44:51",
        "lastlocalchecktime_iso8601": "2023-04-24T13:44:51Z",
        "clicktimestamp": "2023-04-24 11:38:43",
        "clicktimestamp_iso8601": "2023-04-24T11:38:43Z",
        "clickcount": 83,
        "clicktrend": -5,
        "ssl_error": 0,
        "geo_lat": null,
        "geo_long": null,
        "has_extended_info": false
    },
    {
        "changeuuid": "41df774c-ef71-4090-a4ee-3fb3131a0df7",
        "stationuuid": "9b67b988-ba39-4bb0-92df-efafe5b4d460",
        "serveruuid": "1c7b135c-8b7a-4909-a705-bc1d64c1df8c",
        "name": "ARABESK\u0130N MERKEZ\u0130 FM AZERBEYCAN",
        "url": "https://canli.arabeskinmerkezi.com/9180/stream",
        "url_resolved": "https://canli.arabeskinmerkezi.com/9180/stream",
        "homepage": "https://www.arabeskinmerkezi.com/",
        "favicon": "",
        "tags": "arabesk,azeri,pop",
        "country": "Azerbaijan",
        "countrycode": "AZ",
        "iso_3166_2": null,
        "state": "",
        "language": "azerbaijani,turkish",
        "languagecodes": "az,tr",
        "votes": 1249,
        "lastchangetime": "2023-02-24 01:10:37",
        "lastchangetime_iso8601": "2023-02-24T01:10:37Z",
        "codec": "MP3",
        "bitrate": 128,
        "hls": 0,
        "lastcheckok": 1,
        "lastchecktime": "2023-04-24 11:51:12",
        "lastchecktime_iso8601": "2023-04-24T11:51:12Z",
        "lastcheckoktime": "2023-04-24 11:51:12",
        "lastcheckoktime_iso8601": "2023-04-24T11:51:12Z",
        "lastlocalchecktime": "2023-04-23 15:45:14",
        "lastlocalchecktime_iso8601": "2023-04-23T15:45:14Z",
        "clicktimestamp": "2023-04-24 11:36:12",
        "clicktimestamp_iso8601": "2023-04-24T11:36:12Z",
        "clickcount": 103,
        "clicktrend": -4,
        "ssl_error": 0,
        "geo_lat": null,
        "geo_long": null,
        "has_extended_info": false
    },
    {
        "changeuuid": "ddd42c77-03a6-4579-a1d2-a72654993143",
        "stationuuid": "15e6440d-6cc7-48ac-9e48-d526e3964eb7",
        "serveruuid": "48c03488-b9ce-4e2e-978f-c80c3b15434b",
        "name": "AZAD TV",
        "url": "http://85.132.81.184:8080/atv/index.m3u8",
        "url_resolved": "http://85.132.81.184:8080/atv/index.m3u8",
        "homepage": "http://atv.az/",
        "favicon": "",
        "tags": "tv",
        "country": "Azerbaijan",
        "countrycode": "AZ",
        "iso_3166_2": null,
        "state": "",
        "language": "azerbaijani",
        "languagecodes": "az",
        "votes": 1105,
        "lastchangetime": "2022-04-07 19:50:26",
        "lastchangetime_iso8601": "2022-04-07T19:50:26Z",
        "codec": "UNKNOWN",
        "bitrate": 0,
        "hls": 1,
        "lastcheckok": 1,
        "lastchecktime": "2023-04-24 09:19:39",
        "lastchecktime_iso8601": "2023-04-24T09:19:39Z",
        "lastcheckoktime": "2023-04-24 09:19:39",
        "lastcheckoktime_iso8601": "2023-04-24T09:19:39Z",
        "lastlocalchecktime": "2023-04-24 09:19:39",
        "lastlocalchecktime_iso8601": "2023-04-24T09:19:39Z",
        "clicktimestamp": "2023-04-24 11:38:41",
        "clicktimestamp_iso8601": "2023-04-24T11:38:41Z",
        "clickcount": 94,
        "clicktrend": 0,
        "ssl_error": 0,
        "geo_lat": null,
        "geo_long": null,
        "has_extended_info": false
    },
    {
        "changeuuid": "9baf6a57-8bd6-46b1-b7a2-d30f29c1977f",
        "stationuuid": "e215f48c-3ff7-4430-91e0-2dfd499fd41c",
        "serveruuid": "bb33aaea-d41f-45bc-a520-caadf1e2d49d",
        "name": "Anti Radio",
        "url": "https://stream.antiradio.net/radio/8000/mp3",
        "url_resolved": "https://stream.antiradio.net/radio/8000/mp3",
        "homepage": "https://antiradio.net/",
        "favicon": "https://antiradio.net/favicon.ico",
        "tags": "",
        "country": "Azerbaijan",
        "countrycode": "AZ",
        "iso_3166_2": null,
        "state": "Baku",
        "language": "english",
        "languagecodes": "en",
        "votes": 1049,
        "lastchangetime": "2023-01-23 16:10:02",
        "lastchangetime_iso8601": "2023-01-23T16:10:02Z",
        "codec": "MP3",
        "bitrate": 128,
        "hls": 0,
        "lastcheckok": 1,
        "lastchecktime": "2023-04-23 21:08:22",
        "lastchecktime_iso8601": "2023-04-23T21:08:22Z",
        "lastcheckoktime": "2023-04-23 21:08:22",
        "lastcheckoktime_iso8601": "2023-04-23T21:08:22Z",
        "lastlocalchecktime": "2023-04-23 18:40:11",
        "lastlocalchecktime_iso8601": "2023-04-23T18:40:11Z",
        "clicktimestamp": "2023-04-24 11:38:47",
        "clicktimestamp_iso8601": "2023-04-24T11:38:47Z",
        "clickcount": 80,
        "clicktrend": -4,
        "ssl_error": 0,
        "geo_lat": null,
        "geo_long": null,
        "has_extended_info": false
    },
    {
        "changeuuid": "4e7c69cc-1f39-41d3-910d-923b286f6874",
        "stationuuid": "1045fee8-cba4-47af-91ba-a658420183d2",
        "serveruuid": "560f21d7-fe12-428f-86fe-172cb2aed732",
        "name": "101.0 AZUL POP",
        "url": "https://azulpop.ozelip.com/8006/stream",
        "url_resolved": "https://azulpop.ozelip.com/8006/stream",
        "homepage": "https://azulradyo.com/",
        "favicon": "",
        "tags": "#,#101.1,#101.2,#101.3,#101.4,#101.5,#99.1,#99.2,#99.3,#99.4,#99.5,#99.6,#99.7,#99.8,#99.9,#hits,#pop,#popclasico,#popdance,azeri,balada pop,classic hits,contemporary hits,dance top40,dein top40 radio,dj gilles peterson,dj henri,dj mag top 100 djs,dj mixes,dj remix,dj sets,django,hits,latin pop,lazer media,m\u00fasica pop,m\u00fasica popular mexicana,pop,pop dance,pop music,spanish contemporary hits,top 100,top hits,top40",
        "country": "Azerbaijan",
        "countrycode": "AZ",
        "iso_3166_2": null,
        "state": "Baku",
        "language": "azerbaijani,turkish,turkmen,urdu,uyghur,uzbek",
        "languagecodes": "az,tk,tr,ur,uz",
        "votes": 814,
        "lastchangetime": "2023-02-23 23:49:12",
        "lastchangetime_iso8601": "2023-02-23T23:49:12Z",
        "codec": "MP3",
        "bitrate": 128,
        "hls": 0,
        "lastcheckok": 1,
        "lastchecktime": "2023-04-23 20:58:15",
        "lastchecktime_iso8601": "2023-04-23T20:58:15Z",
        "lastcheckoktime": "2023-04-23 20:58:15",
        "lastcheckoktime_iso8601": "2023-04-23T20:58:15Z",
        "lastlocalchecktime": "2023-04-23 18:55:09",
        "lastlocalchecktime_iso8601": "2023-04-23T18:55:09Z",
        "clicktimestamp": "2023-04-24 11:38:23",
        "clicktimestamp_iso8601": "2023-04-24T11:38:23Z",
        "clickcount": 153,
        "clicktrend": -3,
        "ssl_error": 0,
        "geo_lat": 40.37833940427995,
        "geo_long": 49.82849127380178,
        "has_extended_info": false
    },
    {
        "changeuuid": "fe671cf2-bdd9-40da-be1d-f831ba417f88",
        "stationuuid": "d4bb38a2-af2c-43cf-a984-fa6544e4d7b8",
        "serveruuid": "d691f737-af9a-47a0-b0bf-9950904606f4",
        "name": "105 fm",
        "url": "http://85.132.27.212:8888/azradio?listening-from-radio-radio-garden=1654328466",
        "url_resolved": "http://85.132.27.212:8888/azradio?listening-from-radio-radio-garden=1654328466",
        "homepage": "http://radiogarden/listen/respublika-radiosu-fm-105-0/OkladZbT",
        "favicon": "",
        "tags": "muzik",
        "country": "Azerbaijan",
        "countrycode": "AZ",
        "iso_3166_2": null,
        "state": "",
        "language": "azerbaijani",
        "languagecodes": "az",
        "votes": 710,
        "lastchangetime": "2022-06-04 10:54:37",
        "lastchangetime_iso8601": "2022-06-04T10:54:37Z",
        "codec": "MP3",
        "bitrate": 128,
        "hls": 0,
        "lastcheckok": 1,
        "lastchecktime": "2023-04-24 13:44:51",
        "lastchecktime_iso8601": "2023-04-24T13:44:51Z",
        "lastcheckoktime": "2023-04-24 13:44:51",
        "lastcheckoktime_iso8601": "2023-04-24T13:44:51Z",
        "lastlocalchecktime": "2023-04-24 13:44:51",
        "lastlocalchecktime_iso8601": "2023-04-24T13:44:51Z",
        "clicktimestamp": "2023-04-24 11:38:54",
        "clicktimestamp_iso8601": "2023-04-24T11:38:54Z",
        "clickcount": 66,
        "clicktrend": 0,
        "ssl_error": 0,
        "geo_lat": null,
        "geo_long": null,
        "has_extended_info": false
    },
    {
        "changeuuid": "07bfa851-e849-4823-b2f2-961ccc5fb8b9",
        "stationuuid": "9b825eb6-0fa3-44b8-842d-93f9d8d3986f",
        "serveruuid": "bb33aaea-d41f-45bc-a520-caadf1e2d49d",
        "name": "Anti Radio",
        "url": "https://stream.antiradio.net/radio/8000/mp3",
        "url_resolved": "https://stream.antiradio.net/radio/8000/mp3",
        "homepage": "https://antiradio.net/",
        "favicon": "https://antiradio.net/favicon.ico",
        "tags": "deep house,indie,pop music,rock,trance",
        "country": "Azerbaijan",
        "countrycode": "AZ",
        "iso_3166_2": null,
        "state": "Baku",
        "language": "",
        "languagecodes": "",
        "votes": 280,
        "lastchangetime": "2023-04-16 12:16:07",
        "lastchangetime_iso8601": "2023-04-16T12:16:07Z",
        "codec": "MP3",
        "bitrate": 128,
        "hls": 0,
        "lastcheckok": 1,
        "lastchecktime": "2023-04-24 14:00:55",
        "lastchecktime_iso8601": "2023-04-24T14:00:55Z",
        "lastcheckoktime": "2023-04-24 14:00:55",
        "lastcheckoktime_iso8601": "2023-04-24T14:00:55Z",
        "lastlocalchecktime": "2023-04-24 14:00:55",
        "lastlocalchecktime_iso8601": "2023-04-24T14:00:55Z",
        "clicktimestamp": "2023-04-24 11:38:57",
        "clicktimestamp_iso8601": "2023-04-24T11:38:57Z",
        "clickcount": 56,
        "clicktrend": -3,
        "ssl_error": 0,
        "geo_lat": null,
        "geo_long": null,
        "has_extended_info": false
    },
    {
        "changeuuid": "c5797480-3df4-4c56-ad38-59b2a759e845",
        "stationuuid": "7fcfb6b0-2a30-4276-8f33-211ec24e1119",
        "serveruuid": "a222a4f4-86ca-4f51-b083-f6019265d0e6",
        "name": "Radio Veten",
        "url": "https://cdn2.cloudrad.io/radioveten/0kgkkzanmueuv/source/listen.m3u",
        "url_resolved": "https://cdn2.cloudrad.io/radioveten/0kgkkzanmueuv/source/listen.m3u",
        "homepage": "https://podbox.me/radioveten",
        "favicon": "",
        "tags": "classical,oldies,pop,rap,rock",
        "country": "Azerbaijan",
        "countrycode": "AZ",
        "iso_3166_2": null,
        "state": "Surakhani",
        "language": "azerbaijani",
        "languagecodes": "az",
        "votes": 104,
        "lastchangetime": "2022-03-28 11:00:40",
        "lastchangetime_iso8601": "2022-03-28T11:00:40Z",
        "codec": "UNKNOWN",
        "bitrate": 0,
        "hls": 0,
        "lastcheckok": 1,
        "lastchecktime": "2023-04-24 05:56:57",
        "lastchecktime_iso8601": "2023-04-24T05:56:57Z",
        "lastcheckoktime": "2023-04-24 05:56:57",
        "lastcheckoktime_iso8601": "2023-04-24T05:56:57Z",
        "lastlocalchecktime": "2023-04-23 23:46:53",
        "lastlocalchecktime_iso8601": "2023-04-23T23:46:53Z",
        "clicktimestamp": "2023-04-24 12:44:39",
        "clicktimestamp_iso8601": "2023-04-24T12:44:39Z",
        "clickcount": 68,
        "clicktrend": -3,
        "ssl_error": 0,
        "geo_lat": null,
        "geo_long": null,
        "has_extended_info": false
    },
    {
        "changeuuid": "ea5b3553-0b09-4317-ab03-3839d516f1b9",
        "stationuuid": "3916a021-7c99-43eb-a77b-c43b9316257f",
        "serveruuid": "2f4c5045-134a-4620-acf7-2ed965f28645",
        "name": "AVTO FM",
        "url": "http://5.191.241.101:8000/avtofm",
        "url_resolved": "http://5.191.241.101:8000/avtofm",
        "homepage": "http://avtofm.az/",
        "favicon": "",
        "tags": "classic hits",
        "country": "Azerbaijan",
        "countrycode": "AZ",
        "iso_3166_2": null,
        "state": "",
        "language": "azerbaijani",
        "languagecodes": "az",
        "votes": 152,
        "lastchangetime": "2023-05-21 12:14:11",
        "lastchangetime_iso8601": "2023-05-21T12:14:11Z",
        "codec": "MP3",
        "bitrate": 128,
        "hls": 0,
        "lastcheckok": 1,
        "lastchecktime": "2023-07-09 13:15:02",
        "lastchecktime_iso8601": "2023-07-09T13:15:02Z",
        "lastcheckoktime": "2023-07-09 13:15:02",
        "lastcheckoktime_iso8601": "2023-07-09T13:15:02Z",
        "lastlocalchecktime": "2023-07-08 23:13:09",
        "lastlocalchecktime_iso8601": "2023-07-08T23:13:09Z",
        "clicktimestamp": "2023-07-09 10:16:02",
        "clicktimestamp_iso8601": "2023-07-09T10:16:02Z",
        "clickcount": 70,
        "clicktrend": -4,
        "ssl_error": 0,
        "geo_lat": null,
        "geo_long": null,
        "has_extended_info": false
    },
    {
        "changeuuid": "79e62dad-e637-429c-b77f-cd0d613153d9",
        "stationuuid": "5f5c6cde-0927-4024-b17d-64f8bf9fade9",
        "serveruuid": "6df82124-baaf-40f3-b88b-e72fa9d5f272",
        "name": "Media FM 105.5",
        "url": "http://95.217.196.109:8000/mediafm",
        "url_resolved": "http://95.217.196.109:8000/mediafm",
        "homepage": "http://mediafm.az/",
        "favicon": "",
        "tags": "hits,top hits,top40",
        "country": "Azerbaijan",
        "countrycode": "AZ",
        "iso_3166_2": null,
        "state": "",
        "language": "azerbaijani,russian",
        "languagecodes": "az,ru",
        "votes": 145,
        "lastchangetime": "2023-05-21 12:19:41",
        "lastchangetime_iso8601": "2023-05-21T12:19:41Z",
        "codec": "MP3",
        "bitrate": 320,
        "hls": 0,
        "lastcheckok": 1,
        "lastchecktime": "2023-07-09 13:20:06",
        "lastchecktime_iso8601": "2023-07-09T13:20:06Z",
        "lastcheckoktime": "2023-07-09 13:20:06",
        "lastcheckoktime_iso8601": "2023-07-09T13:20:06Z",
        "lastlocalchecktime": "2023-07-09 05:16:54",
        "lastlocalchecktime_iso8601": "2023-07-09T05:16:54Z",
        "clicktimestamp": "2023-07-08 22:32:18",
        "clicktimestamp_iso8601": "2023-07-08T22:32:18Z",
        "clickcount": 44,
        "clicktrend": 1,
        "ssl_error": 0,
        "geo_lat": null,
        "geo_long": null,
        "has_extended_info": false
    },
    {
        "changeuuid": "b31868b7-3d9b-4e28-87db-94d731e89769",
        "stationuuid": "33e4041e-714d-402a-b7ee-cbdbadee670f",
        "serveruuid": "ff7a697e-1d54-4597-a6e4-4dcaa27d3458",
        "name": "Xezer FM",
        "url": "https://s40.myradiostream.com/:22546/listen.mp3?",
        "url_resolved": "https://s40.myradiostream.com/:22546/listen.mp3?",
        "homepage": "http://xezerfm.az/",
        "favicon": "",
        "tags": "classic hits,hits",
        "country": "Azerbaijan",
        "countrycode": "AZ",
        "iso_3166_2": null,
        "state": "",
        "language": "azerbaijani,russian",
        "languagecodes": "az,ru",
        "votes": 140,
        "lastchangetime": "2023-05-21 12:14:11",
        "lastchangetime_iso8601": "2023-05-21T12:14:11Z",
        "codec": "MP3",
        "bitrate": 192,
        "hls": 0,
        "lastcheckok": 1,
        "lastchecktime": "2023-07-09 13:15:02",
        "lastchecktime_iso8601": "2023-07-09T13:15:02Z",
        "lastcheckoktime": "2023-07-09 13:15:02",
        "lastcheckoktime_iso8601": "2023-07-09T13:15:02Z",
        "lastlocalchecktime": "2023-07-09 07:22:21",
        "lastlocalchecktime_iso8601": "2023-07-09T07:22:21Z",
        "clicktimestamp": "2023-07-08 21:02:35",
        "clicktimestamp_iso8601": "2023-07-08T21:02:35Z",
        "clickcount": 42,
        "clicktrend": -4,
        "ssl_error": 0,
        "geo_lat": null,
        "geo_long": null,
        "has_extended_info": false
    },
    {
        "changeuuid": "63a0f83c-5201-4600-bd20-a50ca20a4b03",
        "stationuuid": "aeb8bc72-b103-46c5-b9dd-4ebbb96af3fb",
        "serveruuid": "18487bf0-3593-47fa-a869-7093a9544eb5",
        "name": "Yurd FM",
        "url": "https://icecast.livetv.az/yurdfm",
        "url_resolved": "https://icecast.livetv.az/yurdfm",
        "homepage": "http://www.yurdfm.az/",
        "favicon": "",
        "tags": "folk music",
        "country": "Azerbaijan",
        "countrycode": "AZ",
        "iso_3166_2": null,
        "state": "",
        "language": "azerbaijani",
        "languagecodes": "az",
        "votes": 118,
        "lastchangetime": "2023-05-21 12:19:41",
        "lastchangetime_iso8601": "2023-05-21T12:19:41Z",
        "codec": "MP3",
        "bitrate": 320,
        "hls": 0,
        "lastcheckok": 1,
        "lastchecktime": "2023-07-09 13:25:08",
        "lastchecktime_iso8601": "2023-07-09T13:25:08Z",
        "lastcheckoktime": "2023-07-09 13:25:08",
        "lastcheckoktime_iso8601": "2023-07-09T13:25:08Z",
        "lastlocalchecktime": "2023-07-09 01:08:07",
        "lastlocalchecktime_iso8601": "2023-07-09T01:08:07Z",
        "clicktimestamp": "2023-07-09 10:55:11",
        "clicktimestamp_iso8601": "2023-07-09T10:55:11Z",
        "clickcount": 55,
        "clicktrend": 1,
        "ssl_error": 0,
        "geo_lat": null,
        "geo_long": null,
        "has_extended_info": false
    },
    {
        "changeuuid": "26b8206b-98f3-497b-8283-952f42c14447",
        "stationuuid": "21198a50-06a2-4691-801e-047f8b4df555",
        "serveruuid": "ce8e3738-edb6-4c88-aef5-760b6fa0bbba",
        "name": "ASAN Radio",
        "url": "https://play.asanradio.az/",
        "url_resolved": "https://play.asanradio.az/",
        "homepage": "http://asanradio.az/",
        "favicon": "",
        "tags": "",
        "country": "Azerbaijan",
        "countrycode": "AZ",
        "iso_3166_2": null,
        "state": "",
        "language": "azerbaijani",
        "languagecodes": "az",
        "votes": 99,
        "lastchangetime": "2023-05-21 12:06:07",
        "lastchangetime_iso8601": "2023-05-21T12:06:07Z",
        "codec": "MP3",
        "bitrate": 112,
        "hls": 0,
        "lastcheckok": 1,
        "lastchecktime": "2023-07-09 13:04:54",
        "lastchecktime_iso8601": "2023-07-09T13:04:54Z",
        "lastcheckoktime": "2023-07-09 13:04:54",
        "lastcheckoktime_iso8601": "2023-07-09T13:04:54Z",
        "lastlocalchecktime": "2023-07-08 21:39:43",
        "lastlocalchecktime_iso8601": "2023-07-08T21:39:43Z",
        "clicktimestamp": "2023-07-08 18:49:05",
        "clicktimestamp_iso8601": "2023-07-08T18:49:05Z",
        "clickcount": 25,
        "clicktrend": 3,
        "ssl_error": 0,
        "geo_lat": null,
        "geo_long": null,
        "has_extended_info": false
    },
    {
        "changeuuid": "1bda64a9-578c-4f1d-a21f-695a23155241",
        "stationuuid": "3c283f1d-ec6b-4d44-9d65-c36a2360edac",
        "serveruuid": "13cf11ce-2f85-41f2-a159-a2e51a18add4",
        "name": "Azad Az\u0259rbaycan radiosu",
        "url": "https://audiostr.atv.az/106.3fm",
        "url_resolved": "https://audiostr.atv.az/106.3fm",
        "homepage": "https://106-3fm.az/",
        "favicon": "https://106-3fm.az/assets/images/logo.png?v=3",
        "tags": "music",
        "country": "Azerbaijan",
        "countrycode": "AZ",
        "iso_3166_2": null,
        "state": "",
        "language": "azerbaijani",
        "languagecodes": "az",
        "votes": 104,
        "lastchangetime": "2023-07-27 17:31:52",
        "lastchangetime_iso8601": "2023-07-27T17:31:52Z",
        "codec": "MP3",
        "bitrate": 128,
        "hls": 0,
        "lastcheckok": 1,
        "lastchecktime": "2023-09-03 07:25:59",
        "lastchecktime_iso8601": "2023-09-03T07:25:59Z",
        "lastcheckoktime": "2023-09-03 07:25:59",
        "lastcheckoktime_iso8601": "2023-09-03T07:25:59Z",
        "lastlocalchecktime": "2023-09-03 07:25:59",
        "lastlocalchecktime_iso8601": "2023-09-03T07:25:59Z",
        "clicktimestamp": "2023-09-03 14:10:04",
        "clicktimestamp_iso8601": "2023-09-03T14:10:04Z",
        "clickcount": 57,
        "clicktrend": -1,
        "ssl_error": 0,
        "geo_lat": null,
        "geo_long": null,
        "has_extended_info": false
    },
    {
        "changeuuid": "1db680d8-3496-4d10-afe5-423c975323bc",
        "stationuuid": "29f72451-9c67-4c81-a413-1ae82ca36ef8",
        "serveruuid": "fb12f2ff-d056-4e64-a0ed-6f985de2c8a9",
        "name": "Nax\u00e7\u0131van Radiosu",
        "url": "http://s33.myradiostream.com:12782/listen.mp3",
        "url_resolved": "http://s33.myradiostream.com:12782/listen.mp3",
        "homepage": "https://radio.ntv.az/",
        "favicon": "https://radio.ntv.az/images/logo.png?v=2",
        "tags": "general,music",
        "country": "Azerbaijan",
        "countrycode": "AZ",
        "iso_3166_2": null,
        "state": "",
        "language": "azerbaijani",
        "languagecodes": "az",
        "votes": 95,
        "lastchangetime": "2023-07-27 10:50:14",
        "lastchangetime_iso8601": "2023-07-27T10:50:14Z",
        "codec": "AAC+",
        "bitrate": 64,
        "hls": 0,
        "lastcheckok": 1,
        "lastchecktime": "2023-09-03 12:24:56",
        "lastchecktime_iso8601": "2023-09-03T12:24:56Z",
        "lastcheckoktime": "2023-09-03 12:24:56",
        "lastcheckoktime_iso8601": "2023-09-03T12:24:56Z",
        "lastlocalchecktime": "2023-09-03 12:24:56",
        "lastlocalchecktime_iso8601": "2023-09-03T12:24:56Z",
        "clicktimestamp": "2023-09-03 14:32:38",
        "clicktimestamp_iso8601": "2023-09-03T14:32:38Z",
        "clickcount": 85,
        "clicktrend": -1,
        "ssl_error": 0,
        "geo_lat": null,
        "geo_long": null,
        "has_extended_info": false
    },
    {
        "changeuuid": "35c4e254-2b67-4086-afaf-ec15aeb238b6",
        "stationuuid": "0fc9aca9-5d39-4fd2-9a01-b843a2e43a59",
        "serveruuid": "454ae35b-ac28-4296-844e-996e6b50f9db",
        "name": "DIMusic Club Azerbaijan \ud83c\udde6\ud83c\uddff ",
        "url": "http://stream1.dimusic.club:11496/live",
        "url_resolved": "http://stream1.dimusic.club:11496/live",
        "homepage": "http://stream1.dimusic.club:11496/live",
        "favicon": "https://firebasestorage.googleapis.com/v0/b/radiogalaxy-580f4.appspot.com/o/images%2FIMG_20230808_204532508.jpg?alt=media&token=fa586af4-98c8-438d-b95e-08a533f36c59",
        "tags": "dance,eurodance,eurohit,europop,pop,pophit",
        "country": "Azerbaijan",
        "countrycode": "AZ",
        "iso_3166_2": null,
        "state": "",
        "language": "english/ espa\u00f1a/ russian /francia /italia",
        "languagecodes": "",
        "votes": 61,
        "lastchangetime": "2023-08-08 17:55:53",
        "lastchangetime_iso8601": "2023-08-08T17:55:53Z",
        "codec": "AAC+",
        "bitrate": 96,
        "hls": 0,
        "lastcheckok": 1,
        "lastchecktime": "2023-09-03 04:59:25",
        "lastchecktime_iso8601": "2023-09-03T04:59:25Z",
        "lastcheckoktime": "2023-09-03 04:59:25",
        "lastcheckoktime_iso8601": "2023-09-03T04:59:25Z",
        "lastlocalchecktime": "2023-09-03 04:59:25",
        "lastlocalchecktime_iso8601": "2023-09-03T04:59:25Z",
        "clicktimestamp": "2023-09-03 08:37:45",
        "clicktimestamp_iso8601": "2023-09-03T08:37:45Z",
        "clickcount": 33,
        "clicktrend": -4,
        "ssl_error": 0,
        "geo_lat": null,
        "geo_long": null,
        "has_extended_info": false
    },
    {
        "changeuuid": "bc814e4c-55ef-45ae-91d3-b201af91b5cb",
        "stationuuid": "638ff6b5-a176-451f-ae89-34fa04d028cb",
        "serveruuid": "bb33aaea-d41f-45bc-a520-caadf1e2d49d",
        "name": "Anti Radio",
        "url": "https://stream.antiradio.net/radio/8000/mp3",
        "url_resolved": "https://stream.antiradio.net/radio/8000/mp3",
        "homepage": "https://antiradio.net/",
        "favicon": "https://antiradio.net/wp-content/uploads/2023/08/cropped-fav-180x180.png",
        "tags": "",
        "country": "Azerbaijan",
        "countrycode": "AZ",
        "iso_3166_2": null,
        "state": "",
        "language": "",
        "languagecodes": "",
        "votes": 38,
        "lastchangetime": "2023-08-31 11:03:01",
        "lastchangetime_iso8601": "2023-08-31T11:03:01Z",
        "codec": "MP3",
        "bitrate": 128,
        "hls": 0,
        "lastcheckok": 1,
        "lastchecktime": "2023-09-03 11:44:22",
        "lastchecktime_iso8601": "2023-09-03T11:44:22Z",
        "lastcheckoktime": "2023-09-03 11:44:22",
        "lastcheckoktime_iso8601": "2023-09-03T11:44:22Z",
        "lastlocalchecktime": "2023-09-03 11:44:22",
        "lastlocalchecktime_iso8601": "2023-09-03T11:44:22Z",
        "clicktimestamp": "2023-09-02 15:55:30",
        "clicktimestamp_iso8601": "2023-09-02T15:55:30Z",
        "clickcount": 30,
        "clicktrend": -3,
        "ssl_error": 0,
        "geo_lat": null,
        "geo_long": null,
        "has_extended_info": false
    },
    {
        "changeuuid": "4e37b987-fa01-4e21-95e3-720ff25e3b8f",
        "stationuuid": "296c5e60-982e-406a-9a26-6d0e199cc97a",
        "serveruuid": "a1bc6572-b153-4c36-b443-024113b7dcd4",
        "name": "Baku Jukebox",
        "url": "http://78.109.52.73:8000/listening-from-radio-garden-1696020096",
        "url_resolved": "http://78.109.52.73:8000/listening-from-radio-garden-1696020096",
        "homepage": "",
        "favicon": "",
        "tags": "pop",
        "country": "Azerbaijan",
        "countrycode": "AZ",
        "iso_3166_2": null,
        "state": "",
        "language": "",
        "languagecodes": "",
        "votes": 48,
        "lastchangetime": "2023-09-29 20:59:55",
        "lastchangetime_iso8601": "2023-09-29T20:59:55Z",
        "codec": "MP3",
        "bitrate": 128,
        "hls": 0,
        "lastcheckok": 1,
        "lastchecktime": "2023-10-20 21:27:12",
        "lastchecktime_iso8601": "2023-10-20T21:27:12Z",
        "lastcheckoktime": "2023-10-20 21:27:12",
        "lastcheckoktime_iso8601": "2023-10-20T21:27:12Z",
        "lastlocalchecktime": "2023-10-20 21:14:26",
        "lastlocalchecktime_iso8601": "2023-10-20T21:14:26Z",
        "clicktimestamp": "2023-10-21 04:21:47",
        "clicktimestamp_iso8601": "2023-10-21T04:21:47Z",
        "clickcount": 50,
        "clicktrend": -4,
        "ssl_error": 0,
        "geo_lat": null,
        "geo_long": null,
        "has_extended_info": false
    },
    {
        "changeuuid": "a3a3cd55-3986-4518-a403-c24387675c65",
        "stationuuid": "ba5f4b63-0cb2-4a26-8640-c96260c6a560",
        "serveruuid": "4c5fc813-81d2-4ed3-b516-8da771f17501",
        "name": "Cipcip",
        "url": "https://stream.zeno.fm/bqrnn6cx868uv",
        "url_resolved": "https://stream-149.zeno.fm/bqrnn6cx868uv?zs=VmE6aIcET0q8N0K-pHC-QQ",
        "homepage": "http://az-muz-tv.bplaced.net/RADIO/RADIO.php?Contry=Azerbaycan",
        "favicon": "",
        "tags": "smooth",
        "country": "Azerbaijan",
        "countrycode": "AZ",
        "iso_3166_2": null,
        "state": "",
        "language": "azerbaijani",
        "languagecodes": "az",
        "votes": 6,
        "lastchangetime": "2023-10-19 12:19:13",
        "lastchangetime_iso8601": "2023-10-19T12:19:13Z",
        "codec": "MP3",
        "bitrate": 0,
        "hls": 0,
        "lastcheckok": 1,
        "lastchecktime": "2023-10-20 12:19:34",
        "lastchecktime_iso8601": "2023-10-20T12:19:34Z",
        "lastcheckoktime": "2023-10-20 12:19:34",
        "lastcheckoktime_iso8601": "2023-10-20T12:19:34Z",
        "lastlocalchecktime": "2023-10-20 12:12:24",
        "lastlocalchecktime_iso8601": "2023-10-20T12:12:24Z",
        "clicktimestamp": "2023-10-21 05:20:15",
        "clicktimestamp_iso8601": "2023-10-21T05:20:15Z",
        "clickcount": 18,
        "clicktrend": -6,
        "ssl_error": 0,
        "geo_lat": 40.37154062589135,
        "geo_long": 49.85395073890687,
        "has_extended_info": false
    }
]