[
    {
        "changeuuid": "640d5fb4-4b8a-4e44-8cb3-9633a1f7fcb9",
        "stationuuid": "9630d09d-0601-11e8-ae97-52543be04c81",
        "serveruuid": "47248af3-c18a-43ab-9138-a45adb5871dd",
        "name": "Slam 101.1 - Haggatt Hall",
        "url": "http://usa4.fastcast4u.com:5006/;",
        "url_resolved": "http://usa4.fastcast4u.com:5006/;",
        "homepage": "http://www.slam101fm.com/",
        "favicon": "",
        "tags": "caribbean music,haggatt hall,reggae,top 40",
        "country": "Barbados",
        "countrycode": "BB",
        "iso_3166_2": null,
        "state": "",
        "language": "english",
        "languagecodes": "en",
        "votes": 1618,
        "lastchangetime": "2022-03-28 09:18:14",
        "lastchangetime_iso8601": "2022-03-28T09:18:14Z",
        "codec": "AAC+",
        "bitrate": 320,
        "hls": 0,
        "lastcheckok": 1,
        "lastchecktime": "2023-04-24 10:58:04",
        "lastchecktime_iso8601": "2023-04-24T10:58:04Z",
        "lastcheckoktime": "2023-04-24 10:58:04",
        "lastcheckoktime_iso8601": "2023-04-24T10:58:04Z",
        "lastlocalchecktime": "2023-04-24 10:58:04",
        "lastlocalchecktime_iso8601": "2023-04-24T10:58:04Z",
        "clicktimestamp": "2023-04-24 13:36:13",
        "clicktimestamp_iso8601": "2023-04-24T13:36:13Z",
        "clickcount": 78,
        "clicktrend": 5,
        "ssl_error": 0,
        "geo_lat": null,
        "geo_long": null,
        "has_extended_info": false
    },
    {
        "changeuuid": "702f084e-609c-425c-a012-616237fe18e2",
        "stationuuid": "96300843-0601-11e8-ae97-52543be04c81",
        "serveruuid": "8ca572e9-10b6-40fb-8e08-022de38c6e12",
        "name": "Y103.3 - Haggatt Hall",
        "url": "http://usa4.fastcast4u.com:5336/;",
        "url_resolved": "http://usa4.fastcast4u.com:5336/;",
        "homepage": "http://www.y103fm.com/",
        "favicon": "http://www.y103fm.com/favicon.ico",
        "tags": "adult contemporary,haggatt hall",
        "country": "Barbados",
        "countrycode": "BB",
        "iso_3166_2": null,
        "state": "",
        "language": "english",
        "languagecodes": "en",
        "votes": 1053,
        "lastchangetime": "2022-03-28 12:06:32",
        "lastchangetime_iso8601": "2022-03-28T12:06:32Z",
        "codec": "AAC+",
        "bitrate": 320,
        "hls": 0,
        "lastcheckok": 1,
        "lastchecktime": "2023-04-24 06:42:29",
        "lastchecktime_iso8601": "2023-04-24T06:42:29Z",
        "lastcheckoktime": "2023-04-24 06:42:29",
        "lastcheckoktime_iso8601": "2023-04-24T06:42:29Z",
        "lastlocalchecktime": "2023-04-23 19:16:03",
        "lastlocalchecktime_iso8601": "2023-04-23T19:16:03Z",
        "clicktimestamp": "2023-04-24 01:43:53",
        "clicktimestamp_iso8601": "2023-04-24T01:43:53Z",
        "clickcount": 31,
        "clicktrend": 1,
        "ssl_error": 0,
        "geo_lat": null,
        "geo_long": null,
        "has_extended_info": false
    },
    {
        "changeuuid": "03d31621-9569-486e-9b5b-0d21ce75bda0",
        "stationuuid": "9486b4cb-7601-11ea-b1cf-52543be04c81",
        "serveruuid": "24d3d9b8-3eb1-4b7b-8435-9bdc19bb0b5d",
        "name": "Capital Media HD 99.3 FM",
        "url": "http://www.surfmusic.de/m3u/capital-media-hd-99-3-fm,19163.m3u",
        "url_resolved": "https://14223.live.streamtheworld.com:443/SP_R3039022_SC",
        "homepage": "https://capitalmediahd.business.site/",
        "favicon": "",
        "tags": "mix",
        "country": "Barbados",
        "countrycode": "BB",
        "iso_3166_2": null,
        "state": "",
        "language": "english",
        "languagecodes": "en",
        "votes": 488,
        "lastchangetime": "2022-03-28 10:32:24",
        "lastchangetime_iso8601": "2022-03-28T10:32:24Z",
        "codec": "AAC+",
        "bitrate": 32,
        "hls": 0,
        "lastcheckok": 1,
        "lastchecktime": "2023-04-24 10:57:16",
        "lastchecktime_iso8601": "2023-04-24T10:57:16Z",
        "lastcheckoktime": "2023-04-24 10:57:16",
        "lastcheckoktime_iso8601": "2023-04-24T10:57:16Z",
        "lastlocalchecktime": "2023-04-23 16:08:22",
        "lastlocalchecktime_iso8601": "2023-04-23T16:08:22Z",
        "clicktimestamp": "2023-04-24 05:49:30",
        "clicktimestamp_iso8601": "2023-04-24T05:49:30Z",
        "clickcount": 27,
        "clicktrend": 2,
        "ssl_error": 0,
        "geo_lat": null,
        "geo_long": null,
        "has_extended_info": false
    },
    {
        "changeuuid": "bd7998d0-b63a-4fe8-bfaf-ab27d88e58ed",
        "stationuuid": "2db8e916-c37a-4510-92f0-cf1a159fc99b",
        "serveruuid": "1c7b135c-8b7a-4909-a705-bc1d64c1df8c",
        "name": "  _ BARBADOS FM",
        "url": "https://canli.arabeskinmerkezi.com/9180/stream",
        "url_resolved": "https://canli.arabeskinmerkezi.com/9180/stream",
        "homepage": "https://www.arabeskinmerkezi.com/",
        "favicon": "",
        "tags": "latin pop,musica,m\u00fasica pop,pop,pop dance,pop music,pop rock",
        "country": "Barbados",
        "countrycode": "BB",
        "iso_3166_2": null,
        "state": "Santa Barbara CA",
        "language": "english",
        "languagecodes": "en",
        "votes": 214,
        "lastchangetime": "2023-02-24 01:53:06",
        "lastchangetime_iso8601": "2023-02-24T01:53:06Z",
        "codec": "MP3",
        "bitrate": 128,
        "hls": 0,
        "lastcheckok": 1,
        "lastchecktime": "2023-04-24 11:32:43",
        "lastchecktime_iso8601": "2023-04-24T11:32:43Z",
        "lastcheckoktime": "2023-04-24 11:32:43",
        "lastcheckoktime_iso8601": "2023-04-24T11:32:43Z",
        "lastlocalchecktime": "2023-04-23 15:13:26",
        "lastlocalchecktime_iso8601": "2023-04-23T15:13:26Z",
        "clicktimestamp": "2023-04-24 12:58:26",
        "clicktimestamp_iso8601": "2023-04-24T12:58:26Z",
        "clickcount": 43,
        "clicktrend": 5,
        "ssl_error": 0,
        "geo_lat": null,
        "geo_long": null,
        "has_extended_info": false
    },
    {
        "changeuuid": "fa2ad306-57de-420b-91fe-f9a6203a015e",
        "stationuuid": "81e67b64-8251-4625-b98a-4b9fdd73c3f8",
        "serveruuid": "de03085d-3c71-4e0a-a830-24854928f1b2",
        "name": "Q100.7 FM",
        "url": "http://108.178.16.190:8000/1007fm.mp3",
        "url_resolved": "http://108.178.16.190:8000/1007fm.mp3",
        "homepage": "https://www.cbc.bb/cbctest/radio/",
        "favicon": "",
        "tags": "",
        "country": "Barbados",
        "countrycode": "BB",
        "iso_3166_2": null,
        "state": "",
        "language": "english",
        "languagecodes": "en",
        "votes": 167,
        "lastchangetime": "2022-09-26 09:26:31",
        "lastchangetime_iso8601": "2022-09-26T09:26:31Z",
        "codec": "MP3",
        "bitrate": 128,
        "hls": 0,
        "lastcheckok": 1,
        "lastchecktime": "2023-04-23 21:03:15",
        "lastchecktime_iso8601": "2023-04-23T21:03:15Z",
        "lastcheckoktime": "2023-04-23 21:03:15",
        "lastcheckoktime_iso8601": "2023-04-23T21:03:15Z",
        "lastlocalchecktime": "2023-04-23 18:40:11",
        "lastlocalchecktime_iso8601": "2023-04-23T18:40:11Z",
        "clicktimestamp": "2023-04-24 07:30:16",
        "clicktimestamp_iso8601": "2023-04-24T07:30:16Z",
        "clickcount": 23,
        "clicktrend": 2,
        "ssl_error": 0,
        "geo_lat": null,
        "geo_long": null,
        "has_extended_info": false
    },
    {
        "changeuuid": "f99c707d-1695-4d92-b39b-86f6a1ca0638",
        "stationuuid": "75f0033b-2794-46e0-aed6-2fb50f6d261c",
        "serveruuid": "9af6e447-bceb-4033-a8b7-21541543a737",
        "name": "101.5 AZUL POP H\u0130TS LOS 40",
        "url": "https://azulpop.ozelip.com:8006/stream",
        "url_resolved": "https://azulpop.ozelip.com:8006/stream",
        "homepage": "https://www.azulradyo.com/",
        "favicon": "",
        "tags": "baladas en espa\u00f1ol,dance,deutschrock,espanol,hits,jazz,pop,top40",
        "country": "Barbados",
        "countrycode": "BB",
        "iso_3166_2": null,
        "state": "Murcia",
        "language": "deutsch fr\u00e4nkisch,english,english uk,french,portugues franc\u00eas,spanish",
        "languagecodes": "en,es,fr",
        "votes": 113,
        "lastchangetime": "2023-02-24 00:19:55",
        "lastchangetime_iso8601": "2023-02-24T00:19:55Z",
        "codec": "MP3",
        "bitrate": 128,
        "hls": 0,
        "lastcheckok": 1,
        "lastchecktime": "2023-04-24 09:56:49",
        "lastchecktime_iso8601": "2023-04-24T09:56:49Z",
        "lastcheckoktime": "2023-04-24 09:56:49",
        "lastcheckoktime_iso8601": "2023-04-24T09:56:49Z",
        "lastlocalchecktime": "2023-04-24 09:56:49",
        "lastlocalchecktime_iso8601": "2023-04-24T09:56:49Z",
        "clicktimestamp": "2023-04-24 07:26:28",
        "clicktimestamp_iso8601": "2023-04-24T07:26:28Z",
        "clickcount": 26,
        "clicktrend": 0,
        "ssl_error": 0,
        "geo_lat": 13.138038272555802,
        "geo_long": -59.55664142543728,
        "has_extended_info": false
    },
    {
        "changeuuid": "46985709-3427-4dea-80c4-62acdc94e6df",
        "stationuuid": "09f7692c-042d-4ab6-b58f-3d268b3bde76",
        "serveruuid": "9720e451-869f-4e27-b8f2-81e140f1bbc8",
        "name": "mid cusub",
        "url": "https://ap02.iqplay.tv:8082/g1/r14iomog/icecast.audio",
        "url_resolved": "https://ap02.iqplay.tv:8082/g1/r14iomog/icecast.audio",
        "homepage": "https://ap02.iqplay.tv:8082/g1/r14iomog/icecast.audio",
        "favicon": "",
        "tags": "ji",
        "country": "Barbados",
        "countrycode": "BB",
        "iso_3166_2": null,
        "state": "",
        "language": "ucr\u00e2nia",
        "languagecodes": "",
        "votes": 86,
        "lastchangetime": "2022-09-28 07:03:54",
        "lastchangetime_iso8601": "2022-09-28T07:03:54Z",
        "codec": "MP3",
        "bitrate": 128,
        "hls": 0,
        "lastcheckok": 1,
        "lastchecktime": "2023-04-23 18:51:43",
        "lastchecktime_iso8601": "2023-04-23T18:51:43Z",
        "lastcheckoktime": "2023-04-23 18:51:43",
        "lastcheckoktime_iso8601": "2023-04-23T18:51:43Z",
        "lastlocalchecktime": "2023-04-23 18:51:43",
        "lastlocalchecktime_iso8601": "2023-04-23T18:51:43Z",
        "clicktimestamp": "2023-04-23 19:21:35",
        "clicktimestamp_iso8601": "2023-04-23T19:21:35Z",
        "clickcount": 12,
        "clicktrend": 1,
        "ssl_error": 0,
        "geo_lat": null,
        "geo_long": null,
        "has_extended_info": false
    },
    {
        "changeuuid": "e6b1af47-41f2-467a-a4b5-742f6d4f8d8f",
        "stationuuid": "a1535eea-eb1b-4d90-bae4-0db357b536e5",
        "serveruuid": "91d0d656-1163-4b2f-83f4-bbbe31dd1e5f",
        "name": "Praise FM (Saint Vincent and the Grenadines)",
        "url": "http://162.244.80.106:11641/live",
        "url_resolved": "http://162.244.80.106:11641/live",
        "homepage": "http://www.praisefmsvg.com/",
        "favicon": "",
        "tags": "",
        "country": "Barbados",
        "countrycode": "BB",
        "iso_3166_2": null,
        "state": "",
        "language": "",
        "languagecodes": "",
        "votes": 3,
        "lastchangetime": "2023-07-03 14:38:05",
        "lastchangetime_iso8601": "2023-07-03T14:38:05Z",
        "codec": "MP3",
        "bitrate": 128,
        "hls": 0,
        "lastcheckok": 1,
        "lastchecktime": "2023-07-08 18:56:12",
        "lastchecktime_iso8601": "2023-07-08T18:56:12Z",
        "lastcheckoktime": "2023-07-08 18:56:12",
        "lastcheckoktime_iso8601": "2023-07-08T18:56:12Z",
        "lastlocalchecktime": "2023-07-08 18:56:12",
        "lastlocalchecktime_iso8601": "2023-07-08T18:56:12Z",
        "clicktimestamp": "2023-07-09 05:41:59",
        "clicktimestamp_iso8601": "2023-07-09T05:41:59Z",
        "clickcount": 11,
        "clicktrend": 2,
        "ssl_error": 0,
        "geo_lat": null,
        "geo_long": null,
        "has_extended_info": false
    },
    {
        "changeuuid": "38ed2a20-7201-44ee-9676-a4bb417173b2",
        "stationuuid": "e35c4879-40e2-4a6a-a9a2-e9acaf8d98ae",
        "serveruuid": "de03085d-3c71-4e0a-a830-24854928f1b2",
        "name": "Q 100.7 FM",
        "url": "http://108.178.16.190:8000/1007fm.mp3",
        "url_resolved": "http://108.178.16.190:8000/1007fm.mp3",
        "homepage": "https://www.facebook.com/Q100.7FM",
        "favicon": "https://www.cbc.bb/cbctest/wp-content/uploads/2022/12/Q-FM-LOGO.jpg",
        "tags": "decades,health,hymns,music,obituaries,oldies,quality,reggae,soca,talk",
        "country": "Barbados",
        "countrycode": "BB",
        "iso_3166_2": null,
        "state": "The Pine",
        "language": "english",
        "languagecodes": "en",
        "votes": 0,
        "lastchangetime": "2023-11-05 04:23:49",
        "lastchangetime_iso8601": "2023-11-05T04:23:49Z",
        "codec": "MP3",
        "bitrate": 128,
        "hls": 0,
        "lastcheckok": 1,
        "lastchecktime": "2023-11-07 04:59:49",
        "lastchecktime_iso8601": "2023-11-07T04:59:49Z",
        "lastcheckoktime": "2023-11-07 04:59:49",
        "lastcheckoktime_iso8601": "2023-11-07T04:59:49Z",
        "lastlocalchecktime": "2023-11-07 02:16:05",
        "lastlocalchecktime_iso8601": "2023-11-07T02:16:05Z",
        "clicktimestamp": "2023-11-07 18:12:29",
        "clicktimestamp_iso8601": "2023-11-07T18:12:29Z",
        "clickcount": 8,
        "clicktrend": 5,
        "ssl_error": 0,
        "geo_lat": null,
        "geo_long": null,
        "has_extended_info": false
    },
    {
        "changeuuid": "85fdad15-1fe7-481c-acbc-e76a9989d57a",
        "stationuuid": "9c863a9c-e941-44a9-aec0-c54a2c430955",
        "serveruuid": "1619b819-ce00-4556-8ce1-a2454ffe7487",
        "name": "VOB 92.9 FM",
        "url": "https://ice66.securenetsystems.net/VOB929.m3u",
        "url_resolved": "https://ice66.securenetsystems.net:80/VOB929",
        "homepage": "https://vob929.com/",
        "favicon": "https://cdn-profiles.tunein.com/s16653/images/logog.png?t=1",
        "tags": "call-in,calypso,news,soca,talk",
        "country": "Barbados",
        "countrycode": "BB",
        "iso_3166_2": null,
        "state": "",
        "language": "english",
        "languagecodes": "en",
        "votes": 0,
        "lastchangetime": "2023-11-05 04:12:22",
        "lastchangetime_iso8601": "2023-11-05T04:12:22Z",
        "codec": "AAC+",
        "bitrate": 48,
        "hls": 0,
        "lastcheckok": 1,
        "lastchecktime": "2023-11-07 05:06:03",
        "lastchecktime_iso8601": "2023-11-07T05:06:03Z",
        "lastcheckoktime": "2023-11-07 05:06:03",
        "lastcheckoktime_iso8601": "2023-11-07T05:06:03Z",
        "lastlocalchecktime": "2023-11-07 03:05:03",
        "lastlocalchecktime_iso8601": "2023-11-07T03:05:03Z",
        "clicktimestamp": "2023-11-07 18:12:25",
        "clicktimestamp_iso8601": "2023-11-07T18:12:25Z",
        "clickcount": 8,
        "clicktrend": 3,
        "ssl_error": 0,
        "geo_lat": null,
        "geo_long": null,
        "has_extended_info": false
    },
    {
        "changeuuid": "72c1d855-bfb3-4b98-a952-5e973effd790",
        "stationuuid": "bec5f16b-3157-4b5f-a346-1c464f01acc8",
        "serveruuid": "de03085d-3c71-4e0a-a830-24854928f1b2",
        "name": "CBC 94.7 FM",
        "url": "http://108.178.16.190:8000/947fm.mp3",
        "url_resolved": "http://108.178.16.190:8000/947fm.mp3",
        "homepage": "https://www.facebook.com/CBC947",
        "favicon": "https://www.cbc.bb/cbctest/wp-content/uploads/2022/12/CBC-94-7-FM.jpg",
        "tags": "music,news",
        "country": "Barbados",
        "countrycode": "BB",
        "iso_3166_2": null,
        "state": "The Pine",
        "language": "english",
        "languagecodes": "en",
        "votes": 0,
        "lastchangetime": "2023-11-06 04:20:33",
        "lastchangetime_iso8601": "2023-11-06T04:20:33Z",
        "codec": "MP3",
        "bitrate": 128,
        "hls": 0,
        "lastcheckok": 1,
        "lastchecktime": "2023-11-07 04:26:59",
        "lastchecktime_iso8601": "2023-11-07T04:26:59Z",
        "lastcheckoktime": "2023-11-07 04:26:59",
        "lastcheckoktime_iso8601": "2023-11-07T04:26:59Z",
        "lastlocalchecktime": "2023-11-07 03:25:55",
        "lastlocalchecktime_iso8601": "2023-11-07T03:25:55Z",
        "clicktimestamp": "2023-11-07 18:12:16",
        "clicktimestamp_iso8601": "2023-11-07T18:12:16Z",
        "clickcount": 4,
        "clicktrend": 0,
        "ssl_error": 0,
        "geo_lat": null,
        "geo_long": null,
        "has_extended_info": false
    },
    {
        "changeuuid": "7bdcacf3-c7cb-43a0-a2ac-7a2a1cf91f42",
        "stationuuid": "447f08af-85b4-435b-87d8-49446ea0ddb7",
        "serveruuid": "de03085d-3c71-4e0a-a830-24854928f1b2",
        "name": "The One 98.1 FM",
        "url": "http://108.178.16.190:8000/981fm.mp3",
        "url_resolved": "http://108.178.16.190:8000/981fm.mp3",
        "homepage": "https://www.facebook.com/981Barbados",
        "favicon": "https://encrypted-tbn0.gstatic.com/images?q=tbn:ANd9GcQWtrGXShMiG0YsCeFvru4vDegftq8XhzC_8g&usqp=CAU",
        "tags": "caribbean,drive time,music,youth",
        "country": "Barbados",
        "countrycode": "BB",
        "iso_3166_2": null,
        "state": "The Pine",
        "language": "english",
        "languagecodes": "en",
        "votes": 0,
        "lastchangetime": "2023-11-06 04:20:33",
        "lastchangetime_iso8601": "2023-11-06T04:20:33Z",
        "codec": "MP3",
        "bitrate": 128,
        "hls": 0,
        "lastcheckok": 1,
        "lastchecktime": "2023-11-07 04:26:59",
        "lastchecktime_iso8601": "2023-11-07T04:26:59Z",
        "lastcheckoktime": "2023-11-07 04:26:59",
        "lastcheckoktime_iso8601": "2023-11-07T04:26:59Z",
        "lastlocalchecktime": "2023-11-07 03:44:56",
        "lastlocalchecktime_iso8601": "2023-11-07T03:44:56Z",
        "clicktimestamp": "2023-11-07 18:12:22",
        "clicktimestamp_iso8601": "2023-11-07T18:12:22Z",
        "clickcount": 5,
        "clicktrend": -3,
        "ssl_error": 0,
        "geo_lat": null,
        "geo_long": null,
        "has_extended_info": false
    }
]