[
    {
        "changeuuid": "39d47eb5-f3fb-4f88-b065-e6e73bf6bcf8",
        "stationuuid": "495af049-1c27-4ed5-9966-eb39768d6fe3",
        "serveruuid": "e79e8e8e-7800-46f1-b474-fa8e65393106",
        "name": "Dhaka 88.8 FM",
        "url": "http://as3.digitalsynapsebd.com:8263/;",
        "url_resolved": "http://as3.digitalsynapsebd.com:8263/;",
        "homepage": "http://www.betar.gov.bd/",
        "favicon": "https://upload.wikimedia.org/wikipedia/en/0/00/Bangladesh-betar-logo.jpg",
        "tags": "bangla",
        "country": "Bangladesh",
        "countrycode": "BD",
        "iso_3166_2": null,
        "state": "",
        "language": "bengali",
        "languagecodes": "bn",
        "votes": 25515,
        "lastchangetime": "2022-03-28 12:23:33",
        "lastchangetime_iso8601": "2022-03-28T12:23:33Z",
        "codec": "MP3",
        "bitrate": 32,
        "hls": 0,
        "lastcheckok": 1,
        "lastchecktime": "2023-04-24 06:52:36",
        "lastchecktime_iso8601": "2023-04-24T06:52:36Z",
        "lastcheckoktime": "2023-04-24 06:52:36",
        "lastcheckoktime_iso8601": "2023-04-24T06:52:36Z",
        "lastlocalchecktime": "2023-04-23 21:36:08",
        "lastlocalchecktime_iso8601": "2023-04-23T21:36:08Z",
        "clicktimestamp": "2023-04-24 13:51:15",
        "clicktimestamp_iso8601": "2023-04-24T13:51:15Z",
        "clickcount": 879,
        "clicktrend": 13,
        "ssl_error": 0,
        "geo_lat": null,
        "geo_long": null,
        "has_extended_info": false
    },
    {
        "changeuuid": "79c52df6-15ce-482b-938e-3deb656dea04",
        "stationuuid": "961143fc-0601-11e8-ae97-52543be04c81",
        "serveruuid": "23276231-93df-4762-9c52-ff3c0a3b1c3a",
        "name": "Radio Foorti",
        "url": "http://119.148.23.88:1021/",
        "url_resolved": "http://119.148.23.88:1021/",
        "homepage": "http://www.radiofoorti.fm/",
        "favicon": "http://www.radiofoorti.fm/images/smallest.png",
        "tags": "bangla",
        "country": "Bangladesh",
        "countrycode": "BD",
        "iso_3166_2": null,
        "state": "Dhaka",
        "language": "bengali",
        "languagecodes": "bn",
        "votes": 19687,
        "lastchangetime": "2023-03-30 04:26:29",
        "lastchangetime_iso8601": "2023-03-30T04:26:29Z",
        "codec": "MP3",
        "bitrate": 96,
        "hls": 0,
        "lastcheckok": 1,
        "lastchecktime": "2023-04-24 10:45:23",
        "lastchecktime_iso8601": "2023-04-24T10:45:23Z",
        "lastcheckoktime": "2023-04-24 10:45:23",
        "lastcheckoktime_iso8601": "2023-04-24T10:45:23Z",
        "lastlocalchecktime": "2023-04-23 21:01:57",
        "lastlocalchecktime_iso8601": "2023-04-23T21:01:57Z",
        "clicktimestamp": "2023-04-24 13:51:37",
        "clicktimestamp_iso8601": "2023-04-24T13:51:37Z",
        "clickcount": 507,
        "clicktrend": 17,
        "ssl_error": 0,
        "geo_lat": null,
        "geo_long": null,
        "has_extended_info": false
    },
    {
        "changeuuid": "694ae055-0203-4aa1-9a72-e74ddae1da74",
        "stationuuid": "2344442c-19bd-44a6-9455-6e80f3eaca70",
        "serveruuid": "edfa62d7-1f15-48e7-a82c-e58b7535fc00",
        "name": "BBC Bangla",
        "url": "https://stream.live.vc.bbcmedia.co.uk/bbc_bangla_radio",
        "url_resolved": "https://stream.live.vc.bbcmedia.co.uk/bbc_bangla_radio",
        "homepage": "http://www.bbc.com/bengali/",
        "favicon": "https://static.files.bbci.co.uk/ws/simorgh-assets/public/bengali/images/icons/icon-128x128.png",
        "tags": "bangla news",
        "country": "Bangladesh",
        "countrycode": "BD",
        "iso_3166_2": null,
        "state": "",
        "language": "bengali",
        "languagecodes": "bn",
        "votes": 15240,
        "lastchangetime": "2022-09-01 07:41:59",
        "lastchangetime_iso8601": "2022-09-01T07:41:59Z",
        "codec": "MP3",
        "bitrate": 56,
        "hls": 0,
        "lastcheckok": 1,
        "lastchecktime": "2023-04-24 13:20:17",
        "lastchecktime_iso8601": "2023-04-24T13:20:17Z",
        "lastcheckoktime": "2023-04-24 13:20:17",
        "lastcheckoktime_iso8601": "2023-04-24T13:20:17Z",
        "lastlocalchecktime": "2023-04-23 14:25:47",
        "lastlocalchecktime_iso8601": "2023-04-23T14:25:47Z",
        "clicktimestamp": "2023-04-24 13:33:15",
        "clicktimestamp_iso8601": "2023-04-24T13:33:15Z",
        "clickcount": 396,
        "clicktrend": 18,
        "ssl_error": 0,
        "geo_lat": null,
        "geo_long": null,
        "has_extended_info": false
    },
    {
        "changeuuid": "e557d5fb-76d2-4929-803f-afa17fa2b19c",
        "stationuuid": "4743e3b9-5dfc-4501-a142-471e100f1b99",
        "serveruuid": "d8552d98-9c06-41ff-be82-b37efc5cb233",
        "name": "Jago FM 94.4",
        "url": "http://128.199.184.111:12496/stream",
        "url_resolved": "http://128.199.184.111:12496/stream",
        "homepage": "http://www.jago.fm/",
        "favicon": "",
        "tags": "bangla",
        "country": "Bangladesh",
        "countrycode": "BD",
        "iso_3166_2": null,
        "state": "",
        "language": "bengali",
        "languagecodes": "bn",
        "votes": 14427,
        "lastchangetime": "2022-03-28 14:19:47",
        "lastchangetime_iso8601": "2022-03-28T14:19:47Z",
        "codec": "MP3",
        "bitrate": 96,
        "hls": 0,
        "lastcheckok": 1,
        "lastchecktime": "2023-04-24 13:17:38",
        "lastchecktime_iso8601": "2023-04-24T13:17:38Z",
        "lastcheckoktime": "2023-04-24 13:17:38",
        "lastcheckoktime_iso8601": "2023-04-24T13:17:38Z",
        "lastlocalchecktime": "2023-04-24 13:17:38",
        "lastlocalchecktime_iso8601": "2023-04-24T13:17:38Z",
        "clicktimestamp": "2023-04-24 13:33:20",
        "clicktimestamp_iso8601": "2023-04-24T13:33:20Z",
        "clickcount": 428,
        "clicktrend": 12,
        "ssl_error": 0,
        "geo_lat": null,
        "geo_long": null,
        "has_extended_info": false
    },
    {
        "changeuuid": "25ee1827-a5d1-4d82-b2fe-1f4bc1d5b8a0",
        "stationuuid": "cfa94975-c5db-4f13-a848-2760c2a60fc4",
        "serveruuid": "5b91247d-6f35-4e70-a21d-0b593322299b",
        "name": "Dhaka FM 90.4",
        "url": "http://stream.zenolive.com/ay4pqkk604zuv",
        "url_resolved": "http://stream-051.zeno.fm/ay4pqkk604zuv?zs=H-XsVL8pTZqzxjiM7fMDSA",
        "homepage": "http://dhakafm904.com/",
        "favicon": "http://dhakafm904.com/assets/images/logo.png",
        "tags": "bangla",
        "country": "Bangladesh",
        "countrycode": "BD",
        "iso_3166_2": null,
        "state": "",
        "language": "bengali",
        "languagecodes": "bn",
        "votes": 12874,
        "lastchangetime": "2022-08-09 03:43:55",
        "lastchangetime_iso8601": "2022-08-09T03:43:55Z",
        "codec": "MP3",
        "bitrate": 0,
        "hls": 0,
        "lastcheckok": 1,
        "lastchecktime": "2023-04-24 01:22:43",
        "lastchecktime_iso8601": "2023-04-24T01:22:43Z",
        "lastcheckoktime": "2023-04-24 01:22:43",
        "lastcheckoktime_iso8601": "2023-04-24T01:22:43Z",
        "lastlocalchecktime": "2023-04-23 20:42:51",
        "lastlocalchecktime_iso8601": "2023-04-23T20:42:51Z",
        "clicktimestamp": "2023-04-24 13:51:20",
        "clicktimestamp_iso8601": "2023-04-24T13:51:20Z",
        "clickcount": 428,
        "clicktrend": 4,
        "ssl_error": 0,
        "geo_lat": null,
        "geo_long": null,
        "has_extended_info": false
    },
    {
        "changeuuid": "92a07f71-fd4d-4cf4-8380-530c1f863033",
        "stationuuid": "9647876b-0601-11e8-ae97-52543be04c81",
        "serveruuid": "15ecc9e4-af0e-4eff-93d3-649c491275b9",
        "name": "Radio Ambar",
        "url": "http://118.179.215.45:8000/;stream/1",
        "url_resolved": "http://118.179.215.45:8000/;stream/1",
        "homepage": "http://www.wikipedia.org/",
        "favicon": "https://lh3.googleusercontent.com/qZBSZEnWLuTYAiF3S_njiNtSV0zoRV0Q0iYUX9qTJrfh7ZQFI20v_S63zEu0v0SDkRY=w300",
        "tags": "bangla",
        "country": "Bangladesh",
        "countrycode": "BD",
        "iso_3166_2": null,
        "state": "",
        "language": "bengali",
        "languagecodes": "bn",
        "votes": 12311,
        "lastchangetime": "2022-03-28 12:23:33",
        "lastchangetime_iso8601": "2022-03-28T12:23:33Z",
        "codec": "MP3",
        "bitrate": 64,
        "hls": 0,
        "lastcheckok": 1,
        "lastchecktime": "2023-04-24 13:00:41",
        "lastchecktime_iso8601": "2023-04-24T13:00:41Z",
        "lastcheckoktime": "2023-04-24 13:00:41",
        "lastcheckoktime_iso8601": "2023-04-24T13:00:41Z",
        "lastlocalchecktime": "2023-04-23 14:31:56",
        "lastlocalchecktime_iso8601": "2023-04-23T14:31:56Z",
        "clicktimestamp": "2023-04-24 13:33:34",
        "clicktimestamp_iso8601": "2023-04-24T13:33:34Z",
        "clickcount": 326,
        "clicktrend": 0,
        "ssl_error": 0,
        "geo_lat": null,
        "geo_long": null,
        "has_extended_info": false
    },
    {
        "changeuuid": "adeb1c87-beac-4879-931f-9bea03ce41e4",
        "stationuuid": "a38714a0-61ea-47be-b0f9-92e5ef7cd527",
        "serveruuid": "2ba7510b-5687-48ea-90a4-960a495eadd8",
        "name": "Dhaka Kha 630KHz",
        "url": "http://as2.digitalsynapsebd.com:8741/;",
        "url_resolved": "http://as2.digitalsynapsebd.com:8741/;",
        "homepage": "http://www.betar.gov.bd/",
        "favicon": "https://upload.wikimedia.org/wikipedia/en/0/00/Bangladesh-betar-logo.jpg",
        "tags": "bangla",
        "country": "Bangladesh",
        "countrycode": "BD",
        "iso_3166_2": null,
        "state": "",
        "language": "bengali",
        "languagecodes": "bn",
        "votes": 10236,
        "lastchangetime": "2022-03-28 10:48:36",
        "lastchangetime_iso8601": "2022-03-28T10:48:36Z",
        "codec": "MP3",
        "bitrate": 32,
        "hls": 0,
        "lastcheckok": 1,
        "lastchecktime": "2023-04-24 03:13:57",
        "lastchecktime_iso8601": "2023-04-24T03:13:57Z",
        "lastcheckoktime": "2023-04-24 03:13:57",
        "lastcheckoktime_iso8601": "2023-04-24T03:13:57Z",
        "lastlocalchecktime": "2023-04-23 19:22:33",
        "lastlocalchecktime_iso8601": "2023-04-23T19:22:33Z",
        "clicktimestamp": "2023-04-24 13:33:37",
        "clicktimestamp_iso8601": "2023-04-24T13:33:37Z",
        "clickcount": 292,
        "clicktrend": 14,
        "ssl_error": 0,
        "geo_lat": null,
        "geo_long": null,
        "has_extended_info": false
    },
    {
        "changeuuid": "e71e343d-bfd0-4a7b-9361-1d873baf6cdc",
        "stationuuid": "89e6e8b9-0884-4e8c-9f2d-6f24b7abffed",
        "serveruuid": "e860470a-4468-4d6d-be49-d514851c3ebe",
        "name": "Khulna FM 88.8MHz",
        "url": "http://as2.digitalsynapsebd.com:9252/;",
        "url_resolved": "http://as2.digitalsynapsebd.com:9252/;",
        "homepage": "http://www.betar.gov.bd/",
        "favicon": "https://upload.wikimedia.org/wikipedia/en/0/00/Bangladesh-betar-logo.jpg",
        "tags": "bangla",
        "country": "Bangladesh",
        "countrycode": "BD",
        "iso_3166_2": null,
        "state": "",
        "language": "bengali",
        "languagecodes": "bn",
        "votes": 8447,
        "lastchangetime": "2022-03-28 11:06:36",
        "lastchangetime_iso8601": "2022-03-28T11:06:36Z",
        "codec": "MP3",
        "bitrate": 32,
        "hls": 0,
        "lastcheckok": 1,
        "lastchecktime": "2023-04-24 09:23:17",
        "lastchecktime_iso8601": "2023-04-24T09:23:17Z",
        "lastcheckoktime": "2023-04-24 09:23:17",
        "lastcheckoktime_iso8601": "2023-04-24T09:23:17Z",
        "lastlocalchecktime": "2023-04-23 19:55:36",
        "lastlocalchecktime_iso8601": "2023-04-23T19:55:36Z",
        "clicktimestamp": "2023-04-24 13:51:45",
        "clicktimestamp_iso8601": "2023-04-24T13:51:45Z",
        "clickcount": 253,
        "clicktrend": 11,
        "ssl_error": 0,
        "geo_lat": null,
        "geo_long": null,
        "has_extended_info": false
    },
    {
        "changeuuid": "45690afd-75b8-4cac-a470-b4a56e0771b8",
        "stationuuid": "b0d9cd66-0d9e-4c13-99b3-b02eb3cd7241",
        "serveruuid": "7f835376-a690-4b6c-ba2e-2a865e9a4dc7",
        "name": "Capital FM 94.8",
        "url": "http://stream.zenolive.com/4nzaapqw34zuv",
        "url_resolved": "http://stream-064.zeno.fm/4nzaapqw34zuv?zs=_8cvuh1DQJC_InSHXNexhA",
        "homepage": "https://www.radiocapital.fm/",
        "favicon": "",
        "tags": "bangla",
        "country": "Bangladesh",
        "countrycode": "BD",
        "iso_3166_2": null,
        "state": "",
        "language": "bengali",
        "languagecodes": "bn",
        "votes": 7102,
        "lastchangetime": "2022-04-06 13:01:07",
        "lastchangetime_iso8601": "2022-04-06T13:01:07Z",
        "codec": "MP3",
        "bitrate": 0,
        "hls": 0,
        "lastcheckok": 1,
        "lastchecktime": "2023-04-24 01:32:45",
        "lastchecktime_iso8601": "2023-04-24T01:32:45Z",
        "lastcheckoktime": "2023-04-24 01:32:45",
        "lastcheckoktime_iso8601": "2023-04-24T01:32:45Z",
        "lastlocalchecktime": "2023-04-23 16:53:37",
        "lastlocalchecktime_iso8601": "2023-04-23T16:53:37Z",
        "clicktimestamp": "2023-04-24 13:33:44",
        "clicktimestamp_iso8601": "2023-04-24T13:33:44Z",
        "clickcount": 223,
        "clicktrend": 14,
        "ssl_error": 0,
        "geo_lat": null,
        "geo_long": null,
        "has_extended_info": false
    },
    {
        "changeuuid": "eb95cc50-7093-4e53-a64c-079b9a5e672f",
        "stationuuid": "c6428c62-75d9-11ea-b1cf-52543be04c81",
        "serveruuid": "fa2736c4-e570-430e-bb8b-a9330b0b15a2",
        "name": "AL-QURAN BANGLA",
        "url": "http://66.45.232.131:9994/;stream/1/;",
        "url_resolved": "http://66.45.232.131:9994/;stream/1/;",
        "homepage": "https://www.liveonlineradio.net/bangla/bangla-al-quran.htm",
        "favicon": "",
        "tags": "",
        "country": "Bangladesh",
        "countrycode": "BD",
        "iso_3166_2": null,
        "state": "",
        "language": "bengali",
        "languagecodes": "bn",
        "votes": 6494,
        "lastchangetime": "2022-03-28 08:57:38",
        "lastchangetime_iso8601": "2022-03-28T08:57:38Z",
        "codec": "MP3",
        "bitrate": 128,
        "hls": 0,
        "lastcheckok": 1,
        "lastchecktime": "2023-04-24 01:02:36",
        "lastchecktime_iso8601": "2023-04-24T01:02:36Z",
        "lastcheckoktime": "2023-04-24 01:02:36",
        "lastcheckoktime_iso8601": "2023-04-24T01:02:36Z",
        "lastlocalchecktime": "2023-04-23 21:31:51",
        "lastlocalchecktime_iso8601": "2023-04-23T21:31:51Z",
        "clicktimestamp": "2023-04-24 09:39:02",
        "clicktimestamp_iso8601": "2023-04-24T09:39:02Z",
        "clickcount": 199,
        "clicktrend": 6,
        "ssl_error": 0,
        "geo_lat": null,
        "geo_long": null,
        "has_extended_info": false
    },
    {
        "changeuuid": "c49ceb7c-19c8-4eed-a969-537570ffde57",
        "stationuuid": "11b85ff9-c82e-4128-909f-8cf3eb81995a",
        "serveruuid": "7c592631-aff5-4fd9-8376-4ad349f0567c",
        "name": "Radio Foorti 88.0FM",
        "url": "http://stream.zenolive.com/f0bfdk2w34zuv",
        "url_resolved": "http://stream-009.zeno.fm/f0bfdk2w34zuv?zs=CLOBEetLRIuEEmVdSwHHcA",
        "homepage": "http://www.radiofoorti.fm/",
        "favicon": "http://www.radiofoorti.fm/images/smallest.png",
        "tags": "bangla",
        "country": "Bangladesh",
        "countrycode": "BD",
        "iso_3166_2": null,
        "state": "",
        "language": "bengali",
        "languagecodes": "bn",
        "votes": 5965,
        "lastchangetime": "2023-03-29 18:53:19",
        "lastchangetime_iso8601": "2023-03-29T18:53:19Z",
        "codec": "MP3",
        "bitrate": 0,
        "hls": 0,
        "lastcheckok": 1,
        "lastchecktime": "2023-04-24 10:57:16",
        "lastchecktime_iso8601": "2023-04-24T10:57:16Z",
        "lastcheckoktime": "2023-04-24 10:57:16",
        "lastcheckoktime_iso8601": "2023-04-24T10:57:16Z",
        "lastlocalchecktime": "2023-04-23 21:49:50",
        "lastlocalchecktime_iso8601": "2023-04-23T21:49:50Z",
        "clicktimestamp": "2023-04-24 13:51:54",
        "clicktimestamp_iso8601": "2023-04-24T13:51:54Z",
        "clickcount": 202,
        "clicktrend": 5,
        "ssl_error": 0,
        "geo_lat": null,
        "geo_long": null,
        "has_extended_info": false
    },
    {
        "changeuuid": "14253a25-b26b-4eec-bc69-2c07b0ee9bd8",
        "stationuuid": "42135588-75d9-11ea-b1cf-52543be04c81",
        "serveruuid": "fa2736c4-e570-430e-bb8b-a9330b0b15a2",
        "name": "AL-QURAN BANGLA",
        "url": "http://66.45.232.131:9994/",
        "url_resolved": "http://66.45.232.131:9994/",
        "homepage": "https://www.liveonlineradio.net/bangla/bangla-al-quran.htm",
        "favicon": "https://www.liveonlineradio.net/wp-content/uploads/2011/08/bangla-al-quran-1.jpg",
        "tags": "",
        "country": "Bangladesh",
        "countrycode": "BD",
        "iso_3166_2": null,
        "state": "",
        "language": "bengali",
        "languagecodes": "bn",
        "votes": 4842,
        "lastchangetime": "2022-03-28 14:50:28",
        "lastchangetime_iso8601": "2022-03-28T14:50:28Z",
        "codec": "MP3",
        "bitrate": 128,
        "hls": 0,
        "lastcheckok": 1,
        "lastchecktime": "2023-04-24 13:26:31",
        "lastchecktime_iso8601": "2023-04-24T13:26:31Z",
        "lastcheckoktime": "2023-04-24 13:26:31",
        "lastcheckoktime_iso8601": "2023-04-24T13:26:31Z",
        "lastlocalchecktime": "2023-04-23 22:30:08",
        "lastlocalchecktime_iso8601": "2023-04-23T22:30:08Z",
        "clicktimestamp": "2023-04-24 13:40:31",
        "clicktimestamp_iso8601": "2023-04-24T13:40:31Z",
        "clickcount": 177,
        "clicktrend": 6,
        "ssl_error": 0,
        "geo_lat": null,
        "geo_long": null,
        "has_extended_info": false
    },
    {
        "changeuuid": "6241b4a2-6dcf-4817-b84e-15881c893cfc",
        "stationuuid": "e822448a-6190-4729-9edc-1b43d0ac9322",
        "serveruuid": "5f0f5aa1-312e-4211-a202-c80b6e2f291c",
        "name": "Chattogram FM 88.8MHz",
        "url": "http://as2.digitalsynapsebd.com:9236/;",
        "url_resolved": "http://as2.digitalsynapsebd.com:9236/;",
        "homepage": "http://www.betar.gov.bd/",
        "favicon": "https://upload.wikimedia.org/wikipedia/en/0/00/Bangladesh-betar-logo.jpg",
        "tags": "bangla",
        "country": "Bangladesh",
        "countrycode": "BD",
        "iso_3166_2": null,
        "state": "",
        "language": "bengali",
        "languagecodes": "bn",
        "votes": 4765,
        "lastchangetime": "2022-03-28 10:43:36",
        "lastchangetime_iso8601": "2022-03-28T10:43:36Z",
        "codec": "MP3",
        "bitrate": 48,
        "hls": 0,
        "lastcheckok": 1,
        "lastchecktime": "2023-04-24 08:13:40",
        "lastchecktime_iso8601": "2023-04-24T08:13:40Z",
        "lastcheckoktime": "2023-04-24 08:13:40",
        "lastcheckoktime_iso8601": "2023-04-24T08:13:40Z",
        "lastlocalchecktime": "2023-04-23 15:50:23",
        "lastlocalchecktime_iso8601": "2023-04-23T15:50:23Z",
        "clicktimestamp": "2023-04-24 13:52:02",
        "clicktimestamp_iso8601": "2023-04-24T13:52:02Z",
        "clickcount": 175,
        "clicktrend": -1,
        "ssl_error": 0,
        "geo_lat": null,
        "geo_long": null,
        "has_extended_info": false
    },
    {
        "changeuuid": "abdfc261-80cf-410d-a121-ee3aa1ce05b8",
        "stationuuid": "e782e1da-77ba-4b5b-9090-eb5fa0d6606a",
        "serveruuid": "42111a8c-86bc-4e42-8fbf-89d891f51704",
        "name": "Radio Padma 99.2 FM",
        "url": "http://radiopadmabd.radioca.st:9109/radiopadma",
        "url_resolved": "http://radiopadmabd.radioca.st:9109/radiopadma",
        "homepage": "https://www.radiopadma.fm/",
        "favicon": "https://radiopadma.com/wp-content/uploads/2022/07/rajsahi-150x150.png",
        "tags": "bangla",
        "country": "Bangladesh",
        "countrycode": "BD",
        "iso_3166_2": null,
        "state": "",
        "language": "bengali",
        "languagecodes": "bn",
        "votes": 4762,
        "lastchangetime": "2023-04-10 11:59:21",
        "lastchangetime_iso8601": "2023-04-10T11:59:21Z",
        "codec": "MP3",
        "bitrate": 96,
        "hls": 0,
        "lastcheckok": 1,
        "lastchecktime": "2023-04-24 09:45:54",
        "lastchecktime_iso8601": "2023-04-24T09:45:54Z",
        "lastcheckoktime": "2023-04-24 09:45:54",
        "lastcheckoktime_iso8601": "2023-04-24T09:45:54Z",
        "lastlocalchecktime": "2023-04-23 14:10:20",
        "lastlocalchecktime_iso8601": "2023-04-23T14:10:20Z",
        "clicktimestamp": "2023-04-24 11:18:58",
        "clicktimestamp_iso8601": "2023-04-24T11:18:58Z",
        "clickcount": 167,
        "clicktrend": 6,
        "ssl_error": 0,
        "geo_lat": null,
        "geo_long": null,
        "has_extended_info": false
    },
    {
        "changeuuid": "324646a0-73a4-412f-827d-201926f8d845",
        "stationuuid": "592659c0-95ea-4190-ac84-a5b9b47e1ac3",
        "serveruuid": "023c9cde-6c96-4bf1-af73-81734c1f9eac",
        "name": "Dhaka Ka 693KHz",
        "url": "http://as3.digitalsynapsebd.com:8582/;",
        "url_resolved": "http://as3.digitalsynapsebd.com:8582/;",
        "homepage": "http://www.betar.gov.bd/",
        "favicon": "",
        "tags": "bangla",
        "country": "Bangladesh",
        "countrycode": "BD",
        "iso_3166_2": null,
        "state": "",
        "language": "bengali",
        "languagecodes": "bn",
        "votes": 4483,
        "lastchangetime": "2022-09-02 01:29:46",
        "lastchangetime_iso8601": "2022-09-02T01:29:46Z",
        "codec": "MP3",
        "bitrate": 16,
        "hls": 0,
        "lastcheckok": 1,
        "lastchecktime": "2023-04-24 12:54:15",
        "lastchecktime_iso8601": "2023-04-24T12:54:15Z",
        "lastcheckoktime": "2023-04-24 12:54:15",
        "lastcheckoktime_iso8601": "2023-04-24T12:54:15Z",
        "lastlocalchecktime": "2023-04-24 10:58:04",
        "lastlocalchecktime_iso8601": "2023-04-24T10:58:04Z",
        "clicktimestamp": "2023-04-24 07:31:36",
        "clicktimestamp_iso8601": "2023-04-24T07:31:36Z",
        "clickcount": 200,
        "clicktrend": -5,
        "ssl_error": 0,
        "geo_lat": null,
        "geo_long": null,
        "has_extended_info": false
    },
    {
        "changeuuid": "77849d0b-0618-4104-a2bf-a4ae6f2560cf",
        "stationuuid": "46e58cb0-de1f-4664-a5a5-0807d1ef8c0f",
        "serveruuid": "1db24eea-f400-43cd-930b-c72f87ba3a82",
        "name": "Radio Ullash",
        "url": "http://stream.zeno.fm/gpgkgp9mp18uv.mp3",
        "url_resolved": "http://stream-054.zeno.fm/gpgkgp9mp18uv?zs=IaHbciT-RX2lMM8rDqhDvg",
        "homepage": "https://radioullash.com/",
        "favicon": "",
        "tags": "",
        "country": "Bangladesh",
        "countrycode": "BD",
        "iso_3166_2": null,
        "state": "Dhaka",
        "language": "",
        "languagecodes": "",
        "votes": 3609,
        "lastchangetime": "2023-04-23 20:15:28",
        "lastchangetime_iso8601": "2023-04-23T20:15:28Z",
        "codec": "MP3",
        "bitrate": 0,
        "hls": 0,
        "lastcheckok": 1,
        "lastchecktime": "2023-04-23 20:15:30",
        "lastchecktime_iso8601": "2023-04-23T20:15:30Z",
        "lastcheckoktime": "2023-04-23 20:15:30",
        "lastcheckoktime_iso8601": "2023-04-23T20:15:30Z",
        "lastlocalchecktime": "2023-04-23 20:15:30",
        "lastlocalchecktime_iso8601": "2023-04-23T20:15:30Z",
        "clicktimestamp": "2023-04-24 08:34:42",
        "clicktimestamp_iso8601": "2023-04-24T08:34:42Z",
        "clickcount": 106,
        "clicktrend": 3,
        "ssl_error": 0,
        "geo_lat": null,
        "geo_long": null,
        "has_extended_info": false
    },
    {
        "changeuuid": "8b8b8d85-1bd5-4cc2-b82c-597d67fe1f0e",
        "stationuuid": "d81aa8c4-ad98-4f6e-983c-8fe3ceea829e",
        "serveruuid": "38095d9b-9286-4829-8384-2bcedc1f56d0",
        "name": "Radio Today",
        "url": "http://stream-25.zeno.fm/8wv4d8g4344tv?zs=S8fa0NpET3qEAr8zRdUK2w",
        "url_resolved": "http://stream-25.zeno.fm/8wv4d8g4344tv?zs=S8fa0NpET3qEAr8zRdUK2w",
        "homepage": "https://www.radiotodaybd.fm/",
        "favicon": "https://www.radiotodaybd.fm/wp-content/uploads/2019/02/cropped-favicon-192x192.png",
        "tags": "pop music,pop rock",
        "country": "Bangladesh",
        "countrycode": "BD",
        "iso_3166_2": null,
        "state": "Dhaka",
        "language": "",
        "languagecodes": "",
        "votes": 3597,
        "lastchangetime": "2023-04-03 18:52:22",
        "lastchangetime_iso8601": "2023-04-03T18:52:22Z",
        "codec": "MP3",
        "bitrate": 0,
        "hls": 0,
        "lastcheckok": 1,
        "lastchecktime": "2023-04-24 01:27:43",
        "lastchecktime_iso8601": "2023-04-24T01:27:43Z",
        "lastcheckoktime": "2023-04-24 01:27:43",
        "lastcheckoktime_iso8601": "2023-04-24T01:27:43Z",
        "lastlocalchecktime": "2023-04-23 21:59:06",
        "lastlocalchecktime_iso8601": "2023-04-23T21:59:06Z",
        "clicktimestamp": "2023-04-24 13:10:13",
        "clicktimestamp_iso8601": "2023-04-24T13:10:13Z",
        "clickcount": 193,
        "clicktrend": 2,
        "ssl_error": 0,
        "geo_lat": 23.794089993665644,
        "geo_long": 90.40403723716736,
        "has_extended_info": false
    },
    {
        "changeuuid": "cb5d4534-7b06-4625-9a4c-61c5f56d121a",
        "stationuuid": "241c1a0a-4181-47e0-910f-dd89ba26e719",
        "serveruuid": "24a5db4e-84ed-4f9b-ab16-d7413bd3171c",
        "name": "Sylhet FM 88.8MHz",
        "url": "http://as2.digitalsynapsebd.com:8246/;",
        "url_resolved": "http://as2.digitalsynapsebd.com:8246/;",
        "homepage": "http://www.betar.gov.bd/",
        "favicon": "https://upload.wikimedia.org/wikipedia/en/0/00/Bangladesh-betar-logo.jpg",
        "tags": "bangla",
        "country": "Bangladesh",
        "countrycode": "BD",
        "iso_3166_2": null,
        "state": "",
        "language": "bengali",
        "languagecodes": "bn",
        "votes": 3346,
        "lastchangetime": "2022-03-28 12:39:31",
        "lastchangetime_iso8601": "2022-03-28T12:39:31Z",
        "codec": "MP3",
        "bitrate": 32,
        "hls": 0,
        "lastcheckok": 1,
        "lastchecktime": "2023-04-24 09:29:56",
        "lastchecktime_iso8601": "2023-04-24T09:29:56Z",
        "lastcheckoktime": "2023-04-24 09:29:56",
        "lastcheckoktime_iso8601": "2023-04-24T09:29:56Z",
        "lastlocalchecktime": "2023-04-23 17:43:40",
        "lastlocalchecktime_iso8601": "2023-04-23T17:43:40Z",
        "clicktimestamp": "2023-04-24 09:31:12",
        "clicktimestamp_iso8601": "2023-04-24T09:31:12Z",
        "clickcount": 125,
        "clicktrend": 4,
        "ssl_error": 0,
        "geo_lat": null,
        "geo_long": null,
        "has_extended_info": false
    },
    {
        "changeuuid": "e5e2da3f-1dcd-4976-b32d-eac50c8e7d60",
        "stationuuid": "4d01c3fb-75d8-11ea-b1cf-52543be04c81",
        "serveruuid": "a2cfe0a0-7245-4758-9154-e964d36dbeb8",
        "name": "A2Z RADIO",
        "url": "https://listen.radioking.com/radio/1743/stream/125",
        "url_resolved": "https://listen.radioking.com/radio/1743/stream/125",
        "homepage": "https://www.liveonlineradio.net/bangla/a2z-radio.htm",
        "favicon": "",
        "tags": "",
        "country": "Bangladesh",
        "countrycode": "BD",
        "iso_3166_2": null,
        "state": "",
        "language": "bengali",
        "languagecodes": "bn",
        "votes": 3234,
        "lastchangetime": "2022-10-07 09:43:56",
        "lastchangetime_iso8601": "2022-10-07T09:43:56Z",
        "codec": "MP3",
        "bitrate": 128,
        "hls": 0,
        "lastcheckok": 1,
        "lastchecktime": "2023-04-24 12:35:03",
        "lastchecktime_iso8601": "2023-04-24T12:35:03Z",
        "lastcheckoktime": "2023-04-24 12:35:03",
        "lastcheckoktime_iso8601": "2023-04-24T12:35:03Z",
        "lastlocalchecktime": "2023-04-23 22:13:19",
        "lastlocalchecktime_iso8601": "2023-04-23T22:13:19Z",
        "clicktimestamp": "2023-04-24 09:31:00",
        "clicktimestamp_iso8601": "2023-04-24T09:31:00Z",
        "clickcount": 109,
        "clicktrend": 3,
        "ssl_error": 0,
        "geo_lat": null,
        "geo_long": null,
        "has_extended_info": false
    },
    {
        "changeuuid": "21058d94-d5a8-4109-8c32-247c1b68d236",
        "stationuuid": "3bb1e37c-f4bb-4ec4-b1d7-ce384a8028a2",
        "serveruuid": "3a6f25b4-4369-4df6-95ee-423de310c117",
        "name": "Uttorbango Betar",
        "url": "http://stream.zeno.fm/spqbxkqxdf9uv",
        "url_resolved": "http://stream-028.zeno.fm/spqbxkqxdf9uv?zs=bua7FOJxTkCQN_aV6k4SJg",
        "homepage": "https://sites.google.com/view/ubradio/",
        "favicon": "",
        "tags": "folk music,pop music",
        "country": "Bangladesh",
        "countrycode": "BD",
        "iso_3166_2": null,
        "state": "",
        "language": "bangla",
        "languagecodes": "",
        "votes": 3105,
        "lastchangetime": "2022-04-08 19:44:28",
        "lastchangetime_iso8601": "2022-04-08T19:44:28Z",
        "codec": "MP3",
        "bitrate": 0,
        "hls": 0,
        "lastcheckok": 1,
        "lastchecktime": "2023-04-24 13:31:53",
        "lastchecktime_iso8601": "2023-04-24T13:31:53Z",
        "lastcheckoktime": "2023-04-24 13:31:53",
        "lastcheckoktime_iso8601": "2023-04-24T13:31:53Z",
        "lastlocalchecktime": "2023-04-23 20:52:08",
        "lastlocalchecktime_iso8601": "2023-04-23T20:52:08Z",
        "clicktimestamp": "2023-04-24 09:30:38",
        "clicktimestamp_iso8601": "2023-04-24T09:30:38Z",
        "clickcount": 116,
        "clicktrend": 5,
        "ssl_error": 0,
        "geo_lat": 25.774325175029897,
        "geo_long": 89.23658967018129,
        "has_extended_info": false
    },
    {
        "changeuuid": "aaa51d98-7255-4cdc-9a5f-3641274c94fe",
        "stationuuid": "ed8e2868-e906-4221-bb2e-685bbc6edfad",
        "serveruuid": "9af6e447-bceb-4033-a8b7-21541543a737",
        "name": "107.3 AZUL POP FM",
        "url": "https://azulpop.ozelip.com:8006/stream",
        "url_resolved": "https://azulpop.ozelip.com:8006/stream",
        "homepage": "https://www.azulradyo.com/",
        "favicon": "",
        "tags": "bangla,bangladeshi,pop,pop music",
        "country": "Bangladesh",
        "countrycode": "BD",
        "iso_3166_2": null,
        "state": "Indiana",
        "language": "bangla",
        "languagecodes": "",
        "votes": 1685,
        "lastchangetime": "2023-02-23 20:36:23",
        "lastchangetime_iso8601": "2023-02-23T20:36:23Z",
        "codec": "MP3",
        "bitrate": 128,
        "hls": 0,
        "lastcheckok": 1,
        "lastchecktime": "2023-04-24 09:45:54",
        "lastchecktime_iso8601": "2023-04-24T09:45:54Z",
        "lastcheckoktime": "2023-04-24 09:45:54",
        "lastcheckoktime_iso8601": "2023-04-24T09:45:54Z",
        "lastlocalchecktime": "2023-04-23 18:18:07",
        "lastlocalchecktime_iso8601": "2023-04-23T18:18:07Z",
        "clicktimestamp": "2023-04-24 13:18:59",
        "clicktimestamp_iso8601": "2023-04-24T13:18:59Z",
        "clickcount": 125,
        "clicktrend": 8,
        "ssl_error": 0,
        "geo_lat": 14.082501603242736,
        "geo_long": 77.80545918136363,
        "has_extended_info": false
    },
    {
        "changeuuid": "491bcd91-905c-49da-aacc-76890cd17fba",
        "stationuuid": "72e451eb-4176-4ad8-a1e9-370c719c3d8a",
        "serveruuid": "743a6d88-b61e-43cd-a2dd-a1b793533a26",
        "name": "ABC Radio Bangladesh",
        "url": "https://stream.zeno.fm/aqs8z2kn944tv",
        "url_resolved": "https://stream-022.zeno.fm/aqs8z2kn944tv?zs=n6Bws4XBQvu0Yuq8FunLBA",
        "homepage": "https://www.abcradio.fm/",
        "favicon": "https://www.abcradio.fm/favicon/apple-icon-120x120.png",
        "tags": "",
        "country": "Bangladesh",
        "countrycode": "BD",
        "iso_3166_2": null,
        "state": "",
        "language": "bangla",
        "languagecodes": "",
        "votes": 1343,
        "lastchangetime": "2023-03-18 00:23:44",
        "lastchangetime_iso8601": "2023-03-18T00:23:44Z",
        "codec": "MP3",
        "bitrate": 0,
        "hls": 0,
        "lastcheckok": 1,
        "lastchecktime": "2023-04-24 02:18:13",
        "lastchecktime_iso8601": "2023-04-24T02:18:13Z",
        "lastcheckoktime": "2023-04-24 02:18:13",
        "lastcheckoktime_iso8601": "2023-04-24T02:18:13Z",
        "lastlocalchecktime": "2023-04-23 21:43:10",
        "lastlocalchecktime_iso8601": "2023-04-23T21:43:10Z",
        "clicktimestamp": "2023-04-24 12:24:37",
        "clicktimestamp_iso8601": "2023-04-24T12:24:37Z",
        "clickcount": 255,
        "clicktrend": 0,
        "ssl_error": 0,
        "geo_lat": 23.823195800582184,
        "geo_long": 90.41198730468751,
        "has_extended_info": false
    },
    {
        "changeuuid": "6321cb6f-f3e8-4c72-9b51-16f928b1cb38",
        "stationuuid": "edd91952-805a-4618-89bc-d56a56885d2b",
        "serveruuid": "264c9e49-f777-4f71-8f2c-4114b4e9225b",
        "name": "Radio Shadhin Bangladesh",
        "url": "https://stream-23.zeno.fm/umq9q5uuva5tv?zs=Ems7uMMkR8qN8_L1cIhemg",
        "url_resolved": "https://stream-23.zeno.fm/umq9q5uuva5tv?zs=Ems7uMMkR8qN8_L1cIhemg",
        "homepage": "https://radioshadhin.fm/",
        "favicon": "https://radioshadhin.fm/images/radio_player/bg_control.png",
        "tags": "",
        "country": "Bangladesh",
        "countrycode": "BD",
        "iso_3166_2": null,
        "state": "",
        "language": "bangla",
        "languagecodes": "",
        "votes": 1075,
        "lastchangetime": "2023-03-18 00:32:24",
        "lastchangetime_iso8601": "2023-03-18T00:32:24Z",
        "codec": "MP3",
        "bitrate": 0,
        "hls": 0,
        "lastcheckok": 1,
        "lastchecktime": "2023-04-24 09:56:49",
        "lastchecktime_iso8601": "2023-04-24T09:56:49Z",
        "lastcheckoktime": "2023-04-24 09:56:49",
        "lastcheckoktime_iso8601": "2023-04-24T09:56:49Z",
        "lastlocalchecktime": "2023-04-24 09:56:49",
        "lastlocalchecktime_iso8601": "2023-04-24T09:56:49Z",
        "clicktimestamp": "2023-04-24 09:38:00",
        "clicktimestamp_iso8601": "2023-04-24T09:38:00Z",
        "clickcount": 178,
        "clicktrend": 11,
        "ssl_error": 0,
        "geo_lat": 23.76634644076901,
        "geo_long": 90.3896713256836,
        "has_extended_info": false
    },
    {
        "changeuuid": "322e1281-60d8-4084-9794-bcdb6a3acea9",
        "stationuuid": "db45659b-2800-4bc2-807b-219d1c57fce9",
        "serveruuid": "b23e1c0b-6b6f-495b-b344-b5f3d213dea6",
        "name": "Radio Carnival BD",
        "url": "https://cast1.my-control-panel.com//proxy/radio12?mp=/stream",
        "url_resolved": "https://cast1.my-control-panel.com//proxy/radio12?mp=/stream",
        "homepage": "https://radiocarnivalbd.com/",
        "favicon": "",
        "tags": "folk music,pop music",
        "country": "Bangladesh",
        "countrycode": "BD",
        "iso_3166_2": null,
        "state": "",
        "language": "bangla,bengali",
        "languagecodes": "bn",
        "votes": 94,
        "lastchangetime": "2023-06-29 02:52:19",
        "lastchangetime_iso8601": "2023-06-29T02:52:19Z",
        "codec": "MP3",
        "bitrate": 128,
        "hls": 0,
        "lastcheckok": 1,
        "lastchecktime": "2023-07-09 06:56:18",
        "lastchecktime_iso8601": "2023-07-09T06:56:18Z",
        "lastcheckoktime": "2023-07-09 06:56:18",
        "lastcheckoktime_iso8601": "2023-07-09T06:56:18Z",
        "lastlocalchecktime": "2023-07-09 06:56:18",
        "lastlocalchecktime_iso8601": "2023-07-09T06:56:18Z",
        "clicktimestamp": "2023-07-09 09:16:52",
        "clicktimestamp_iso8601": "2023-07-09T09:16:52Z",
        "clickcount": 145,
        "clicktrend": -5,
        "ssl_error": 0,
        "geo_lat": 23.74487444296012,
        "geo_long": 90.39756774902344,
        "has_extended_info": false
    }
]