[
    {
        "changeuuid": "597b536a-b592-4cc5-9f1e-7f181913ee2d",
        "stationuuid": "ec741fbc-afe0-4b2d-9cbf-ec627d906a85",
        "serveruuid": "5e08a3fe-2f53-4143-9a81-40ab212a5d04",
        "name": "Radio Bahrain",
        "url": "https://5c7b683162943.streamlock.net/live/ngrp:radio-96-5_all/playlist.m3u8",
        "url_resolved": "https://5c7b683162943.streamlock.net/live/ngrp:radio-96-5_all/playlist.m3u8",
        "homepage": "https://www.mia.gov.bh/media-center/bahrain-radio-english-96-5/?lang=en",
        "favicon": "https://raw.githubusercontent.com/fraudiay79/logos/master/bh/radio/radiobahrain.png",
        "tags": "",
        "country": "Bahrain",
        "countrycode": "BH",
        "iso_3166_2": null,
        "state": "",
        "language": "",
        "languagecodes": "",
        "votes": 360,
        "lastchangetime": "2022-06-07 22:35:40",
        "lastchangetime_iso8601": "2022-06-07T22:35:40Z",
        "codec": "AAC",
        "bitrate": 1066,
        "hls": 1,
        "lastcheckok": 1,
        "lastchecktime": "2023-04-08 12:06:33",
        "lastchecktime_iso8601": "2023-04-08T12:06:33Z",
        "lastcheckoktime": "2023-04-08 12:06:33",
        "lastcheckoktime_iso8601": "2023-04-08T12:06:33Z",
        "lastlocalchecktime": "2023-04-07 18:15:11",
        "lastlocalchecktime_iso8601": "2023-04-07T18:15:11Z",
        "clicktimestamp": "2023-04-08 12:41:14",
        "clicktimestamp_iso8601": "2023-04-08T12:41:14Z",
        "clickcount": 53,
        "clicktrend": 8,
        "ssl_error": 0,
        "geo_lat": 26.220986880685953,
        "geo_long": 50.58225631713868,
        "has_extended_info": false
    },
    {
        "changeuuid": "b4b471ca-0692-4040-886d-96af0dcd0e42",
        "stationuuid": "963c38d2-0601-11e8-ae97-52543be04c81",
        "serveruuid": "0948dc77-2418-465e-9677-44adeb5b406f",
        "name": "AFN 360 Bahrain",
        "url": "http://playerservices.streamtheworld.com/m3u/AFNE_BHN.m3u",
        "url_resolved": "http://20853.live.streamtheworld.com/AFNE_BHN_SC",
        "homepage": "http://www.afneurope.net/AFN-360/",
        "favicon": "",
        "tags": "american forces network",
        "country": "Bahrain",
        "countrycode": "BH",
        "iso_3166_2": null,
        "state": "",
        "language": "english",
        "languagecodes": "en",
        "votes": 302,
        "lastchangetime": "2023-02-05 02:26:54",
        "lastchangetime_iso8601": "2023-02-05T02:26:54Z",
        "codec": "MP3",
        "bitrate": 96,
        "hls": 0,
        "lastcheckok": 1,
        "lastchecktime": "2023-04-08 08:33:00",
        "lastchecktime_iso8601": "2023-04-08T08:33:00Z",
        "lastcheckoktime": "2023-04-08 08:33:00",
        "lastcheckoktime_iso8601": "2023-04-08T08:33:00Z",
        "lastlocalchecktime": "2023-04-07 19:48:55",
        "lastlocalchecktime_iso8601": "2023-04-07T19:48:55Z",
        "clicktimestamp": "2023-04-08 01:03:17",
        "clicktimestamp_iso8601": "2023-04-08T01:03:17Z",
        "clickcount": 31,
        "clicktrend": -1,
        "ssl_error": 0,
        "geo_lat": null,
        "geo_long": null,
        "has_extended_info": false
    },
    {
        "changeuuid": "b5cfe33c-07e7-43b0-b71b-f39e77855c92",
        "stationuuid": "4eb8cc87-f04a-41e0-9498-c88afc2309f3",
        "serveruuid": "23d8178f-4867-4d3b-ad10-8599a46ec7bb",
        "name": "\u062a\u0641\u0633\u064a\u0631 \u0628\u0646 \u0639\u062b\u064a\u0645\u064a\u0646 \u0631\u062d\u0645\u0647 \u0627\u0644\u0644\u0647 ",
        "url": "https://qurango.net/radio/tafseer",
        "url_resolved": "https://qurango.net/radio/tafseer",
        "homepage": "",
        "favicon": "",
        "tags": "classical",
        "country": "Bahrain",
        "countrycode": "BH",
        "iso_3166_2": null,
        "state": "",
        "language": "",
        "languagecodes": "",
        "votes": 138,
        "lastchangetime": "2022-12-06 07:01:59",
        "lastchangetime_iso8601": "2022-12-06T07:01:59Z",
        "codec": "MP3",
        "bitrate": 128,
        "hls": 0,
        "lastcheckok": 1,
        "lastchecktime": "2023-04-07 18:55:55",
        "lastchecktime_iso8601": "2023-04-07T18:55:55Z",
        "lastcheckoktime": "2023-04-07 18:55:55",
        "lastcheckoktime_iso8601": "2023-04-07T18:55:55Z",
        "lastlocalchecktime": "2023-04-07 17:23:10",
        "lastlocalchecktime_iso8601": "2023-04-07T17:23:10Z",
        "clicktimestamp": "2023-04-07 01:05:00",
        "clicktimestamp_iso8601": "2023-04-07T01:05:00Z",
        "clickcount": 21,
        "clicktrend": -2,
        "ssl_error": 0,
        "geo_lat": null,
        "geo_long": null,
        "has_extended_info": false
    },
    {
        "changeuuid": "c443539f-bc57-4b60-a73a-40c4518795d9",
        "stationuuid": "0d7cf4fe-f105-4ef6-87e5-9a739ce742d3",
        "serveruuid": "cd078b55-1305-4eb4-acc9-5bb166f1482e",
        "name": "\u0627\u0630\u0627\u0639\u0629 \u0627\u0644\u0642\u0631\u0622\u0646 \u0627\u0644\u0643\u0631\u064a\u0645",
        "url": "http://stream.radiojar.com/0tpy1h0kxtzuv",
        "url_resolved": "http://n05.radiojar.com/0tpy1h0kxtzuv?rj-ttl=5&rj-tok=AAABh2EkiZcAGboAVGQNlyl1sA",
        "homepage": "",
        "favicon": "",
        "tags": "classical",
        "country": "Bahrain",
        "countrycode": "BH",
        "iso_3166_2": null,
        "state": "",
        "language": "",
        "languagecodes": "",
        "votes": 135,
        "lastchangetime": "2022-12-10 05:02:30",
        "lastchangetime_iso8601": "2022-12-10T05:02:30Z",
        "codec": "MP3",
        "bitrate": 0,
        "hls": 0,
        "lastcheckok": 1,
        "lastchecktime": "2023-04-08 13:48:53",
        "lastchecktime_iso8601": "2023-04-08T13:48:53Z",
        "lastcheckoktime": "2023-04-08 13:48:53",
        "lastcheckoktime_iso8601": "2023-04-08T13:48:53Z",
        "lastlocalchecktime": "2023-04-07 21:02:25",
        "lastlocalchecktime_iso8601": "2023-04-07T21:02:25Z",
        "clicktimestamp": "2023-04-08 12:25:32",
        "clicktimestamp_iso8601": "2023-04-08T12:25:32Z",
        "clickcount": 31,
        "clicktrend": -1,
        "ssl_error": 0,
        "geo_lat": null,
        "geo_long": null,
        "has_extended_info": false
    },
    {
        "changeuuid": "7faa880e-6611-4d12-b75b-2b554be72fa2",
        "stationuuid": "43cd39e3-7f8f-436a-8a80-820d75da3299",
        "serveruuid": "1b346b57-1a48-4b47-930e-286b57af6f31",
        "name": "\u0625\u0630\u0627\u0639\u0629 \u0627\u0644\u0642\u0631\u0622\u0646 \u0627\u0644\u0643\u0631\u064a\u0645 ",
        "url": "https://n0a.radiojar.com/0tpy1h0kxtzuv?rj-ttl=5&rj-tok=AAABhdgGORQA-2acfyF3_4WY2g",
        "url_resolved": "http://n09.radiojar.com/0tpy1h0kxtzuv?rj-ttl=5&rj-tok=AAABh2CEX_EA86rUl11IVaXpYQ",
        "homepage": "",
        "favicon": "https://i.pinimg.com/564x/3a/a1/a1/3aa1a107c9434ca52b42b2dd0ffc896f.jpg",
        "tags": "classical",
        "country": "Bahrain",
        "countrycode": "BH",
        "iso_3166_2": null,
        "state": "",
        "language": "",
        "languagecodes": "",
        "votes": 91,
        "lastchangetime": "2023-01-22 05:53:03",
        "lastchangetime_iso8601": "2023-01-22T05:53:03Z",
        "codec": "MP3",
        "bitrate": 0,
        "hls": 0,
        "lastcheckok": 1,
        "lastchecktime": "2023-04-08 10:51:43",
        "lastchecktime_iso8601": "2023-04-08T10:51:43Z",
        "lastcheckoktime": "2023-04-08 10:51:43",
        "lastcheckoktime_iso8601": "2023-04-08T10:51:43Z",
        "lastlocalchecktime": "2023-04-07 20:01:26",
        "lastlocalchecktime_iso8601": "2023-04-07T20:01:26Z",
        "clicktimestamp": "2023-04-08 12:41:39",
        "clicktimestamp_iso8601": "2023-04-08T12:41:39Z",
        "clickcount": 43,
        "clicktrend": 1,
        "ssl_error": 0,
        "geo_lat": null,
        "geo_long": null,
        "has_extended_info": false
    },
    {
        "changeuuid": "20d458bf-2246-4b36-9cf2-f23f6cd67bf6",
        "stationuuid": "4ad4ca36-8215-4167-8bec-32b6022373b8",
        "serveruuid": "23d8178f-4867-4d3b-ad10-8599a46ec7bb",
        "name": ".. \u0645\u062e\u062a\u0635\u0631 \u0627\u0644\u062a\u0641\u0633\u064a\u0631 ",
        "url": "https://qurango.net/radio/mukhtasartafsir",
        "url_resolved": "https://qurango.net/radio/mukhtasartafsir",
        "homepage": "",
        "favicon": "",
        "tags": "classical",
        "country": "Bahrain",
        "countrycode": "BH",
        "iso_3166_2": null,
        "state": "",
        "language": "",
        "languagecodes": "",
        "votes": 79,
        "lastchangetime": "2023-01-23 12:04:46",
        "lastchangetime_iso8601": "2023-01-23T12:04:46Z",
        "codec": "MP3",
        "bitrate": 128,
        "hls": 0,
        "lastcheckok": 1,
        "lastchecktime": "2023-04-07 18:34:55",
        "lastchecktime_iso8601": "2023-04-07T18:34:55Z",
        "lastcheckoktime": "2023-04-07 18:34:55",
        "lastcheckoktime_iso8601": "2023-04-07T18:34:55Z",
        "lastlocalchecktime": "2023-04-07 18:02:40",
        "lastlocalchecktime_iso8601": "2023-04-07T18:02:40Z",
        "clicktimestamp": "2023-04-07 14:04:17",
        "clicktimestamp_iso8601": "2023-04-07T14:04:17Z",
        "clickcount": 32,
        "clicktrend": -3,
        "ssl_error": 0,
        "geo_lat": null,
        "geo_long": null,
        "has_extended_info": false
    },
    {
        "changeuuid": "5a2d1c4e-9e49-46c7-bb23-64d0b69d1494",
        "stationuuid": "ee3fd642-408f-480b-8edb-9470a9531dc7",
        "serveruuid": "23d8178f-4867-4d3b-ad10-8599a46ec7bb",
        "name": ".\u0627\u0644\u0642\u0627\u0631\u0626 \u0645\u062d\u0645\u062f \u0623\u064a\u0648\u0628 ",
        "url": "https://qurango.net/radio/mohammed_ayyub",
        "url_resolved": "https://qurango.net/radio/mohammed_ayyub",
        "homepage": "",
        "favicon": "",
        "tags": "classical",
        "country": "Bahrain",
        "countrycode": "BH",
        "iso_3166_2": null,
        "state": "",
        "language": "",
        "languagecodes": "",
        "votes": 47,
        "lastchangetime": "2023-01-28 07:16:56",
        "lastchangetime_iso8601": "2023-01-28T07:16:56Z",
        "codec": "MP3",
        "bitrate": 128,
        "hls": 0,
        "lastcheckok": 1,
        "lastchecktime": "2023-04-08 08:12:55",
        "lastchecktime_iso8601": "2023-04-08T08:12:55Z",
        "lastcheckoktime": "2023-04-08 08:12:55",
        "lastcheckoktime_iso8601": "2023-04-08T08:12:55Z",
        "lastlocalchecktime": "2023-04-08 08:12:55",
        "lastlocalchecktime_iso8601": "2023-04-08T08:12:55Z",
        "clicktimestamp": "2023-04-08 12:25:53",
        "clicktimestamp_iso8601": "2023-04-08T12:25:53Z",
        "clickcount": 19,
        "clicktrend": 0,
        "ssl_error": 0,
        "geo_lat": null,
        "geo_long": null,
        "has_extended_info": false
    },
    {
        "changeuuid": "c8cd1a90-b848-4bc5-a4dc-e86a0414d1ff",
        "stationuuid": "73f85ce5-164f-488d-94ab-0fe3decb4985",
        "serveruuid": "23d8178f-4867-4d3b-ad10-8599a46ec7bb",
        "name": "..\u0645\u062e\u062a\u0635\u0631 \u0627\u0644\u062a\u0641\u0633\u064a\u0631 ",
        "url": "https://qurango.net/radio/mukhtasartafsir",
        "url_resolved": "https://qurango.net/radio/mukhtasartafsir",
        "homepage": "",
        "favicon": "",
        "tags": "classical",
        "country": "Bahrain",
        "countrycode": "BH",
        "iso_3166_2": null,
        "state": "",
        "language": "",
        "languagecodes": "",
        "votes": 43,
        "lastchangetime": "2023-01-23 12:02:26",
        "lastchangetime_iso8601": "2023-01-23T12:02:26Z",
        "codec": "MP3",
        "bitrate": 128,
        "hls": 0,
        "lastcheckok": 1,
        "lastchecktime": "2023-04-08 11:27:52",
        "lastchecktime_iso8601": "2023-04-08T11:27:52Z",
        "lastcheckoktime": "2023-04-08 11:27:52",
        "lastcheckoktime_iso8601": "2023-04-08T11:27:52Z",
        "lastlocalchecktime": "2023-04-08 11:27:52",
        "lastlocalchecktime_iso8601": "2023-04-08T11:27:52Z",
        "clicktimestamp": "2023-04-07 01:54:12",
        "clicktimestamp_iso8601": "2023-04-07T01:54:12Z",
        "clickcount": 18,
        "clicktrend": -2,
        "ssl_error": 0,
        "geo_lat": null,
        "geo_long": null,
        "has_extended_info": false
    },
    {
        "changeuuid": "3693fc71-ac85-4283-8cbd-bb03e121a860",
        "stationuuid": "0857be2a-4c33-4f86-910c-0b97e2c83a65",
        "serveruuid": "23d8178f-4867-4d3b-ad10-8599a46ec7bb",
        "name": ".beautiful recitation ",
        "url": "https://qurango.net/radio/salma",
        "url_resolved": "https://qurango.net/radio/salma",
        "homepage": "",
        "favicon": "",
        "tags": "classical",
        "country": "Bahrain",
        "countrycode": "BH",
        "iso_3166_2": null,
        "state": "",
        "language": "",
        "languagecodes": "",
        "votes": 15,
        "lastchangetime": "2023-03-23 10:12:20",
        "lastchangetime_iso8601": "2023-03-23T10:12:20Z",
        "codec": "MP3",
        "bitrate": 128,
        "hls": 0,
        "lastcheckok": 1,
        "lastchecktime": "2023-04-08 10:51:43",
        "lastchecktime_iso8601": "2023-04-08T10:51:43Z",
        "lastcheckoktime": "2023-04-08 10:51:43",
        "lastcheckoktime_iso8601": "2023-04-08T10:51:43Z",
        "lastlocalchecktime": "2023-04-07 15:47:02",
        "lastlocalchecktime_iso8601": "2023-04-07T15:47:02Z",
        "clicktimestamp": "2023-04-07 23:59:34",
        "clicktimestamp_iso8601": "2023-04-07T23:59:34Z",
        "clickcount": 23,
        "clicktrend": 0,
        "ssl_error": 0,
        "geo_lat": null,
        "geo_long": null,
        "has_extended_info": false
    },
    {
        "changeuuid": "7eef6c0e-b13a-406a-b077-a20044858d33",
        "stationuuid": "3a424f70-7d7f-43a1-807f-9642b1e66792",
        "serveruuid": "532458f3-7220-4433-a26b-84b10188f43e",
        "name": ".\u0625\u0630\u0627\u0639\u0629 \u0645\u0627\u0647\u0631 \u0627\u0644\u0645\u0639\u064a\u0642\u0644\u064a ",
        "url": "https://backup.qurango.net/radio/maher",
        "url_resolved": "https://backup.qurango.net/radio/maher",
        "homepage": "",
        "favicon": "",
        "tags": "classical",
        "country": "Bahrain",
        "countrycode": "BH",
        "iso_3166_2": null,
        "state": "",
        "language": "",
        "languagecodes": "",
        "votes": 3,
        "lastchangetime": "2023-04-03 07:34:39",
        "lastchangetime_iso8601": "2023-04-03T07:34:39Z",
        "codec": "MP3",
        "bitrate": 128,
        "hls": 0,
        "lastcheckok": 1,
        "lastchecktime": "2023-04-08 12:44:12",
        "lastchecktime_iso8601": "2023-04-08T12:44:12Z",
        "lastcheckoktime": "2023-04-08 12:44:12",
        "lastcheckoktime_iso8601": "2023-04-08T12:44:12Z",
        "lastlocalchecktime": "2023-04-08 12:44:12",
        "lastlocalchecktime_iso8601": "2023-04-08T12:44:12Z",
        "clicktimestamp": "2023-04-08 12:25:36",
        "clicktimestamp_iso8601": "2023-04-08T12:25:36Z",
        "clickcount": 6,
        "clicktrend": 0,
        "ssl_error": 0,
        "geo_lat": null,
        "geo_long": null,
        "has_extended_info": false
    },
    {
        "changeuuid": "84875ee4-4532-499d-8a27-7c092dabd6c7",
        "stationuuid": "b35b9f40-86b2-4686-852c-12190c252e87",
        "serveruuid": "5e08a3fe-2f53-4143-9a81-40ab212a5d04",
        "name": "Traditional Radio 95.0",
        "url": "https://5c7b683162943.streamlock.net/live/ngrp:radio-95-0_all/chunklist_w1641860732_b981072.m3u8",
        "url_resolved": "https://5c7b683162943.streamlock.net/live/ngrp:radio-95-0_all/chunklist_w1641860732_b981072.m3u8",
        "homepage": "https://www.mia.gov.bh/media-center/traditional-radio-95-0/?lang=en",
        "favicon": "https://www.mia.gov.bh/favicon.ico",
        "tags": "bahrain,traditional radio 95.0",
        "country": "Bahrain",
        "countrycode": "BH",
        "iso_3166_2": null,
        "state": "",
        "language": "",
        "languagecodes": "",
        "votes": 52,
        "lastchangetime": "2023-10-02 06:18:52",
        "lastchangetime_iso8601": "2023-10-02T06:18:52Z",
        "codec": "UNKNOWN",
        "bitrate": 0,
        "hls": 1,
        "lastcheckok": 1,
        "lastchecktime": "2023-11-07 09:45:35",
        "lastchecktime_iso8601": "2023-11-07T09:45:35Z",
        "lastcheckoktime": "2023-11-07 09:45:35",
        "lastcheckoktime_iso8601": "2023-11-07T09:45:35Z",
        "lastlocalchecktime": "2023-11-07 09:45:35",
        "lastlocalchecktime_iso8601": "2023-11-07T09:45:35Z",
        "clicktimestamp": "2023-11-07 08:51:40",
        "clicktimestamp_iso8601": "2023-11-07T08:51:40Z",
        "clickcount": 33,
        "clicktrend": 1,
        "ssl_error": 0,
        "geo_lat": 26.21949856092461,
        "geo_long": 50.58162774327979,
        "has_extended_info": false
    },
    {
        "changeuuid": "851b0552-40c8-4c5d-ba74-1bb2959fdffa",
        "stationuuid": "0b300680-fb8d-4a73-a05b-76f669cd8881",
        "serveruuid": "5e08a3fe-2f53-4143-9a81-40ab212a5d04",
        "name": "Bahrain FM 93.3",
        "url": "https://5c7b683162943.streamlock.net/live/ngrp:radio-93-3_all/playlist.m3u8",
        "url_resolved": "https://5c7b683162943.streamlock.net/live/ngrp:radio-93-3_all/playlist.m3u8",
        "homepage": "https://www.mia.gov.bh/media-center/bahrain-fm-93-3/?lang=en",
        "favicon": "https://www.mia.gov.bh/favicon.ico",
        "tags": "bahrain,bahrain fm 93.3",
        "country": "Bahrain",
        "countrycode": "BH",
        "iso_3166_2": null,
        "state": "",
        "language": "",
        "languagecodes": "",
        "votes": 48,
        "lastchangetime": "2023-10-24 07:49:59",
        "lastchangetime_iso8601": "2023-10-24T07:49:59Z",
        "codec": "AAC",
        "bitrate": 1066,
        "hls": 1,
        "lastcheckok": 1,
        "lastchecktime": "2023-11-07 08:35:04",
        "lastchecktime_iso8601": "2023-11-07T08:35:04Z",
        "lastcheckoktime": "2023-11-07 08:35:04",
        "lastcheckoktime_iso8601": "2023-11-07T08:35:04Z",
        "lastlocalchecktime": "2023-11-07 08:35:04",
        "lastlocalchecktime_iso8601": "2023-11-07T08:35:04Z",
        "clicktimestamp": "2023-11-07 02:43:15",
        "clicktimestamp_iso8601": "2023-11-07T02:43:15Z",
        "clickcount": 44,
        "clicktrend": 2,
        "ssl_error": 0,
        "geo_lat": 26.222588760083845,
        "geo_long": 50.57861268187665,
        "has_extended_info": false
    },
    {
        "changeuuid": "cd215acb-710b-4204-9f86-8f05b26f3796",
        "stationuuid": "20f47b5a-086a-45e8-bf52-c872fd769b8e",
        "serveruuid": "5e08a3fe-2f53-4143-9a81-40ab212a5d04",
        "name": "Radio Bahrain 102.3",
        "url": "https://5c7b683162943.streamlock.net/live/ngrp:radio-102-3_all/playlist.m3u8",
        "url_resolved": "https://5c7b683162943.streamlock.net/live/ngrp:radio-102-3_all/playlist.m3u8",
        "homepage": "https://www.mia.gov.bh/media-center/radio-bahrain-102-3/?lang=en",
        "favicon": "https://www.mia.gov.bh/wp-content/uploads/2023/02/cropped-MIA2023-1-1-2048x373.png",
        "tags": "bahrain fm,radio bahrain 102.3",
        "country": "Bahrain",
        "countrycode": "BH",
        "iso_3166_2": null,
        "state": "MANAMA",
        "language": "",
        "languagecodes": "",
        "votes": 46,
        "lastchangetime": "2023-10-23 13:11:09",
        "lastchangetime_iso8601": "2023-10-23T13:11:09Z",
        "codec": "AAC",
        "bitrate": 1098,
        "hls": 1,
        "lastcheckok": 1,
        "lastchecktime": "2023-11-07 14:02:41",
        "lastchecktime_iso8601": "2023-11-07T14:02:41Z",
        "lastcheckoktime": "2023-11-07 14:02:41",
        "lastcheckoktime_iso8601": "2023-11-07T14:02:41Z",
        "lastlocalchecktime": "2023-11-07 14:02:41",
        "lastlocalchecktime_iso8601": "2023-11-07T14:02:41Z",
        "clicktimestamp": "2023-11-07 12:57:14",
        "clicktimestamp_iso8601": "2023-11-07T12:57:14Z",
        "clickcount": 31,
        "clicktrend": 6,
        "ssl_error": 0,
        "geo_lat": 26.223204737314425,
        "geo_long": 50.57803565736764,
        "has_extended_info": false
    },
    {
        "changeuuid": "614d616d-c39b-40a8-95d2-58a3a82fc286",
        "stationuuid": "3c8f72ed-5e58-4b9e-bf78-28a2bf4ae4b3",
        "serveruuid": "532458f3-7220-4433-a26b-84b10188f43e",
        "name": ".\u0627\u0644\u0642\u0631\u0622\u0646",
        "url": "https://backup.qurango.net/radio/ahmad_khader_altarabulsi",
        "url_resolved": "https://backup.qurango.net/radio/ahmad_khader_altarabulsi",
        "homepage": "",
        "favicon": "",
        "tags": "classical",
        "country": "Bahrain",
        "countrycode": "BH",
        "iso_3166_2": null,
        "state": "",
        "language": "",
        "languagecodes": "",
        "votes": 7,
        "lastchangetime": "2023-10-26 05:13:12",
        "lastchangetime_iso8601": "2023-10-26T05:13:12Z",
        "codec": "MP3",
        "bitrate": 128,
        "hls": 0,
        "lastcheckok": 1,
        "lastchecktime": "2023-11-07 06:22:45",
        "lastchecktime_iso8601": "2023-11-07T06:22:45Z",
        "lastcheckoktime": "2023-11-07 06:22:45",
        "lastcheckoktime_iso8601": "2023-11-07T06:22:45Z",
        "lastlocalchecktime": "2023-11-07 06:22:45",
        "lastlocalchecktime_iso8601": "2023-11-07T06:22:45Z",
        "clicktimestamp": "2023-11-07 04:37:59",
        "clicktimestamp_iso8601": "2023-11-07T04:37:59Z",
        "clickcount": 21,
        "clicktrend": 6,
        "ssl_error": 0,
        "geo_lat": null,
        "geo_long": null,
        "has_extended_info": false
    },
    {
        "changeuuid": "b233f8c4-8ce5-4524-98f8-7ef4bdef6510",
        "stationuuid": "45b6430d-53ae-41ed-857c-1bfe020f494c",
        "serveruuid": "532458f3-7220-4433-a26b-84b10188f43e",
        "name": ".Quran",
        "url": "https://backup.qurango.net/radio/ahmad_khader_altarabulsi",
        "url_resolved": "https://backup.qurango.net/radio/ahmad_khader_altarabulsi",
        "homepage": "",
        "favicon": "",
        "tags": "classical",
        "country": "Bahrain",
        "countrycode": "BH",
        "iso_3166_2": null,
        "state": "",
        "language": "",
        "languagecodes": "",
        "votes": 4,
        "lastchangetime": "2023-10-26 05:20:38",
        "lastchangetime_iso8601": "2023-10-26T05:20:38Z",
        "codec": "MP3",
        "bitrate": 128,
        "hls": 0,
        "lastcheckok": 1,
        "lastchecktime": "2023-11-07 06:12:23",
        "lastchecktime_iso8601": "2023-11-07T06:12:23Z",
        "lastcheckoktime": "2023-11-07 06:12:23",
        "lastcheckoktime_iso8601": "2023-11-07T06:12:23Z",
        "lastlocalchecktime": "2023-11-07 06:12:23",
        "lastlocalchecktime_iso8601": "2023-11-07T06:12:23Z",
        "clicktimestamp": "2023-11-07 08:52:43",
        "clicktimestamp_iso8601": "2023-11-07T08:52:43Z",
        "clickcount": 15,
        "clicktrend": 4,
        "ssl_error": 0,
        "geo_lat": null,
        "geo_long": null,
        "has_extended_info": false
    }
]