[
    {
        "changeuuid": "4d96d156-b1f4-4f07-bfea-f998d412d0cc",
        "stationuuid": "5b7022e8-8806-4aff-ab54-d5a1030f2e06",
        "serveruuid": "6c4aaa4b-135d-4cf1-808d-06e6e6fb03ed",
        "name": "Capp FM",
        "url": "http://cappfm.ice.infomaniak.ch/cappfm-96.mp3",
        "url_resolved": "http://cappfm.ice.infomaniak.ch/cappfm-96.mp3",
        "homepage": "https://cappfm.com/",
        "favicon": "https://i.postimg.cc/qRszBLvJ/Captures-d-cran-20181003-231929-1024x265.png",
        "tags": "folk,news,pop,talk",
        "country": "Benin",
        "countrycode": "BJ",
        "iso_3166_2": null,
        "state": "Cotonou",
        "language": "french",
        "languagecodes": "fr",
        "votes": 688,
        "lastchangetime": "2022-03-28 11:18:58",
        "lastchangetime_iso8601": "2022-03-28T11:18:58Z",
        "codec": "MP3",
        "bitrate": 96,
        "hls": 0,
        "lastcheckok": 1,
        "lastchecktime": "2023-04-08 12:33:15",
        "lastchecktime_iso8601": "2023-04-08T12:33:15Z",
        "lastcheckoktime": "2023-04-08 07:46:13",
        "lastcheckoktime_iso8601": "2023-04-08T07:46:13Z",
        "lastlocalchecktime": "2023-04-08 12:33:15",
        "lastlocalchecktime_iso8601": "2023-04-08T12:33:15Z",
        "clicktimestamp": "2023-04-08 11:03:11",
        "clicktimestamp_iso8601": "2023-04-08T11:03:11Z",
        "clickcount": 105,
        "clicktrend": -6,
        "ssl_error": 0,
        "geo_lat": null,
        "geo_long": null,
        "has_extended_info": false
    },
    {
        "changeuuid": "394360ce-ead5-4b92-8301-c9dfff066c52",
        "stationuuid": "50fcd412-5ef6-47c8-9ea9-d80192e88e0c",
        "serveruuid": "a2cfe0a0-7245-4758-9154-e964d36dbeb8",
        "name": "ORTB Radio B\u00e9nin",
        "url": "https://listen.radioking.com/radio/47608/stream/84430",
        "url_resolved": "https://listen.radioking.com/radio/47608/stream/84430",
        "homepage": "https://ortb.bj/",
        "favicon": "https://ortb.bj/storage/2021/05/cropped-nav-2-180x180.png",
        "tags": "african music,general",
        "country": "Benin",
        "countrycode": "BJ",
        "iso_3166_2": null,
        "state": "",
        "language": "french",
        "languagecodes": "fr",
        "votes": 78,
        "lastchangetime": "2023-08-02 10:10:56",
        "lastchangetime_iso8601": "2023-08-02T10:10:56Z",
        "codec": "MP3",
        "bitrate": 192,
        "hls": 0,
        "lastcheckok": 1,
        "lastchecktime": "2023-09-03 09:54:43",
        "lastchecktime_iso8601": "2023-09-03T09:54:43Z",
        "lastcheckoktime": "2023-09-03 09:54:43",
        "lastcheckoktime_iso8601": "2023-09-03T09:54:43Z",
        "lastlocalchecktime": "2023-09-03 08:13:01",
        "lastlocalchecktime_iso8601": "2023-09-03T08:13:01Z",
        "clicktimestamp": "2023-09-03 14:20:34",
        "clicktimestamp_iso8601": "2023-09-03T14:20:34Z",
        "clickcount": 58,
        "clicktrend": 6,
        "ssl_error": 0,
        "geo_lat": null,
        "geo_long": null,
        "has_extended_info": false
    },
    {
        "changeuuid": "c2127386-eecd-4821-99ea-28255a1efa65",
        "stationuuid": "ad6c65af-e82b-4465-a507-d7aee6443e4d",
        "serveruuid": "a2cfe0a0-7245-4758-9154-e964d36dbeb8",
        "name": "ORTF Radio B\u00e9nin Alafia",
        "url": "https://www.radioking.com/play/radio-benin-alafia/368243",
        "url_resolved": "https://listen.radioking.com/radio/320564/stream/368243",
        "homepage": "https://ortb.bj/",
        "favicon": "https://ortb.bj/storage/2021/05/cropped-nav-2-180x180.png",
        "tags": "african music",
        "country": "Benin",
        "countrycode": "BJ",
        "iso_3166_2": null,
        "state": "",
        "language": "french",
        "languagecodes": "fr",
        "votes": 48,
        "lastchangetime": "2023-08-02 09:34:16",
        "lastchangetime_iso8601": "2023-08-02T09:34:16Z",
        "codec": "MP3",
        "bitrate": 192,
        "hls": 0,
        "lastcheckok": 1,
        "lastchecktime": "2023-09-03 10:59:25",
        "lastchecktime_iso8601": "2023-09-03T10:59:25Z",
        "lastcheckoktime": "2023-09-03 10:59:25",
        "lastcheckoktime_iso8601": "2023-09-03T10:59:25Z",
        "lastlocalchecktime": "2023-09-03 05:36:23",
        "lastlocalchecktime_iso8601": "2023-09-03T05:36:23Z",
        "clicktimestamp": "2023-09-03 13:20:22",
        "clicktimestamp_iso8601": "2023-09-03T13:20:22Z",
        "clickcount": 29,
        "clicktrend": 5,
        "ssl_error": 0,
        "geo_lat": null,
        "geo_long": null,
        "has_extended_info": false
    },
    {
        "changeuuid": "c56472ce-9c84-4150-bf97-b4f2c09b6ee5",
        "stationuuid": "03a2e897-51e9-4406-942a-bd422a418919",
        "serveruuid": "9ed100b0-9e59-4906-8dae-ddbc8204c474",
        "name": "Radio Tokpa",
        "url": "https://www.surfmusic.de/m3u/radio-tokpa-104-3-fm,16625.m3u",
        "url_resolved": "https://radiotokpa.info/liveradio",
        "homepage": "https://www.globenin.com/annuaire/radio-tokpa-fm-104-3-benin-2668",
        "favicon": "https://www.globenin.com/img/favicon_globenin_96x96.png",
        "tags": "",
        "country": "Benin",
        "countrycode": "BJ",
        "iso_3166_2": null,
        "state": "",
        "language": "",
        "languagecodes": "",
        "votes": 38,
        "lastchangetime": "2023-07-21 12:05:19",
        "lastchangetime_iso8601": "2023-07-21T12:05:19Z",
        "codec": "MP3",
        "bitrate": 64,
        "hls": 0,
        "lastcheckok": 1,
        "lastchecktime": "2023-09-03 01:38:59",
        "lastchecktime_iso8601": "2023-09-03T01:38:59Z",
        "lastcheckoktime": "2023-09-02 15:23:36",
        "lastcheckoktime_iso8601": "2023-09-02T15:23:36Z",
        "lastlocalchecktime": "2023-09-03 01:38:59",
        "lastlocalchecktime_iso8601": "2023-09-03T01:38:59Z",
        "clicktimestamp": "2023-09-03 14:21:14",
        "clicktimestamp_iso8601": "2023-09-03T14:21:14Z",
        "clickcount": 39,
        "clicktrend": 5,
        "ssl_error": 0,
        "geo_lat": null,
        "geo_long": null,
        "has_extended_info": false
    },
    {
        "changeuuid": "2a4cab1d-fef3-47a9-a678-b1ff7d133c6c",
        "stationuuid": "e2b2e5b7-5714-4eff-bcb0-a9e021041bf5",
        "serveruuid": "b4dabbcb-2436-42cf-845c-ce235ff9336e",
        "name": "Radio Frissons 95.2 Cotonou",
        "url": "http://frissonsradio.ice.infomaniak.ch/frissonsradio-128.mp3",
        "url_resolved": "http://frissonsradio.ice.infomaniak.ch/frissonsradio-128.mp3",
        "homepage": "http://www.frissonsradiocotonou.com/",
        "favicon": "",
        "tags": "african music",
        "country": "Benin",
        "countrycode": "BJ",
        "iso_3166_2": null,
        "state": "",
        "language": "french",
        "languagecodes": "fr",
        "votes": 38,
        "lastchangetime": "2023-07-30 09:34:52",
        "lastchangetime_iso8601": "2023-07-30T09:34:52Z",
        "codec": "MP3",
        "bitrate": 128,
        "hls": 0,
        "lastcheckok": 1,
        "lastchecktime": "2023-09-03 10:59:25",
        "lastchecktime_iso8601": "2023-09-03T10:59:25Z",
        "lastcheckoktime": "2023-09-03 10:59:25",
        "lastcheckoktime_iso8601": "2023-09-03T10:59:25Z",
        "lastlocalchecktime": "2023-09-03 06:13:04",
        "lastlocalchecktime_iso8601": "2023-09-03T06:13:04Z",
        "clicktimestamp": "2023-09-03 14:21:02",
        "clicktimestamp_iso8601": "2023-09-03T14:21:02Z",
        "clickcount": 41,
        "clicktrend": 1,
        "ssl_error": 0,
        "geo_lat": null,
        "geo_long": null,
        "has_extended_info": false
    },
    {
        "changeuuid": "69807284-c839-4f7c-993c-3a74deba2587",
        "stationuuid": "666d0d87-f0fb-4b3b-8842-9753b817e3fd",
        "serveruuid": "28d1b1ae-8571-4da3-a5a3-cb2664b6f897",
        "name": "Radio Cotonou 94.3",
        "url": "https://stream.zeno.fm/o9bspgm4y78vv",
        "url_resolved": "https://stream-152.zeno.fm/o9bspgm4y78vv?zs=ge0pZR5STXeQ9WygLmkq5g",
        "homepage": "https://www.facebook.com/radiocotonou",
        "favicon": "",
        "tags": "african music,general",
        "country": "Benin",
        "countrycode": "BJ",
        "iso_3166_2": null,
        "state": "",
        "language": "french",
        "languagecodes": "fr",
        "votes": 30,
        "lastchangetime": "2023-07-30 09:01:24",
        "lastchangetime_iso8601": "2023-07-30T09:01:24Z",
        "codec": "MP3",
        "bitrate": 0,
        "hls": 0,
        "lastcheckok": 1,
        "lastchecktime": "2023-09-03 11:16:07",
        "lastchecktime_iso8601": "2023-09-03T11:16:07Z",
        "lastcheckoktime": "2023-09-03 11:16:07",
        "lastcheckoktime_iso8601": "2023-09-03T11:16:07Z",
        "lastlocalchecktime": "2023-09-03 05:47:25",
        "lastlocalchecktime_iso8601": "2023-09-03T05:47:25Z",
        "clicktimestamp": "2023-09-03 14:21:29",
        "clicktimestamp_iso8601": "2023-09-03T14:21:29Z",
        "clickcount": 32,
        "clicktrend": 5,
        "ssl_error": 0,
        "geo_lat": null,
        "geo_long": null,
        "has_extended_info": false
    },
    {
        "changeuuid": "30106375-aa09-49ec-923f-c5a63bff37e6",
        "stationuuid": "2b43bed7-3864-493f-89a5-0bd397a82af6",
        "serveruuid": "a2cfe0a0-7245-4758-9154-e964d36dbeb8",
        "name": "ORTB Radio Parakou",
        "url": "https://listen.radioking.com/radio/51919/stream/88927",
        "url_resolved": "https://listen.radioking.com/radio/51919/stream/88927",
        "homepage": "https://ortb.bj/",
        "favicon": "https://ortb.bj/storage/2021/05/cropped-nav-2-180x180.png",
        "tags": "african music",
        "country": "Benin",
        "countrycode": "BJ",
        "iso_3166_2": null,
        "state": "",
        "language": "french",
        "languagecodes": "fr",
        "votes": 29,
        "lastchangetime": "2023-08-02 09:34:16",
        "lastchangetime_iso8601": "2023-08-02T09:34:16Z",
        "codec": "MP3",
        "bitrate": 128,
        "hls": 0,
        "lastcheckok": 1,
        "lastchecktime": "2023-09-03 10:32:11",
        "lastchecktime_iso8601": "2023-09-03T10:32:11Z",
        "lastcheckoktime": "2023-09-03 10:32:11",
        "lastcheckoktime_iso8601": "2023-09-03T10:32:11Z",
        "lastlocalchecktime": "2023-09-03 03:10:25",
        "lastlocalchecktime_iso8601": "2023-09-03T03:10:25Z",
        "clicktimestamp": "2023-09-03 13:20:23",
        "clicktimestamp_iso8601": "2023-09-03T13:20:23Z",
        "clickcount": 22,
        "clicktrend": 3,
        "ssl_error": 0,
        "geo_lat": null,
        "geo_long": null,
        "has_extended_info": false
    },
    {
        "changeuuid": "32f18e74-dbab-49eb-8a0e-17fe84910c83",
        "stationuuid": "ac42a394-22ae-4c11-970a-eaf2b4934d2a",
        "serveruuid": "a2cfe0a0-7245-4758-9154-e964d36dbeb8",
        "name": "Radio Plan\u00e8te 95.7 Cotonou",
        "url": "https://listen.radioking.com/radio/111193/stream/150295",
        "url_resolved": "https://listen.radioking.com/radio/111193/stream/150295",
        "homepage": "https://www.facebook.com/radioplanetebenin",
        "favicon": "",
        "tags": "african music",
        "country": "Benin",
        "countrycode": "BJ",
        "iso_3166_2": null,
        "state": "",
        "language": "french",
        "languagecodes": "fr",
        "votes": 25,
        "lastchangetime": "2023-07-30 09:04:43",
        "lastchangetime_iso8601": "2023-07-30T09:04:43Z",
        "codec": "MP3",
        "bitrate": 128,
        "hls": 0,
        "lastcheckok": 1,
        "lastchecktime": "2023-09-03 12:49:34",
        "lastchecktime_iso8601": "2023-09-03T12:49:34Z",
        "lastcheckoktime": "2023-09-03 12:49:34",
        "lastcheckoktime_iso8601": "2023-09-03T12:49:34Z",
        "lastlocalchecktime": "2023-09-03 12:49:34",
        "lastlocalchecktime_iso8601": "2023-09-03T12:49:34Z",
        "clicktimestamp": "2023-09-03 14:21:36",
        "clicktimestamp_iso8601": "2023-09-03T14:21:36Z",
        "clickcount": 22,
        "clicktrend": 4,
        "ssl_error": 0,
        "geo_lat": null,
        "geo_long": null,
        "has_extended_info": false
    },
    {
        "changeuuid": "8665b778-562a-4ed7-ae38-15a5c6247d9d",
        "stationuuid": "ac25008b-b0ac-45d2-8207-f37b130b6fdd",
        "serveruuid": "a2cfe0a0-7245-4758-9154-e964d36dbeb8",
        "name": "ORTB Radio Atlantic",
        "url": "https://listen.radioking.com/radio/25120/stream/57844",
        "url_resolved": "https://listen.radioking.com/radio/25120/stream/57844",
        "homepage": "https://ortb.bj/",
        "favicon": "https://ortb.bj/storage/2021/05/cropped-nav-2-180x180.png",
        "tags": "african music",
        "country": "Benin",
        "countrycode": "BJ",
        "iso_3166_2": null,
        "state": "",
        "language": "french",
        "languagecodes": "fr",
        "votes": 23,
        "lastchangetime": "2023-08-02 10:47:08",
        "lastchangetime_iso8601": "2023-08-02T10:47:08Z",
        "codec": "MP3",
        "bitrate": 128,
        "hls": 0,
        "lastcheckok": 1,
        "lastchecktime": "2023-09-03 10:53:35",
        "lastchecktime_iso8601": "2023-09-03T10:53:35Z",
        "lastcheckoktime": "2023-09-03 10:53:35",
        "lastcheckoktime_iso8601": "2023-09-03T10:53:35Z",
        "lastlocalchecktime": "2023-09-03 05:23:06",
        "lastlocalchecktime_iso8601": "2023-09-03T05:23:06Z",
        "clicktimestamp": "2023-09-03 14:21:50",
        "clicktimestamp_iso8601": "2023-09-03T14:21:50Z",
        "clickcount": 19,
        "clicktrend": 4,
        "ssl_error": 0,
        "geo_lat": null,
        "geo_long": null,
        "has_extended_info": false
    }
]