[
    {
        "changeuuid": "c32867f7-c17b-4f8d-9896-4a449ddfff86",
        "stationuuid": "962f73b8-0601-11e8-ae97-52543be04c81",
        "serveruuid": "0e33be6d-1e43-4299-86c7-966d6c0dbecd",
        "name": "ZFB 94.9 \"Power 95\" Hamilton",
        "url": "http://us3.internet-radio.com:8026/live",
        "url_resolved": "http://us3.internet-radio.com:8026/live",
        "homepage": "https://www.facebook.com/Power-95-FM-Bermuda-The-BIG-Station-212700322153136/",
        "favicon": "http://cdn-radiotime-logos.tunein.com/s13330q.png",
        "tags": "hamilton,hiphop,local music",
        "country": "Bermuda",
        "countrycode": "BM",
        "iso_3166_2": null,
        "state": "",
        "language": "english",
        "languagecodes": "en",
        "votes": 421,
        "lastchangetime": "2022-03-28 10:08:45",
        "lastchangetime_iso8601": "2022-03-28T10:08:45Z",
        "codec": "MP3",
        "bitrate": 128,
        "hls": 0,
        "lastcheckok": 1,
        "lastchecktime": "2023-04-08 01:51:26",
        "lastchecktime_iso8601": "2023-04-08T01:51:26Z",
        "lastcheckoktime": "2023-04-08 01:51:26",
        "lastcheckoktime_iso8601": "2023-04-08T01:51:26Z",
        "lastlocalchecktime": "2023-04-07 20:27:06",
        "lastlocalchecktime_iso8601": "2023-04-07T20:27:06Z",
        "clicktimestamp": "2023-04-08 08:13:22",
        "clicktimestamp_iso8601": "2023-04-08T08:13:22Z",
        "clickcount": 39,
        "clicktrend": 4,
        "ssl_error": 0,
        "geo_lat": null,
        "geo_long": null,
        "has_extended_info": false
    },
    {
        "changeuuid": "639fd281-5e42-40af-8fa7-575e12828e40",
        "stationuuid": "dd0d0d41-ee8c-11e8-a471-52543be04c81",
        "serveruuid": "239c18a1-c61b-4045-802c-d271bf2c217d",
        "name": "Dr. Dick\u2019s Dub Shack",
        "url": "http://streamer.radio.co/s0635c8b0d/listen?fbclid=IwAR16t5mC5UFT9Fp8pbWe0dvYn9VEI3FYJTogE5AJtUF3G1dJi38lwLgD9as",
        "url_resolved": "http://streamer.radio.co/s0635c8b0d/listen?fbclid=IwAR16t5mC5UFT9Fp8pbWe0dvYn9VEI3FYJTogE5AJtUF3G1dJi38lwLgD9as",
        "homepage": "http://drdicksdubshack.com/",
        "favicon": "",
        "tags": "dub,roots reggae",
        "country": "Bermuda",
        "countrycode": "BM",
        "iso_3166_2": null,
        "state": "",
        "language": "english",
        "languagecodes": "en",
        "votes": 417,
        "lastchangetime": "2023-01-09 16:39:09",
        "lastchangetime_iso8601": "2023-01-09T16:39:09Z",
        "codec": "MP3",
        "bitrate": 192,
        "hls": 0,
        "lastcheckok": 1,
        "lastchecktime": "2023-04-07 20:27:18",
        "lastchecktime_iso8601": "2023-04-07T20:27:18Z",
        "lastcheckoktime": "2023-04-07 20:27:18",
        "lastcheckoktime_iso8601": "2023-04-07T20:27:18Z",
        "lastlocalchecktime": "2023-04-07 16:13:34",
        "lastlocalchecktime_iso8601": "2023-04-07T16:13:34Z",
        "clicktimestamp": "2023-04-08 13:22:37",
        "clicktimestamp_iso8601": "2023-04-08T13:22:37Z",
        "clickcount": 79,
        "clicktrend": 5,
        "ssl_error": 0,
        "geo_lat": null,
        "geo_long": null,
        "has_extended_info": false
    },
    {
        "changeuuid": "c3936b82-c867-430e-94c7-81c122dc7765",
        "stationuuid": "962a13ac-0601-11e8-ae97-52543be04c81",
        "serveruuid": "0a1e4b89-a21f-4bf6-af32-79a831d49729",
        "name": "ZBM 89.1 \"Ocean 89\" Hamilton",
        "url": "http://us2.internet-radio.com:8016/live",
        "url_resolved": "http://us2.internet-radio.com:8016/live",
        "homepage": "https://twitter.com/oceanfmbda",
        "favicon": "https://abs.twimg.com/favicons/twitter.2.ico",
        "tags": "contemporary hits,hamilton",
        "country": "Bermuda",
        "countrycode": "BM",
        "iso_3166_2": null,
        "state": "",
        "language": "english",
        "languagecodes": "en",
        "votes": 223,
        "lastchangetime": "2022-03-28 14:30:55",
        "lastchangetime_iso8601": "2022-03-28T14:30:55Z",
        "codec": "MP3",
        "bitrate": 128,
        "hls": 0,
        "lastcheckok": 1,
        "lastchecktime": "2023-04-08 08:59:50",
        "lastchecktime_iso8601": "2023-04-08T08:59:50Z",
        "lastcheckoktime": "2023-04-08 08:59:50",
        "lastcheckoktime_iso8601": "2023-04-08T08:59:50Z",
        "lastlocalchecktime": "2023-04-07 18:15:45",
        "lastlocalchecktime_iso8601": "2023-04-07T18:15:45Z",
        "clicktimestamp": "2023-04-08 08:13:20",
        "clicktimestamp_iso8601": "2023-04-08T08:13:20Z",
        "clickcount": 11,
        "clicktrend": 1,
        "ssl_error": 0,
        "geo_lat": null,
        "geo_long": null,
        "has_extended_info": false
    },
    {
        "changeuuid": "e1b90c93-66fc-41d4-8004-ee2af60ebe24",
        "stationuuid": "a242a892-2c71-11e8-91bf-52543be04c81",
        "serveruuid": "c879cf8e-de42-43fd-8612-f683f63091b1",
        "name": "Inspire 105.1",
        "url": "http://us1.internet-radio.com:8008/live",
        "url_resolved": "http://us1.internet-radio.com:8008/live",
        "homepage": "http://bermudabroadcasting.com/",
        "favicon": "",
        "tags": "stream restore",
        "country": "Bermuda",
        "countrycode": "BM",
        "iso_3166_2": null,
        "state": "",
        "language": "",
        "languagecodes": "",
        "votes": 191,
        "lastchangetime": "2022-09-13 05:49:07",
        "lastchangetime_iso8601": "2022-09-13T05:49:07Z",
        "codec": "MP3",
        "bitrate": 128,
        "hls": 0,
        "lastcheckok": 1,
        "lastchecktime": "2023-04-08 12:41:51",
        "lastchecktime_iso8601": "2023-04-08T12:41:51Z",
        "lastcheckoktime": "2023-04-08 12:41:51",
        "lastcheckoktime_iso8601": "2023-04-08T12:41:51Z",
        "lastlocalchecktime": "2023-04-08 12:41:51",
        "lastlocalchecktime_iso8601": "2023-04-08T12:41:51Z",
        "clicktimestamp": "2023-04-08 12:03:34",
        "clicktimestamp_iso8601": "2023-04-08T12:03:34Z",
        "clickcount": 16,
        "clicktrend": 1,
        "ssl_error": 0,
        "geo_lat": null,
        "geo_long": null,
        "has_extended_info": false
    },
    {
        "changeuuid": "1e3e5045-f364-49c2-a88a-e79b2ebc89e6",
        "stationuuid": "0698d428-45f1-4cbc-a910-577a2c434944",
        "serveruuid": "e60af6a8-78d5-456a-98c9-77a69ab9e68c",
        "name": "dr_dick's dub shack",
        "url": "https://streamer.radio.co/s0635c8b0d/listen",
        "url_resolved": "https://streamer.radio.co/s0635c8b0d/listen",
        "homepage": "http://drdicksdubshack.com/",
        "favicon": "",
        "tags": "bass,downtempo,dub,dub reggae,dub techno,dubtechno,future bass",
        "country": "Bermuda",
        "countrycode": "BM",
        "iso_3166_2": null,
        "state": "Hamilton",
        "language": "english",
        "languagecodes": "en",
        "votes": 84,
        "lastchangetime": "2022-04-23 07:53:21",
        "lastchangetime_iso8601": "2022-04-23T07:53:21Z",
        "codec": "MP3",
        "bitrate": 192,
        "hls": 0,
        "lastcheckok": 1,
        "lastchecktime": "2023-04-08 08:41:45",
        "lastchecktime_iso8601": "2023-04-08T08:41:45Z",
        "lastcheckoktime": "2023-04-08 08:41:45",
        "lastcheckoktime_iso8601": "2023-04-08T08:41:45Z",
        "lastlocalchecktime": "2023-04-08 08:41:45",
        "lastlocalchecktime_iso8601": "2023-04-08T08:41:45Z",
        "clicktimestamp": "2023-04-08 10:31:35",
        "clicktimestamp_iso8601": "2023-04-08T10:31:35Z",
        "clickcount": 30,
        "clicktrend": -1,
        "ssl_error": 0,
        "geo_lat": null,
        "geo_long": null,
        "has_extended_info": false
    },
    {
        "changeuuid": "0eaa8ce3-3ce2-486f-800f-cdc96e7e4e0d",
        "stationuuid": "bef68c12-0df5-490b-8a0f-48f5923d96db",
        "serveruuid": "6104b17b-caaa-40f5-b9b4-e11a781f222d",
        "name": "Slow Radio",
        "url": "http://streams.slowradio.com/slowradio192.m3u",
        "url_resolved": "https://bluford.torontocast.com/proxy/wynekpwy/slowradio",
        "homepage": "https://en.slowradio.com/listen-now",
        "favicon": "https://en.slowradio.com/img/favicons/apple-touch-icon.png",
        "tags": "international",
        "country": "Bermuda",
        "countrycode": "BM",
        "iso_3166_2": null,
        "state": "",
        "language": "",
        "languagecodes": "",
        "votes": 32,
        "lastchangetime": "2023-01-27 12:15:58",
        "lastchangetime_iso8601": "2023-01-27T12:15:58Z",
        "codec": "MP3",
        "bitrate": 192,
        "hls": 0,
        "lastcheckok": 1,
        "lastchecktime": "2023-04-07 19:47:14",
        "lastchecktime_iso8601": "2023-04-07T19:47:14Z",
        "lastcheckoktime": "2023-04-07 19:47:14",
        "lastcheckoktime_iso8601": "2023-04-07T19:47:14Z",
        "lastlocalchecktime": "2023-04-07 19:47:14",
        "lastlocalchecktime_iso8601": "2023-04-07T19:47:14Z",
        "clicktimestamp": "2023-04-08 11:57:44",
        "clicktimestamp_iso8601": "2023-04-08T11:57:44Z",
        "clickcount": 27,
        "clicktrend": -1,
        "ssl_error": 0,
        "geo_lat": null,
        "geo_long": null,
        "has_extended_info": false
    },
    {
        "changeuuid": "355efc99-461f-48e5-a771-08cc9b228ddb",
        "stationuuid": "a9a968ff-d864-4376-b9f6-d62b8d538c89",
        "serveruuid": "8c858d37-bec4-4b4b-8274-4dfee9aa7e25",
        "name": "VIBE 103 The Energy Station",
        "url": "http://142.132.250.174:7131/mp3",
        "url_resolved": "http://142.132.250.174:7131/mp3",
        "homepage": "https://www.vibe103.com/",
        "favicon": "https://www.vibe103.com/wp-content/uploads/2020/06/cropped-VibeFavicon.png",
        "tags": "",
        "country": "Bermuda",
        "countrycode": "BM",
        "iso_3166_2": null,
        "state": "Hamilton",
        "language": "",
        "languagecodes": "",
        "votes": 6,
        "lastchangetime": "2023-10-31 15:30:09",
        "lastchangetime_iso8601": "2023-10-31T15:30:09Z",
        "codec": "MP3",
        "bitrate": 128,
        "hls": 0,
        "lastcheckok": 1,
        "lastchecktime": "2023-11-07 15:59:43",
        "lastchecktime_iso8601": "2023-11-07T15:59:43Z",
        "lastcheckoktime": "2023-11-07 15:59:43",
        "lastcheckoktime_iso8601": "2023-11-07T15:59:43Z",
        "lastlocalchecktime": "2023-11-07 15:59:43",
        "lastlocalchecktime_iso8601": "2023-11-07T15:59:43Z",
        "clicktimestamp": "2023-11-06 15:42:01",
        "clicktimestamp_iso8601": "2023-11-06T15:42:01Z",
        "clickcount": 20,
        "clicktrend": -6,
        "ssl_error": 0,
        "geo_lat": null,
        "geo_long": null,
        "has_extended_info": false
    }
]