[
    {
        "changeuuid": "7700fffb-0d67-469e-ab51-57b43fcd87f1",
        "stationuuid": "291f66a5-2478-11e9-a80b-52543be04c81",
        "serveruuid": "d8b81f07-806b-4e74-9cb3-0139d48defed",
        "name": "Kristal FM",
        "url": "http://202.152.73.2:801/kfm",
        "url_resolved": "http://202.152.73.2:801/kfm",
        "homepage": "http://www.kristal.fm/",
        "favicon": "",
        "tags": "",
        "country": "Brunei Darussalam",
        "countrycode": "BN",
        "iso_3166_2": null,
        "state": "",
        "language": "",
        "languagecodes": "",
        "votes": 3481,
        "lastchangetime": "2021-12-11 19:07:59",
        "lastchangetime_iso8601": "2021-12-11T19:07:59Z",
        "codec": "MP3",
        "bitrate": 64,
        "hls": 0,
        "lastcheckok": 1,
        "lastchecktime": "2023-04-08 08:33:44",
        "lastchecktime_iso8601": "2023-04-08T08:33:44Z",
        "lastcheckoktime": "2023-04-08 08:33:44",
        "lastcheckoktime_iso8601": "2023-04-08T08:33:44Z",
        "lastlocalchecktime": "2023-04-08 08:33:44",
        "lastlocalchecktime_iso8601": "2023-04-08T08:33:44Z",
        "clicktimestamp": "2023-04-08 14:10:50",
        "clicktimestamp_iso8601": "2023-04-08T14:10:50Z",
        "clickcount": 57,
        "clicktrend": -1,
        "ssl_error": 0,
        "geo_lat": null,
        "geo_long": null,
        "has_extended_info": false
    },
    {
        "changeuuid": "114b60c5-53bd-413a-adf4-7e3dc9166260",
        "stationuuid": "a2fc93e4-edd7-4f32-a7c0-9dbe7826e36c",
        "serveruuid": "454ae35b-ac28-4296-844e-996e6b50f9db",
        "name": "DIMusic Club  Brunei \ud83c\udde7\ud83c\uddf3 ",
        "url": "http://stream1.dimusic.club:11496/live",
        "url_resolved": "http://stream1.dimusic.club:11496/live",
        "homepage": "http://dimusic.club/",
        "favicon": "https://firebasestorage.googleapis.com/v0/b/radiogalaxy-580f4.appspot.com/o/images%2FIMG_20231006_105941242.jpg?alt=media&token=de00d54a-e8cd-4784-8aff-ab98b394121b",
        "tags": "dancemusic,eurodance,eurohit,pophit,popmusic",
        "country": "Brunei Darussalam",
        "countrycode": "BN",
        "iso_3166_2": null,
        "state": "",
        "language": "english/ espa\u00f1a/ russian /francia /italia",
        "languagecodes": "",
        "votes": 18,
        "lastchangetime": "2023-10-24 10:54:10",
        "lastchangetime_iso8601": "2023-10-24T10:54:10Z",
        "codec": "AAC+",
        "bitrate": 128,
        "hls": 0,
        "lastcheckok": 1,
        "lastchecktime": "2023-11-07 12:09:19",
        "lastchecktime_iso8601": "2023-11-07T12:09:19Z",
        "lastcheckoktime": "2023-11-07 12:09:19",
        "lastcheckoktime_iso8601": "2023-11-07T12:09:19Z",
        "lastlocalchecktime": "2023-11-07 12:09:19",
        "lastlocalchecktime_iso8601": "2023-11-07T12:09:19Z",
        "clicktimestamp": "2023-11-07 16:52:59",
        "clicktimestamp_iso8601": "2023-11-07T16:52:59Z",
        "clickcount": 24,
        "clicktrend": 0,
        "ssl_error": 0,
        "geo_lat": null,
        "geo_long": null,
        "has_extended_info": false
    }
]