[
    {
        "changeuuid": "6cb594b7-3017-4ebb-b3b2-554a677f632c",
        "stationuuid": "963c7ddb-0601-11e8-ae97-52543be04c81",
        "serveruuid": "6b8437d8-b2fc-4e65-a52f-0f62cb22891a",
        "name": "Mega Hit FM 101.1",
        "url": "http://megaspice.primcast.com:5216/",
        "url_resolved": "http://megaspice.primcast.com:5216/",
        "homepage": "http://www.megahitfm.com/",
        "favicon": "http://www.megahitfm.com/apple-icon-120x120.png",
        "tags": "pop,top 40",
        "country": "Bonaire",
        "countrycode": "BQ",
        "iso_3166_2": null,
        "state": "",
        "language": "dutch",
        "languagecodes": "nl",
        "votes": 581,
        "lastchangetime": "2022-03-28 11:39:48",
        "lastchangetime_iso8601": "2022-03-28T11:39:48Z",
        "codec": "MP3",
        "bitrate": 128,
        "hls": 0,
        "lastcheckok": 1,
        "lastchecktime": "2023-04-08 07:56:20",
        "lastchecktime_iso8601": "2023-04-08T07:56:20Z",
        "lastcheckoktime": "2023-04-08 07:56:20",
        "lastcheckoktime_iso8601": "2023-04-08T07:56:20Z",
        "lastlocalchecktime": "2023-04-07 18:44:01",
        "lastlocalchecktime_iso8601": "2023-04-07T18:44:01Z",
        "clicktimestamp": "2023-04-08 09:46:12",
        "clicktimestamp_iso8601": "2023-04-08T09:46:12Z",
        "clickcount": 33,
        "clicktrend": 4,
        "ssl_error": 0,
        "geo_lat": null,
        "geo_long": null,
        "has_extended_info": false
    },
    {
        "changeuuid": "a3e66c3c-b6b8-4261-a924-058b1c10760b",
        "stationuuid": "9633d4d6-0601-11e8-ae97-52543be04c81",
        "serveruuid": "bec67f2c-ffa6-4042-8df3-405b3d009e53",
        "name": "Live99 FM - Kralendijk",
        "url": "http://162.244.80.220:8000/;stream.mp3",
        "url_resolved": "http://162.244.80.220:8000/;stream.mp3",
        "homepage": "http://live99fm.com/",
        "favicon": "http://breakingnews.live99fm.com/wp-content/uploads/2019/01/cropped-liveradiologo-180x180.png",
        "tags": "kralendijk,latin music,news,sport,talk",
        "country": "Bonaire",
        "countrycode": "BQ",
        "iso_3166_2": null,
        "state": "",
        "language": "papiamentu",
        "languagecodes": "",
        "votes": 556,
        "lastchangetime": "2021-11-10 21:42:52",
        "lastchangetime_iso8601": "2021-11-10T21:42:52Z",
        "codec": "MP3",
        "bitrate": 128,
        "hls": 0,
        "lastcheckok": 1,
        "lastchecktime": "2023-04-07 22:38:28",
        "lastchecktime_iso8601": "2023-04-07T22:38:28Z",
        "lastcheckoktime": "2023-04-07 22:38:28",
        "lastcheckoktime_iso8601": "2023-04-07T22:38:28Z",
        "lastlocalchecktime": "2023-04-07 19:55:46",
        "lastlocalchecktime_iso8601": "2023-04-07T19:55:46Z",
        "clicktimestamp": "2023-04-08 09:46:19",
        "clicktimestamp_iso8601": "2023-04-08T09:46:19Z",
        "clickcount": 68,
        "clicktrend": -3,
        "ssl_error": 0,
        "geo_lat": null,
        "geo_long": null,
        "has_extended_info": false
    },
    {
        "changeuuid": "0e02b64e-78a5-4d6e-a6ac-658b0ac4f91c",
        "stationuuid": "24d57937-7c9a-4aa8-b3a8-3355f2b212a4",
        "serveruuid": "b09fd535-9c54-4624-9d73-d69d1403a91a",
        "name": "Radio Transmundial Bonaire 800 Khz",
        "url": "https://cdn.instream.audio/:9050/stream",
        "url_resolved": "https://cdn.instream.audio/:9050/stream",
        "homepage": "https://www.twr360.org/",
        "favicon": "https://cdn.onlineradiobox.com/img/l/9/17299.v3.png",
        "tags": "christian,cristiana,musica cristiana",
        "country": "Bonaire",
        "countrycode": "BQ",
        "iso_3166_2": null,
        "state": "Bonaire",
        "language": "spanish",
        "languagecodes": "es",
        "votes": 253,
        "lastchangetime": "2022-05-15 20:00:34",
        "lastchangetime_iso8601": "2022-05-15T20:00:34Z",
        "codec": "MP3",
        "bitrate": 128,
        "hls": 0,
        "lastcheckok": 1,
        "lastchecktime": "2023-04-07 21:47:43",
        "lastchecktime_iso8601": "2023-04-07T21:47:43Z",
        "lastcheckoktime": "2023-04-07 21:47:43",
        "lastcheckoktime_iso8601": "2023-04-07T21:47:43Z",
        "lastlocalchecktime": "2023-04-07 19:59:30",
        "lastlocalchecktime_iso8601": "2023-04-07T19:59:30Z",
        "clicktimestamp": "2023-04-08 08:33:18",
        "clicktimestamp_iso8601": "2023-04-08T08:33:18Z",
        "clickcount": 42,
        "clicktrend": 5,
        "ssl_error": 0,
        "geo_lat": 12.132690669127369,
        "geo_long": -68.25393676757814,
        "has_extended_info": false
    },
    {
        "changeuuid": "ecb0bbde-fde6-43e7-bc01-a5b1ad3ac21e",
        "stationuuid": "963330b8-0601-11e8-ae97-52543be04c81",
        "serveruuid": "4c57e764-02aa-4a72-add2-7f4cefccac07",
        "name": "Voz di Bonaire 94.7 - Riscado",
        "url": "http://159.203.190.86:8304/;stream.mp3",
        "url_resolved": "http://159.203.190.86:8304/;stream.mp3",
        "homepage": "http://www.vozdibonaire.com/",
        "favicon": "",
        "tags": "local music,riscado,talk",
        "country": "Bonaire",
        "countrycode": "BQ",
        "iso_3166_2": null,
        "state": "",
        "language": "papiamentu",
        "languagecodes": "",
        "votes": 231,
        "lastchangetime": "2021-12-08 16:05:23",
        "lastchangetime_iso8601": "2021-12-08T16:05:23Z",
        "codec": "MP3",
        "bitrate": 100,
        "hls": 0,
        "lastcheckok": 1,
        "lastchecktime": "2023-04-08 11:09:59",
        "lastchecktime_iso8601": "2023-04-08T11:09:59Z",
        "lastcheckoktime": "2023-04-08 11:09:59",
        "lastcheckoktime_iso8601": "2023-04-08T11:09:59Z",
        "lastlocalchecktime": "2023-04-07 15:26:42",
        "lastlocalchecktime_iso8601": "2023-04-07T15:26:42Z",
        "clicktimestamp": "2023-04-08 09:46:02",
        "clicktimestamp_iso8601": "2023-04-08T09:46:02Z",
        "clickcount": 73,
        "clicktrend": -5,
        "ssl_error": 0,
        "geo_lat": null,
        "geo_long": null,
        "has_extended_info": false
    },
    {
        "changeuuid": "5a18f315-bbca-490f-ba03-f15691f0ff93",
        "stationuuid": "963327f1-0601-11e8-ae97-52543be04c81",
        "serveruuid": "a7062583-2831-4fad-a15b-8ca1d3adb2c1",
        "name": "Bon FM 102.7  Riscado",
        "url": "http://bonfm5.primcast.com:6482/;",
        "url_resolved": "http://bonfm5.primcast.com:6482/;",
        "homepage": "http://www.bonfm.com/",
        "favicon": "",
        "tags": "riscado,top 40",
        "country": "Bonaire",
        "countrycode": "BQ",
        "iso_3166_2": null,
        "state": "",
        "language": "papiamentu",
        "languagecodes": "",
        "votes": 142,
        "lastchangetime": "2021-11-10 23:55:01",
        "lastchangetime_iso8601": "2021-11-10T23:55:01Z",
        "codec": "MP3",
        "bitrate": 128,
        "hls": 0,
        "lastcheckok": 1,
        "lastchecktime": "2023-04-08 09:12:26",
        "lastchecktime_iso8601": "2023-04-08T09:12:26Z",
        "lastcheckoktime": "2023-04-08 09:12:26",
        "lastcheckoktime_iso8601": "2023-04-08T09:12:26Z",
        "lastlocalchecktime": "2023-04-07 19:49:28",
        "lastlocalchecktime_iso8601": "2023-04-07T19:49:28Z",
        "clicktimestamp": "2023-04-08 01:38:01",
        "clicktimestamp_iso8601": "2023-04-08T01:38:01Z",
        "clickcount": 26,
        "clicktrend": 2,
        "ssl_error": 0,
        "geo_lat": null,
        "geo_long": null,
        "has_extended_info": false
    },
    {
        "changeuuid": "c0ab723d-3f32-4b71-86ca-94205c3d0cf1",
        "stationuuid": "ec72b9a1-6260-4671-8cf2-847292131b5f",
        "serveruuid": "ab929bf8-91c0-48c2-b779-fae7b2585c74",
        "name": "RTV Purmerend",
        "url": "http://stream.zxp.nl:8000/radiopurmerend_bb",
        "url_resolved": "http://stream.zxp.nl:8000/radiopurmerend_bb",
        "homepage": "http://rtvpurmerend.nl/",
        "favicon": "",
        "tags": "",
        "country": "Bonaire",
        "countrycode": "BQ",
        "iso_3166_2": null,
        "state": "",
        "language": "",
        "languagecodes": "",
        "votes": 2,
        "lastchangetime": "2023-03-18 21:06:06",
        "lastchangetime_iso8601": "2023-03-18T21:06:06Z",
        "codec": "MP3",
        "bitrate": 128,
        "hls": 0,
        "lastcheckok": 1,
        "lastchecktime": "2023-04-07 21:22:26",
        "lastchecktime_iso8601": "2023-04-07T21:22:26Z",
        "lastcheckoktime": "2023-04-07 21:22:26",
        "lastcheckoktime_iso8601": "2023-04-07T21:22:26Z",
        "lastlocalchecktime": "2023-04-07 17:40:02",
        "lastlocalchecktime_iso8601": "2023-04-07T17:40:02Z",
        "clicktimestamp": "2023-04-08 09:46:25",
        "clicktimestamp_iso8601": "2023-04-08T09:46:25Z",
        "clickcount": 12,
        "clicktrend": 2,
        "ssl_error": 0,
        "geo_lat": 52.49637508234775,
        "geo_long": 4.967397451400758,
        "has_extended_info": false
    },
    {
        "changeuuid": "2510fbaa-a1e2-4033-8a0c-a3ac87353d98",
        "stationuuid": "23abc80c-ae6b-4dab-8998-28e08cca4d54",
        "serveruuid": "d38327ac-d4bc-4de8-99ed-72df08f82df5",
        "name": "Caprice Spacesynth",
        "url": "http://79.120.39.202:9111/",
        "url_resolved": "http://79.120.39.202:9111/",
        "homepage": "https://www.capricespacesynth.com/",
        "favicon": "",
        "tags": "spacesynth",
        "country": "Bonaire",
        "countrycode": "BQ",
        "iso_3166_2": null,
        "state": "",
        "language": "",
        "languagecodes": "",
        "votes": 45,
        "lastchangetime": "2023-05-15 09:39:24",
        "lastchangetime_iso8601": "2023-05-15T09:39:24Z",
        "codec": "AAC+",
        "bitrate": 320,
        "hls": 0,
        "lastcheckok": 1,
        "lastchecktime": "2023-07-09 10:46:50",
        "lastchecktime_iso8601": "2023-07-09T10:46:50Z",
        "lastcheckoktime": "2023-07-09 10:46:50",
        "lastcheckoktime_iso8601": "2023-07-09T10:46:50Z",
        "lastlocalchecktime": "2023-07-09 05:51:12",
        "lastlocalchecktime_iso8601": "2023-07-09T05:51:12Z",
        "clicktimestamp": "2023-07-08 00:03:52",
        "clicktimestamp_iso8601": "2023-07-08T00:03:52Z",
        "clickcount": 13,
        "clicktrend": -1,
        "ssl_error": 0,
        "geo_lat": null,
        "geo_long": null,
        "has_extended_info": false
    }
]