[
    {
        "changeuuid": "5f865ef9-d29b-49fb-abe9-361e7215ceb0",
        "stationuuid": "9625c5ea-0601-11e8-ae97-52543be04c81",
        "serveruuid": "ad65f281-e497-4876-89ab-53f003a5cfcd",
        "name": "Guardian FM 96.9 Nassau",
        "url": "http://tngrgroup.streamcomedia.com:8788/guardianradio",
        "url_resolved": "http://tngrgroup.streamcomedia.com:8788/guardianradio",
        "homepage": "http://guardiantalkradio.com/",
        "favicon": "https://guardiantalkradio.com/wp-content/uploads/2022/04/10th-anniversary_final-01-244-109x109.png",
        "tags": "nassau,news,talk",
        "country": "The Bahamas",
        "countrycode": "BS",
        "iso_3166_2": null,
        "state": "",
        "language": "english",
        "languagecodes": "en",
        "votes": 279,
        "lastchangetime": "2022-10-06 02:44:51",
        "lastchangetime_iso8601": "2022-10-06T02:44:51Z",
        "codec": "MP3",
        "bitrate": 64,
        "hls": 0,
        "lastcheckok": 1,
        "lastchecktime": "2023-04-08 02:01:36",
        "lastchecktime_iso8601": "2023-04-08T02:01:36Z",
        "lastcheckoktime": "2023-04-08 02:01:36",
        "lastcheckoktime_iso8601": "2023-04-08T02:01:36Z",
        "lastlocalchecktime": "2023-04-07 17:50:22",
        "lastlocalchecktime_iso8601": "2023-04-07T17:50:22Z",
        "clicktimestamp": "2023-04-08 02:16:09",
        "clicktimestamp_iso8601": "2023-04-08T02:16:09Z",
        "clickcount": 31,
        "clicktrend": -4,
        "ssl_error": 0,
        "geo_lat": null,
        "geo_long": null,
        "has_extended_info": false
    },
    {
        "changeuuid": "e4f51cd8-ec14-49a5-bfef-2c3c3af55dff",
        "stationuuid": "a90e52ff-840e-11e8-aa66-52543be04c81",
        "serveruuid": "d0bf7887-7ba9-49fa-8cb1-bed282520926",
        "name": "Global 99.5 FM",
        "url": "http://ice64.securenetsystems.net/GLOBALBS",
        "url_resolved": "http://ice64.securenetsystems.net/GLOBALBS",
        "homepage": "http://globalradio995fm.com/",
        "favicon": "https://cdn-radiotime-logos.tunein.com/s206590q.png",
        "tags": "",
        "country": "The Bahamas",
        "countrycode": "BS",
        "iso_3166_2": null,
        "state": "",
        "language": "english",
        "languagecodes": "en",
        "votes": 248,
        "lastchangetime": "2022-03-28 11:47:20",
        "lastchangetime_iso8601": "2022-03-28T11:47:20Z",
        "codec": "AAC+",
        "bitrate": 32,
        "hls": 0,
        "lastcheckok": 1,
        "lastchecktime": "2023-04-08 10:46:43",
        "lastchecktime_iso8601": "2023-04-08T10:46:43Z",
        "lastcheckoktime": "2023-04-08 10:46:43",
        "lastcheckoktime_iso8601": "2023-04-08T10:46:43Z",
        "lastlocalchecktime": "2023-04-08 10:46:43",
        "lastlocalchecktime_iso8601": "2023-04-08T10:46:43Z",
        "clicktimestamp": "2023-04-08 14:10:24",
        "clicktimestamp_iso8601": "2023-04-08T14:10:24Z",
        "clickcount": 44,
        "clicktrend": 1,
        "ssl_error": 0,
        "geo_lat": null,
        "geo_long": null,
        "has_extended_info": false
    },
    {
        "changeuuid": "7cb54086-1242-4e48-af9b-02f76d5fc172",
        "stationuuid": "963fbb20-0601-11e8-ae97-52543be04c81",
        "serveruuid": "dbf92874-ee7a-452a-b0c0-5f46a5798a4f",
        "name": "LCLHST R1",
        "url": "http://s1.radio.lclhst.net:1437/r1",
        "url_resolved": "http://s1.radio.lclhst.net:1437/r1",
        "homepage": "http://radio.lclhst.net/",
        "favicon": "",
        "tags": "electro sets,electronic,minimal,techno",
        "country": "The Bahamas",
        "countrycode": "BS",
        "iso_3166_2": null,
        "state": "",
        "language": "english",
        "languagecodes": "en",
        "votes": 197,
        "lastchangetime": "2022-09-14 03:37:53",
        "lastchangetime_iso8601": "2022-09-14T03:37:53Z",
        "codec": "MP3",
        "bitrate": 192,
        "hls": 0,
        "lastcheckok": 1,
        "lastchecktime": "2023-04-08 05:24:09",
        "lastchecktime_iso8601": "2023-04-08T05:24:09Z",
        "lastcheckoktime": "2023-04-08 05:24:09",
        "lastcheckoktime_iso8601": "2023-04-08T05:24:09Z",
        "lastlocalchecktime": "2023-04-07 15:19:32",
        "lastlocalchecktime_iso8601": "2023-04-07T15:19:32Z",
        "clicktimestamp": "2023-04-07 16:31:47",
        "clicktimestamp_iso8601": "2023-04-07T16:31:47Z",
        "clickcount": 24,
        "clicktrend": -1,
        "ssl_error": 0,
        "geo_lat": null,
        "geo_long": null,
        "has_extended_info": false
    },
    {
        "changeuuid": "bf191644-4ae3-491f-9a53-06a62b32d20c",
        "stationuuid": "963f2357-0601-11e8-ae97-52543be04c81",
        "serveruuid": "dbf92874-ee7a-452a-b0c0-5f46a5798a4f",
        "name": "LCLHST R2",
        "url": "http://s1.radio.lclhst.net:1437/r2",
        "url_resolved": "http://s1.radio.lclhst.net:1437/r2",
        "homepage": "http://radio.lclhst.net/",
        "favicon": "",
        "tags": "electro sets,electronic,minimal,techno",
        "country": "The Bahamas",
        "countrycode": "BS",
        "iso_3166_2": null,
        "state": "",
        "language": "english",
        "languagecodes": "en",
        "votes": 176,
        "lastchangetime": "2022-09-05 21:01:35",
        "lastchangetime_iso8601": "2022-09-05T21:01:35Z",
        "codec": "MP3",
        "bitrate": 128,
        "hls": 0,
        "lastcheckok": 1,
        "lastchecktime": "2023-04-08 14:09:02",
        "lastchecktime_iso8601": "2023-04-08T14:09:02Z",
        "lastcheckoktime": "2023-04-08 14:09:02",
        "lastcheckoktime_iso8601": "2023-04-08T14:09:02Z",
        "lastlocalchecktime": "2023-04-08 14:09:02",
        "lastlocalchecktime_iso8601": "2023-04-08T14:09:02Z",
        "clicktimestamp": "2023-04-08 14:10:29",
        "clicktimestamp_iso8601": "2023-04-08T14:10:29Z",
        "clickcount": 18,
        "clicktrend": -2,
        "ssl_error": 0,
        "geo_lat": null,
        "geo_long": null,
        "has_extended_info": false
    },
    {
        "changeuuid": "39eefea7-e6e6-4c57-b1c3-7f0eabde23a8",
        "stationuuid": "65d7732e-7d7f-4617-beb6-a22f67d5d102",
        "serveruuid": "df9ed18f-ca74-42f5-9591-2df0e766604c",
        "name": "Bahamian or Nuttin",
        "url": "https://s2.reliastream.com/proxy/rumcayme?mp=/stream",
        "url_resolved": "https://s2.reliastream.com/proxy/rumcayme?mp=/stream",
        "homepage": "https://www.bahamianornuttin.com/",
        "favicon": "https://img1.wsimg.com/isteam/ip/3828e59f-f1ce-4e2a-8946-b8dbdfaadc31/favicon/78d0b8fe-c6cf-4ef3-a4dc-f5284754eed2.png/:/rs=w:64,h:64,m",
        "tags": "caribbean,junkanoo",
        "country": "The Bahamas",
        "countrycode": "BS",
        "iso_3166_2": null,
        "state": "",
        "language": "english",
        "languagecodes": "en",
        "votes": 40,
        "lastchangetime": "2022-12-25 17:51:31",
        "lastchangetime_iso8601": "2022-12-25T17:51:31Z",
        "codec": "MP3",
        "bitrate": 128,
        "hls": 0,
        "lastcheckok": 1,
        "lastchecktime": "2023-04-08 00:55:29",
        "lastchecktime_iso8601": "2023-04-08T00:55:29Z",
        "lastcheckoktime": "2023-04-08 00:55:29",
        "lastcheckoktime_iso8601": "2023-04-08T00:55:29Z",
        "lastlocalchecktime": "2023-04-07 18:26:11",
        "lastlocalchecktime_iso8601": "2023-04-07T18:26:11Z",
        "clicktimestamp": "2023-04-08 14:09:54",
        "clicktimestamp_iso8601": "2023-04-08T14:09:54Z",
        "clickcount": 27,
        "clicktrend": 0,
        "ssl_error": 0,
        "geo_lat": 25.070766205882947,
        "geo_long": -77.35061645507814,
        "has_extended_info": false
    },
    {
        "changeuuid": "2b6e3906-5378-4d14-839d-619b39c25de9",
        "stationuuid": "50d40505-0930-4068-b96a-4cf5cf0444bc",
        "serveruuid": "df9ed18f-ca74-42f5-9591-2df0e766604c",
        "name": "Bahamianor Nuttin 92.5 FM",
        "url": "https://s2.reliastream.com/proxy/rumcayme?mp=/stream",
        "url_resolved": "https://s2.reliastream.com/proxy/rumcayme?mp=/stream",
        "homepage": "https://www.bahamianornuttin.com/",
        "favicon": "https://img1.wsimg.com/isteam/ip/3828e59f-f1ce-4e2a-8946-b8dbdfaadc31/favicon/78d0b8fe-c6cf-4ef3-a4dc-f5284754eed2.png/:/rs=w:64,h:64,m",
        "tags": "caribbean,junkanoo",
        "country": "The Bahamas",
        "countrycode": "BS",
        "iso_3166_2": null,
        "state": "",
        "language": "english",
        "languagecodes": "en",
        "votes": 23,
        "lastchangetime": "2022-12-25 17:47:32",
        "lastchangetime_iso8601": "2022-12-25T17:47:32Z",
        "codec": "MP3",
        "bitrate": 128,
        "hls": 0,
        "lastcheckok": 1,
        "lastchecktime": "2023-04-07 23:39:29",
        "lastchecktime_iso8601": "2023-04-07T23:39:29Z",
        "lastcheckoktime": "2023-04-07 23:39:29",
        "lastcheckoktime_iso8601": "2023-04-07T23:39:29Z",
        "lastlocalchecktime": "2023-04-07 17:17:33",
        "lastlocalchecktime_iso8601": "2023-04-07T17:17:33Z",
        "clicktimestamp": "2023-04-08 14:10:08",
        "clicktimestamp_iso8601": "2023-04-08T14:10:08Z",
        "clickcount": 21,
        "clicktrend": -1,
        "ssl_error": 0,
        "geo_lat": 25.07138815758652,
        "geo_long": -77.35336303710939,
        "has_extended_info": false
    }
]