[
    {
        "changeuuid": "15ca04ba-58cf-45cf-8e8b-ff4543728d4e",
        "stationuuid": "cf98d5a4-2033-411a-9d57-d5f53f29f80f",
        "serveruuid": "dcbbf0cc-e2e8-4547-9798-4cf5bcb079a5",
        "name": "BBS1",
        "url": "http://202.144.155.12/radio1",
        "url_resolved": "http://202.144.155.12/radio1",
        "homepage": "http://www.bbs.bt/news/#",
        "favicon": "",
        "tags": "news,small country,tibetan",
        "country": "Bhutan",
        "countrycode": "BT",
        "iso_3166_2": null,
        "state": "\u0f50\u0f72\u0f58\u0f0b\u0f55\u0f74",
        "language": "rdzong kha",
        "languagecodes": "",
        "votes": 492,
        "lastchangetime": "2022-04-18 23:09:05",
        "lastchangetime_iso8601": "2022-04-18T23:09:05Z",
        "codec": "MP3",
        "bitrate": 128,
        "hls": 0,
        "lastcheckok": 1,
        "lastchecktime": "2023-04-08 01:56:30",
        "lastchecktime_iso8601": "2023-04-08T01:56:30Z",
        "lastcheckoktime": "2023-04-08 01:56:30",
        "lastcheckoktime_iso8601": "2023-04-08T01:56:30Z",
        "lastlocalchecktime": "2023-04-07 20:16:37",
        "lastlocalchecktime_iso8601": "2023-04-07T20:16:37Z",
        "clicktimestamp": "2023-04-07 12:21:11",
        "clicktimestamp_iso8601": "2023-04-07T12:21:11Z",
        "clickcount": 34,
        "clicktrend": -1,
        "ssl_error": 0,
        "geo_lat": 27.43410705082448,
        "geo_long": 89.65063649229707,
        "has_extended_info": false
    },
    {
        "changeuuid": "c0e58e0f-94cc-4e3b-b137-4ca8a014dabf",
        "stationuuid": "ec15246d-07f7-41ec-be66-2f2efd118639",
        "serveruuid": "dcbbf0cc-e2e8-4547-9798-4cf5bcb079a5",
        "name": "BBS2",
        "url": "http://202.144.155.12/radio2",
        "url_resolved": "http://202.144.155.12/radio2",
        "homepage": "http://www.bbs.bt/",
        "favicon": "",
        "tags": "",
        "country": "Bhutan",
        "countrycode": "BT",
        "iso_3166_2": null,
        "state": "",
        "language": "dzongkha,english,lhotsamp,sharchop",
        "languagecodes": "dz,en",
        "votes": 221,
        "lastchangetime": "2022-09-09 08:45:43",
        "lastchangetime_iso8601": "2022-09-09T08:45:43Z",
        "codec": "MP3",
        "bitrate": 128,
        "hls": 0,
        "lastcheckok": 1,
        "lastchecktime": "2023-04-07 18:34:44",
        "lastchecktime_iso8601": "2023-04-07T18:34:44Z",
        "lastcheckoktime": "2023-04-07 18:34:44",
        "lastcheckoktime_iso8601": "2023-04-07T18:34:44Z",
        "lastlocalchecktime": "2023-04-07 18:34:44",
        "lastlocalchecktime_iso8601": "2023-04-07T18:34:44Z",
        "clicktimestamp": "2023-04-08 12:06:07",
        "clicktimestamp_iso8601": "2023-04-08T12:06:07Z",
        "clickcount": 26,
        "clicktrend": -3,
        "ssl_error": 0,
        "geo_lat": null,
        "geo_long": null,
        "has_extended_info": false
    }
]