[
    {
        "changeuuid": "5dcfc9f9-b412-495c-9f83-4cc58d32d521",
        "stationuuid": "ad06d21e-833c-11e8-aa66-52543be04c81",
        "serveruuid": "7e8594fe-0313-4a9e-9b8b-458862241ab8",
        "name": "Yarona FM",
        "url": "http://albert.antfarm.co.za:8000/yarona",
        "url_resolved": "http://albert.antfarm.co.za:8000/yarona",
        "homepage": "http://www.yaronafm.co.bw/",
        "favicon": "https://static.wixstatic.com/media/08b6e6_2f39d6f129f044e6bc3b85d7959eee65.png",
        "tags": "http://www.yaronafm.co.bw/",
        "country": "Botswana",
        "countrycode": "BW",
        "iso_3166_2": null,
        "state": "Gaborone",
        "language": "english",
        "languagecodes": "en",
        "votes": 977,
        "lastchangetime": "2022-03-28 10:32:24",
        "lastchangetime_iso8601": "2022-03-28T10:32:24Z",
        "codec": "AAC+",
        "bitrate": 128,
        "hls": 0,
        "lastcheckok": 1,
        "lastchecktime": "2023-04-08 12:10:42",
        "lastchecktime_iso8601": "2023-04-08T12:10:42Z",
        "lastcheckoktime": "2023-04-08 12:10:42",
        "lastcheckoktime_iso8601": "2023-04-08T12:10:42Z",
        "lastlocalchecktime": "2023-04-08 12:10:42",
        "lastlocalchecktime_iso8601": "2023-04-08T12:10:42Z",
        "clicktimestamp": "2023-04-08 11:56:54",
        "clicktimestamp_iso8601": "2023-04-08T11:56:54Z",
        "clickcount": 64,
        "clicktrend": 3,
        "ssl_error": 0,
        "geo_lat": null,
        "geo_long": null,
        "has_extended_info": false
    },
    {
        "changeuuid": "ddc60799-bc21-4d76-a2ef-362d3c8bc5c1",
        "stationuuid": "89e6f90f-35e5-4dc4-9068-68ca4ef8c631",
        "serveruuid": "a6655d16-cf1c-4541-bec1-7761fc1bc656",
        "name": "DumaFM",
        "url": "http://s3.voscast.com:10076/;",
        "url_resolved": "http://s3.voscast.com:10076/;",
        "homepage": "https://dumafm.co.bw/",
        "favicon": "https://dumafm.co.bw/favicon.ico",
        "tags": "african music",
        "country": "Botswana",
        "countrycode": "BW",
        "iso_3166_2": null,
        "state": "",
        "language": "",
        "languagecodes": "",
        "votes": 749,
        "lastchangetime": "2023-04-03 19:07:44",
        "lastchangetime_iso8601": "2023-04-03T19:07:44Z",
        "codec": "MP3",
        "bitrate": 96,
        "hls": 0,
        "lastcheckok": 1,
        "lastchecktime": "2023-04-08 08:20:17",
        "lastchecktime_iso8601": "2023-04-08T08:20:17Z",
        "lastcheckoktime": "2023-04-08 08:20:17",
        "lastcheckoktime_iso8601": "2023-04-08T08:20:17Z",
        "lastlocalchecktime": "2023-04-07 19:24:41",
        "lastlocalchecktime_iso8601": "2023-04-07T19:24:41Z",
        "clicktimestamp": "2023-04-08 09:07:22",
        "clicktimestamp_iso8601": "2023-04-08T09:07:22Z",
        "clickcount": 80,
        "clicktrend": 4,
        "ssl_error": 0,
        "geo_lat": null,
        "geo_long": null,
        "has_extended_info": false
    },
    {
        "changeuuid": "f54e8abe-cefa-4bbc-b646-29f48fb6c246",
        "stationuuid": "9627628e-0601-11e8-ae97-52543be04c81",
        "serveruuid": "0f1e2250-4c15-4980-a937-a13c4f0dfea7",
        "name": "Gabz FM 96.2 Gaberone",
        "url": "http://fmt01.egihosting.com:17721/;",
        "url_resolved": "http://fmt01.egihosting.com:17721/;",
        "homepage": "http://www.gabzfm.com/",
        "favicon": "",
        "tags": "african music,gaberone,pop",
        "country": "Botswana",
        "countrycode": "BW",
        "iso_3166_2": null,
        "state": "",
        "language": "english",
        "languagecodes": "en",
        "votes": 543,
        "lastchangetime": "2023-02-06 06:29:37",
        "lastchangetime_iso8601": "2023-02-06T06:29:37Z",
        "codec": "MP3",
        "bitrate": 64,
        "hls": 0,
        "lastcheckok": 1,
        "lastchecktime": "2023-04-08 11:57:13",
        "lastchecktime_iso8601": "2023-04-08T11:57:13Z",
        "lastcheckoktime": "2023-04-08 11:57:13",
        "lastcheckoktime_iso8601": "2023-04-08T11:57:13Z",
        "lastlocalchecktime": "2023-04-08 11:57:13",
        "lastlocalchecktime_iso8601": "2023-04-08T11:57:13Z",
        "clicktimestamp": "2023-04-08 09:07:30",
        "clicktimestamp_iso8601": "2023-04-08T09:07:30Z",
        "clickcount": 65,
        "clicktrend": 1,
        "ssl_error": 0,
        "geo_lat": null,
        "geo_long": null,
        "has_extended_info": false
    },
    {
        "changeuuid": "a3e3796a-f204-473f-9772-ae1f98f18a66",
        "stationuuid": "f53452e1-a84e-4c5e-8031-fe4a15851639",
        "serveruuid": "579cf593-d946-44ae-b7fe-34a416575836",
        "name": "Jazzy Soul Radio Nata",
        "url": "http://209.95.50.189:8112/stream",
        "url_resolved": "http://209.95.50.189:8112/stream",
        "homepage": "https://jazzysoulradio.wixsite.com/djjazzypete/radio",
        "favicon": "https://www.wix.com/favicon.ico",
        "tags": "african music,gospel,jazz,neosoul,r&b,soul",
        "country": "Botswana",
        "countrycode": "BW",
        "iso_3166_2": null,
        "state": "",
        "language": "",
        "languagecodes": "",
        "votes": 369,
        "lastchangetime": "2021-11-10 22:46:52",
        "lastchangetime_iso8601": "2021-11-10T22:46:52Z",
        "codec": "MP3",
        "bitrate": 64,
        "hls": 0,
        "lastcheckok": 1,
        "lastchecktime": "2023-04-08 08:16:40",
        "lastchecktime_iso8601": "2023-04-08T08:16:40Z",
        "lastcheckoktime": "2023-04-08 08:16:40",
        "lastcheckoktime_iso8601": "2023-04-08T08:16:40Z",
        "lastlocalchecktime": "2023-04-08 08:16:40",
        "lastlocalchecktime_iso8601": "2023-04-08T08:16:40Z",
        "clicktimestamp": "2023-04-08 09:07:37",
        "clicktimestamp_iso8601": "2023-04-08T09:07:37Z",
        "clickcount": 26,
        "clicktrend": 2,
        "ssl_error": 0,
        "geo_lat": null,
        "geo_long": null,
        "has_extended_info": false
    },
    {
        "changeuuid": "c6dd8393-8891-41d7-b95e-abfc598d9006",
        "stationuuid": "5b5b88c5-8421-4140-94c7-f2be45000f31",
        "serveruuid": "c6d872f7-fc7e-40b3-889b-204386b424f2",
        "name": "RERA Online Christian Radio",
        "url": "https://s2.radio.co/sc93b4c6aa/listen",
        "url_resolved": "https://s2.radio.co/sc93b4c6aa/listen",
        "homepage": "http://www.reraradio.com/",
        "favicon": "",
        "tags": "christian",
        "country": "Botswana",
        "countrycode": "BW",
        "iso_3166_2": null,
        "state": "",
        "language": "english",
        "languagecodes": "en",
        "votes": 255,
        "lastchangetime": "2022-09-02 02:44:40",
        "lastchangetime_iso8601": "2022-09-02T02:44:40Z",
        "codec": "MP3",
        "bitrate": 128,
        "hls": 0,
        "lastcheckok": 1,
        "lastchecktime": "2023-07-08 23:30:03",
        "lastchecktime_iso8601": "2023-07-08T23:30:03Z",
        "lastcheckoktime": "2023-07-08 23:30:03",
        "lastcheckoktime_iso8601": "2023-07-08T23:30:03Z",
        "lastlocalchecktime": "2023-07-08 23:30:03",
        "lastlocalchecktime_iso8601": "2023-07-08T23:30:03Z",
        "clicktimestamp": "2023-07-09 01:24:47",
        "clicktimestamp_iso8601": "2023-07-09T01:24:47Z",
        "clickcount": 21,
        "clicktrend": 0,
        "ssl_error": 0,
        "geo_lat": null,
        "geo_long": null,
        "has_extended_info": false
    },
    {
        "changeuuid": "71833ce5-9fe8-46d9-acf0-c4f5272c2b1d",
        "stationuuid": "5cec6a17-c3f1-4db5-bb53-055b05281829",
        "serveruuid": "454ae35b-ac28-4296-844e-996e6b50f9db",
        "name": "DIMusic Club Botswana \ud83c\udde7\ud83c\uddfc ",
        "url": "http://stream1.dimusic.club:11496/live",
        "url_resolved": "http://stream1.dimusic.club:11496/live",
        "homepage": "http://dimusic.club/",
        "favicon": "",
        "tags": "popmusic dancemusic eurodance pophits popular",
        "country": "Botswana",
        "countrycode": "BW",
        "iso_3166_2": null,
        "state": "",
        "language": "english/ russian/ francia/ espa\u00f1a/ italia/",
        "languagecodes": "",
        "votes": 16,
        "lastchangetime": "2023-10-26 04:15:27",
        "lastchangetime_iso8601": "2023-10-26T04:15:27Z",
        "codec": "AAC+",
        "bitrate": 128,
        "hls": 0,
        "lastcheckok": 1,
        "lastchecktime": "2023-11-07 04:55:08",
        "lastchecktime_iso8601": "2023-11-07T04:55:08Z",
        "lastcheckoktime": "2023-11-07 04:55:08",
        "lastcheckoktime_iso8601": "2023-11-07T04:55:08Z",
        "lastlocalchecktime": "2023-11-07 04:55:08",
        "lastlocalchecktime_iso8601": "2023-11-07T04:55:08Z",
        "clicktimestamp": "2023-11-07 13:23:00",
        "clicktimestamp_iso8601": "2023-11-07T13:23:00Z",
        "clickcount": 19,
        "clicktrend": 2,
        "ssl_error": 0,
        "geo_lat": null,
        "geo_long": null,
        "has_extended_info": false
    }
]