[
    {
        "changeuuid": "38529957-9608-40bb-9531-eae0e82584c8",
        "stationuuid": "013df7f8-a32d-4b8e-90cc-4ce8ee59baeb",
        "serveruuid": "5343c370-1c48-4819-b6cf-d666d4183b2e",
        "name": "\u0420\u0443\u0441\u0441\u043a\u043e\u0435 \u0420\u0430\u0434\u0438\u043e",
        "url": "https://stream.hoster.by/rusradio/russkoe/icecast.audio",
        "url_resolved": "https://stream.hoster.by/rusradio/russkoe/icecast.audio",
        "homepage": "https://rusradio.by/",
        "favicon": "https://rusradio.by/apple-touch-icon.png",
        "tags": "pop,\u0431\u0435\u043b\u0430\u0440\u0443\u0441\u044c,\u043c\u0438\u043d\u0441\u043a,\u0440\u0443\u0441\u0441\u043a\u043e\u0435 \u0440\u0430\u0434\u0438\u043e",
        "country": "Belarus",
        "countrycode": "BY",
        "iso_3166_2": null,
        "state": "Minsk",
        "language": "russian",
        "languagecodes": "ru",
        "votes": 4398,
        "lastchangetime": "2022-03-28 09:13:05",
        "lastchangetime_iso8601": "2022-03-28T09:13:05Z",
        "codec": "AAC+",
        "bitrate": 128,
        "hls": 0,
        "lastcheckok": 1,
        "lastchecktime": "2023-04-08 02:27:05",
        "lastchecktime_iso8601": "2023-04-08T02:27:05Z",
        "lastcheckoktime": "2023-04-08 02:27:05",
        "lastcheckoktime_iso8601": "2023-04-08T02:27:05Z",
        "lastlocalchecktime": "2023-04-07 19:36:09",
        "lastlocalchecktime_iso8601": "2023-04-07T19:36:09Z",
        "clicktimestamp": "2023-04-08 12:40:25",
        "clicktimestamp_iso8601": "2023-04-08T12:40:25Z",
        "clickcount": 224,
        "clicktrend": 1,
        "ssl_error": 0,
        "geo_lat": null,
        "geo_long": null,
        "has_extended_info": false
    },
    {
        "changeuuid": "a7d3bcc3-97c3-4661-92f0-f95b1db24add",
        "stationuuid": "961997ff-0601-11e8-ae97-52543be04c81",
        "serveruuid": "b73d32af-3389-4523-882a-bb2b932e2ae6",
        "name": "\u041f\u0438\u043b\u043e\u0442-FM",
        "url": "http://pf.volna.top/PilotBy48",
        "url_resolved": "https://hfm.amgradio.ru/HypeFM",
        "homepage": "http://pilotfm.com/",
        "favicon": "",
        "tags": "contemporary hits,dance,top 40",
        "country": "Belarus",
        "countrycode": "BY",
        "iso_3166_2": null,
        "state": "Minsk",
        "language": "russian",
        "languagecodes": "ru",
        "votes": 4060,
        "lastchangetime": "2022-03-28 14:14:38",
        "lastchangetime_iso8601": "2022-03-28T14:14:38Z",
        "codec": "AAC+",
        "bitrate": 48,
        "hls": 0,
        "lastcheckok": 1,
        "lastchecktime": "2023-04-08 11:59:36",
        "lastchecktime_iso8601": "2023-04-08T11:59:36Z",
        "lastcheckoktime": "2023-04-08 11:59:36",
        "lastcheckoktime_iso8601": "2023-04-08T11:59:36Z",
        "lastlocalchecktime": "2023-04-08 10:03:12",
        "lastlocalchecktime_iso8601": "2023-04-08T10:03:12Z",
        "clicktimestamp": "2023-04-08 08:38:00",
        "clicktimestamp_iso8601": "2023-04-08T08:38:00Z",
        "clickcount": 83,
        "clicktrend": -8,
        "ssl_error": 0,
        "geo_lat": null,
        "geo_long": null,
        "has_extended_info": false
    },
    {
        "changeuuid": "9c1dfee9-b3f6-4b97-a91c-17ca1795ae41",
        "stationuuid": "962b35ca-0601-11e8-ae97-52543be04c81",
        "serveruuid": "7618cd71-7719-4446-a68c-3fe8d1507b20",
        "name": "\u042e\u043c\u043e\u0440 FM",
        "url": "http://live.humorfm.by:8000/veseloeradio",
        "url_resolved": "http://live.humorfm.by:8000/veseloeradio",
        "homepage": "http://humorfm.by/",
        "favicon": "http://humorfm.by/apple-touch-icon.png",
        "tags": "comedy,top 40",
        "country": "Belarus",
        "countrycode": "BY",
        "iso_3166_2": null,
        "state": "Minsk",
        "language": "russian",
        "languagecodes": "ru",
        "votes": 3960,
        "lastchangetime": "2022-04-19 18:51:38",
        "lastchangetime_iso8601": "2022-04-19T18:51:38Z",
        "codec": "MP3",
        "bitrate": 160,
        "hls": 0,
        "lastcheckok": 1,
        "lastchecktime": "2023-04-07 23:44:32",
        "lastchecktime_iso8601": "2023-04-07T23:44:32Z",
        "lastcheckoktime": "2023-04-07 23:44:32",
        "lastcheckoktime_iso8601": "2023-04-07T23:44:32Z",
        "lastlocalchecktime": "2023-04-07 21:03:48",
        "lastlocalchecktime_iso8601": "2023-04-07T21:03:48Z",
        "clicktimestamp": "2023-04-08 10:01:09",
        "clicktimestamp_iso8601": "2023-04-08T10:01:09Z",
        "clickcount": 166,
        "clicktrend": 0,
        "ssl_error": 0,
        "geo_lat": null,
        "geo_long": null,
        "has_extended_info": false
    },
    {
        "changeuuid": "0c315043-fab9-496d-b609-08ab992578b8",
        "stationuuid": "22d101a3-e7be-4f01-ab5f-aa57d57f28a5",
        "serveruuid": "5343c370-1c48-4819-b6cf-d666d4183b2e",
        "name": "PilotFM",
        "url": "https://stream.hoster.by/pilotfm/pilot/icecast.audio",
        "url_resolved": "https://stream.hoster.by/pilotfm/pilot/icecast.audio",
        "homepage": "http://www.pilotfm.com/",
        "favicon": "",
        "tags": "",
        "country": "Belarus",
        "countrycode": "BY",
        "iso_3166_2": null,
        "state": "",
        "language": "russian",
        "languagecodes": "ru",
        "votes": 1771,
        "lastchangetime": "2022-03-28 11:06:36",
        "lastchangetime_iso8601": "2022-03-28T11:06:36Z",
        "codec": "AAC+",
        "bitrate": 48,
        "hls": 0,
        "lastcheckok": 1,
        "lastchecktime": "2023-04-08 11:53:13",
        "lastchecktime_iso8601": "2023-04-08T11:53:13Z",
        "lastcheckoktime": "2023-04-08 11:53:13",
        "lastcheckoktime_iso8601": "2023-04-08T11:53:13Z",
        "lastlocalchecktime": "2023-04-08 11:53:13",
        "lastlocalchecktime_iso8601": "2023-04-08T11:53:13Z",
        "clicktimestamp": "2023-04-08 11:54:46",
        "clicktimestamp_iso8601": "2023-04-08T11:54:46Z",
        "clickcount": 39,
        "clicktrend": 3,
        "ssl_error": 0,
        "geo_lat": null,
        "geo_long": null,
        "has_extended_info": false
    },
    {
        "changeuuid": "5eb1ac0a-2772-41af-b4ef-2b2d53efa209",
        "stationuuid": "a853f228-0e27-4461-8657-5b10f2fd79d7",
        "serveruuid": "6f20a0e4-d032-4272-9856-1d23c6a2633b",
        "name": "\u041d\u043e\u0432\u043e\u0435 \u0440\u0430\u0434\u0438\u043e",
        "url": "https://live.novoeradio.by:444/live/novoeradio_aac128/icecast.audio",
        "url_resolved": "https://live.novoeradio.by:444/live/novoeradio_aac128/icecast.audio",
        "homepage": "https://novoeradio.by/",
        "favicon": "",
        "tags": "classical",
        "country": "Belarus",
        "countrycode": "BY",
        "iso_3166_2": null,
        "state": "",
        "language": "",
        "languagecodes": "",
        "votes": 1560,
        "lastchangetime": "2022-06-08 09:15:58",
        "lastchangetime_iso8601": "2022-06-08T09:15:58Z",
        "codec": "AAC+",
        "bitrate": 0,
        "hls": 0,
        "lastcheckok": 1,
        "lastchecktime": "2023-04-07 20:38:45",
        "lastchecktime_iso8601": "2023-04-07T20:38:45Z",
        "lastcheckoktime": "2023-04-07 20:38:45",
        "lastcheckoktime_iso8601": "2023-04-07T20:38:45Z",
        "lastlocalchecktime": "2023-04-07 18:23:56",
        "lastlocalchecktime_iso8601": "2023-04-07T18:23:56Z",
        "clicktimestamp": "2023-04-08 13:17:17",
        "clicktimestamp_iso8601": "2023-04-08T13:17:17Z",
        "clickcount": 51,
        "clicktrend": -2,
        "ssl_error": 0,
        "geo_lat": null,
        "geo_long": null,
        "has_extended_info": false
    },
    {
        "changeuuid": "d8906104-96ff-458d-86f3-9b7ad6b3ad6e",
        "stationuuid": "7dd2f6dc-2918-11e9-a80b-52543be04c81",
        "serveruuid": "7809dc2d-24ab-4f50-80f6-4a743721b955",
        "name": "\u0414\u0443\u0448\u0435\u0432\u043d\u043e\u0435",
        "url": "http://stream.hoster.by:8081/pilotfm/audio/icecast.audio",
        "url_resolved": "http://stream.hoster.by:8081/pilotfm/audio/icecast.audio",
        "homepage": "",
        "favicon": "",
        "tags": "",
        "country": "Belarus",
        "countrycode": "BY",
        "iso_3166_2": null,
        "state": "",
        "language": "russian",
        "languagecodes": "ru",
        "votes": 1558,
        "lastchangetime": "2022-04-20 10:31:50",
        "lastchangetime_iso8601": "2022-04-20T10:31:50Z",
        "codec": "AAC+",
        "bitrate": 48,
        "hls": 0,
        "lastcheckok": 1,
        "lastchecktime": "2023-04-07 23:59:48",
        "lastchecktime_iso8601": "2023-04-07T23:59:48Z",
        "lastcheckoktime": "2023-04-07 23:59:48",
        "lastcheckoktime_iso8601": "2023-04-07T23:59:48Z",
        "lastlocalchecktime": "2023-04-07 19:50:48",
        "lastlocalchecktime_iso8601": "2023-04-07T19:50:48Z",
        "clicktimestamp": "2023-04-08 13:57:33",
        "clicktimestamp_iso8601": "2023-04-08T13:57:33Z",
        "clickcount": 91,
        "clicktrend": 3,
        "ssl_error": 0,
        "geo_lat": null,
        "geo_long": null,
        "has_extended_info": false
    },
    {
        "changeuuid": "9e7eda7d-41da-4f62-98e8-5adcee9c121e",
        "stationuuid": "6ad3f6e9-eac9-11e9-a96c-52543be04c81",
        "serveruuid": "7618cd71-7719-4446-a68c-3fe8d1507b20",
        "name": "\u0420\u0430\u0434\u044b\u0451 Relax",
        "url": "http://live.humorfm.by:8000/radiorelax",
        "url_resolved": "http://live.humorfm.by:8000/radiorelax",
        "homepage": "http://radiorelax.by/",
        "favicon": "http://radiorelax.by//apple-touch-icon.png",
        "tags": "music,music non stop,relax",
        "country": "Belarus",
        "countrycode": "BY",
        "iso_3166_2": null,
        "state": "",
        "language": "belarusian",
        "languagecodes": "be",
        "votes": 980,
        "lastchangetime": "2022-03-28 08:57:38",
        "lastchangetime_iso8601": "2022-03-28T08:57:38Z",
        "codec": "MP3",
        "bitrate": 160,
        "hls": 0,
        "lastcheckok": 1,
        "lastchecktime": "2023-04-07 23:59:48",
        "lastchecktime_iso8601": "2023-04-07T23:59:48Z",
        "lastcheckoktime": "2023-04-07 23:59:48",
        "lastcheckoktime_iso8601": "2023-04-07T23:59:48Z",
        "lastlocalchecktime": "2023-04-07 20:32:17",
        "lastlocalchecktime_iso8601": "2023-04-07T20:32:17Z",
        "clicktimestamp": "2023-04-08 13:29:14",
        "clicktimestamp_iso8601": "2023-04-08T13:29:14Z",
        "clickcount": 97,
        "clicktrend": 1,
        "ssl_error": 0,
        "geo_lat": null,
        "geo_long": null,
        "has_extended_info": false
    },
    {
        "changeuuid": "a0e1ac3b-b6f3-44c7-b458-9d858f36ecf9",
        "stationuuid": "964c1378-0601-11e8-ae97-52543be04c81",
        "serveruuid": "74d6febf-53c9-41f7-81ca-11190b0f9c9b",
        "name": "\u0420\u0430\u0434\u044b\u0451 \u0421\u0432\u0430\u0431\u043e\u0434\u0430. \u041d\u0430\u0432\u0456\u043d\u044b \u0411\u0435\u043b\u0430\u0440\u0443\u0441\u0456",
        "url": "https://rfe10.akacast.akamaistream.net/7/894/437768/v1/ibb.akacast.akamaistream.net/rfe10",
        "url_resolved": "https://n0b.radiojar.com/zv9u3eapn3quv?rj-ttl=5&rj-tok=AAABh1-S82YAGtk8ahhu8REH_w",
        "homepage": "http://www.svaboda.org/",
        "favicon": "http://www.svaboda.org/content/responsive/rfe/img/webapp/ico-128x128.png",
        "tags": "",
        "country": "Belarus",
        "countrycode": "BY",
        "iso_3166_2": null,
        "state": "",
        "language": "belarusian",
        "languagecodes": "be",
        "votes": 887,
        "lastchangetime": "2022-08-11 20:50:17",
        "lastchangetime_iso8601": "2022-08-11T20:50:17Z",
        "codec": "MP3",
        "bitrate": 0,
        "hls": 0,
        "lastcheckok": 1,
        "lastchecktime": "2023-04-08 06:30:15",
        "lastchecktime_iso8601": "2023-04-08T06:30:15Z",
        "lastcheckoktime": "2023-04-08 06:30:15",
        "lastcheckoktime_iso8601": "2023-04-08T06:30:15Z",
        "lastlocalchecktime": "2023-04-07 19:54:17",
        "lastlocalchecktime_iso8601": "2023-04-07T19:54:17Z",
        "clicktimestamp": "2023-04-08 13:29:35",
        "clicktimestamp_iso8601": "2023-04-08T13:29:35Z",
        "clickcount": 66,
        "clicktrend": 1,
        "ssl_error": 0,
        "geo_lat": null,
        "geo_long": null,
        "has_extended_info": false
    },
    {
        "changeuuid": "4741fa40-e623-43d5-bbfc-7705d6873a5a",
        "stationuuid": "5a030ffd-03a7-11ea-bbf2-52543be04c81",
        "serveruuid": "7618cd71-7719-4446-a68c-3fe8d1507b20",
        "name": "humor fm Minsk",
        "url": "http://live.humorfm.by:8000/veseloe",
        "url_resolved": "http://live.humorfm.by:8000/veseloe",
        "homepage": "http://humorfm.by/",
        "favicon": "http://humorfm.by/apple-touch-icon.png",
        "tags": "humor,humor fm,humor fm minsk",
        "country": "Belarus",
        "countrycode": "BY",
        "iso_3166_2": null,
        "state": "",
        "language": "",
        "languagecodes": "",
        "votes": 855,
        "lastchangetime": "2022-08-27 01:33:13",
        "lastchangetime_iso8601": "2022-08-27T01:33:13Z",
        "codec": "MP3",
        "bitrate": 64,
        "hls": 0,
        "lastcheckok": 1,
        "lastchecktime": "2023-04-08 09:44:36",
        "lastchecktime_iso8601": "2023-04-08T09:44:36Z",
        "lastcheckoktime": "2023-04-08 09:44:36",
        "lastcheckoktime_iso8601": "2023-04-08T09:44:36Z",
        "lastlocalchecktime": "2023-04-07 17:14:35",
        "lastlocalchecktime_iso8601": "2023-04-07T17:14:35Z",
        "clicktimestamp": "2023-04-08 13:29:43",
        "clicktimestamp_iso8601": "2023-04-08T13:29:43Z",
        "clickcount": 48,
        "clicktrend": 8,
        "ssl_error": 0,
        "geo_lat": null,
        "geo_long": null,
        "has_extended_info": false
    },
    {
        "changeuuid": "dcd4cacd-d2e7-40bf-a85f-eb82707a8330",
        "stationuuid": "42f58272-cba7-11e8-a54a-52543be04c81",
        "serveruuid": "680c27b4-4db7-4356-abb3-101417095944",
        "name": "\u0420\u0443\u0441\u0441\u043a\u043e\u0435 \u0440\u0430\u0434\u0438\u043e \u0412\u0438\u0442\u0435\u0431\u0441\u043a",
        "url": "http://86.57.240.92:2530/",
        "url_resolved": "http://86.57.240.92:2530/",
        "homepage": "https://vk.com/rr_vitebsk",
        "favicon": "https://upload.wikimedia.org/wikipedia/ru/0/03/%D0%A0%D1%83%D1%81%D1%81%D0%BA%D0%BE%D0%B5_%D1%80%D0%B0%D0%B4%D0%B8%D0%BE.png",
        "tags": "",
        "country": "Belarus",
        "countrycode": "BY",
        "iso_3166_2": null,
        "state": "Vitebsk",
        "language": "russian",
        "languagecodes": "ru",
        "votes": 719,
        "lastchangetime": "2022-04-20 14:20:30",
        "lastchangetime_iso8601": "2022-04-20T14:20:30Z",
        "codec": "MP3",
        "bitrate": 160,
        "hls": 0,
        "lastcheckok": 1,
        "lastchecktime": "2023-04-08 09:18:56",
        "lastchecktime_iso8601": "2023-04-08T09:18:56Z",
        "lastcheckoktime": "2023-04-08 09:18:56",
        "lastcheckoktime_iso8601": "2023-04-08T09:18:56Z",
        "lastlocalchecktime": "2023-04-07 17:59:18",
        "lastlocalchecktime_iso8601": "2023-04-07T17:59:18Z",
        "clicktimestamp": "2023-04-08 13:29:55",
        "clicktimestamp_iso8601": "2023-04-08T13:29:55Z",
        "clickcount": 51,
        "clicktrend": -4,
        "ssl_error": 0,
        "geo_lat": null,
        "geo_long": null,
        "has_extended_info": false
    },
    {
        "changeuuid": "22603038-b9e4-42c2-bd02-49af621a6319",
        "stationuuid": "6973a0cb-0d2e-4329-abb5-92c153907504",
        "serveruuid": "5176bcbd-dbf9-4623-975e-aee8c3f20fde",
        "name": "\u0420\u0430\u0434\u0438\u0443\u0441FM",
        "url": "https://stream2.datacenter.by/radiusfm_main",
        "url_resolved": "https://stream2.datacenter.by/radiusfm_main",
        "homepage": "https://radiusfm.by/",
        "favicon": "https://radiusfm.by/apple-touch-icon.png",
        "tags": "",
        "country": "Belarus",
        "countrycode": "BY",
        "iso_3166_2": null,
        "state": "",
        "language": "russian,\u044f\u0437\u044b\u043a: \u0440\u0443\u0441\u0441\u043a\u0438\u0439",
        "languagecodes": "ru",
        "votes": 546,
        "lastchangetime": "2023-03-03 23:24:50",
        "lastchangetime_iso8601": "2023-03-03T23:24:50Z",
        "codec": "MP3",
        "bitrate": 192,
        "hls": 0,
        "lastcheckok": 1,
        "lastchecktime": "2023-04-08 11:59:36",
        "lastchecktime_iso8601": "2023-04-08T11:59:36Z",
        "lastcheckoktime": "2023-04-08 11:59:36",
        "lastcheckoktime_iso8601": "2023-04-08T11:59:36Z",
        "lastlocalchecktime": "2023-04-07 19:08:11",
        "lastlocalchecktime_iso8601": "2023-04-07T19:08:11Z",
        "clicktimestamp": "2023-04-08 13:30:01",
        "clicktimestamp_iso8601": "2023-04-08T13:30:01Z",
        "clickcount": 61,
        "clicktrend": 7,
        "ssl_error": 0,
        "geo_lat": 53.901587280708576,
        "geo_long": 27.553539276123047,
        "has_extended_info": false
    },
    {
        "changeuuid": "87cf478d-2c1f-4d74-814c-070567649fd1",
        "stationuuid": "48c28c96-02c4-4bfb-b4fd-b181af0b2bd7",
        "serveruuid": "7618cd71-7719-4446-a68c-3fe8d1507b20",
        "name": "\u0410\u0432\u0442\u043e\u0440\u0430\u0434\u0438\u043e \u0411\u0435\u043b\u0430\u0440\u0443\u0441\u044c",
        "url": "http://live.humorfm.by:8000/avtoradio-high",
        "url_resolved": "http://live.humorfm.by:8000/avtoradio-high",
        "homepage": "http://avtoradio.by/",
        "favicon": "http://avtoradio.by/favicon-32x32.png",
        "tags": "classic rock,metal,rock",
        "country": "Belarus",
        "countrycode": "BY",
        "iso_3166_2": null,
        "state": "",
        "language": "russian",
        "languagecodes": "ru",
        "votes": 541,
        "lastchangetime": "2022-05-01 15:32:28",
        "lastchangetime_iso8601": "2022-05-01T15:32:28Z",
        "codec": "AAC",
        "bitrate": 96,
        "hls": 0,
        "lastcheckok": 1,
        "lastchecktime": "2023-04-08 07:56:20",
        "lastchecktime_iso8601": "2023-04-08T07:56:20Z",
        "lastcheckoktime": "2023-04-08 07:56:20",
        "lastcheckoktime_iso8601": "2023-04-08T07:56:20Z",
        "lastlocalchecktime": "2023-04-07 15:34:11",
        "lastlocalchecktime_iso8601": "2023-04-07T15:34:11Z",
        "clicktimestamp": "2023-04-08 13:30:04",
        "clicktimestamp_iso8601": "2023-04-08T13:30:04Z",
        "clickcount": 45,
        "clicktrend": 3,
        "ssl_error": 0,
        "geo_lat": 53.90172129012879,
        "geo_long": 27.55027770996094,
        "has_extended_info": false
    },
    {
        "changeuuid": "2db03a00-7a25-44f3-b8e1-5bb75241f970",
        "stationuuid": "2f6b5199-b087-4130-94f0-4c9d934dc985",
        "serveruuid": "7618cd71-7719-4446-a68c-3fe8d1507b20",
        "name": "\u0410\u0432\u0442\u043e\u0440\u0430\u0434\u0438\u043e",
        "url": "http://live.humorfm.by:8000/avtoradio-high.m3u",
        "url_resolved": "http://live.humorfm.by:8000/avtoradio-high",
        "homepage": "http://avtoradio.by/",
        "favicon": "http://avtoradio.by/favicon-32x32.png",
        "tags": "rock",
        "country": "Belarus",
        "countrycode": "BY",
        "iso_3166_2": null,
        "state": "Minsk",
        "language": "russian",
        "languagecodes": "ru",
        "votes": 538,
        "lastchangetime": "2023-03-30 06:28:13",
        "lastchangetime_iso8601": "2023-03-30T06:28:13Z",
        "codec": "AAC",
        "bitrate": 96,
        "hls": 0,
        "lastcheckok": 1,
        "lastchecktime": "2023-04-08 10:27:19",
        "lastchecktime_iso8601": "2023-04-08T10:27:19Z",
        "lastcheckoktime": "2023-04-08 10:27:19",
        "lastcheckoktime_iso8601": "2023-04-08T10:27:19Z",
        "lastlocalchecktime": "2023-04-07 17:25:16",
        "lastlocalchecktime_iso8601": "2023-04-07T17:25:16Z",
        "clicktimestamp": "2023-04-08 14:02:52",
        "clicktimestamp_iso8601": "2023-04-08T14:02:52Z",
        "clickcount": 106,
        "clicktrend": 4,
        "ssl_error": 0,
        "geo_lat": null,
        "geo_long": null,
        "has_extended_info": false
    },
    {
        "changeuuid": "608ff573-84f3-4ebf-90c7-9e8b1bb44211",
        "stationuuid": "96195abc-0601-11e8-ae97-52543be04c81",
        "serveruuid": "27237b0e-85ad-4492-b368-11c9917fb140",
        "name": "\u0420\u0430\u0434\u044b\u0451 \u0420\u0430\u0446\u044b\u044f",
        "url": "http://air.racyja.com:8000/racja128",
        "url_resolved": "http://air.racyja.com:8000/racja128",
        "homepage": "http://www.racyja.com/",
        "favicon": "",
        "tags": "",
        "country": "Belarus",
        "countrycode": "BY",
        "iso_3166_2": null,
        "state": "Minsk",
        "language": "belarusian",
        "languagecodes": "be",
        "votes": 525,
        "lastchangetime": "2022-05-07 16:52:41",
        "lastchangetime_iso8601": "2022-05-07T16:52:41Z",
        "codec": "MP3",
        "bitrate": 128,
        "hls": 0,
        "lastcheckok": 1,
        "lastchecktime": "2023-04-07 19:50:00",
        "lastchecktime_iso8601": "2023-04-07T19:50:00Z",
        "lastcheckoktime": "2023-04-07 19:50:00",
        "lastcheckoktime_iso8601": "2023-04-07T19:50:00Z",
        "lastlocalchecktime": "2023-04-07 16:40:05",
        "lastlocalchecktime_iso8601": "2023-04-07T16:40:05Z",
        "clicktimestamp": "2023-04-08 14:12:06",
        "clicktimestamp_iso8601": "2023-04-08T14:12:06Z",
        "clickcount": 68,
        "clicktrend": -6,
        "ssl_error": 0,
        "geo_lat": null,
        "geo_long": null,
        "has_extended_info": false
    },
    {
        "changeuuid": "7c54db66-2ba6-4aae-93a2-3a5475b553a0",
        "stationuuid": "f64a69f1-cba2-11e8-a54a-52543be04c81",
        "serveruuid": "96e8af5c-c1cf-47c7-a56b-981b944206ce",
        "name": "\u0420\u0430\u0434\u0438\u043e-\u0412\u0438\u0442\u0435\u0431\u0441\u043a",
        "url": "http://radio.vtv.by:8000/radio_vitebsk_128",
        "url_resolved": "https://live.radiovitebsk.by/live",
        "homepage": "http://vtv.by/radio/",
        "favicon": "http://vtv.by/favicon.ico",
        "tags": "",
        "country": "Belarus",
        "countrycode": "BY",
        "iso_3166_2": null,
        "state": "Vitebsk",
        "language": "russian",
        "languagecodes": "ru",
        "votes": 497,
        "lastchangetime": "2023-04-03 18:33:11",
        "lastchangetime_iso8601": "2023-04-03T18:33:11Z",
        "codec": "AAC",
        "bitrate": 160,
        "hls": 0,
        "lastcheckok": 1,
        "lastchecktime": "2023-04-08 10:27:19",
        "lastchecktime_iso8601": "2023-04-08T10:27:19Z",
        "lastcheckoktime": "2023-04-08 10:27:19",
        "lastcheckoktime_iso8601": "2023-04-08T10:27:19Z",
        "lastlocalchecktime": "2023-04-07 19:06:53",
        "lastlocalchecktime_iso8601": "2023-04-07T19:06:53Z",
        "clicktimestamp": "2023-04-08 13:30:15",
        "clicktimestamp_iso8601": "2023-04-08T13:30:15Z",
        "clickcount": 20,
        "clicktrend": 1,
        "ssl_error": 0,
        "geo_lat": null,
        "geo_long": null,
        "has_extended_info": false
    },
    {
        "changeuuid": "7fb36e52-e75b-47e2-88ca-ed8328cc4e97",
        "stationuuid": "962df7f6-0601-11e8-ae97-52543be04c81",
        "serveruuid": "4c0ca793-93bc-4e6e-9bd7-93a346f7fec4",
        "name": "\u0415\u045e\u0440\u0430\u0440\u0430\u0434\u044b\u0451 BY",
        "url": "http://stream1.euroradio.fm:8000/euroradio1",
        "url_resolved": "http://stream1.euroradio.fm:8000/euroradio1",
        "homepage": "https://euroradio.fm/",
        "favicon": "https://euroradio.fm/themes/custom/euroradio/favicon.ico",
        "tags": "news,news talk,political talk,politics",
        "country": "Belarus",
        "countrycode": "BY",
        "iso_3166_2": null,
        "state": "Minsk",
        "language": "belarusian",
        "languagecodes": "be",
        "votes": 375,
        "lastchangetime": "2022-09-13 00:33:32",
        "lastchangetime_iso8601": "2022-09-13T00:33:32Z",
        "codec": "MP3",
        "bitrate": 160,
        "hls": 0,
        "lastcheckok": 1,
        "lastchecktime": "2023-04-08 09:44:36",
        "lastchecktime_iso8601": "2023-04-08T09:44:36Z",
        "lastcheckoktime": "2023-04-08 09:44:36",
        "lastcheckoktime_iso8601": "2023-04-08T09:44:36Z",
        "lastlocalchecktime": "2023-04-07 16:59:22",
        "lastlocalchecktime_iso8601": "2023-04-07T16:59:22Z",
        "clicktimestamp": "2023-04-08 11:56:14",
        "clicktimestamp_iso8601": "2023-04-08T11:56:14Z",
        "clickcount": 34,
        "clicktrend": -1,
        "ssl_error": 0,
        "geo_lat": null,
        "geo_long": null,
        "has_extended_info": false
    },
    {
        "changeuuid": "e630f404-94ee-4e8d-8778-ad53d7b025d3",
        "stationuuid": "96287a7a-0601-11e8-ae97-52543be04c81",
        "serveruuid": "019a8479-5e3c-443e-ba0a-096311d66320",
        "name": "Love Is Radio Belarus",
        "url": "https://myradio24.org/3355",
        "url_resolved": "https://listen1.myradio24.com/3355",
        "homepage": "http://loveisradio.by/",
        "favicon": "http://loveisradio.by/gallery_gen/5d379494eea729c6053eb80f69389951.png",
        "tags": "",
        "country": "Belarus",
        "countrycode": "BY",
        "iso_3166_2": null,
        "state": "Minsk",
        "language": "russian",
        "languagecodes": "ru",
        "votes": 314,
        "lastchangetime": "2022-04-19 18:10:48",
        "lastchangetime_iso8601": "2022-04-19T18:10:48Z",
        "codec": "MP3",
        "bitrate": 128,
        "hls": 0,
        "lastcheckok": 1,
        "lastchecktime": "2023-04-07 22:53:40",
        "lastchecktime_iso8601": "2023-04-07T22:53:40Z",
        "lastcheckoktime": "2023-04-07 22:53:40",
        "lastcheckoktime_iso8601": "2023-04-07T22:53:40Z",
        "lastlocalchecktime": "2023-04-07 20:05:01",
        "lastlocalchecktime_iso8601": "2023-04-07T20:05:01Z",
        "clicktimestamp": "2023-04-08 09:40:27",
        "clicktimestamp_iso8601": "2023-04-08T09:40:27Z",
        "clickcount": 41,
        "clicktrend": -5,
        "ssl_error": 0,
        "geo_lat": null,
        "geo_long": null,
        "has_extended_info": false
    },
    {
        "changeuuid": "4f3e68d6-3869-4737-a9da-4fd2c76848e3",
        "stationuuid": "9630a8cd-0601-11e8-ae97-52543be04c81",
        "serveruuid": "c1393581-de90-4b9d-9f05-b62427c26a47",
        "name": "\u0413\u043e\u043c\u0435\u043b\u044c FM",
        "url": "http://s1.radioheart.ru:8001/radiogomelfm",
        "url_resolved": "http://s1.radioheart.ru:8001/radiogomelfm",
        "homepage": "http://radiogomelfm.by/",
        "favicon": "",
        "tags": "hot adult contemporary,local news,mainstream,news,news talk",
        "country": "Belarus",
        "countrycode": "BY",
        "iso_3166_2": null,
        "state": "Gomel",
        "language": "russian",
        "languagecodes": "ru",
        "votes": 297,
        "lastchangetime": "2022-03-28 09:28:19",
        "lastchangetime_iso8601": "2022-03-28T09:28:19Z",
        "codec": "AAC",
        "bitrate": 128,
        "hls": 0,
        "lastcheckok": 1,
        "lastchecktime": "2023-04-08 01:10:40",
        "lastchecktime_iso8601": "2023-04-08T01:10:40Z",
        "lastcheckoktime": "2023-04-08 01:10:40",
        "lastcheckoktime_iso8601": "2023-04-08T01:10:40Z",
        "lastlocalchecktime": "2023-04-07 16:04:36",
        "lastlocalchecktime_iso8601": "2023-04-07T16:04:36Z",
        "clicktimestamp": "2023-04-08 10:06:08",
        "clicktimestamp_iso8601": "2023-04-08T10:06:08Z",
        "clickcount": 25,
        "clicktrend": 2,
        "ssl_error": 0,
        "geo_lat": null,
        "geo_long": null,
        "has_extended_info": false
    },
    {
        "changeuuid": "229b513e-d80f-4ef0-97b2-f6b3442672d4",
        "stationuuid": "ca4329c0-02ab-11e9-a1be-52543be04c81",
        "serveruuid": "3ce94a2d-37cc-4b39-858c-4d84b546e5e5",
        "name": "\u041f\u0440\u0430\u0432\u0434\u0430 \u0420\u0430\u0434\u0438\u043e",
        "url": "http://79.98.49.5:8132/pravda?type=.mp3",
        "url_resolved": "http://79.98.49.5:8132/pravda?type=.mp3",
        "homepage": "http://pravdaradio.by/",
        "favicon": "",
        "tags": "local news,music,news",
        "country": "Belarus",
        "countrycode": "BY",
        "iso_3166_2": null,
        "state": "Gomel",
        "language": "russian",
        "languagecodes": "ru",
        "votes": 286,
        "lastchangetime": "2022-03-28 12:33:57",
        "lastchangetime_iso8601": "2022-03-28T12:33:57Z",
        "codec": "AAC+",
        "bitrate": 192,
        "hls": 0,
        "lastcheckok": 1,
        "lastchecktime": "2023-04-08 08:46:38",
        "lastchecktime_iso8601": "2023-04-08T08:46:38Z",
        "lastcheckoktime": "2023-04-08 08:46:38",
        "lastcheckoktime_iso8601": "2023-04-08T08:46:38Z",
        "lastlocalchecktime": "2023-04-07 20:27:06",
        "lastlocalchecktime_iso8601": "2023-04-07T20:27:06Z",
        "clicktimestamp": "2023-04-06 11:57:47",
        "clicktimestamp_iso8601": "2023-04-06T11:57:47Z",
        "clickcount": 23,
        "clicktrend": 0,
        "ssl_error": 0,
        "geo_lat": null,
        "geo_long": null,
        "has_extended_info": false
    },
    {
        "changeuuid": "05b23694-2c7b-4aaa-a7c4-56f457f7c3ef",
        "stationuuid": "962b3229-0601-11e8-ae97-52543be04c81",
        "serveruuid": "c1393581-de90-4b9d-9f05-b62427c26a47",
        "name": "\u0413\u043e\u043c\u0435\u043b\u044c \u041f\u043b\u044e\u0441",
        "url": "http://s1.radioheart.ru:8001/radiogomel",
        "url_resolved": "http://s1.radioheart.ru:8001/radiogomel",
        "homepage": "http://radiogomelplus.by/",
        "favicon": "https://www.megapolis-reklama.by/assets/images/ikonki_uslug/Radio/gomel_plus.jpg",
        "tags": "pop",
        "country": "Belarus",
        "countrycode": "BY",
        "iso_3166_2": null,
        "state": "Gomel",
        "language": "russian",
        "languagecodes": "ru",
        "votes": 281,
        "lastchangetime": "2022-03-28 10:55:22",
        "lastchangetime_iso8601": "2022-03-28T10:55:22Z",
        "codec": "AAC",
        "bitrate": 128,
        "hls": 0,
        "lastcheckok": 1,
        "lastchecktime": "2023-04-08 07:41:05",
        "lastchecktime_iso8601": "2023-04-08T07:41:05Z",
        "lastcheckoktime": "2023-04-08 07:41:05",
        "lastcheckoktime_iso8601": "2023-04-08T07:41:05Z",
        "lastlocalchecktime": "2023-04-07 19:47:14",
        "lastlocalchecktime_iso8601": "2023-04-07T19:47:14Z",
        "clicktimestamp": "2023-04-08 08:39:38",
        "clicktimestamp_iso8601": "2023-04-08T08:39:38Z",
        "clickcount": 19,
        "clicktrend": 0,
        "ssl_error": 0,
        "geo_lat": null,
        "geo_long": null,
        "has_extended_info": false
    },
    {
        "changeuuid": "bde5eb65-afcf-4d80-9cb5-9369d00af4e2",
        "stationuuid": "477c13ef-d21d-48b4-a77a-3990f841d0a2",
        "serveruuid": "7f626915-9176-4f63-a9db-5c5a87a9bd0e",
        "name": "Radio 4you",
        "url": "http://a1.radioheart.ru:8003/RH17982",
        "url_resolved": "http://a1.radioheart.ru:8003/RH17982",
        "homepage": "https://4you-fm.ru/",
        "favicon": "",
        "tags": "dance,edm,electronic,house,top 40,trance",
        "country": "Belarus",
        "countrycode": "BY",
        "iso_3166_2": null,
        "state": "",
        "language": "",
        "languagecodes": "",
        "votes": 281,
        "lastchangetime": "2022-11-04 04:43:32",
        "lastchangetime_iso8601": "2022-11-04T04:43:32Z",
        "codec": "MP3",
        "bitrate": 128,
        "hls": 0,
        "lastcheckok": 1,
        "lastchecktime": "2023-04-08 08:59:50",
        "lastchecktime_iso8601": "2023-04-08T08:59:50Z",
        "lastcheckoktime": "2023-04-08 08:59:50",
        "lastcheckoktime_iso8601": "2023-04-08T08:59:50Z",
        "lastlocalchecktime": "2023-04-07 18:29:26",
        "lastlocalchecktime_iso8601": "2023-04-07T18:29:26Z",
        "clicktimestamp": "2023-04-08 10:10:48",
        "clicktimestamp_iso8601": "2023-04-08T10:10:48Z",
        "clickcount": 15,
        "clicktrend": -1,
        "ssl_error": 0,
        "geo_lat": null,
        "geo_long": null,
        "has_extended_info": false
    },
    {
        "changeuuid": "0abdbdf3-f2c0-467d-a575-c714bb935f65",
        "stationuuid": "9630a026-0601-11e8-ae97-52543be04c81",
        "serveruuid": "9c13d68e-5339-45ae-86a2-9c8926a45eb5",
        "name": "Z\u0435\u0444\u0438\u0440 FM",
        "url": "http://178.124.152.212:8008/Zefir",
        "url_resolved": "http://178.124.152.212:8008/Zefir",
        "homepage": "http://bobrlife.by/radio",
        "favicon": "",
        "tags": "local news,mainstream,top 40",
        "country": "Belarus",
        "countrycode": "BY",
        "iso_3166_2": null,
        "state": "Bobruisk",
        "language": "russian",
        "languagecodes": "ru",
        "votes": 271,
        "lastchangetime": "2022-03-28 08:47:28",
        "lastchangetime_iso8601": "2022-03-28T08:47:28Z",
        "codec": "AAC",
        "bitrate": 192,
        "hls": 0,
        "lastcheckok": 1,
        "lastchecktime": "2023-04-08 01:05:36",
        "lastchecktime_iso8601": "2023-04-08T01:05:36Z",
        "lastcheckoktime": "2023-04-08 01:05:36",
        "lastcheckoktime_iso8601": "2023-04-08T01:05:36Z",
        "lastlocalchecktime": "2023-04-07 20:14:48",
        "lastlocalchecktime_iso8601": "2023-04-07T20:14:48Z",
        "clicktimestamp": "2023-04-08 07:11:16",
        "clicktimestamp_iso8601": "2023-04-08T07:11:16Z",
        "clickcount": 13,
        "clicktrend": -2,
        "ssl_error": 0,
        "geo_lat": null,
        "geo_long": null,
        "has_extended_info": false
    },
    {
        "changeuuid": "6bf1e253-17af-4b08-953f-fbbeb9f54fc7",
        "stationuuid": "962ea141-0601-11e8-ae97-52543be04c81",
        "serveruuid": "4c0ca793-93bc-4e6e-9bd7-93a346f7fec4",
        "name": "\u0415\u045e\u0440\u0430\u0440\u0430\u0434\u044b\u0451 Soft Rock",
        "url": "http://stream1.euroradio.fm:8000/euroradio3?seed=1493711245",
        "url_resolved": "http://stream1.euroradio.fm:8000/euroradio3?seed=1493711245",
        "homepage": "https://euroradio.fm/",
        "favicon": "https://euroradio.fm/themes/custom/euroradio/favicon.ico",
        "tags": "news,news talk,political talk,politics,soft rock",
        "country": "Belarus",
        "countrycode": "BY",
        "iso_3166_2": null,
        "state": "Minsk",
        "language": "belarusian",
        "languagecodes": "be",
        "votes": 230,
        "lastchangetime": "2022-09-13 10:16:07",
        "lastchangetime_iso8601": "2022-09-13T10:16:07Z",
        "codec": "MP3",
        "bitrate": 160,
        "hls": 0,
        "lastcheckok": 1,
        "lastchecktime": "2023-04-08 01:51:26",
        "lastchecktime_iso8601": "2023-04-08T01:51:26Z",
        "lastcheckoktime": "2023-04-08 01:51:26",
        "lastcheckoktime_iso8601": "2023-04-08T01:51:26Z",
        "lastlocalchecktime": "2023-04-07 18:48:19",
        "lastlocalchecktime_iso8601": "2023-04-07T18:48:19Z",
        "clicktimestamp": "2023-04-08 13:35:54",
        "clicktimestamp_iso8601": "2023-04-08T13:35:54Z",
        "clickcount": 23,
        "clicktrend": 0,
        "ssl_error": 0,
        "geo_lat": null,
        "geo_long": null,
        "has_extended_info": false
    },
    {
        "changeuuid": "213a7386-430a-4110-a559-0ca9e639eecc",
        "stationuuid": "e09ec95c-daf8-467b-88f3-ad8ac37835b2",
        "serveruuid": "7618cd71-7719-4446-a68c-3fe8d1507b20",
        "name": "\u0410\u0432\u0442\u043e\u0440\u0430\u0434\u0438\u043e \u0411\u0435\u043b\u0430\u0440\u0443\u0441\u044c Low",
        "url": "http://live.humorfm.by:8000/avtoradio-low",
        "url_resolved": "http://live.humorfm.by:8000/avtoradio-low",
        "homepage": "http://avtoradio.by/",
        "favicon": "http://avtoradio.by/favicon-32x32.png",
        "tags": "classic rock,metal,rock",
        "country": "Belarus",
        "countrycode": "BY",
        "iso_3166_2": null,
        "state": "",
        "language": "russian",
        "languagecodes": "ru",
        "votes": 204,
        "lastchangetime": "2022-05-15 20:00:34",
        "lastchangetime_iso8601": "2022-05-15T20:00:34Z",
        "codec": "AAC",
        "bitrate": 20,
        "hls": 0,
        "lastcheckok": 1,
        "lastchecktime": "2023-04-08 05:34:15",
        "lastchecktime_iso8601": "2023-04-08T05:34:15Z",
        "lastcheckoktime": "2023-04-08 05:34:15",
        "lastcheckoktime_iso8601": "2023-04-08T05:34:15Z",
        "lastlocalchecktime": "2023-04-07 20:05:01",
        "lastlocalchecktime_iso8601": "2023-04-07T20:05:01Z",
        "clicktimestamp": "2023-04-07 23:29:47",
        "clicktimestamp_iso8601": "2023-04-07T23:29:47Z",
        "clickcount": 21,
        "clicktrend": 0,
        "ssl_error": 0,
        "geo_lat": 53.897485917897,
        "geo_long": 27.55783081054688,
        "has_extended_info": false
    },
    {
        "changeuuid": "08e8a7c9-fc69-4df1-95d9-8ce92fb832cb",
        "stationuuid": "c0b11003-938b-4c02-965b-a471b72739bc",
        "serveruuid": "5176bcbd-dbf9-4623-975e-aee8c3f20fde",
        "name": "\u0420\u0430\u0434\u044b\u0451 \"\u0421\u0442\u0430\u043b\u0456\u0446\u0430\"",
        "url": "https://stream2.datacenter.by/stalica",
        "url_resolved": "https://stream2.datacenter.by/stalica",
        "homepage": "https://radiostalica.by/",
        "favicon": "",
        "tags": "music,news,talk",
        "country": "Belarus",
        "countrycode": "BY",
        "iso_3166_2": null,
        "state": "Minsk",
        "language": "belarusian",
        "languagecodes": "be",
        "votes": 188,
        "lastchangetime": "2022-05-15 20:00:34",
        "lastchangetime_iso8601": "2022-05-15T20:00:34Z",
        "codec": "MP3",
        "bitrate": 256,
        "hls": 0,
        "lastcheckok": 1,
        "lastchecktime": "2023-04-08 07:05:34",
        "lastchecktime_iso8601": "2023-04-08T07:05:34Z",
        "lastcheckoktime": "2023-04-08 07:05:34",
        "lastcheckoktime_iso8601": "2023-04-08T07:05:34Z",
        "lastlocalchecktime": "2023-04-07 19:05:11",
        "lastlocalchecktime_iso8601": "2023-04-07T19:05:11Z",
        "clicktimestamp": "2023-04-07 13:06:58",
        "clicktimestamp_iso8601": "2023-04-07T13:06:58Z",
        "clickcount": 24,
        "clicktrend": -5,
        "ssl_error": 0,
        "geo_lat": null,
        "geo_long": null,
        "has_extended_info": false
    },
    {
        "changeuuid": "def64951-e264-475f-95af-71fc2594bc23",
        "stationuuid": "0fda9a6f-b83d-11e8-aaf2-52543be04c81",
        "serveruuid": "d0e3ee4e-98d9-48e4-8894-9c9340992bd1",
        "name": "Rawsound",
        "url": "http://stream.rawsound.by:8080/",
        "url_resolved": "http://stream.rawsound.by:8080/",
        "homepage": "http://rawsound.by/",
        "favicon": "",
        "tags": "metal",
        "country": "Belarus",
        "countrycode": "BY",
        "iso_3166_2": null,
        "state": "Minsk",
        "language": "russian",
        "languagecodes": "ru",
        "votes": 179,
        "lastchangetime": "2022-03-28 14:25:46",
        "lastchangetime_iso8601": "2022-03-28T14:25:46Z",
        "codec": "MP3",
        "bitrate": 128,
        "hls": 0,
        "lastcheckok": 1,
        "lastchecktime": "2023-04-08 14:11:16",
        "lastchecktime_iso8601": "2023-04-08T14:11:16Z",
        "lastcheckoktime": "2023-04-08 14:11:16",
        "lastcheckoktime_iso8601": "2023-04-08T14:11:16Z",
        "lastlocalchecktime": "2023-04-08 14:11:16",
        "lastlocalchecktime_iso8601": "2023-04-08T14:11:16Z",
        "clicktimestamp": "2023-04-07 09:39:44",
        "clicktimestamp_iso8601": "2023-04-07T09:39:44Z",
        "clickcount": 8,
        "clicktrend": -3,
        "ssl_error": 0,
        "geo_lat": null,
        "geo_long": null,
        "has_extended_info": false
    },
    {
        "changeuuid": "6afca166-3b59-43db-8129-eafbb5542412",
        "stationuuid": "51092631-e960-477e-8559-c283f73c6105",
        "serveruuid": "5bd1b1bc-6f53-4f06-b839-b063c4b1a884",
        "name": "Lider FM",
        "url": "https://icecast.lider-fm.by/liderfm",
        "url_resolved": "https://icecast.lider-fm.by/liderfm",
        "homepage": "https://liderfm.by/",
        "favicon": "https://liderfm.by/wp-content/uploads/2018/12/cropped-logo_f-180x180.png",
        "tags": "chr",
        "country": "Belarus",
        "countrycode": "BY",
        "iso_3166_2": null,
        "state": "Grodno",
        "language": "english,russian",
        "languagecodes": "en,ru",
        "votes": 176,
        "lastchangetime": "2022-07-15 23:59:48",
        "lastchangetime_iso8601": "2022-07-15T23:59:48Z",
        "codec": "AAC",
        "bitrate": 160,
        "hls": 0,
        "lastcheckok": 1,
        "lastchecktime": "2023-04-08 11:45:59",
        "lastchecktime_iso8601": "2023-04-08T11:45:59Z",
        "lastcheckoktime": "2023-04-08 11:45:59",
        "lastcheckoktime_iso8601": "2023-04-08T11:45:59Z",
        "lastlocalchecktime": "2023-04-07 18:38:33",
        "lastlocalchecktime_iso8601": "2023-04-07T18:38:33Z",
        "clicktimestamp": "2023-04-08 12:08:46",
        "clicktimestamp_iso8601": "2023-04-08T12:08:46Z",
        "clickcount": 34,
        "clicktrend": -1,
        "ssl_error": 0,
        "geo_lat": null,
        "geo_long": null,
        "has_extended_info": false
    },
    {
        "changeuuid": "39e89a4d-91ec-49e7-9780-a3a13db74f80",
        "stationuuid": "36df14d2-1c72-42d2-ae2a-c28285c37edf",
        "serveruuid": "b9e8f6ab-43d8-4caf-8eb2-a7639a566a9c",
        "name": "\u0420\u0430\u0434\u0438\u043e \u041c\u0438\u043d\u0441\u043a",
        "url": "http://178.172.236.179:8000/mk128",
        "url_resolved": "http://178.172.236.179:8000/mk128",
        "homepage": "http://radiominsk.by/",
        "favicon": "",
        "tags": "",
        "country": "Belarus",
        "countrycode": "BY",
        "iso_3166_2": null,
        "state": "",
        "language": "",
        "languagecodes": "",
        "votes": 173,
        "lastchangetime": "2022-09-19 18:19:21",
        "lastchangetime_iso8601": "2022-09-19T18:19:21Z",
        "codec": "AAC+",
        "bitrate": 128,
        "hls": 0,
        "lastcheckok": 1,
        "lastchecktime": "2023-04-08 10:27:19",
        "lastchecktime_iso8601": "2023-04-08T10:27:19Z",
        "lastcheckoktime": "2023-04-08 10:27:19",
        "lastcheckoktime_iso8601": "2023-04-08T10:27:19Z",
        "lastlocalchecktime": "2023-04-07 17:57:14",
        "lastlocalchecktime_iso8601": "2023-04-07T17:57:14Z",
        "clicktimestamp": "2023-04-08 11:43:26",
        "clicktimestamp_iso8601": "2023-04-08T11:43:26Z",
        "clickcount": 25,
        "clicktrend": -3,
        "ssl_error": 0,
        "geo_lat": null,
        "geo_long": null,
        "has_extended_info": false
    },
    {
        "changeuuid": "72213a8e-805c-4f92-99f0-f5158d2bb585",
        "stationuuid": "962e0fbe-0601-11e8-ae97-52543be04c81",
        "serveruuid": "4c0ca793-93bc-4e6e-9bd7-93a346f7fec4",
        "name": "\u0415\u045e\u0440\u0430\u0440\u0430\u0434\u044b\u0451 Alternative",
        "url": "http://stream1.euroradio.fm:8000/euroradio1?seed=1493710910",
        "url_resolved": "http://stream1.euroradio.fm:8000/euroradio1?seed=1493710910",
        "homepage": "https://euroradio.fm/",
        "favicon": "https://euroradio.fm/themes/custom/euroradio/favicon.ico",
        "tags": "alternative,news,news talk,political talk,politics",
        "country": "Belarus",
        "countrycode": "BY",
        "iso_3166_2": null,
        "state": "Minsk",
        "language": "belarusian",
        "languagecodes": "be",
        "votes": 169,
        "lastchangetime": "2022-09-13 09:11:26",
        "lastchangetime_iso8601": "2022-09-13T09:11:26Z",
        "codec": "MP3",
        "bitrate": 160,
        "hls": 0,
        "lastcheckok": 1,
        "lastchecktime": "2023-04-08 12:06:33",
        "lastchecktime_iso8601": "2023-04-08T12:06:33Z",
        "lastcheckoktime": "2023-04-08 12:06:33",
        "lastcheckoktime_iso8601": "2023-04-08T12:06:33Z",
        "lastlocalchecktime": "2023-04-07 19:50:48",
        "lastlocalchecktime_iso8601": "2023-04-07T19:50:48Z",
        "clicktimestamp": "2023-04-07 23:56:38",
        "clicktimestamp_iso8601": "2023-04-07T23:56:38Z",
        "clickcount": 20,
        "clicktrend": -2,
        "ssl_error": 0,
        "geo_lat": null,
        "geo_long": null,
        "has_extended_info": false
    },
    {
        "changeuuid": "78b2331b-ddea-4f48-b0cc-c68ad1d4e3b5",
        "stationuuid": "39338b98-556e-4072-9228-ae55cb9e781c",
        "serveruuid": "da711614-bf1f-425c-9445-be7df7e5d67b",
        "name": "Radio.Uvaga.By",
        "url": "http://up.uvaga.by:8100/uvaga128",
        "url_resolved": "http://up.uvaga.by:8100/uvaga128",
        "homepage": "http://radio.uvaga.by/",
        "favicon": "",
        "tags": "alternative,dance",
        "country": "Belarus",
        "countrycode": "BY",
        "iso_3166_2": null,
        "state": "Minsk",
        "language": "belarusian,english",
        "languagecodes": "be,en",
        "votes": 151,
        "lastchangetime": "2022-08-29 06:33:11",
        "lastchangetime_iso8601": "2022-08-29T06:33:11Z",
        "codec": "MP3",
        "bitrate": 128,
        "hls": 0,
        "lastcheckok": 1,
        "lastchecktime": "2023-04-08 11:40:45",
        "lastchecktime_iso8601": "2023-04-08T11:40:45Z",
        "lastcheckoktime": "2023-04-08 11:40:45",
        "lastcheckoktime_iso8601": "2023-04-08T11:40:45Z",
        "lastlocalchecktime": "2023-04-07 14:17:35",
        "lastlocalchecktime_iso8601": "2023-04-07T14:17:35Z",
        "clicktimestamp": "2023-04-07 02:57:25",
        "clicktimestamp_iso8601": "2023-04-07T02:57:25Z",
        "clickcount": 10,
        "clicktrend": -3,
        "ssl_error": 0,
        "geo_lat": null,
        "geo_long": null,
        "has_extended_info": false
    },
    {
        "changeuuid": "4583c698-25e0-420e-b2d9-881cd9aaa13b",
        "stationuuid": "8ee49294-2360-4859-8154-4e98435f2e47",
        "serveruuid": "2a5bbffb-adfe-4a2a-a7c3-fad2af7eb3bd",
        "name": "\u041a\u043e\u043c\u043f\u0430\u0441 FM",
        "url": "https://radio.mil.by/live",
        "url_resolved": "https://radio.mil.by/live",
        "homepage": "https://vayar.mil.by/radio/",
        "favicon": "",
        "tags": "music",
        "country": "Belarus",
        "countrycode": "BY",
        "iso_3166_2": null,
        "state": "Minsk",
        "language": "russian",
        "languagecodes": "ru",
        "votes": 151,
        "lastchangetime": "2022-05-08 11:27:39",
        "lastchangetime_iso8601": "2022-05-08T11:27:39Z",
        "codec": "MP3",
        "bitrate": 160,
        "hls": 0,
        "lastcheckok": 1,
        "lastchecktime": "2023-04-08 02:32:09",
        "lastchecktime_iso8601": "2023-04-08T02:32:09Z",
        "lastcheckoktime": "2023-04-08 02:32:09",
        "lastcheckoktime_iso8601": "2023-04-08T02:32:09Z",
        "lastlocalchecktime": "2023-04-07 19:22:23",
        "lastlocalchecktime_iso8601": "2023-04-07T19:22:23Z",
        "clicktimestamp": "2023-04-08 13:24:27",
        "clicktimestamp_iso8601": "2023-04-08T13:24:27Z",
        "clickcount": 36,
        "clicktrend": -2,
        "ssl_error": 0,
        "geo_lat": null,
        "geo_long": null,
        "has_extended_info": false
    },
    {
        "changeuuid": "75baba38-2813-4f27-a75f-9ea3c5c5ca06",
        "stationuuid": "959c3416-7054-4ac7-b694-f5f460e63ff1",
        "serveruuid": "a3db09b8-dc54-468e-aad0-11adef667937",
        "name": "Alfaradio",
        "url": "http://live.alpha.by:8000/alpha",
        "url_resolved": "http://live.alpha.by:8000/alpha",
        "homepage": "https://alfaradio.by/",
        "favicon": "https://alfaradio.by/icons/120x120.png",
        "tags": "",
        "country": "Belarus",
        "countrycode": "BY",
        "iso_3166_2": null,
        "state": "Minsk",
        "language": "",
        "languagecodes": "",
        "votes": 150,
        "lastchangetime": "2023-01-19 06:33:35",
        "lastchangetime_iso8601": "2023-01-19T06:33:35Z",
        "codec": "MP3",
        "bitrate": 160,
        "hls": 0,
        "lastcheckok": 1,
        "lastchecktime": "2023-04-08 10:27:19",
        "lastchecktime_iso8601": "2023-04-08T10:27:19Z",
        "lastcheckoktime": "2023-04-08 10:27:19",
        "lastcheckoktime_iso8601": "2023-04-08T10:27:19Z",
        "lastlocalchecktime": "2023-04-07 17:26:20",
        "lastlocalchecktime_iso8601": "2023-04-07T17:26:20Z",
        "clicktimestamp": "2023-04-08 12:14:48",
        "clicktimestamp_iso8601": "2023-04-08T12:14:48Z",
        "clickcount": 32,
        "clicktrend": 7,
        "ssl_error": 0,
        "geo_lat": null,
        "geo_long": null,
        "has_extended_info": false
    },
    {
        "changeuuid": "8d68a283-d547-44aa-95f3-a1ad5d623cf4",
        "stationuuid": "cc4b7c1a-b0b6-48e0-a958-edb131961fd4",
        "serveruuid": "47d1b6a3-dfa1-426a-b631-73c592db494d",
        "name": "Aplus One (aac, 16 kb/s)",
        "url": "http://s.aplus.fm:9000/aplus_16.aac",
        "url_resolved": "http://s.aplus.fm:9000/aplus_16.aac",
        "homepage": "http://aplus.fm/",
        "favicon": "",
        "tags": "",
        "country": "Belarus",
        "countrycode": "BY",
        "iso_3166_2": null,
        "state": "",
        "language": "russian",
        "languagecodes": "ru",
        "votes": 146,
        "lastchangetime": "2022-03-28 09:02:40",
        "lastchangetime_iso8601": "2022-03-28T09:02:40Z",
        "codec": "AAC+",
        "bitrate": 16,
        "hls": 0,
        "lastcheckok": 1,
        "lastchecktime": "2023-04-08 14:18:58",
        "lastchecktime_iso8601": "2023-04-08T14:18:58Z",
        "lastcheckoktime": "2023-04-08 14:18:58",
        "lastcheckoktime_iso8601": "2023-04-08T14:18:58Z",
        "lastlocalchecktime": "2023-04-08 14:18:58",
        "lastlocalchecktime_iso8601": "2023-04-08T14:18:58Z",
        "clicktimestamp": "2023-04-07 20:35:20",
        "clicktimestamp_iso8601": "2023-04-07T20:35:20Z",
        "clickcount": 16,
        "clicktrend": -2,
        "ssl_error": 0,
        "geo_lat": null,
        "geo_long": null,
        "has_extended_info": false
    },
    {
        "changeuuid": "50b8b8b8-57d0-4c2b-a636-541521e1a4e0",
        "stationuuid": "5c94cfe2-4621-4656-a7f9-f7293e0d896b",
        "serveruuid": "5176bcbd-dbf9-4623-975e-aee8c3f20fde",
        "name": "\u041a\u0430\u043d\u0430\u043b \"\u041a\u0443\u043b\u044c\u0442\u0443\u0440\u0430\"",
        "url": "https://stream2.datacenter.by/kultura",
        "url_resolved": "https://stream2.datacenter.by/kultura",
        "homepage": "https://radiokultura.by/",
        "favicon": "",
        "tags": "classical,cultural,folklore,music",
        "country": "Belarus",
        "countrycode": "BY",
        "iso_3166_2": null,
        "state": "",
        "language": "belarusian",
        "languagecodes": "be",
        "votes": 145,
        "lastchangetime": "2022-04-19 17:05:24",
        "lastchangetime_iso8601": "2022-04-19T17:05:24Z",
        "codec": "MP3",
        "bitrate": 256,
        "hls": 0,
        "lastcheckok": 1,
        "lastchecktime": "2023-04-08 01:41:11",
        "lastchecktime_iso8601": "2023-04-08T01:41:11Z",
        "lastcheckoktime": "2023-04-08 01:41:11",
        "lastcheckoktime_iso8601": "2023-04-08T01:41:11Z",
        "lastlocalchecktime": "2023-04-07 19:48:55",
        "lastlocalchecktime_iso8601": "2023-04-07T19:48:55Z",
        "clicktimestamp": "2023-04-08 08:46:40",
        "clicktimestamp_iso8601": "2023-04-08T08:46:40Z",
        "clickcount": 44,
        "clicktrend": -5,
        "ssl_error": 0,
        "geo_lat": null,
        "geo_long": null,
        "has_extended_info": false
    },
    {
        "changeuuid": "8881b5c0-d39d-4235-90b5-11b5f195d04f",
        "stationuuid": "b0baaceb-ad01-496a-8b3e-a046912b044f",
        "serveruuid": "26d5ba85-f208-4dff-b1ea-eb496496380d",
        "name": "Radio Plato",
        "url": "https://azura.radioplato.by/radio/8000/radio.mp3",
        "url_resolved": "https://azura.radioplato.by/radio/8000/radio.mp3",
        "homepage": "https://radioplato.by/",
        "favicon": "https://radioplato.by/apple-icon-120x120.png",
        "tags": "",
        "country": "Belarus",
        "countrycode": "BY",
        "iso_3166_2": null,
        "state": "",
        "language": "belarusian",
        "languagecodes": "be",
        "votes": 135,
        "lastchangetime": "2022-09-11 04:23:54",
        "lastchangetime_iso8601": "2022-09-11T04:23:54Z",
        "codec": "MP3",
        "bitrate": 192,
        "hls": 0,
        "lastcheckok": 1,
        "lastchecktime": "2023-04-08 11:15:09",
        "lastchecktime_iso8601": "2023-04-08T11:15:09Z",
        "lastcheckoktime": "2023-04-08 11:15:09",
        "lastcheckoktime_iso8601": "2023-04-08T11:15:09Z",
        "lastlocalchecktime": "2023-04-07 18:55:41",
        "lastlocalchecktime_iso8601": "2023-04-07T18:55:41Z",
        "clicktimestamp": "2023-04-07 20:38:56",
        "clicktimestamp_iso8601": "2023-04-07T20:38:56Z",
        "clickcount": 9,
        "clicktrend": -1,
        "ssl_error": 0,
        "geo_lat": null,
        "geo_long": null,
        "has_extended_info": false
    },
    {
        "changeuuid": "7425f343-2059-4245-9014-1e976d8b65fa",
        "stationuuid": "2626d81c-6a22-416b-bfdc-ca9391065fd0",
        "serveruuid": "6e003b5a-7ff8-4b14-a20f-305af89a194c",
        "name": "\u0420\u0430\u0434\u044b\u0435 \u041c\u0430\u0440\u044b\u044f ",
        "url": "https://server.radiorm.by:8443/live",
        "url_resolved": "https://server.radiorm.by:8443/live",
        "homepage": "https://www.radiomaria.by/",
        "favicon": "https://www.radiomaria.by/images/icons/icon-128.png",
        "tags": "pop",
        "country": "Belarus",
        "countrycode": "BY",
        "iso_3166_2": null,
        "state": "",
        "language": "",
        "languagecodes": "",
        "votes": 131,
        "lastchangetime": "2022-04-02 10:17:41",
        "lastchangetime_iso8601": "2022-04-02T10:17:41Z",
        "codec": "MP3",
        "bitrate": 128,
        "hls": 0,
        "lastcheckok": 1,
        "lastchecktime": "2023-04-08 10:43:33",
        "lastchecktime_iso8601": "2023-04-08T10:43:33Z",
        "lastcheckoktime": "2023-04-08 10:43:33",
        "lastcheckoktime_iso8601": "2023-04-08T10:43:33Z",
        "lastlocalchecktime": "2023-04-08 10:43:33",
        "lastlocalchecktime_iso8601": "2023-04-08T10:43:33Z",
        "clicktimestamp": "2023-04-06 17:31:50",
        "clicktimestamp_iso8601": "2023-04-06T17:31:50Z",
        "clickcount": 10,
        "clicktrend": -1,
        "ssl_error": 1,
        "geo_lat": null,
        "geo_long": null,
        "has_extended_info": false
    },
    {
        "changeuuid": "7be82b75-c6a9-4ab1-88f6-3e679d746ed7",
        "stationuuid": "1a554990-194b-46b6-98ed-593e6268e60e",
        "serveruuid": "7809dc2d-24ab-4f50-80f6-4a743721b955",
        "name": "\u0414\u0443\u0448\u0435\u0432\u043d\u043e\u0435 \u0440\u0430\u0434\u0438\u043e",
        "url": "http://stream.hoster.by:8081/pilotfm/audio/icecast.audio",
        "url_resolved": "http://stream.hoster.by:8081/pilotfm/audio/icecast.audio",
        "homepage": "http://dushevnoeradio.by/",
        "favicon": "https://dushevnoeradio.by/wp-content/uploads/2023/01/cropped-logo-180x180.png",
        "tags": "pop.retro",
        "country": "Belarus",
        "countrycode": "BY",
        "iso_3166_2": null,
        "state": "Minsk",
        "language": "russian",
        "languagecodes": "ru",
        "votes": 119,
        "lastchangetime": "2023-02-18 05:31:42",
        "lastchangetime_iso8601": "2023-02-18T05:31:42Z",
        "codec": "AAC+",
        "bitrate": 48,
        "hls": 0,
        "lastcheckok": 1,
        "lastchecktime": "2023-04-08 11:06:58",
        "lastchecktime_iso8601": "2023-04-08T11:06:58Z",
        "lastcheckoktime": "2023-04-08 11:06:58",
        "lastcheckoktime_iso8601": "2023-04-08T11:06:58Z",
        "lastlocalchecktime": "2023-04-08 11:06:58",
        "lastlocalchecktime_iso8601": "2023-04-08T11:06:58Z",
        "clicktimestamp": "2023-04-08 09:55:36",
        "clicktimestamp_iso8601": "2023-04-08T09:55:36Z",
        "clickcount": 49,
        "clicktrend": -3,
        "ssl_error": 0,
        "geo_lat": null,
        "geo_long": null,
        "has_extended_info": false
    },
    {
        "changeuuid": "51f912ab-380e-49e4-8eb5-d6c90fc1cd28",
        "stationuuid": "37327a39-3e53-4e64-a062-1fc0d2dee118",
        "serveruuid": "d0ed8577-5c39-4748-bf53-70a1357b3c26",
        "name": "\u0410\u0434\u043a\u0440\u044b\u0442\u0430\u0435 \u0421\u043b\u043e\u0432\u0430",
        "url": "https://rs.radioslovo.net:4005/radio?1619348678875",
        "url_resolved": "https://rs.radioslovo.net:4005/radio?1619348678875",
        "homepage": "https://radioslovo.net/bible-belarusian.html",
        "favicon": "",
        "tags": "bible,christian",
        "country": "Belarus",
        "countrycode": "BY",
        "iso_3166_2": null,
        "state": "Rus",
        "language": "belarusian",
        "languagecodes": "be",
        "votes": 115,
        "lastchangetime": "2022-07-19 21:06:32",
        "lastchangetime_iso8601": "2022-07-19T21:06:32Z",
        "codec": "MP3",
        "bitrate": 128,
        "hls": 0,
        "lastcheckok": 1,
        "lastchecktime": "2023-04-08 02:32:09",
        "lastchecktime_iso8601": "2023-04-08T02:32:09Z",
        "lastcheckoktime": "2023-04-08 02:32:09",
        "lastcheckoktime_iso8601": "2023-04-08T02:32:09Z",
        "lastlocalchecktime": "2023-04-07 18:09:19",
        "lastlocalchecktime_iso8601": "2023-04-07T18:09:19Z",
        "clicktimestamp": "2023-04-08 13:24:54",
        "clicktimestamp_iso8601": "2023-04-08T13:24:54Z",
        "clickcount": 14,
        "clicktrend": -1,
        "ssl_error": 0,
        "geo_lat": null,
        "geo_long": null,
        "has_extended_info": false
    },
    {
        "changeuuid": "0f594d75-f531-4aed-a4ab-f72df42ac574",
        "stationuuid": "b6c195a2-da91-484a-85ef-751eafed4693",
        "serveruuid": "5176bcbd-dbf9-4623-975e-aee8c3f20fde",
        "name": "\u0420\u0430\u0434\u0438\u043e \u041c\u043e\u0433\u0438\u043b\u0451\u0432",
        "url": "https://stream2.datacenter.by/tvrmogilev",
        "url_resolved": "https://stream2.datacenter.by/tvrmogilev",
        "homepage": "https://www.tvrmogilev.by/ru/radio/",
        "favicon": "",
        "tags": "",
        "country": "Belarus",
        "countrycode": "BY",
        "iso_3166_2": null,
        "state": "",
        "language": "",
        "languagecodes": "",
        "votes": 93,
        "lastchangetime": "2022-08-19 17:34:50",
        "lastchangetime_iso8601": "2022-08-19T17:34:50Z",
        "codec": "MP3",
        "bitrate": 320,
        "hls": 0,
        "lastcheckok": 1,
        "lastchecktime": "2023-04-08 10:14:10",
        "lastchecktime_iso8601": "2023-04-08T10:14:10Z",
        "lastcheckoktime": "2023-04-08 10:14:10",
        "lastcheckoktime_iso8601": "2023-04-08T10:14:10Z",
        "lastlocalchecktime": "2023-04-07 19:32:12",
        "lastlocalchecktime_iso8601": "2023-04-07T19:32:12Z",
        "clicktimestamp": "2023-04-08 10:42:29",
        "clicktimestamp_iso8601": "2023-04-08T10:42:29Z",
        "clickcount": 34,
        "clicktrend": -6,
        "ssl_error": 0,
        "geo_lat": null,
        "geo_long": null,
        "has_extended_info": false
    },
    {
        "changeuuid": "a7e3d60f-724b-4a12-8ba5-e440a40ca43c",
        "stationuuid": "9aede2c7-8407-492a-a4eb-dc74a96b7db7",
        "serveruuid": "dd7bacd9-bb45-42d3-b564-a25f8e5ed72c",
        "name": "\u0412\u0430\u0442\u044b\u043a\u0430\u043d\u0441\u043a\u0430\u0435 \u0440\u0430\u0434\u044b\u0451",
        "url": "https://radio.vaticannews.va/stream-be",
        "url_resolved": "https://radio.vaticannews.va/stream-be",
        "homepage": "http://vatican.by/",
        "favicon": "",
        "tags": "classical",
        "country": "Belarus",
        "countrycode": "BY",
        "iso_3166_2": null,
        "state": "",
        "language": "",
        "languagecodes": "",
        "votes": 92,
        "lastchangetime": "2021-08-06 08:36:45",
        "lastchangetime_iso8601": "2021-08-06T08:36:45Z",
        "codec": "MP3",
        "bitrate": 128,
        "hls": 0,
        "lastcheckok": 1,
        "lastchecktime": "2023-04-08 11:59:36",
        "lastchecktime_iso8601": "2023-04-08T11:59:36Z",
        "lastcheckoktime": "2023-04-08 11:59:36",
        "lastcheckoktime_iso8601": "2023-04-08T11:59:36Z",
        "lastlocalchecktime": "2023-04-07 16:48:32",
        "lastlocalchecktime_iso8601": "2023-04-07T16:48:32Z",
        "clicktimestamp": "2023-04-07 10:35:59",
        "clicktimestamp_iso8601": "2023-04-07T10:35:59Z",
        "clickcount": 12,
        "clicktrend": -3,
        "ssl_error": 0,
        "geo_lat": null,
        "geo_long": null,
        "has_extended_info": false
    },
    {
        "changeuuid": "2faf4541-87b5-47c7-ab55-95722b44e5ca",
        "stationuuid": "272054f7-6f76-4886-a399-de1b7bef46c4",
        "serveruuid": "5176bcbd-dbf9-4623-975e-aee8c3f20fde",
        "name": "\u0413\u043e\u0440\u043e\u0434 FM \u0411\u0440\u0435\u0441\u0442 97,7",
        "url": "https://stream2.datacenter.by/GorodFM",
        "url_resolved": "https://stream2.datacenter.by/GorodFM",
        "homepage": "https://gorodfm.by/",
        "favicon": "",
        "tags": "decades",
        "country": "Belarus",
        "countrycode": "BY",
        "iso_3166_2": null,
        "state": "",
        "language": "",
        "languagecodes": "",
        "votes": 90,
        "lastchangetime": "2022-08-29 11:02:28",
        "lastchangetime_iso8601": "2022-08-29T11:02:28Z",
        "codec": "MP3",
        "bitrate": 128,
        "hls": 0,
        "lastcheckok": 1,
        "lastchecktime": "2023-04-07 19:34:25",
        "lastchecktime_iso8601": "2023-04-07T19:34:25Z",
        "lastcheckoktime": "2023-04-07 19:34:25",
        "lastcheckoktime_iso8601": "2023-04-07T19:34:25Z",
        "lastlocalchecktime": "2023-04-07 17:23:10",
        "lastlocalchecktime_iso8601": "2023-04-07T17:23:10Z",
        "clicktimestamp": "2023-04-08 08:25:03",
        "clicktimestamp_iso8601": "2023-04-08T08:25:03Z",
        "clickcount": 24,
        "clicktrend": -3,
        "ssl_error": 0,
        "geo_lat": null,
        "geo_long": null,
        "has_extended_info": false
    },
    {
        "changeuuid": "7fa73fe5-a94c-41cb-a9d9-35e458f8ff2e",
        "stationuuid": "d8ce1b25-ba77-11e8-aaf2-52543be04c81",
        "serveruuid": "50807af9-cc6c-4aa9-a0d7-ff6ab2291af9",
        "name": "Rawsound mobile",
        "url": "http://stream.rawsound.by:8090/",
        "url_resolved": "http://stream.rawsound.by:8090/",
        "homepage": "http://rawsound.by/",
        "favicon": "",
        "tags": "metal",
        "country": "Belarus",
        "countrycode": "BY",
        "iso_3166_2": null,
        "state": "Minsk",
        "language": "russian",
        "languagecodes": "ru",
        "votes": 72,
        "lastchangetime": "2022-03-28 10:37:35",
        "lastchangetime_iso8601": "2022-03-28T10:37:35Z",
        "codec": "AAC+",
        "bitrate": 48,
        "hls": 0,
        "lastcheckok": 1,
        "lastchecktime": "2023-04-08 04:18:15",
        "lastchecktime_iso8601": "2023-04-08T04:18:15Z",
        "lastcheckoktime": "2023-04-08 04:18:15",
        "lastcheckoktime_iso8601": "2023-04-08T04:18:15Z",
        "lastlocalchecktime": "2023-04-07 16:46:50",
        "lastlocalchecktime_iso8601": "2023-04-07T16:46:50Z",
        "clicktimestamp": "2023-04-06 22:13:48",
        "clicktimestamp_iso8601": "2023-04-06T22:13:48Z",
        "clickcount": 12,
        "clicktrend": -1,
        "ssl_error": 0,
        "geo_lat": null,
        "geo_long": null,
        "has_extended_info": false
    },
    {
        "changeuuid": "3b8fad6f-6ff4-41d9-9ef5-45e922ffe922",
        "stationuuid": "d5435ff2-4abc-44b2-a5ee-578a0d451fdc",
        "serveruuid": "f93b4c37-08d2-4053-9376-18f4d5ad75ca",
        "name": "Milky Way Radio",
        "url": "https://milky-way.network/320kbps.m4a",
        "url_resolved": "https://milky-way.network/320kbps.m4a",
        "homepage": "https://milky-way.network/",
        "favicon": "https://milky-way.network/favicon.ico",
        "tags": "",
        "country": "Belarus",
        "countrycode": "BY",
        "iso_3166_2": null,
        "state": "",
        "language": "",
        "languagecodes": "",
        "votes": 41,
        "lastchangetime": "2022-11-28 15:02:16",
        "lastchangetime_iso8601": "2022-11-28T15:02:16Z",
        "codec": "AAC",
        "bitrate": 320,
        "hls": 0,
        "lastcheckok": 1,
        "lastchecktime": "2023-04-08 08:16:40",
        "lastchecktime_iso8601": "2023-04-08T08:16:40Z",
        "lastcheckoktime": "2023-04-08 08:16:40",
        "lastcheckoktime_iso8601": "2023-04-08T08:16:40Z",
        "lastlocalchecktime": "2023-04-08 08:16:40",
        "lastlocalchecktime_iso8601": "2023-04-08T08:16:40Z",
        "clicktimestamp": "2023-04-07 20:34:17",
        "clicktimestamp_iso8601": "2023-04-07T20:34:17Z",
        "clickcount": 17,
        "clicktrend": 1,
        "ssl_error": 0,
        "geo_lat": null,
        "geo_long": null,
        "has_extended_info": false
    },
    {
        "changeuuid": "1cd1a49f-8407-4423-9696-e019718b81a1",
        "stationuuid": "b8c630d5-fa3a-4abd-a78d-65314a7b0c12",
        "serveruuid": "6e003b5a-7ff8-4b14-a20f-305af89a194c",
        "name": "\u0420\u0430\u0434\u044b\u0451 \u041c\u0430\u0440\u044b\u044f",
        "url": "https://server.radiorm.by:8443/live",
        "url_resolved": "https://server.radiorm.by:8443/live",
        "homepage": "https://www.radiomaria.by/",
        "favicon": "https://www.radiomaria.by/images/icons/icon-128.png",
        "tags": "pop",
        "country": "Belarus",
        "countrycode": "BY",
        "iso_3166_2": null,
        "state": "",
        "language": "",
        "languagecodes": "",
        "votes": 36,
        "lastchangetime": "2022-05-11 08:43:06",
        "lastchangetime_iso8601": "2022-05-11T08:43:06Z",
        "codec": "MP3",
        "bitrate": 128,
        "hls": 0,
        "lastcheckok": 1,
        "lastchecktime": "2023-04-07 20:43:51",
        "lastchecktime_iso8601": "2023-04-07T20:43:51Z",
        "lastcheckoktime": "2023-04-07 20:43:51",
        "lastcheckoktime_iso8601": "2023-04-07T20:43:51Z",
        "lastlocalchecktime": "2023-04-07 17:46:11",
        "lastlocalchecktime_iso8601": "2023-04-07T17:46:11Z",
        "clicktimestamp": "2023-04-08 11:58:16",
        "clicktimestamp_iso8601": "2023-04-08T11:58:16Z",
        "clickcount": 11,
        "clicktrend": -1,
        "ssl_error": 0,
        "geo_lat": null,
        "geo_long": null,
        "has_extended_info": false
    },
    {
        "changeuuid": "cde109ab-79d9-423e-af5d-a71731896cf4",
        "stationuuid": "efc99957-7451-424f-8f97-42e80108dc07",
        "serveruuid": "5343c370-1c48-4819-b6cf-d666d4183b2e",
        "name": "Radio ROKS FM",
        "url": "https://stream.hoster.by/radioroks/roks/icecast.audio",
        "url_resolved": "https://stream.hoster.by/radioroks/roks/icecast.audio",
        "homepage": "https://roks.com/",
        "favicon": "https://roks.com/assets/templates/img/roks_favico.png",
        "tags": "russian chanson",
        "country": "Belarus",
        "countrycode": "BY",
        "iso_3166_2": null,
        "state": "",
        "language": "russian",
        "languagecodes": "ru",
        "votes": 31,
        "lastchangetime": "2023-02-28 18:14:45",
        "lastchangetime_iso8601": "2023-02-28T18:14:45Z",
        "codec": "AAC+",
        "bitrate": 128,
        "hls": 0,
        "lastcheckok": 1,
        "lastchecktime": "2023-04-07 19:50:48",
        "lastchecktime_iso8601": "2023-04-07T19:50:48Z",
        "lastcheckoktime": "2023-04-07 19:50:48",
        "lastcheckoktime_iso8601": "2023-04-07T19:50:48Z",
        "lastlocalchecktime": "2023-04-07 19:50:48",
        "lastlocalchecktime_iso8601": "2023-04-07T19:50:48Z",
        "clicktimestamp": "2023-04-08 11:58:00",
        "clicktimestamp_iso8601": "2023-04-08T11:58:00Z",
        "clickcount": 55,
        "clicktrend": -6,
        "ssl_error": 0,
        "geo_lat": null,
        "geo_long": null,
        "has_extended_info": false
    },
    {
        "changeuuid": "fab701a1-4cd4-43c6-b088-70266b94da85",
        "stationuuid": "770eb53f-9a61-45c3-95cd-575cb981840a",
        "serveruuid": "1cd682a4-46be-48bd-b9df-fa2bc79496a0",
        "name": "gjr",
        "url": "https://kathy.torontocast.com:3375/stream",
        "url_resolved": "https://kathy.torontocast.com:3375/stream",
        "homepage": "https://www.jazzradionetwork.com/",
        "favicon": "https://www.jazzradionetwork.com/wp-content/uploads/fbrfg/apple-touch-icon-120x120.png",
        "tags": "gospel",
        "country": "Belarus",
        "countrycode": "BY",
        "iso_3166_2": null,
        "state": "",
        "language": "english",
        "languagecodes": "en",
        "votes": 26,
        "lastchangetime": "2022-12-15 15:01:02",
        "lastchangetime_iso8601": "2022-12-15T15:01:02Z",
        "codec": "MP3",
        "bitrate": 192,
        "hls": 0,
        "lastcheckok": 1,
        "lastchecktime": "2023-04-08 14:25:59",
        "lastchecktime_iso8601": "2023-04-08T14:25:59Z",
        "lastcheckoktime": "2023-04-08 14:25:59",
        "lastcheckoktime_iso8601": "2023-04-08T14:25:59Z",
        "lastlocalchecktime": "2023-04-08 14:25:59",
        "lastlocalchecktime_iso8601": "2023-04-08T14:25:59Z",
        "clicktimestamp": "2023-04-07 20:34:03",
        "clicktimestamp_iso8601": "2023-04-07T20:34:03Z",
        "clickcount": 12,
        "clicktrend": 0,
        "ssl_error": 0,
        "geo_lat": null,
        "geo_long": null,
        "has_extended_info": false
    },
    {
        "changeuuid": "de3a62a8-0142-4b48-a5c1-0fb7f128adbf",
        "stationuuid": "767bed9b-8c44-4b4b-8c5e-18a28724cd00",
        "serveruuid": "71ea16de-a650-459e-965a-449e7800a8d1",
        "name": "mfm 105.0",
        "url": "http://radio.105fm.by:8005/radio105.0mfm",
        "url_resolved": "http://radio.105fm.by:8005/radio105.0mfm",
        "homepage": "",
        "favicon": "",
        "tags": "classical",
        "country": "Belarus",
        "countrycode": "BY",
        "iso_3166_2": null,
        "state": "",
        "language": "",
        "languagecodes": "",
        "votes": 19,
        "lastchangetime": "2023-02-10 19:41:14",
        "lastchangetime_iso8601": "2023-02-10T19:41:14Z",
        "codec": "MP3",
        "bitrate": 128,
        "hls": 0,
        "lastcheckok": 1,
        "lastchecktime": "2023-04-07 22:43:34",
        "lastchecktime_iso8601": "2023-04-07T22:43:34Z",
        "lastcheckoktime": "2023-04-07 22:43:34",
        "lastcheckoktime_iso8601": "2023-04-07T22:43:34Z",
        "lastlocalchecktime": "2023-04-07 17:32:15",
        "lastlocalchecktime_iso8601": "2023-04-07T17:32:15Z",
        "clicktimestamp": "2023-04-08 10:20:47",
        "clicktimestamp_iso8601": "2023-04-08T10:20:47Z",
        "clickcount": 17,
        "clicktrend": 3,
        "ssl_error": 0,
        "geo_lat": null,
        "geo_long": null,
        "has_extended_info": false
    },
    {
        "changeuuid": "3caa252f-d27d-45f4-9893-e9828cc9eda0",
        "stationuuid": "e9a87446-8462-490e-ae48-9d951707ebe9",
        "serveruuid": "4ea35357-0e4a-4ac2-9bf2-54b0cf574c85",
        "name": "s13",
        "url": "https://c34.radioboss.fm:18099/stream",
        "url_resolved": "https://c34.radioboss.fm:18099/stream",
        "homepage": "",
        "favicon": "",
        "tags": "classical",
        "country": "Belarus",
        "countrycode": "BY",
        "iso_3166_2": null,
        "state": "",
        "language": "",
        "languagecodes": "",
        "votes": 16,
        "lastchangetime": "2023-02-10 19:48:26",
        "lastchangetime_iso8601": "2023-02-10T19:48:26Z",
        "codec": "AAC",
        "bitrate": 192,
        "hls": 0,
        "lastcheckok": 1,
        "lastchecktime": "2023-04-07 22:23:08",
        "lastchecktime_iso8601": "2023-04-07T22:23:08Z",
        "lastcheckoktime": "2023-04-07 22:23:08",
        "lastcheckoktime_iso8601": "2023-04-07T22:23:08Z",
        "lastlocalchecktime": "2023-04-07 16:35:00",
        "lastlocalchecktime_iso8601": "2023-04-07T16:35:00Z",
        "clicktimestamp": "2023-04-08 10:17:47",
        "clicktimestamp_iso8601": "2023-04-08T10:17:47Z",
        "clickcount": 13,
        "clicktrend": 1,
        "ssl_error": 0,
        "geo_lat": null,
        "geo_long": null,
        "has_extended_info": false
    },
    {
        "changeuuid": "acbc1d12-3fb0-4e80-8564-29d0c047622e",
        "stationuuid": "e7ff26a1-ab48-42c0-a341-687ac8b5e1d9",
        "serveruuid": "f5f44e55-0ca4-46d8-b7f6-5fb96d412370",
        "name": "Radio Grodno ",
        "url": "https://stream.radiogrodno.by:8005/live",
        "url_resolved": "https://stream.radiogrodno.by:8005/live",
        "homepage": "http://radiogrodno.by/",
        "favicon": "",
        "tags": "electronic,pop,rock",
        "country": "Belarus",
        "countrycode": "BY",
        "iso_3166_2": null,
        "state": "",
        "language": "belarusian,russian",
        "languagecodes": "be,ru",
        "votes": 10,
        "lastchangetime": "2023-03-02 10:13:46",
        "lastchangetime_iso8601": "2023-03-02T10:13:46Z",
        "codec": "AAC",
        "bitrate": 192,
        "hls": 0,
        "lastcheckok": 1,
        "lastchecktime": "2023-04-08 11:33:56",
        "lastchecktime_iso8601": "2023-04-08T11:33:56Z",
        "lastcheckoktime": "2023-04-08 11:33:56",
        "lastcheckoktime_iso8601": "2023-04-08T11:33:56Z",
        "lastlocalchecktime": "2023-04-07 17:57:14",
        "lastlocalchecktime_iso8601": "2023-04-07T17:57:14Z",
        "clicktimestamp": "2023-04-08 08:42:40",
        "clicktimestamp_iso8601": "2023-04-08T08:42:40Z",
        "clickcount": 14,
        "clicktrend": 1,
        "ssl_error": 0,
        "geo_lat": 53.68084862418677,
        "geo_long": 23.825912475585938,
        "has_extended_info": false
    },
    {
        "changeuuid": "5c1bea5e-7d11-449d-bbbb-e538bd78f18a",
        "stationuuid": "c37eb6f7-9cd8-498b-917c-7c516df28e0b",
        "serveruuid": "4ea35357-0e4a-4ac2-9bf2-54b0cf574c85",
        "name": "Radio s13",
        "url": "https://c34.radioboss.fm:18099/stream",
        "url_resolved": "https://c34.radioboss.fm:18099/stream",
        "homepage": "https://s13.live/",
        "favicon": "https://s13.live/_img/apple-touch-icon.png",
        "tags": "electronic,hiphop,jazz,pop,raggae,rap,rock",
        "country": "Belarus",
        "countrycode": "BY",
        "iso_3166_2": null,
        "state": "Grodno",
        "language": "belarusian,russian",
        "languagecodes": "be,ru",
        "votes": 1,
        "lastchangetime": "2023-03-02 10:29:16",
        "lastchangetime_iso8601": "2023-03-02T10:29:16Z",
        "codec": "AAC",
        "bitrate": 192,
        "hls": 0,
        "lastcheckok": 1,
        "lastchecktime": "2023-04-08 11:45:59",
        "lastchecktime_iso8601": "2023-04-08T11:45:59Z",
        "lastcheckoktime": "2023-04-08 11:45:59",
        "lastcheckoktime_iso8601": "2023-04-08T11:45:59Z",
        "lastlocalchecktime": "2023-04-08 08:10:38",
        "lastlocalchecktime_iso8601": "2023-04-08T08:10:38Z",
        "clicktimestamp": "2023-04-08 14:18:39",
        "clicktimestamp_iso8601": "2023-04-08T14:18:39Z",
        "clickcount": 13,
        "clicktrend": 1,
        "ssl_error": 0,
        "geo_lat": 53.67515460538351,
        "geo_long": 23.81767272949219,
        "has_extended_info": false
    },
    {
        "changeuuid": "c8c567c8-a5f5-4ff8-b9eb-51de822f9fd5",
        "stationuuid": "bfd53116-3f44-46aa-8ec0-4cfc98b75cf2",
        "serveruuid": "4e8968ae-bfff-44a0-b523-4480c3f1d0e2",
        "name": "s13 Radio",
        "url": "https://c28.radioboss.fm:18099/stream",
        "url_resolved": "https://c28.radioboss.fm:18099/stream",
        "homepage": "https://s13.live/",
        "favicon": "https://s13.live/_img/apple-touch-icon.png",
        "tags": "electronic,hiphop,jazz,pop,raggae,rap,rock",
        "country": "Belarus",
        "countrycode": "BY",
        "iso_3166_2": null,
        "state": "Grodno",
        "language": "belarusian,russian",
        "languagecodes": "be,ru",
        "votes": 0,
        "lastchangetime": "2023-03-22 12:18:12",
        "lastchangetime_iso8601": "2023-03-22T12:18:12Z",
        "codec": "AAC",
        "bitrate": 192,
        "hls": 0,
        "lastcheckok": 1,
        "lastchecktime": "2023-04-08 12:35:06",
        "lastchecktime_iso8601": "2023-04-08T12:35:06Z",
        "lastcheckoktime": "2023-04-08 12:35:06",
        "lastcheckoktime_iso8601": "2023-04-08T12:35:06Z",
        "lastlocalchecktime": "2023-04-07 19:27:07",
        "lastlocalchecktime_iso8601": "2023-04-07T19:27:07Z",
        "clicktimestamp": "2023-04-08 14:18:31",
        "clicktimestamp_iso8601": "2023-04-08T14:18:31Z",
        "clickcount": 13,
        "clicktrend": -2,
        "ssl_error": 0,
        "geo_lat": 53.66289404356081,
        "geo_long": 23.811571751721207,
        "has_extended_info": false
    },
    {
        "changeuuid": "baa0d033-fcc3-4315-956c-5459a94b7865",
        "stationuuid": "961ac73d-771d-47bd-b3d1-413d69a2b892",
        "serveruuid": "f74a6f0f-9a79-4699-8cbd-62654e60374d",
        "name": "\u0420\u0430\u0434\u0438\u043e \u0411\u0440\u0435\u0441\u0442 104.8 Fm",
        "url": "https://stream2.datacenter.by:2199/tunein/trkbres1.pls",
        "url_resolved": "http://178.124.131.35:8012/trkbrest",
        "homepage": "https://radiobrestfm.by/",
        "favicon": "https://radiobrestfm.by/templates/default/images/favicon.ico",
        "tags": "",
        "country": "Belarus",
        "countrycode": "BY",
        "iso_3166_2": null,
        "state": "Brest",
        "language": "belarusian,russian",
        "languagecodes": "be,ru",
        "votes": 51,
        "lastchangetime": "2023-04-28 13:43:24",
        "lastchangetime_iso8601": "2023-04-28T13:43:24Z",
        "codec": "MP3",
        "bitrate": 128,
        "hls": 0,
        "lastcheckok": 1,
        "lastchecktime": "2023-07-08 20:17:28",
        "lastchecktime_iso8601": "2023-07-08T20:17:28Z",
        "lastcheckoktime": "2023-07-08 20:17:28",
        "lastcheckoktime_iso8601": "2023-07-08T20:17:28Z",
        "lastlocalchecktime": "2023-07-08 20:17:28",
        "lastlocalchecktime_iso8601": "2023-07-08T20:17:28Z",
        "clicktimestamp": "2023-07-08 19:31:59",
        "clicktimestamp_iso8601": "2023-07-08T19:31:59Z",
        "clickcount": 18,
        "clicktrend": -1,
        "ssl_error": 0,
        "geo_lat": null,
        "geo_long": null,
        "has_extended_info": false
    },
    {
        "changeuuid": "cb5d4a36-212f-440a-bd24-6e7cfe7ed701",
        "stationuuid": "80d4ba7e-f03d-4e18-aa87-71089829dc0e",
        "serveruuid": "454ae35b-ac28-4296-844e-996e6b50f9db",
        "name": "DIMusic Club Belarus",
        "url": "http://stream1.dimusic.club:11496/live",
        "url_resolved": "http://stream1.dimusic.club:11496/live",
        "homepage": "http://dimusic.club/",
        "favicon": "https://firebasestorage.googleapis.com/v0/b/radiogalaxy-580f4.appspot.com/o/images%2FIMG_20230504_090026065.jpg?alt=media&token=0759a110-3c45-4f52-9469-5d27b8cdf526",
        "tags": "dance,eurodance,pop music",
        "country": "Belarus",
        "countrycode": "BY",
        "iso_3166_2": null,
        "state": "",
        "language": "english",
        "languagecodes": "en",
        "votes": 39,
        "lastchangetime": "2023-05-04 06:13:24",
        "lastchangetime_iso8601": "2023-05-04T06:13:24Z",
        "codec": "AAC+",
        "bitrate": 96,
        "hls": 0,
        "lastcheckok": 1,
        "lastchecktime": "2023-07-09 07:34:08",
        "lastchecktime_iso8601": "2023-07-09T07:34:08Z",
        "lastcheckoktime": "2023-07-09 07:34:08",
        "lastcheckoktime_iso8601": "2023-07-09T07:34:08Z",
        "lastlocalchecktime": "2023-07-08 23:16:35",
        "lastlocalchecktime_iso8601": "2023-07-08T23:16:35Z",
        "clicktimestamp": "2023-07-07 16:16:08",
        "clicktimestamp_iso8601": "2023-07-07T16:16:08Z",
        "clickcount": 23,
        "clicktrend": -2,
        "ssl_error": 0,
        "geo_lat": null,
        "geo_long": null,
        "has_extended_info": false
    },
    {
        "changeuuid": "ffd2179a-90ef-48d0-849b-b5f4eacadd29",
        "stationuuid": "55dcd5e8-0713-46b0-b313-e334e3899514",
        "serveruuid": "7775951e-ba5a-4069-bef3-3f5f7c743f2d",
        "name": "\u0420\u0430\u0434\u0438\u043e \u041c\u0438\u043d\u0441\u043a",
        "url": "https://radio.mk.by:8443/mk128",
        "url_resolved": "https://radio.mk.by:8443/mk128",
        "homepage": "https://minsknews.by/radio-minsk/",
        "favicon": "",
        "tags": "rock",
        "country": "Belarus",
        "countrycode": "BY",
        "iso_3166_2": null,
        "state": "Minsk",
        "language": "",
        "languagecodes": "",
        "votes": 34,
        "lastchangetime": "2023-05-15 18:58:02",
        "lastchangetime_iso8601": "2023-05-15T18:58:02Z",
        "codec": "AAC+",
        "bitrate": 128,
        "hls": 0,
        "lastcheckok": 1,
        "lastchecktime": "2023-07-09 03:45:59",
        "lastchecktime_iso8601": "2023-07-09T03:45:59Z",
        "lastcheckoktime": "2023-07-09 03:45:59",
        "lastcheckoktime_iso8601": "2023-07-09T03:45:59Z",
        "lastlocalchecktime": "2023-07-09 03:45:59",
        "lastlocalchecktime_iso8601": "2023-07-09T03:45:59Z",
        "clicktimestamp": "2023-07-08 09:49:05",
        "clicktimestamp_iso8601": "2023-07-08T09:49:05Z",
        "clickcount": 15,
        "clicktrend": -4,
        "ssl_error": 0,
        "geo_lat": null,
        "geo_long": null,
        "has_extended_info": false
    },
    {
        "changeuuid": "834572e8-55c3-4c2b-88e6-e4c8d17909e0",
        "stationuuid": "f5bb3f02-df43-4067-b644-32feb40efb0a",
        "serveruuid": "7ddb8ba1-5dd2-4d41-ab2f-c6a238657e30",
        "name": "Legendy FM",
        "url": "http://live.legendy.by:8000/legendyfm",
        "url_resolved": "http://live.legendy.by:8000/legendyfm",
        "homepage": "https://legendy.by/",
        "favicon": "",
        "tags": "hits,top40",
        "country": "Belarus",
        "countrycode": "BY",
        "iso_3166_2": null,
        "state": "",
        "language": "belarusian,russian",
        "languagecodes": "be,ru",
        "votes": 22,
        "lastchangetime": "2023-05-31 18:50:31",
        "lastchangetime_iso8601": "2023-05-31T18:50:31Z",
        "codec": "MP3",
        "bitrate": 192,
        "hls": 0,
        "lastcheckok": 1,
        "lastchecktime": "2023-07-09 05:23:16",
        "lastchecktime_iso8601": "2023-07-09T05:23:16Z",
        "lastcheckoktime": "2023-07-09 05:23:16",
        "lastcheckoktime_iso8601": "2023-07-09T05:23:16Z",
        "lastlocalchecktime": "2023-07-09 05:23:16",
        "lastlocalchecktime_iso8601": "2023-07-09T05:23:16Z",
        "clicktimestamp": "2023-07-09 10:12:47",
        "clicktimestamp_iso8601": "2023-07-09T10:12:47Z",
        "clickcount": 22,
        "clicktrend": 0,
        "ssl_error": 0,
        "geo_lat": null,
        "geo_long": null,
        "has_extended_info": false
    },
    {
        "changeuuid": "a2ccd413-4ea7-4c13-86b6-83b5d7f92af9",
        "stationuuid": "e0e1b4a1-a1df-41ef-8ee5-5d8e86ccec79",
        "serveruuid": "03915c41-53a1-4347-ba82-94c211c143de",
        "name": "Unistar",
        "url": "https://unistar.webcaramba.com/unistar_main128.mp3",
        "url_resolved": "https://unistar.webcaramba.com/unistar_main128.mp3",
        "homepage": "https://unistar.by/",
        "favicon": "https://unistar.by/apple-touch-icon.png",
        "tags": "",
        "country": "Belarus",
        "countrycode": "BY",
        "iso_3166_2": null,
        "state": "",
        "language": "russian",
        "languagecodes": "ru",
        "votes": 59,
        "lastchangetime": "2023-07-25 11:22:08",
        "lastchangetime_iso8601": "2023-07-25T11:22:08Z",
        "codec": "MP3",
        "bitrate": 128,
        "hls": 0,
        "lastcheckok": 1,
        "lastchecktime": "2023-09-03 13:03:01",
        "lastchecktime_iso8601": "2023-09-03T13:03:01Z",
        "lastcheckoktime": "2023-09-03 13:03:01",
        "lastcheckoktime_iso8601": "2023-09-03T13:03:01Z",
        "lastlocalchecktime": "2023-09-03 07:34:35",
        "lastlocalchecktime_iso8601": "2023-09-03T07:34:35Z",
        "clicktimestamp": "2023-09-03 12:35:53",
        "clicktimestamp_iso8601": "2023-09-03T12:35:53Z",
        "clickcount": 34,
        "clicktrend": 0,
        "ssl_error": 0,
        "geo_lat": null,
        "geo_long": null,
        "has_extended_info": false
    },
    {
        "changeuuid": "88d123a8-4291-487d-8877-74ead4865c3c",
        "stationuuid": "43975003-814c-422d-8d40-58b879a41827",
        "serveruuid": "65b09895-1f0d-416b-a46e-c033c85aefe6",
        "name": "Trance ",
        "url": "http://185.33.21.112/trance_64a",
        "url_resolved": "http://185.33.21.112/trance_64a",
        "homepage": "http://185.33.21.112/trance_64a",
        "favicon": "",
        "tags": "b",
        "country": "Belarus",
        "countrycode": "BY",
        "iso_3166_2": null,
        "state": "",
        "language": "r",
        "languagecodes": "",
        "votes": 16,
        "lastchangetime": "2023-07-22 17:42:40",
        "lastchangetime_iso8601": "2023-07-22T17:42:40Z",
        "codec": "MP3",
        "bitrate": 192,
        "hls": 0,
        "lastcheckok": 1,
        "lastchecktime": "2023-09-03 06:06:09",
        "lastchecktime_iso8601": "2023-09-03T06:06:09Z",
        "lastcheckoktime": "2023-09-03 06:06:09",
        "lastcheckoktime_iso8601": "2023-09-03T06:06:09Z",
        "lastlocalchecktime": "2023-09-03 06:06:09",
        "lastlocalchecktime_iso8601": "2023-09-03T06:06:09Z",
        "clicktimestamp": "2023-09-03 14:26:28",
        "clicktimestamp_iso8601": "2023-09-03T14:26:28Z",
        "clickcount": 20,
        "clicktrend": -2,
        "ssl_error": 0,
        "geo_lat": null,
        "geo_long": null,
        "has_extended_info": false
    },
    {
        "changeuuid": "942fcb69-713a-4b0c-a427-4ab0c5037f2c",
        "stationuuid": "3227ccaf-ac72-4fa1-bbae-57448f1aaaca",
        "serveruuid": "27237b0e-85ad-4492-b368-11c9917fb140",
        "name": "Radio Racyja",
        "url": "http://air.racyja.com:8000/racja320",
        "url_resolved": "http://air.racyja.com:8000/racja320",
        "homepage": "https://racyja.com/",
        "favicon": "",
        "tags": "hits,pop,russian hits,top hits",
        "country": "Belarus",
        "countrycode": "BY",
        "iso_3166_2": null,
        "state": "",
        "language": "russian",
        "languagecodes": "ru",
        "votes": 14,
        "lastchangetime": "2023-07-21 19:04:12",
        "lastchangetime_iso8601": "2023-07-21T19:04:12Z",
        "codec": "AAC+",
        "bitrate": 320,
        "hls": 0,
        "lastcheckok": 1,
        "lastchecktime": "2023-09-03 06:06:09",
        "lastchecktime_iso8601": "2023-09-03T06:06:09Z",
        "lastcheckoktime": "2023-09-03 06:06:09",
        "lastcheckoktime_iso8601": "2023-09-03T06:06:09Z",
        "lastlocalchecktime": "2023-09-03 06:06:09",
        "lastlocalchecktime_iso8601": "2023-09-03T06:06:09Z",
        "clicktimestamp": "2023-09-03 00:13:00",
        "clicktimestamp_iso8601": "2023-09-03T00:13:00Z",
        "clickcount": 17,
        "clicktrend": 1,
        "ssl_error": 0,
        "geo_lat": null,
        "geo_long": null,
        "has_extended_info": false
    },
    {
        "changeuuid": "dd3debc7-c62d-4de2-8c15-0be5593e2912",
        "stationuuid": "1b657a1f-52b2-47f8-a99f-99ad7a7a9a5a",
        "serveruuid": "5176bcbd-dbf9-4623-975e-aee8c3f20fde",
        "name": "\u041c\u0412-\u0420\u0430\u0434\u0438\u043e",
        "url": "https://stream2.datacenter.by/mvradio",
        "url_resolved": "https://stream2.datacenter.by/mvradio",
        "homepage": "https://mvolna.by/index.html",
        "favicon": "https://mvolna.by/theme/img/basic/top_5.png",
        "tags": "pop",
        "country": "Belarus",
        "countrycode": "BY",
        "iso_3166_2": null,
        "state": "Minsk",
        "language": "russian",
        "languagecodes": "ru",
        "votes": 5,
        "lastchangetime": "2023-11-04 15:53:23",
        "lastchangetime_iso8601": "2023-11-04T15:53:23Z",
        "codec": "MP3",
        "bitrate": 160,
        "hls": 0,
        "lastcheckok": 1,
        "lastchecktime": "2023-11-07 16:41:39",
        "lastchecktime_iso8601": "2023-11-07T16:41:39Z",
        "lastcheckoktime": "2023-11-07 16:41:39",
        "lastcheckoktime_iso8601": "2023-11-07T16:41:39Z",
        "lastlocalchecktime": "2023-11-06 20:17:11",
        "lastlocalchecktime_iso8601": "2023-11-06T20:17:11Z",
        "clicktimestamp": "2023-11-07 10:34:34",
        "clicktimestamp_iso8601": "2023-11-07T10:34:34Z",
        "clickcount": 23,
        "clicktrend": 4,
        "ssl_error": 0,
        "geo_lat": null,
        "geo_long": null,
        "has_extended_info": false
    },
    {
        "changeuuid": "d1f78cbc-2a53-4cae-989c-58f240214763",
        "stationuuid": "c7069b6b-5f6e-4a94-8ba2-083bc8d52492",
        "serveruuid": "74c2863a-3c3c-48ec-bfd8-30cb06507675",
        "name": "niepokalanov ",
        "url": "http://88.199.169.10:7600/rn.mp3",
        "url_resolved": "http://88.199.169.10:7600/rn.mp3",
        "homepage": "http://88.199.169.10:7600/rn.mp3",
        "favicon": "",
        "tags": "",
        "country": "Belarus",
        "countrycode": "BY",
        "iso_3166_2": null,
        "state": "",
        "language": "\u044f\u0437\u044b\u043a: \u0440\u0443\u0441\u0441\u043a\u0438\u0439",
        "languagecodes": "",
        "votes": 3,
        "lastchangetime": "2023-11-03 09:30:42",
        "lastchangetime_iso8601": "2023-11-03T09:30:42Z",
        "codec": "MP3",
        "bitrate": 256,
        "hls": 0,
        "lastcheckok": 1,
        "lastchecktime": "2023-11-07 09:43:59",
        "lastchecktime_iso8601": "2023-11-07T09:43:59Z",
        "lastcheckoktime": "2023-11-07 09:43:59",
        "lastcheckoktime_iso8601": "2023-11-07T09:43:59Z",
        "lastlocalchecktime": "2023-11-07 09:43:59",
        "lastlocalchecktime_iso8601": "2023-11-07T09:43:59Z",
        "clicktimestamp": "2023-11-07 18:12:01",
        "clicktimestamp_iso8601": "2023-11-07T18:12:01Z",
        "clickcount": 17,
        "clicktrend": 0,
        "ssl_error": 0,
        "geo_lat": null,
        "geo_long": null,
        "has_extended_info": false
    },
    {
        "changeuuid": "20abda70-f117-4dc8-a422-cb12a9c90857",
        "stationuuid": "dec67148-1e57-4503-955b-1050dd6f09d1",
        "serveruuid": "74c2863a-3c3c-48ec-bfd8-30cb06507675",
        "name": "niepokalanov ",
        "url": "http://88.199.169.10:7600/rn.mp3",
        "url_resolved": "http://88.199.169.10:7600/rn.mp3",
        "homepage": "http://88.199.169.10:7600/rn.mp3",
        "favicon": "",
        "tags": "",
        "country": "Belarus",
        "countrycode": "BY",
        "iso_3166_2": null,
        "state": "",
        "language": "\u044f\u0437\u044b\u043a: \u0440\u0443\u0441\u0441\u043a\u0438\u0439",
        "languagecodes": "",
        "votes": 0,
        "lastchangetime": "2023-11-03 09:29:42",
        "lastchangetime_iso8601": "2023-11-03T09:29:42Z",
        "codec": "MP3",
        "bitrate": 256,
        "hls": 0,
        "lastcheckok": 1,
        "lastchecktime": "2023-11-07 09:39:13",
        "lastchecktime_iso8601": "2023-11-07T09:39:13Z",
        "lastcheckoktime": "2023-11-07 09:39:13",
        "lastcheckoktime_iso8601": "2023-11-07T09:39:13Z",
        "lastlocalchecktime": "2023-11-07 09:39:13",
        "lastlocalchecktime_iso8601": "2023-11-07T09:39:13Z",
        "clicktimestamp": "2023-11-07 16:44:15",
        "clicktimestamp_iso8601": "2023-11-07T16:44:15Z",
        "clickcount": 20,
        "clicktrend": 2,
        "ssl_error": 0,
        "geo_lat": null,
        "geo_long": null,
        "has_extended_info": false
    }
]