[
    {
        "changeuuid": "f3219110-da3a-43c8-a8d4-54edaffec847",
        "stationuuid": "4d18f9d1-d3e4-49cf-8192-c60e59244631",
        "serveruuid": "5785fc5c-8e8b-497d-9a15-5c9f090c082c",
        "name": "Love FM (Belize)",
        "url": "https://s1.voscast.com:10243/lovefm",
        "url_resolved": "https://s1.voscast.com:10243/lovefm",
        "homepage": "https://lovefm.com/",
        "favicon": "",
        "tags": "",
        "country": "Belize",
        "countrycode": "BZ",
        "iso_3166_2": null,
        "state": "Belize City",
        "language": "",
        "languagecodes": "",
        "votes": 875,
        "lastchangetime": "2022-10-24 11:34:23",
        "lastchangetime_iso8601": "2022-10-24T11:34:23Z",
        "codec": "MP3",
        "bitrate": 128,
        "hls": 0,
        "lastcheckok": 1,
        "lastchecktime": "2023-04-08 11:21:00",
        "lastchecktime_iso8601": "2023-04-08T11:21:00Z",
        "lastcheckoktime": "2023-04-08 11:21:00",
        "lastcheckoktime_iso8601": "2023-04-08T11:21:00Z",
        "lastlocalchecktime": "2023-04-07 18:30:53",
        "lastlocalchecktime_iso8601": "2023-04-07T18:30:53Z",
        "clicktimestamp": "2023-04-08 14:20:44",
        "clicktimestamp_iso8601": "2023-04-08T14:20:44Z",
        "clickcount": 88,
        "clicktrend": -1,
        "ssl_error": 0,
        "geo_lat": null,
        "geo_long": null,
        "has_extended_info": false
    },
    {
        "changeuuid": "cc8cdf9a-1f6f-445d-bb37-1468bfc17e89",
        "stationuuid": "4095e825-d5bf-4a00-b224-76fab0620019",
        "serveruuid": "ae380f9d-7433-4bbe-b1e4-7f1333fc952b",
        "name": "Krem Radio",
        "url": "http://159.65.32.199:8016/;",
        "url_resolved": "http://159.65.32.199:8016/;",
        "homepage": "http://www.krembz.com/",
        "favicon": "https://i.postimg.cc/Y9BNbyCv/92wvywzzq7as.png",
        "tags": "music,talk",
        "country": "Belize",
        "countrycode": "BZ",
        "iso_3166_2": null,
        "state": "",
        "language": "english",
        "languagecodes": "en",
        "votes": 584,
        "lastchangetime": "2022-03-28 13:02:19",
        "lastchangetime_iso8601": "2022-03-28T13:02:19Z",
        "codec": "MP3",
        "bitrate": 128,
        "hls": 0,
        "lastcheckok": 1,
        "lastchecktime": "2023-04-08 12:49:30",
        "lastchecktime_iso8601": "2023-04-08T12:49:30Z",
        "lastcheckoktime": "2023-04-08 12:49:30",
        "lastcheckoktime_iso8601": "2023-04-08T12:49:30Z",
        "lastlocalchecktime": "2023-04-08 12:49:30",
        "lastlocalchecktime_iso8601": "2023-04-08T12:49:30Z",
        "clicktimestamp": "2023-04-07 20:18:28",
        "clicktimestamp_iso8601": "2023-04-07T20:18:28Z",
        "clickcount": 53,
        "clicktrend": -5,
        "ssl_error": 0,
        "geo_lat": null,
        "geo_long": null,
        "has_extended_info": false
    },
    {
        "changeuuid": "9a69d490-1233-44b2-a160-32d625c71d74",
        "stationuuid": "2601a511-7254-477b-894c-9047a4cf3a1d",
        "serveruuid": "a94fc428-46f9-4863-bcf3-63be95b73f5c",
        "name": "Maximum radio 104.1",
        "url": "http://80.67.34.162:8000/stream",
        "url_resolved": "http://80.67.34.162:8000/stream",
        "homepage": "http://maximumradiobz.com/",
        "favicon": "",
        "tags": "",
        "country": "Belize",
        "countrycode": "BZ",
        "iso_3166_2": null,
        "state": "",
        "language": "",
        "languagecodes": "",
        "votes": 93,
        "lastchangetime": "2022-08-31 00:05:52",
        "lastchangetime_iso8601": "2022-08-31T00:05:52Z",
        "codec": "MP3",
        "bitrate": 128,
        "hls": 0,
        "lastcheckok": 1,
        "lastchecktime": "2023-04-08 10:51:43",
        "lastchecktime_iso8601": "2023-04-08T10:51:43Z",
        "lastcheckoktime": "2023-04-08 10:51:43",
        "lastcheckoktime_iso8601": "2023-04-08T10:51:43Z",
        "lastlocalchecktime": "2023-04-08 07:55:56",
        "lastlocalchecktime_iso8601": "2023-04-08T07:55:56Z",
        "clicktimestamp": "2023-04-07 18:57:48",
        "clicktimestamp_iso8601": "2023-04-07T18:57:48Z",
        "clickcount": 22,
        "clicktrend": 0,
        "ssl_error": 0,
        "geo_lat": 22.640947013707297,
        "geo_long": -86.76521301269533,
        "has_extended_info": false
    },
    {
        "changeuuid": "e605fe79-591f-43c1-b784-91685d90db51",
        "stationuuid": "fa661ca6-5531-4aa0-81d5-c52fb4e7869f",
        "serveruuid": "560f21d7-fe12-428f-86fe-172cb2aed732",
        "name": "100.8 AZUL POP",
        "url": "https://azulpop.ozelip.com/8006/stream",
        "url_resolved": "https://azulpop.ozelip.com/8006/stream",
        "homepage": "https://azulradyo.com/",
        "favicon": "",
        "tags": "adult top 40,balada pop,italian pop,latin pop,non-stop music,pop,pop dance,pop en ingl\u00e9s,pop music,pop rock,rhythmic top 40,top 100,top 20,top 40,top 40 hits,top 50,top charts,top hits",
        "country": "Belize",
        "countrycode": "BZ",
        "iso_3166_2": null,
        "state": "Madrid",
        "language": "english,french,spanish,turkish",
        "languagecodes": "en,es,fr,tr",
        "votes": 73,
        "lastchangetime": "2023-02-24 02:33:42",
        "lastchangetime_iso8601": "2023-02-24T02:33:42Z",
        "codec": "MP3",
        "bitrate": 128,
        "hls": 0,
        "lastcheckok": 1,
        "lastchecktime": "2023-04-07 18:02:53",
        "lastchecktime_iso8601": "2023-04-07T18:02:53Z",
        "lastcheckoktime": "2023-04-07 18:02:53",
        "lastcheckoktime_iso8601": "2023-04-07T18:02:53Z",
        "lastlocalchecktime": "2023-04-07 16:50:42",
        "lastlocalchecktime_iso8601": "2023-04-07T16:50:42Z",
        "clicktimestamp": "2023-04-07 20:18:43",
        "clicktimestamp_iso8601": "2023-04-07T20:18:43Z",
        "clickcount": 25,
        "clicktrend": 1,
        "ssl_error": 0,
        "geo_lat": null,
        "geo_long": null,
        "has_extended_info": false
    },
    {
        "changeuuid": "f432675b-a1b3-4ab0-b0fd-73b01da896e6",
        "stationuuid": "b63fad37-fdbb-4544-8a5c-9d90eadfec0b",
        "serveruuid": "5785fc5c-8e8b-497d-9a15-5c9f090c082c",
        "name": "Love FM",
        "url": "https://s1.voscast.com:10243/lovefm",
        "url_resolved": "https://s1.voscast.com:10243/lovefm",
        "homepage": "",
        "favicon": "",
        "tags": "misc",
        "country": "Belize",
        "countrycode": "BZ",
        "iso_3166_2": null,
        "state": "",
        "language": "",
        "languagecodes": "",
        "votes": 4,
        "lastchangetime": "2023-06-06 23:11:02",
        "lastchangetime_iso8601": "2023-06-06T23:11:02Z",
        "codec": "MP3",
        "bitrate": 128,
        "hls": 0,
        "lastcheckok": 1,
        "lastchecktime": "2023-07-09 04:26:05",
        "lastchecktime_iso8601": "2023-07-09T04:26:05Z",
        "lastcheckoktime": "2023-07-09 04:26:05",
        "lastcheckoktime_iso8601": "2023-07-09T04:26:05Z",
        "lastlocalchecktime": "2023-07-09 04:26:05",
        "lastlocalchecktime_iso8601": "2023-07-09T04:26:05Z",
        "clicktimestamp": "2023-07-09 12:51:37",
        "clicktimestamp_iso8601": "2023-07-09T12:51:37Z",
        "clickcount": 28,
        "clicktrend": 4,
        "ssl_error": 0,
        "geo_lat": null,
        "geo_long": null,
        "has_extended_info": false
    },
    {
        "changeuuid": "3c033bc6-667f-49f9-bbd1-a0281f952c77",
        "stationuuid": "2c66ec78-6f09-4f47-b0ce-fef9129f94b0",
        "serveruuid": "454ae35b-ac28-4296-844e-996e6b50f9db",
        "name": "DIMusic Club Belize \ud83c\udde7\ud83c\uddff ",
        "url": "http://stream1.dimusic.club:11496/live",
        "url_resolved": "http://stream1.dimusic.club:11496/live",
        "homepage": "http://dimusic.club/",
        "favicon": "https://firebasestorage.googleapis.com/v0/b/radiogalaxy-580f4.appspot.com/o/images%2FIMG_20230809_210622415.jpg?alt=media&token=a63e2263-8539-4bed-93dc-6afc4ec1fc1c",
        "tags": "dance,eurodance,eurohit,europop,pop,pophit",
        "country": "Belize",
        "countrycode": "BZ",
        "iso_3166_2": null,
        "state": "",
        "language": "english/ espa\u00f1a/ russian /francia /italia",
        "languagecodes": "",
        "votes": 9,
        "lastchangetime": "2023-08-09 18:28:24",
        "lastchangetime_iso8601": "2023-08-09T18:28:24Z",
        "codec": "AAC+",
        "bitrate": 96,
        "hls": 0,
        "lastcheckok": 1,
        "lastchecktime": "2023-09-03 11:27:48",
        "lastchecktime_iso8601": "2023-09-03T11:27:48Z",
        "lastcheckoktime": "2023-09-03 11:27:48",
        "lastcheckoktime_iso8601": "2023-09-03T11:27:48Z",
        "lastlocalchecktime": "2023-09-03 11:27:48",
        "lastlocalchecktime_iso8601": "2023-09-03T11:27:48Z",
        "clicktimestamp": "2023-09-03 04:26:54",
        "clicktimestamp_iso8601": "2023-09-03T04:26:54Z",
        "clickcount": 20,
        "clicktrend": 3,
        "ssl_error": 0,
        "geo_lat": null,
        "geo_long": null,
        "has_extended_info": false
    }
]