[
    {
        "changeuuid": "10251ce4-96d1-401b-b801-1c960fcd58c2",
        "stationuuid": "14781e03-db26-4630-bc2c-13241e6ae78e",
        "serveruuid": "22dc2fb1-327a-4559-a354-9b68c935f06a",
        "name": "Tordas R\u00e1di\u00f3",
        "url": "http://stream.tilos.hu/tordas_radio_online",
        "url_resolved": "http://stream.tilos.hu/tordas_radio_online",
        "homepage": "https://tordasradio.wixsite.com/tordasradio",
        "favicon": "https://www.wix.com/favicon.ico",
        "tags": "world music",
        "country": "The Cocos Keeling Islands",
        "countrycode": "CC",
        "iso_3166_2": null,
        "state": "",
        "language": "",
        "languagecodes": "",
        "votes": 167,
        "lastchangetime": "2023-03-30 08:06:17",
        "lastchangetime_iso8601": "2023-03-30T08:06:17Z",
        "codec": "MP3",
        "bitrate": 192,
        "hls": 0,
        "lastcheckok": 1,
        "lastchecktime": "2023-04-07 20:49:27",
        "lastchecktime_iso8601": "2023-04-07T20:49:27Z",
        "lastcheckoktime": "2023-04-07 20:49:27",
        "lastcheckoktime_iso8601": "2023-04-07T20:49:27Z",
        "lastlocalchecktime": "2023-04-07 18:57:58",
        "lastlocalchecktime_iso8601": "2023-04-07T18:57:58Z",
        "clicktimestamp": "2023-04-08 13:33:20",
        "clicktimestamp_iso8601": "2023-04-08T13:33:20Z",
        "clickcount": 23,
        "clicktrend": 3,
        "ssl_error": 0,
        "geo_lat": null,
        "geo_long": null,
        "has_extended_info": false
    }
]