[
    {
        "changeuuid": "ac137483-b882-4ecc-a350-586e1c9119e1",
        "stationuuid": "4f36078b-bdc9-4e65-827c-599c49d377e2",
        "serveruuid": "1e6f202d-370c-405a-ac25-14898301c540",
        "name": "Radio Ndeke Luka FM",
        "url": "http://stream.radiondekeluka.org:8001/ndekeluka",
        "url_resolved": "http://stream.radiondekeluka.org:8001/ndekeluka",
        "homepage": "https://www.radiondekeluka.org/",
        "favicon": "",
        "tags": "talk",
        "country": "The Central African Republic",
        "countrycode": "CF",
        "iso_3166_2": null,
        "state": "",
        "language": "",
        "languagecodes": "",
        "votes": 336,
        "lastchangetime": "2022-08-27 05:34:58",
        "lastchangetime_iso8601": "2022-08-27T05:34:58Z",
        "codec": "MP3",
        "bitrate": 28,
        "hls": 0,
        "lastcheckok": 1,
        "lastchecktime": "2023-04-08 01:31:02",
        "lastchecktime_iso8601": "2023-04-08T01:31:02Z",
        "lastcheckoktime": "2023-04-08 01:31:02",
        "lastcheckoktime_iso8601": "2023-04-08T01:31:02Z",
        "lastlocalchecktime": "2023-04-07 16:30:25",
        "lastlocalchecktime_iso8601": "2023-04-07T16:30:25Z",
        "clicktimestamp": "2023-04-08 14:04:11",
        "clicktimestamp_iso8601": "2023-04-08T14:04:11Z",
        "clickcount": 99,
        "clicktrend": -6,
        "ssl_error": 0,
        "geo_lat": null,
        "geo_long": null,
        "has_extended_info": false
    },
    {
        "changeuuid": "a06e92f0-1437-458d-8ac4-9ffd16533666",
        "stationuuid": "b4b2a50f-1d64-4ba6-9d58-c31c31a7d37a",
        "serveruuid": "5b94a40a-7d39-4568-8516-fccb989c9536",
        "name": "Truth FM 90.7",
        "url": "http://uk1-vn.mixstream.net:10104/;stream.mp3",
        "url_resolved": "http://uk1-vn.mixstream.net:10104/;stream.mp3",
        "homepage": "http://www.truthfm.org/truth-live.html",
        "favicon": "",
        "tags": "",
        "country": "The Central African Republic",
        "countrycode": "CF",
        "iso_3166_2": null,
        "state": "Nairobi",
        "language": "english",
        "languagecodes": "en",
        "votes": 326,
        "lastchangetime": "2022-03-28 13:40:05",
        "lastchangetime_iso8601": "2022-03-28T13:40:05Z",
        "codec": "MP3",
        "bitrate": 64,
        "hls": 0,
        "lastcheckok": 1,
        "lastchecktime": "2023-04-08 10:51:43",
        "lastchecktime_iso8601": "2023-04-08T10:51:43Z",
        "lastcheckoktime": "2023-04-08 10:51:43",
        "lastcheckoktime_iso8601": "2023-04-08T10:51:43Z",
        "lastlocalchecktime": "2023-04-07 16:01:40",
        "lastlocalchecktime_iso8601": "2023-04-07T16:01:40Z",
        "clicktimestamp": "2023-04-07 07:39:43",
        "clicktimestamp_iso8601": "2023-04-07T07:39:43Z",
        "clickcount": 40,
        "clicktrend": -2,
        "ssl_error": 0,
        "geo_lat": null,
        "geo_long": null,
        "has_extended_info": false
    }
]