[
    {
        "changeuuid": "6419f940-0ae7-4337-b78b-326f2f5c0c63",
        "stationuuid": "9622928a-0601-11e8-ae97-52543be04c81",
        "serveruuid": "b7f2827f-93f0-47da-9496-e938a2cadbec",
        "name": "Trace FM C\u00f4te d\u2019Ivoire",
        "url": "http://stream.trace.tv/trace_fm_ci-midfi.aac",
        "url_resolved": "http://stream.trace.tv/trace_fm_ci-midfi.aac",
        "homepage": "http://trace.ci/",
        "favicon": "https://trace.ci/wp-content/uploads/2019/11/cropped-cropped-favicon-100x100.png",
        "tags": "african music,hiphop",
        "country": "Coted Ivoire",
        "countrycode": "CI",
        "iso_3166_2": null,
        "state": "",
        "language": "french",
        "languagecodes": "fr",
        "votes": 1420,
        "lastchangetime": "2022-03-28 15:39:31",
        "lastchangetime_iso8601": "2022-03-28T15:39:31Z",
        "codec": "AAC+",
        "bitrate": 256,
        "hls": 0,
        "lastcheckok": 1,
        "lastchecktime": "2023-04-07 20:27:18",
        "lastchecktime_iso8601": "2023-04-07T20:27:18Z",
        "lastcheckoktime": "2023-04-07 20:27:18",
        "lastcheckoktime_iso8601": "2023-04-07T20:27:18Z",
        "lastlocalchecktime": "2023-04-07 20:18:26",
        "lastlocalchecktime_iso8601": "2023-04-07T20:18:26Z",
        "clicktimestamp": "2023-04-08 14:06:19",
        "clicktimestamp_iso8601": "2023-04-08T14:06:19Z",
        "clickcount": 113,
        "clicktrend": -2,
        "ssl_error": 0,
        "geo_lat": null,
        "geo_long": null,
        "has_extended_info": false
    },
    {
        "changeuuid": "4d629c58-9ddf-4a73-9e2e-ec937072ba82",
        "stationuuid": "962aea6a-0601-11e8-ae97-52543be04c81",
        "serveruuid": "a2cfe0a0-7245-4758-9154-e964d36dbeb8",
        "name": "Radio Jam 99.3 Abidjan",
        "url": "https://www.radioking.com/play/my-radio-jam",
        "url_resolved": "https://listen.radioking.com/radio/61201/stream/98566",
        "homepage": "http://www.radiojam.biz/",
        "favicon": "",
        "tags": "abidjan,african music,variety",
        "country": "Coted Ivoire",
        "countrycode": "CI",
        "iso_3166_2": null,
        "state": "",
        "language": "french",
        "languagecodes": "fr",
        "votes": 785,
        "lastchangetime": "2022-09-04 08:12:39",
        "lastchangetime_iso8601": "2022-09-04T08:12:39Z",
        "codec": "MP3",
        "bitrate": 128,
        "hls": 0,
        "lastcheckok": 1,
        "lastchecktime": "2023-04-08 09:50:47",
        "lastchecktime_iso8601": "2023-04-08T09:50:47Z",
        "lastcheckoktime": "2023-04-08 09:50:47",
        "lastcheckoktime_iso8601": "2023-04-08T09:50:47Z",
        "lastlocalchecktime": "2023-04-07 18:04:13",
        "lastlocalchecktime_iso8601": "2023-04-07T18:04:13Z",
        "clicktimestamp": "2023-04-08 13:30:32",
        "clicktimestamp_iso8601": "2023-04-08T13:30:32Z",
        "clickcount": 116,
        "clicktrend": -4,
        "ssl_error": 0,
        "geo_lat": null,
        "geo_long": null,
        "has_extended_info": false
    },
    {
        "changeuuid": "88c585bf-97c7-4714-bea6-290d8a1a8732",
        "stationuuid": "60fa8e54-0d31-4a8a-88f1-501cfdc1fbc8",
        "serveruuid": "424fb3ad-d9c1-47d2-b691-efbd2a0aa661",
        "name": "Radio Nostalgie 101.1 Abidjan",
        "url": "http://213.136.96.14:8000/nostalgie2.mp3",
        "url_resolved": "http://213.136.96.14:8000/nostalgie2.mp3",
        "homepage": "http://www.nostalgie.ci/",
        "favicon": "",
        "tags": "african music",
        "country": "Coted Ivoire",
        "countrycode": "CI",
        "iso_3166_2": null,
        "state": "",
        "language": "french",
        "languagecodes": "fr",
        "votes": 133,
        "lastchangetime": "2023-07-30 09:04:43",
        "lastchangetime_iso8601": "2023-07-30T09:04:43Z",
        "codec": "MP3",
        "bitrate": 128,
        "hls": 0,
        "lastcheckok": 1,
        "lastchecktime": "2023-09-03 10:40:21",
        "lastchecktime_iso8601": "2023-09-03T10:40:21Z",
        "lastcheckoktime": "2023-09-03 10:40:21",
        "lastcheckoktime_iso8601": "2023-09-03T10:40:21Z",
        "lastlocalchecktime": "2023-09-03 10:40:21",
        "lastlocalchecktime_iso8601": "2023-09-03T10:40:21Z",
        "clicktimestamp": "2023-09-03 11:30:57",
        "clicktimestamp_iso8601": "2023-09-03T11:30:57Z",
        "clickcount": 136,
        "clicktrend": -3,
        "ssl_error": 0,
        "geo_lat": null,
        "geo_long": null,
        "has_extended_info": false
    },
    {
        "changeuuid": "2f82d577-7676-4c93-b21f-29f3c478dce2",
        "stationuuid": "4a520f65-ed69-4ce6-ab26-d2b9bf985edd",
        "serveruuid": "a2cfe0a0-7245-4758-9154-e964d36dbeb8",
        "name": "Radio Alpha Blondy 97.9 Abidjan",
        "url": "https://www.radioking.com/play/alphablondyfm",
        "url_resolved": "https://listen.radioking.com/radio/364633/stream/414370",
        "homepage": "http://alphablondyfm.ci/",
        "favicon": "",
        "tags": "african music",
        "country": "Coted Ivoire",
        "countrycode": "CI",
        "iso_3166_2": null,
        "state": "",
        "language": "french",
        "languagecodes": "fr",
        "votes": 81,
        "lastchangetime": "2023-07-30 09:08:29",
        "lastchangetime_iso8601": "2023-07-30T09:08:29Z",
        "codec": "MP3",
        "bitrate": 128,
        "hls": 0,
        "lastcheckok": 1,
        "lastchecktime": "2023-09-03 09:10:02",
        "lastchecktime_iso8601": "2023-09-03T09:10:02Z",
        "lastcheckoktime": "2023-09-03 09:10:02",
        "lastcheckoktime_iso8601": "2023-09-03T09:10:02Z",
        "lastlocalchecktime": "2023-09-03 00:26:27",
        "lastlocalchecktime_iso8601": "2023-09-03T00:26:27Z",
        "clicktimestamp": "2023-09-03 13:13:58",
        "clicktimestamp_iso8601": "2023-09-03T13:13:58Z",
        "clickcount": 104,
        "clicktrend": 10,
        "ssl_error": 0,
        "geo_lat": null,
        "geo_long": null,
        "has_extended_info": false
    },
    {
        "changeuuid": "776d017c-c2e3-4a9c-b054-fbe98aafce1c",
        "stationuuid": "196a749d-d9ce-4961-ba74-d9e416103ee5",
        "serveruuid": "3269e7fc-c8f7-4ba0-b186-ce5fcd56c444",
        "name": "Radio Maria Ivory Coast",
        "url": "https://dreamsiteradioplayer.it/wf/wfivorycoast/?pl=vlc&c=Radio%20Maria%20C%C3%B4te%20D%27Ivoire",
        "url_resolved": "https://dreamsiteradiocp6.com/proxy/rmcosta?mp=/stream",
        "homepage": "https://www.radiomaria.ci/",
        "favicon": "",
        "tags": "",
        "country": "Coted Ivoire",
        "countrycode": "CI",
        "iso_3166_2": null,
        "state": "",
        "language": "",
        "languagecodes": "",
        "votes": 23,
        "lastchangetime": "2023-10-22 04:54:18",
        "lastchangetime_iso8601": "2023-10-22T04:54:18Z",
        "codec": "AAC+",
        "bitrate": 128,
        "hls": 0,
        "lastcheckok": 1,
        "lastchecktime": "2023-11-07 05:58:16",
        "lastchecktime_iso8601": "2023-11-07T05:58:16Z",
        "lastcheckoktime": "2023-11-07 05:58:16",
        "lastcheckoktime_iso8601": "2023-11-07T05:58:16Z",
        "lastlocalchecktime": "2023-11-07 05:58:16",
        "lastlocalchecktime_iso8601": "2023-11-07T05:58:16Z",
        "clicktimestamp": "2023-11-07 16:23:34",
        "clicktimestamp_iso8601": "2023-11-07T16:23:34Z",
        "clickcount": 47,
        "clicktrend": -3,
        "ssl_error": 0,
        "geo_lat": null,
        "geo_long": null,
        "has_extended_info": false
    }
]