[
    {
        "changeuuid": "9e2a82ec-280b-4e2c-bd8e-1ff9ed3b3297",
        "stationuuid": "962cad6e-0601-11e8-ae97-52543be04c81",
        "serveruuid": "ce91ef17-8a70-4585-8179-ede370b04868",
        "name": "Matariki FM 99.9 Matavera",
        "url": "http://amber.streamguys.com:4070/;",
        "url_resolved": "http://amber.streamguys.com:4070/;",
        "homepage": "https://twitter.com/matarikifm",
        "favicon": "https://abs.twimg.com/favicons/twitter.2.ico",
        "tags": "matavera,pacific island music,pop,website down - twitter page only",
        "country": "The Cook Islands",
        "countrycode": "CK",
        "iso_3166_2": null,
        "state": "",
        "language": "english",
        "languagecodes": "en",
        "votes": 179,
        "lastchangetime": "2022-05-21 18:27:09",
        "lastchangetime_iso8601": "2022-05-21T18:27:09Z",
        "codec": "MP3",
        "bitrate": 130,
        "hls": 0,
        "lastcheckok": 1,
        "lastchecktime": "2023-04-07 22:53:40",
        "lastchecktime_iso8601": "2023-04-07T22:53:40Z",
        "lastcheckoktime": "2023-04-07 22:53:40",
        "lastcheckoktime_iso8601": "2023-04-07T22:53:40Z",
        "lastlocalchecktime": "2023-04-07 19:48:55",
        "lastlocalchecktime_iso8601": "2023-04-07T19:48:55Z",
        "clicktimestamp": "2023-04-08 13:57:40",
        "clicktimestamp_iso8601": "2023-04-08T13:57:40Z",
        "clickcount": 25,
        "clicktrend": 5,
        "ssl_error": 0,
        "geo_lat": null,
        "geo_long": null,
        "has_extended_info": false
    }
]