[
    {
        "changeuuid": "90c78400-9589-4ca7-b49b-44a1eef5684d",
        "stationuuid": "332f6491-d62d-48a4-b44a-fa8020896949",
        "serveruuid": "a2cfe0a0-7245-4758-9154-e964d36dbeb8",
        "name": "Equinoxe Radio",
        "url": "https://listen.radioking.com/radio/39218/stream/76118",
        "url_resolved": "https://listen.radioking.com/radio/39218/stream/76118",
        "homepage": "http://www.radioequinoxe.com/",
        "favicon": "http://www.radioequinoxe.com/favicon.ico",
        "tags": "electronic",
        "country": "Cameroon",
        "countrycode": "CM",
        "iso_3166_2": null,
        "state": "",
        "language": "",
        "languagecodes": "",
        "votes": 2188,
        "lastchangetime": "2021-12-29 17:07:43",
        "lastchangetime_iso8601": "2021-12-29T17:07:43Z",
        "codec": "MP3",
        "bitrate": 192,
        "hls": 0,
        "lastcheckok": 1,
        "lastchecktime": "2023-04-08 02:06:42",
        "lastchecktime_iso8601": "2023-04-08T02:06:42Z",
        "lastcheckoktime": "2023-04-08 02:06:42",
        "lastcheckoktime_iso8601": "2023-04-08T02:06:42Z",
        "lastlocalchecktime": "2023-04-07 17:44:24",
        "lastlocalchecktime_iso8601": "2023-04-07T17:44:24Z",
        "clicktimestamp": "2023-04-08 14:17:29",
        "clicktimestamp_iso8601": "2023-04-08T14:17:29Z",
        "clickcount": 137,
        "clicktrend": 0,
        "ssl_error": 0,
        "geo_lat": null,
        "geo_long": null,
        "has_extended_info": false
    },
    {
        "changeuuid": "a7cb5885-7787-4f5b-80a4-527fa02322cb",
        "stationuuid": "266e3b6b-89a1-4e59-8a23-c425ee7f07f6",
        "serveruuid": "8f75a468-441f-44c6-bbf8-823df9e6664d",
        "name": "Radio Balafon",
        "url": "http://usa1-vn.mixstream.net:8110/;;",
        "url_resolved": "http://usa1-vn.mixstream.net:8110/;;",
        "homepage": "https://radiobalafon.net/",
        "favicon": "https://radiobalafon.net/wp-content/uploads/2022/03/cropped-logorb1-180x180.png",
        "tags": "",
        "country": "Cameroon",
        "countrycode": "CM",
        "iso_3166_2": null,
        "state": "",
        "language": "english,french",
        "languagecodes": "en,fr",
        "votes": 514,
        "lastchangetime": "2022-08-26 15:05:08",
        "lastchangetime_iso8601": "2022-08-26T15:05:08Z",
        "codec": "MP3",
        "bitrate": 64,
        "hls": 0,
        "lastcheckok": 1,
        "lastchecktime": "2023-04-08 01:10:40",
        "lastchecktime_iso8601": "2023-04-08T01:10:40Z",
        "lastcheckoktime": "2023-04-08 01:10:40",
        "lastcheckoktime_iso8601": "2023-04-08T01:10:40Z",
        "lastlocalchecktime": "2023-04-07 20:57:06",
        "lastlocalchecktime_iso8601": "2023-04-07T20:57:06Z",
        "clicktimestamp": "2023-04-08 14:17:18",
        "clicktimestamp_iso8601": "2023-04-08T14:17:18Z",
        "clickcount": 100,
        "clicktrend": -4,
        "ssl_error": 0,
        "geo_lat": 2.741136937237478,
        "geo_long": 11.601562500000002,
        "has_extended_info": false
    },
    {
        "changeuuid": "25e86e17-9c16-4d52-b477-ad5eaf6a5e60",
        "stationuuid": "06f4e5d9-de1f-46c6-b960-2852dd4e0eca",
        "serveruuid": "471d107e-2680-4ea8-baff-16562366ef70",
        "name": "Balla Radio",
        "url": "http://167.114.11.79:5730/;stream/1",
        "url_resolved": "http://167.114.11.79:5730/;stream/1",
        "homepage": "http://ballaradio.com/",
        "favicon": "https://www.radio.net/images/broadcasts/66/61/27507/c300.png",
        "tags": "african music",
        "country": "Cameroon",
        "countrycode": "CM",
        "iso_3166_2": null,
        "state": "",
        "language": "english,french",
        "languagecodes": "en,fr",
        "votes": 124,
        "lastchangetime": "2023-07-28 09:13:29",
        "lastchangetime_iso8601": "2023-07-28T09:13:29Z",
        "codec": "MP3",
        "bitrate": 128,
        "hls": 0,
        "lastcheckok": 1,
        "lastchecktime": "2023-09-03 12:02:32",
        "lastchecktime_iso8601": "2023-09-03T12:02:32Z",
        "lastcheckoktime": "2023-09-03 12:02:32",
        "lastcheckoktime_iso8601": "2023-09-03T12:02:32Z",
        "lastlocalchecktime": "2023-09-03 01:10:34",
        "lastlocalchecktime_iso8601": "2023-09-03T01:10:34Z",
        "clicktimestamp": "2023-09-03 13:40:49",
        "clicktimestamp_iso8601": "2023-09-03T13:40:49Z",
        "clickcount": 76,
        "clicktrend": -3,
        "ssl_error": 0,
        "geo_lat": null,
        "geo_long": null,
        "has_extended_info": false
    },
    {
        "changeuuid": "13ccdc1a-8869-47a8-a119-7bc13ffdc312",
        "stationuuid": "640db406-88c8-47c1-9dd4-9fe8eae89ac7",
        "serveruuid": "0f8e3f3a-aa45-45fd-8844-8cd9ac9541d9",
        "name": "ABK Radio 89.9 Douala",
        "url": "http://46.105.111.94:8077/;",
        "url_resolved": "http://46.105.111.94:8077/;",
        "homepage": "https://www.abkradio.com/",
        "favicon": "https://cdn-profiles.tunein.com/s211516/images/logod.png?t=637213775400000000",
        "tags": "african music,talk",
        "country": "Cameroon",
        "countrycode": "CM",
        "iso_3166_2": null,
        "state": "",
        "language": "french",
        "languagecodes": "fr",
        "votes": 110,
        "lastchangetime": "2023-07-28 08:58:18",
        "lastchangetime_iso8601": "2023-07-28T08:58:18Z",
        "codec": "MP3",
        "bitrate": 128,
        "hls": 0,
        "lastcheckok": 1,
        "lastchecktime": "2023-09-03 10:53:35",
        "lastchecktime_iso8601": "2023-09-03T10:53:35Z",
        "lastcheckoktime": "2023-09-03 10:53:35",
        "lastcheckoktime_iso8601": "2023-09-03T10:53:35Z",
        "lastlocalchecktime": "2023-09-03 09:17:06",
        "lastlocalchecktime_iso8601": "2023-09-03T09:17:06Z",
        "clicktimestamp": "2023-09-03 13:40:45",
        "clicktimestamp_iso8601": "2023-09-03T13:40:45Z",
        "clickcount": 91,
        "clicktrend": -4,
        "ssl_error": 0,
        "geo_lat": null,
        "geo_long": null,
        "has_extended_info": false
    },
    {
        "changeuuid": "5613a3af-d034-4467-ab02-0105c230edc3",
        "stationuuid": "dab88f2d-1650-4304-95d0-07537795ad15",
        "serveruuid": "76ac107f-f686-47bf-9ee9-ac7bbff1d643",
        "name": "Radio Star 95.5 Bafoussam",
        "url": "http://91.121.164.210:8320/;",
        "url_resolved": "http://91.121.164.210:8320/;",
        "homepage": "https://www.facebook.com/RStarMundo/",
        "favicon": "",
        "tags": "african music,talk",
        "country": "Cameroon",
        "countrycode": "CM",
        "iso_3166_2": null,
        "state": "",
        "language": "english",
        "languagecodes": "en",
        "votes": 108,
        "lastchangetime": "2023-07-31 10:28:21",
        "lastchangetime_iso8601": "2023-07-31T10:28:21Z",
        "codec": "MP3",
        "bitrate": 256,
        "hls": 0,
        "lastcheckok": 1,
        "lastchecktime": "2023-09-03 12:13:49",
        "lastchecktime_iso8601": "2023-09-03T12:13:49Z",
        "lastcheckoktime": "2023-09-03 12:13:49",
        "lastcheckoktime_iso8601": "2023-09-03T12:13:49Z",
        "lastlocalchecktime": "2023-09-03 08:13:01",
        "lastlocalchecktime_iso8601": "2023-09-03T08:13:01Z",
        "clicktimestamp": "2023-09-03 13:41:14",
        "clicktimestamp_iso8601": "2023-09-03T13:41:14Z",
        "clickcount": 69,
        "clicktrend": 7,
        "ssl_error": 0,
        "geo_lat": null,
        "geo_long": null,
        "has_extended_info": false
    },
    {
        "changeuuid": "f34b5c91-6fa4-4831-b798-3dca86236ac7",
        "stationuuid": "48d42eca-6800-4250-b7bf-73a0f70b6076",
        "serveruuid": "454ae35b-ac28-4296-844e-996e6b50f9db",
        "name": "DIMusic Club Cameroon \ud83c\udde8\ud83c\uddf2 ",
        "url": "http://stream1.dimusic.club:11496/live",
        "url_resolved": "http://stream1.dimusic.club:11496/live",
        "homepage": "http://dimusic.club/",
        "favicon": "https://firebasestorage.googleapis.com/v0/b/radiogalaxy-580f4.appspot.com/o/images%2FIMG_20230802_073813669.jpg?alt=media&token=4458b1d3-c788-4c43-8d0e-b9013670d210",
        "tags": "#popmusic/ #dancemusic/ #eurodance/ #hits/",
        "country": "Cameroon",
        "countrycode": "CM",
        "iso_3166_2": null,
        "state": "",
        "language": "english/ russian/ francia/ espa\u00f1a/ italia/",
        "languagecodes": "",
        "votes": 94,
        "lastchangetime": "2023-08-02 04:42:21",
        "lastchangetime_iso8601": "2023-08-02T04:42:21Z",
        "codec": "AAC+",
        "bitrate": 96,
        "hls": 0,
        "lastcheckok": 1,
        "lastchecktime": "2023-09-03 06:04:41",
        "lastchecktime_iso8601": "2023-09-03T06:04:41Z",
        "lastcheckoktime": "2023-09-03 06:04:41",
        "lastcheckoktime_iso8601": "2023-09-03T06:04:41Z",
        "lastlocalchecktime": "2023-09-03 02:06:54",
        "lastlocalchecktime_iso8601": "2023-09-03T02:06:54Z",
        "clicktimestamp": "2023-09-03 13:41:08",
        "clicktimestamp_iso8601": "2023-09-03T13:41:08Z",
        "clickcount": 75,
        "clicktrend": 2,
        "ssl_error": 0,
        "geo_lat": null,
        "geo_long": null,
        "has_extended_info": false
    },
    {
        "changeuuid": "5216f03b-f4c6-4c33-bbee-209c3ba80d44",
        "stationuuid": "3de00f17-6151-4596-993e-0e9ddeabfc0f",
        "serveruuid": "250f65c4-2e3c-467a-ac25-65b58004a029",
        "name": "Radio Tiemeni Siantou 90.5 Bafang",
        "url": "http://freeuk21.listen2myradio.com:17244/;stream.nsv",
        "url_resolved": "http://freeuk21.listen2myradio.com:17244/;stream.nsv",
        "homepage": "https://www.facebook.com/RADIOSIANTOUBAFANG90.5/",
        "favicon": "",
        "tags": "african music,talk",
        "country": "Cameroon",
        "countrycode": "CM",
        "iso_3166_2": null,
        "state": "",
        "language": "french",
        "languagecodes": "fr",
        "votes": 71,
        "lastchangetime": "2023-08-01 10:42:53",
        "lastchangetime_iso8601": "2023-08-01T10:42:53Z",
        "codec": "MP3",
        "bitrate": 48,
        "hls": 0,
        "lastcheckok": 1,
        "lastchecktime": "2023-09-03 11:34:17",
        "lastchecktime_iso8601": "2023-09-03T11:34:17Z",
        "lastcheckoktime": "2023-09-03 11:34:17",
        "lastcheckoktime_iso8601": "2023-09-03T11:34:17Z",
        "lastlocalchecktime": "2023-09-03 00:26:27",
        "lastlocalchecktime_iso8601": "2023-09-03T00:26:27Z",
        "clicktimestamp": "2023-09-03 13:41:18",
        "clicktimestamp_iso8601": "2023-09-03T13:41:18Z",
        "clickcount": 59,
        "clicktrend": 1,
        "ssl_error": 0,
        "geo_lat": null,
        "geo_long": null,
        "has_extended_info": false
    }
]