[
    {
        "changeuuid": "ac213de3-632e-426a-acaa-cbc30638c457",
        "stationuuid": "cea05625-546f-11ea-be63-52543be04c81",
        "serveruuid": "8749f8d8-6956-47b2-a8fc-32f25a9ecdb9",
        "name": "Ok Radio 105.5 FM",
        "url": "http://okradio.rtvhd.net:8130/;stream/1",
        "url_resolved": "http://okradio.rtvhd.net:8130/;stream/1",
        "homepage": "http://www.okradio.fm/",
        "favicon": "https://cdn-radiotime-logos.tunein.com/s9039g.png",
        "tags": "chata,latin urban,musica latina,raggaeton,regueton",
        "country": "Costa Rica",
        "countrycode": "CR",
        "iso_3166_2": null,
        "state": "",
        "language": "chata,english,spanish",
        "languagecodes": "en,es",
        "votes": 1051,
        "lastchangetime": "2022-03-28 11:06:36",
        "lastchangetime_iso8601": "2022-03-28T11:06:36Z",
        "codec": "AAC+",
        "bitrate": 64,
        "hls": 0,
        "lastcheckok": 1,
        "lastchecktime": "2023-04-08 02:47:27",
        "lastchecktime_iso8601": "2023-04-08T02:47:27Z",
        "lastcheckoktime": "2023-04-08 02:47:27",
        "lastcheckoktime_iso8601": "2023-04-08T02:47:27Z",
        "lastlocalchecktime": "2023-04-07 20:12:41",
        "lastlocalchecktime_iso8601": "2023-04-07T20:12:41Z",
        "clicktimestamp": "2023-04-08 14:02:22",
        "clicktimestamp_iso8601": "2023-04-08T14:02:22Z",
        "clickcount": 58,
        "clicktrend": 3,
        "ssl_error": 0,
        "geo_lat": null,
        "geo_long": null,
        "has_extended_info": false
    },
    {
        "changeuuid": "50bf3ddb-43b0-422b-9c71-03d7cc6641b6",
        "stationuuid": "9623926d-0601-11e8-ae97-52543be04c81",
        "serveruuid": "ef5a25d7-5c85-45b4-afc5-d3ceb185f228",
        "name": "Radio Disney Costa Rica",
        "url": "http://ic.streann.com:8000/disneycostarica",
        "url_resolved": "http://ic.streann.com:8000/disneycostarica",
        "homepage": "http://radiodisney.disneylatino.com/costa-rica",
        "favicon": "",
        "tags": "teen pop",
        "country": "Costa Rica",
        "countrycode": "CR",
        "iso_3166_2": null,
        "state": "San Jos\u00e9",
        "language": "spanish",
        "languagecodes": "es",
        "votes": 1006,
        "lastchangetime": "2022-09-10 01:19:50",
        "lastchangetime_iso8601": "2022-09-10T01:19:50Z",
        "codec": "MP3",
        "bitrate": 192,
        "hls": 0,
        "lastcheckok": 1,
        "lastchecktime": "2023-04-08 01:10:40",
        "lastchecktime_iso8601": "2023-04-08T01:10:40Z",
        "lastcheckoktime": "2023-04-08 01:10:40",
        "lastcheckoktime_iso8601": "2023-04-08T01:10:40Z",
        "lastlocalchecktime": "2023-04-07 20:18:59",
        "lastlocalchecktime_iso8601": "2023-04-07T20:18:59Z",
        "clicktimestamp": "2023-04-08 12:46:58",
        "clicktimestamp_iso8601": "2023-04-08T12:46:58Z",
        "clickcount": 41,
        "clicktrend": 4,
        "ssl_error": 0,
        "geo_lat": null,
        "geo_long": null,
        "has_extended_info": false
    },
    {
        "changeuuid": "a284e3a4-111d-4719-9c2d-13a9743a208e",
        "stationuuid": "9634d2b9-0601-11e8-ae97-52543be04c81",
        "serveruuid": "6f2498cc-5db0-47ff-85a4-ace80c060792",
        "name": "Los 40 Principales Costa Rica",
        "url": "http://provisioning.streamtheworld.com/pls/LOS40_CR.pls",
        "url_resolved": "http://24083.live.streamtheworld.com/LOS40_CR_SC",
        "homepage": "http://www.los40.co.cr/",
        "favicon": "",
        "tags": "latin pop,top 40",
        "country": "Costa Rica",
        "countrycode": "CR",
        "iso_3166_2": null,
        "state": "Santa Elena",
        "language": "spanish",
        "languagecodes": "es",
        "votes": 799,
        "lastchangetime": "2022-10-05 09:35:11",
        "lastchangetime_iso8601": "2022-10-05T09:35:11Z",
        "codec": "MP3",
        "bitrate": 128,
        "hls": 0,
        "lastcheckok": 1,
        "lastchecktime": "2023-04-08 10:51:43",
        "lastchecktime_iso8601": "2023-04-08T10:51:43Z",
        "lastcheckoktime": "2023-04-08 10:51:43",
        "lastcheckoktime_iso8601": "2023-04-08T10:51:43Z",
        "lastlocalchecktime": "2023-04-07 20:30:52",
        "lastlocalchecktime_iso8601": "2023-04-07T20:30:52Z",
        "clicktimestamp": "2023-04-08 07:08:29",
        "clicktimestamp_iso8601": "2023-04-08T07:08:29Z",
        "clickcount": 31,
        "clicktrend": 3,
        "ssl_error": 0,
        "geo_lat": null,
        "geo_long": null,
        "has_extended_info": false
    },
    {
        "changeuuid": "24fcaa64-ddc1-4c8d-be2f-2960ecdc13a3",
        "stationuuid": "e8f49fa4-5468-11ea-be63-52543be04c81",
        "serveruuid": "3ef3eb99-135d-4de4-b1ad-782adf6a1319",
        "name": "IQ Radio",
        "url": "http://rtvhd.net:9942/;stream/1",
        "url_resolved": "http://rtvhd.net:9942/;stream/1",
        "homepage": "http://www.iqmedios.com/",
        "favicon": "https://cdn-radiotime-logos.tunein.com/s50287q.png",
        "tags": "alternative,costa rica,pop,rock",
        "country": "Costa Rica",
        "countrycode": "CR",
        "iso_3166_2": null,
        "state": "",
        "language": "english,spanish",
        "languagecodes": "en,es",
        "votes": 661,
        "lastchangetime": "2022-03-28 11:06:36",
        "lastchangetime_iso8601": "2022-03-28T11:06:36Z",
        "codec": "AAC+",
        "bitrate": 64,
        "hls": 0,
        "lastcheckok": 1,
        "lastchecktime": "2023-04-08 09:18:56",
        "lastchecktime_iso8601": "2023-04-08T09:18:56Z",
        "lastcheckoktime": "2023-04-08 09:18:56",
        "lastcheckoktime_iso8601": "2023-04-08T09:18:56Z",
        "lastlocalchecktime": "2023-04-07 20:56:22",
        "lastlocalchecktime_iso8601": "2023-04-07T20:56:22Z",
        "clicktimestamp": "2023-04-07 18:07:08",
        "clicktimestamp_iso8601": "2023-04-07T18:07:08Z",
        "clickcount": 18,
        "clicktrend": 2,
        "ssl_error": 0,
        "geo_lat": null,
        "geo_long": null,
        "has_extended_info": false
    },
    {
        "changeuuid": "437c0a7c-d24f-4b15-81b8-2b0c4cf656a6",
        "stationuuid": "6abd9217-5463-11ea-be63-52543be04c81",
        "serveruuid": "75c24029-0540-4f0d-b312-e39640c05658",
        "name": "107.5 FM CR",
        "url": "http://k2.usastreams.com/yeah1075",
        "url_resolved": "http://k2.usastreams.com/yeah1075",
        "homepage": "https://www.instagram.com/107.5fmcr/",
        "favicon": "",
        "tags": "dance,electronic,house,pop",
        "country": "Costa Rica",
        "countrycode": "CR",
        "iso_3166_2": null,
        "state": "",
        "language": "english,spanish",
        "languagecodes": "en,es",
        "votes": 558,
        "lastchangetime": "2022-08-29 04:47:57",
        "lastchangetime_iso8601": "2022-08-29T04:47:57Z",
        "codec": "MP3",
        "bitrate": 128,
        "hls": 0,
        "lastcheckok": 1,
        "lastchecktime": "2023-04-08 13:48:03",
        "lastchecktime_iso8601": "2023-04-08T13:48:03Z",
        "lastcheckoktime": "2023-04-08 13:48:03",
        "lastcheckoktime_iso8601": "2023-04-08T13:48:03Z",
        "lastlocalchecktime": "2023-04-08 13:48:03",
        "lastlocalchecktime_iso8601": "2023-04-08T13:48:03Z",
        "clicktimestamp": "2023-04-08 11:46:46",
        "clicktimestamp_iso8601": "2023-04-08T11:46:46Z",
        "clickcount": 22,
        "clicktrend": 0,
        "ssl_error": 0,
        "geo_lat": null,
        "geo_long": null,
        "has_extended_info": false
    },
    {
        "changeuuid": "444a4d76-a55b-4963-86ba-e01d56d02f39",
        "stationuuid": "0ed82e5f-0575-4793-ade4-59c1ccfb71f6",
        "serveruuid": null,
        "name": "B\u00e9same Costa Rica - 89.9 FM - TIRB - Multimedios Radio - San Jos\u00e9, Costa Rica",
        "url": "https://playerservices.streamtheworld.com/api/livestream-redirect/BESAME_CR_SC.mp3",
        "url_resolved": "https://20843.live.streamtheworld.com:443/BESAME_CR_SC",
        "homepage": "https://www.mmradio.com/radio/programas/besame-899-fm-costa-rica",
        "favicon": "https://cdn-radiotime-logos.tunein.com/s110346g.png",
        "tags": "89.9 fm,b\u00e9same,estaci\u00f3n,fm,multimedios,multimedios radio,radio",
        "country": "Costa Rica",
        "countrycode": "CR",
        "iso_3166_2": null,
        "state": "San Jos\u00e9",
        "language": "spanish",
        "languagecodes": "es",
        "votes": 364,
        "lastchangetime": "2022-05-21 01:31:25",
        "lastchangetime_iso8601": "2022-05-21T01:31:25Z",
        "codec": "MP3",
        "bitrate": 128,
        "hls": 0,
        "lastcheckok": 1,
        "lastchecktime": "2023-04-07 20:38:45",
        "lastchecktime_iso8601": "2023-04-07T20:38:45Z",
        "lastcheckoktime": "2023-04-07 20:38:45",
        "lastcheckoktime_iso8601": "2023-04-07T20:38:45Z",
        "lastlocalchecktime": "2023-04-07 15:09:09",
        "lastlocalchecktime_iso8601": "2023-04-07T15:09:09Z",
        "clicktimestamp": "2023-04-07 18:27:16",
        "clicktimestamp_iso8601": "2023-04-07T18:27:16Z",
        "clickcount": 33,
        "clicktrend": -5,
        "ssl_error": 0,
        "geo_lat": null,
        "geo_long": null,
        "has_extended_info": false
    },
    {
        "changeuuid": "a9f18b89-0fe8-4e09-b295-1fbbd69ae7e3",
        "stationuuid": "d34eb636-2d49-4b8f-93ec-36034d47aeb9",
        "serveruuid": null,
        "name": "LOS40 Costa Rica - 104.3 FM - Todos los \u00e9xitos - Multimedios Radio - San Jos\u00e9, Costa Rica",
        "url": "https://playerservices.streamtheworld.com/api/livestream-redirect/LOS40_CRAAC.aac",
        "url_resolved": "https://26603.live.streamtheworld.com:443/LOS40_CRAAC.aac",
        "homepage": "http://los40.co.cr/",
        "favicon": "http://los40cr00.epimg.net/iconos/v1.x/v1.0/promos/promo_og_los40.png",
        "tags": "104.3 fm,balada pop,costa rica,entretenimiento,espa\u00f1ol,estaci\u00f3n,fm,juvenil,latin pop,los40,moi merino,multimedios,multimedios radio,m\u00fasica pop,pop,pop en espa\u00f1ol,pop music,pop rock,radio,san jos\u00e9,top,top 100,top 40,top 40 hits,top charts,top hits",
        "country": "Costa Rica",
        "countrycode": "CR",
        "iso_3166_2": null,
        "state": "San Jos\u00e9",
        "language": "spanish",
        "languagecodes": "es",
        "votes": 293,
        "lastchangetime": "2022-10-05 23:34:48",
        "lastchangetime_iso8601": "2022-10-05T23:34:48Z",
        "codec": "AAC+",
        "bitrate": 128,
        "hls": 0,
        "lastcheckok": 1,
        "lastchecktime": "2023-04-08 09:54:38",
        "lastchecktime_iso8601": "2023-04-08T09:54:38Z",
        "lastcheckoktime": "2023-04-08 09:54:38",
        "lastcheckoktime_iso8601": "2023-04-08T09:54:38Z",
        "lastlocalchecktime": "2023-04-08 09:54:38",
        "lastlocalchecktime_iso8601": "2023-04-08T09:54:38Z",
        "clicktimestamp": "2023-04-08 07:02:23",
        "clicktimestamp_iso8601": "2023-04-08T07:02:23Z",
        "clickcount": 21,
        "clicktrend": 2,
        "ssl_error": 0,
        "geo_lat": 9.933408782710876,
        "geo_long": -84.07952785491945,
        "has_extended_info": false
    },
    {
        "changeuuid": "dc135e56-c594-4a64-bfd5-0f5785bb96ae",
        "stationuuid": "78566076-394c-4619-9715-ecbe780e301f",
        "serveruuid": "d454d9f7-5303-4883-933e-c3ae684a2806",
        "name": "1047hit",
        "url": "https://live.turadio.stream:7004/stream;",
        "url_resolved": "https://live.turadio.stream:7004/stream;",
        "homepage": "https://1047hit.com/",
        "favicon": "https://1047hit.com/wp-content/uploads/2020/12/cropped-512-hit-180x180.png",
        "tags": "",
        "country": "Costa Rica",
        "countrycode": "CR",
        "iso_3166_2": null,
        "state": "Costa Rica",
        "language": "",
        "languagecodes": "",
        "votes": 268,
        "lastchangetime": "2023-01-15 16:09:31",
        "lastchangetime_iso8601": "2023-01-15T16:09:31Z",
        "codec": "MP3",
        "bitrate": 64,
        "hls": 0,
        "lastcheckok": 1,
        "lastchecktime": "2023-04-08 08:16:40",
        "lastchecktime_iso8601": "2023-04-08T08:16:40Z",
        "lastcheckoktime": "2023-04-08 08:16:40",
        "lastcheckoktime_iso8601": "2023-04-08T08:16:40Z",
        "lastlocalchecktime": "2023-04-08 08:16:40",
        "lastlocalchecktime_iso8601": "2023-04-08T08:16:40Z",
        "clicktimestamp": "2023-04-07 13:21:30",
        "clicktimestamp_iso8601": "2023-04-07T13:21:30Z",
        "clickcount": 21,
        "clicktrend": -2,
        "ssl_error": 0,
        "geo_lat": 9.90846497693732,
        "geo_long": -84.00690972805025,
        "has_extended_info": false
    },
    {
        "changeuuid": "a458e08b-8d26-4c0b-923d-5bd4871e5236",
        "stationuuid": "96384a61-0601-11e8-ae97-52543be04c81",
        "serveruuid": "c2b8f905-b1a5-4559-a3ce-73c28b3fa584",
        "name": "Radio Frecuencia Tierra",
        "url": "http://68.235.35.243:9008/stream",
        "url_resolved": "http://68.235.35.243:9008/stream",
        "homepage": "http://www.frecuenciatierra.com/",
        "favicon": "",
        "tags": "costa rica",
        "country": "Costa Rica",
        "countrycode": "CR",
        "iso_3166_2": null,
        "state": "Alajuela",
        "language": "spanish",
        "languagecodes": "es",
        "votes": 226,
        "lastchangetime": "2023-04-07 19:54:16",
        "lastchangetime_iso8601": "2023-04-07T19:54:16Z",
        "codec": "MP3",
        "bitrate": 112,
        "hls": 0,
        "lastcheckok": 1,
        "lastchecktime": "2023-04-08 06:15:03",
        "lastchecktime_iso8601": "2023-04-08T06:15:03Z",
        "lastcheckoktime": "2023-04-08 06:15:03",
        "lastcheckoktime_iso8601": "2023-04-08T06:15:03Z",
        "lastlocalchecktime": "2023-04-07 19:54:17",
        "lastlocalchecktime_iso8601": "2023-04-07T19:54:17Z",
        "clicktimestamp": "2023-04-07 14:52:59",
        "clicktimestamp_iso8601": "2023-04-07T14:52:59Z",
        "clickcount": 14,
        "clicktrend": 1,
        "ssl_error": 0,
        "geo_lat": null,
        "geo_long": null,
        "has_extended_info": false
    },
    {
        "changeuuid": "f006f518-6391-4d57-9261-a59dfa3727f2",
        "stationuuid": "39866648-5a87-11e9-a622-52543be04c81",
        "serveruuid": "d7c4ed03-06b3-4010-8d2d-949c11028df8",
        "name": "Radio Mar\u00eda Costa Rica - 100.7 FM",
        "url": "http://dreamsiteradiocp2.com:8044/stream",
        "url_resolved": "http://dreamsiteradiocp2.com:8044/stream",
        "homepage": "http://www.radiomaria.cr/",
        "favicon": "http://www.radiomaria.cr/favicon.ico",
        "tags": "catholic,religious,talk",
        "country": "Costa Rica",
        "countrycode": "CR",
        "iso_3166_2": null,
        "state": "",
        "language": "spanish",
        "languagecodes": "es",
        "votes": 225,
        "lastchangetime": "2022-07-12 01:50:49",
        "lastchangetime_iso8601": "2022-07-12T01:50:49Z",
        "codec": "MP3",
        "bitrate": 32,
        "hls": 0,
        "lastcheckok": 1,
        "lastchecktime": "2023-04-08 12:39:01",
        "lastchecktime_iso8601": "2023-04-08T12:39:01Z",
        "lastcheckoktime": "2023-04-08 12:39:01",
        "lastcheckoktime_iso8601": "2023-04-08T12:39:01Z",
        "lastlocalchecktime": "2023-04-08 12:39:01",
        "lastlocalchecktime_iso8601": "2023-04-08T12:39:01Z",
        "clicktimestamp": "2023-04-07 19:58:59",
        "clicktimestamp_iso8601": "2023-04-07T19:58:59Z",
        "clickcount": 22,
        "clicktrend": 1,
        "ssl_error": 0,
        "geo_lat": null,
        "geo_long": null,
        "has_extended_info": false
    },
    {
        "changeuuid": "5eb05ce1-9bc8-4ad3-9d30-e5406112c3be",
        "stationuuid": "b07d0928-5687-4d72-b3b6-d28dadcf8b41",
        "serveruuid": "91f57661-0d59-4f51-bbab-c82cb1a0edce",
        "name": "Radio Platino",
        "url": "http://stream.zeno.fm/tet7d7sz2yzuv",
        "url_resolved": "http://stream-053.zeno.fm/tet7d7sz2yzuv?zs=9uAeG-ecSbygdxA2wWSrkg",
        "homepage": "https://zeno.fm/RadioPlatino",
        "favicon": "https://zeno.fm/static/icons/apple-icon-120x120.png",
        "tags": "80's trova 90's",
        "country": "Costa Rica",
        "countrycode": "CR",
        "iso_3166_2": null,
        "state": "San Miguel",
        "language": "spanish",
        "languagecodes": "es",
        "votes": 199,
        "lastchangetime": "2023-04-07 19:42:43",
        "lastchangetime_iso8601": "2023-04-07T19:42:43Z",
        "codec": "MP3",
        "bitrate": 0,
        "hls": 0,
        "lastcheckok": 1,
        "lastchecktime": "2023-04-08 06:15:03",
        "lastchecktime_iso8601": "2023-04-08T06:15:03Z",
        "lastcheckoktime": "2023-04-08 06:15:03",
        "lastcheckoktime_iso8601": "2023-04-08T06:15:03Z",
        "lastlocalchecktime": "2023-04-07 19:42:44",
        "lastlocalchecktime_iso8601": "2023-04-07T19:42:44Z",
        "clicktimestamp": "2023-04-06 21:42:13",
        "clicktimestamp_iso8601": "2023-04-06T21:42:13Z",
        "clickcount": 16,
        "clicktrend": -2,
        "ssl_error": 0,
        "geo_lat": null,
        "geo_long": null,
        "has_extended_info": false
    },
    {
        "changeuuid": "90fdfcd1-d6f3-4bc8-9adf-43be64b29a55",
        "stationuuid": "027f3cdf-14f7-4f96-9c07-1c7af34bc9d4",
        "serveruuid": "7e3ae713-1db4-4c4c-bfc4-7eb955b1a41d",
        "name": "Mundo Rock Radio CR",
        "url": "https://cloudstream2030.conectarhosting.com/8196/stream",
        "url_resolved": "https://cloudstream2030.conectarhosting.com/8196/stream",
        "homepage": "https://mundorockcr.com/",
        "favicon": "https://mundorockcr.com/wp-content/uploads/2021/05/Logo-Mundo-Rock.png",
        "tags": "metal",
        "country": "Costa Rica",
        "countrycode": "CR",
        "iso_3166_2": null,
        "state": "",
        "language": "english,spanish",
        "languagecodes": "en,es",
        "votes": 175,
        "lastchangetime": "2022-03-28 09:23:17",
        "lastchangetime_iso8601": "2022-03-28T09:23:17Z",
        "codec": "MP3",
        "bitrate": 128,
        "hls": 0,
        "lastcheckok": 1,
        "lastchecktime": "2023-04-08 10:06:17",
        "lastchecktime_iso8601": "2023-04-08T10:06:17Z",
        "lastcheckoktime": "2023-04-08 10:06:17",
        "lastcheckoktime_iso8601": "2023-04-08T10:06:17Z",
        "lastlocalchecktime": "2023-04-08 10:06:17",
        "lastlocalchecktime_iso8601": "2023-04-08T10:06:17Z",
        "clicktimestamp": "2023-04-06 15:02:47",
        "clicktimestamp_iso8601": "2023-04-06T15:02:47Z",
        "clickcount": 13,
        "clicktrend": -1,
        "ssl_error": 0,
        "geo_lat": null,
        "geo_long": null,
        "has_extended_info": false
    },
    {
        "changeuuid": "682a097e-9a08-4bed-bbb5-7f68f6d2e6bf",
        "stationuuid": "c54361d9-0e76-410c-815e-e577acbbcff5",
        "serveruuid": "a76c41d3-c949-437a-b346-fcd24329eb7b",
        "name": "Radio Mil Recuerdos Stereo",
        "url": "https://sechin.grupocentroserver.com/radio/8060/radio.mp3",
        "url_resolved": "https://sechin.grupocentroserver.com/radio/8060/radio.mp3",
        "homepage": "https://sechin.grupocentroserver.com/public/radio_mil_recuerdos_costa_rica",
        "favicon": "https://sechin.grupocentroserver.com/static/uploads/browser_icon/120.1655315166.png",
        "tags": "",
        "country": "Costa Rica",
        "countrycode": "CR",
        "iso_3166_2": null,
        "state": "San Jos\u00e9",
        "language": "",
        "languagecodes": "",
        "votes": 146,
        "lastchangetime": "2022-09-13 21:44:37",
        "lastchangetime_iso8601": "2022-09-13T21:44:37Z",
        "codec": "MP3",
        "bitrate": 128,
        "hls": 0,
        "lastcheckok": 1,
        "lastchecktime": "2023-04-08 06:55:29",
        "lastchecktime_iso8601": "2023-04-08T06:55:29Z",
        "lastcheckoktime": "2023-04-08 06:55:29",
        "lastcheckoktime_iso8601": "2023-04-08T06:55:29Z",
        "lastlocalchecktime": "2023-04-07 19:50:48",
        "lastlocalchecktime_iso8601": "2023-04-07T19:50:48Z",
        "clicktimestamp": "2023-04-07 20:07:39",
        "clicktimestamp_iso8601": "2023-04-07T20:07:39Z",
        "clickcount": 22,
        "clicktrend": 0,
        "ssl_error": 0,
        "geo_lat": 9.836442317442208,
        "geo_long": -84.09484863281251,
        "has_extended_info": false
    },
    {
        "changeuuid": "e706fbfe-d5a5-4bff-9805-d83a296b9772",
        "stationuuid": "d9792185-25aa-11e9-a80b-52543be04c81",
        "serveruuid": "bc099bac-f16f-4e19-8957-7c30e65fd938",
        "name": "Radio Omega 105.1 FM",
        "url": "http://rtvhd.net:9932/listen.pls",
        "url_resolved": "http://rtvhd.net:9932/stream",
        "homepage": "http://www.radioomega.fm/",
        "favicon": "",
        "tags": "",
        "country": "Costa Rica",
        "countrycode": "CR",
        "iso_3166_2": null,
        "state": "San Jos\u00e9",
        "language": "spanish",
        "languagecodes": "es",
        "votes": 140,
        "lastchangetime": "2022-06-28 21:35:19",
        "lastchangetime_iso8601": "2022-06-28T21:35:19Z",
        "codec": "AAC+",
        "bitrate": 32,
        "hls": 0,
        "lastcheckok": 1,
        "lastchecktime": "2023-04-08 02:32:09",
        "lastchecktime_iso8601": "2023-04-08T02:32:09Z",
        "lastcheckoktime": "2023-04-08 02:32:09",
        "lastcheckoktime_iso8601": "2023-04-08T02:32:09Z",
        "lastlocalchecktime": "2023-04-07 19:55:46",
        "lastlocalchecktime_iso8601": "2023-04-07T19:55:46Z",
        "clicktimestamp": "2023-04-07 23:37:58",
        "clicktimestamp_iso8601": "2023-04-07T23:37:58Z",
        "clickcount": 29,
        "clicktrend": 1,
        "ssl_error": 0,
        "geo_lat": null,
        "geo_long": null,
        "has_extended_info": false
    },
    {
        "changeuuid": "aa255c35-c1ca-491b-8b10-96eb851ae6af",
        "stationuuid": "6fa8f41c-7ce7-11ea-8a3b-52543be04c81",
        "serveruuid": "33c31a8b-95e4-4282-a1e2-7b92817d2485",
        "name": "Radio Nova CR",
        "url": "http://centova.hostingtico.com:8016/stream",
        "url_resolved": "http://centova.hostingtico.com:8016/stream",
        "homepage": "http://radionovacronline.com/",
        "favicon": "",
        "tags": "",
        "country": "Costa Rica",
        "countrycode": "CR",
        "iso_3166_2": null,
        "state": "San Jos\u00e9",
        "language": "spanish",
        "languagecodes": "es",
        "votes": 131,
        "lastchangetime": "2022-03-28 10:32:24",
        "lastchangetime_iso8601": "2022-03-28T10:32:24Z",
        "codec": "MP3",
        "bitrate": 128,
        "hls": 0,
        "lastcheckok": 1,
        "lastchecktime": "2023-04-08 10:06:17",
        "lastchecktime_iso8601": "2023-04-08T10:06:17Z",
        "lastcheckoktime": "2023-04-08 10:06:17",
        "lastcheckoktime_iso8601": "2023-04-08T10:06:17Z",
        "lastlocalchecktime": "2023-04-08 10:06:17",
        "lastlocalchecktime_iso8601": "2023-04-08T10:06:17Z",
        "clicktimestamp": "2023-04-08 05:09:47",
        "clicktimestamp_iso8601": "2023-04-08T05:09:47Z",
        "clickcount": 13,
        "clicktrend": 2,
        "ssl_error": 0,
        "geo_lat": null,
        "geo_long": null,
        "has_extended_info": false
    },
    {
        "changeuuid": "de9f155b-56fa-4d6a-ad82-9ceacccf0cf9",
        "stationuuid": "bfb12dec-409e-4926-860a-88669e962325",
        "serveruuid": "a29773a6-414d-4923-9e17-76a67920752d",
        "name": "La Mejor Costa Rica - 99.1 FM - TIAAC - CDR, Central de Radios - San Jos\u00e9, Costa Rica",
        "url": "https://d1omaux5g7ow4v.cloudfront.net/lamejor.m3u8",
        "url_resolved": "https://d1omaux5g7ow4v.cloudfront.net/lamejor.m3u8",
        "homepage": "https://www.lamejor.co.cr/",
        "favicon": "https://www.lamejor.co.cr/wp-content/uploads/sites/11/2021/10/LOGO-LA-MEJOR-FM-2019.png",
        "tags": "99.1 fm,am\u00e9rica,aqu\u00ed nom\u00e1s,cdr,central de radios,centroam\u00e9rica,costa rica,entretenimiento,espa\u00f1ol,estaci\u00f3n,fm,la mejor,la mejor aqu\u00ed nom\u00e1s,la mejor fm,latinoam\u00e9rica,moi merino,music,mvs,mvs radio,m\u00fasica,m\u00fasica en espa\u00f1ol,m\u00fasica regional,radio,regional,regional music,regional radio,san jos\u00e9",
        "country": "Costa Rica",
        "countrycode": "CR",
        "iso_3166_2": null,
        "state": "San Jos\u00e9",
        "language": "spanish",
        "languagecodes": "es",
        "votes": 129,
        "lastchangetime": "2022-09-09 22:16:59",
        "lastchangetime_iso8601": "2022-09-09T22:16:59Z",
        "codec": "UNKNOWN",
        "bitrate": 0,
        "hls": 1,
        "lastcheckok": 1,
        "lastchecktime": "2023-04-08 10:20:51",
        "lastchecktime_iso8601": "2023-04-08T10:20:51Z",
        "lastcheckoktime": "2023-04-08 10:20:51",
        "lastcheckoktime_iso8601": "2023-04-08T10:20:51Z",
        "lastlocalchecktime": "2023-04-07 16:33:13",
        "lastlocalchecktime_iso8601": "2023-04-07T16:33:13Z",
        "clicktimestamp": "2023-04-08 12:43:32",
        "clicktimestamp_iso8601": "2023-04-08T12:43:32Z",
        "clickcount": 70,
        "clicktrend": 0,
        "ssl_error": 0,
        "geo_lat": 9.932797159191797,
        "geo_long": -84.0787982940674,
        "has_extended_info": false
    },
    {
        "changeuuid": "115af3a8-acc0-4b44-bca6-01017461ce8b",
        "stationuuid": "b26b8f25-cdd7-4f27-a49f-5094caf5963e",
        "serveruuid": "9bd6627a-609e-4fae-870d-cf7bd120f5bc",
        "name": "Planet 107.5",
        "url": "https://stream20.usastreams.com/8094/stream",
        "url_resolved": "https://stream20.usastreams.com/8094/stream",
        "homepage": "https://planet1075.com/",
        "favicon": "",
        "tags": "",
        "country": "Costa Rica",
        "countrycode": "CR",
        "iso_3166_2": null,
        "state": "San Jose",
        "language": "",
        "languagecodes": "",
        "votes": 118,
        "lastchangetime": "2022-04-18 21:50:21",
        "lastchangetime_iso8601": "2022-04-18T21:50:21Z",
        "codec": "MP3",
        "bitrate": 128,
        "hls": 0,
        "lastcheckok": 1,
        "lastchecktime": "2023-04-08 00:10:03",
        "lastchecktime_iso8601": "2023-04-08T00:10:03Z",
        "lastcheckoktime": "2023-04-08 00:10:03",
        "lastcheckoktime_iso8601": "2023-04-08T00:10:03Z",
        "lastlocalchecktime": "2023-04-07 18:22:51",
        "lastlocalchecktime_iso8601": "2023-04-07T18:22:51Z",
        "clicktimestamp": "2023-04-08 01:24:16",
        "clicktimestamp_iso8601": "2023-04-08T01:24:16Z",
        "clickcount": 14,
        "clicktrend": 0,
        "ssl_error": 0,
        "geo_lat": null,
        "geo_long": null,
        "has_extended_info": false
    },
    {
        "changeuuid": "3f847d1e-9d38-4a2f-8e94-c06d8b6cbbed",
        "stationuuid": "86519cc0-aa72-4630-8265-49275ba835dd",
        "serveruuid": "8749f8d8-6956-47b2-a8fc-32f25a9ecdb9",
        "name": "Vox FM Costa Rica - 105.5 FM - San Jos\u00e9, Costa Rica",
        "url": "http://okradio.rtvhd.net:8130/;",
        "url_resolved": "http://okradio.rtvhd.net:8130/;",
        "homepage": "http://voxradio.fm/",
        "favicon": "https://play-lh.googleusercontent.com/IJcwUyG1cXzwS7F_-3eWdplPwODutJ6YnkP_g6_DjLAehTgxTsTloTSJUUsfsC2Bg9I",
        "tags": "105.5 fm,am\u00e9rica,centroam\u00e9rica,costa rica,estaci\u00f3n,fm,juvenil,latinoam\u00e9rica,moi merino,music,m\u00fasica,radio,san jos\u00e9,vox fm",
        "country": "Costa Rica",
        "countrycode": "CR",
        "iso_3166_2": null,
        "state": "San Jos\u00e9",
        "language": "spanish",
        "languagecodes": "es",
        "votes": 91,
        "lastchangetime": "2023-01-05 17:47:04",
        "lastchangetime_iso8601": "2023-01-05T17:47:04Z",
        "codec": "AAC+",
        "bitrate": 64,
        "hls": 0,
        "lastcheckok": 1,
        "lastchecktime": "2023-04-08 08:28:21",
        "lastchecktime_iso8601": "2023-04-08T08:28:21Z",
        "lastcheckoktime": "2023-04-08 08:28:21",
        "lastcheckoktime_iso8601": "2023-04-08T08:28:21Z",
        "lastlocalchecktime": "2023-04-08 08:28:21",
        "lastlocalchecktime_iso8601": "2023-04-08T08:28:21Z",
        "clicktimestamp": "2023-04-06 09:05:44",
        "clicktimestamp_iso8601": "2023-04-06T09:05:44Z",
        "clickcount": 31,
        "clicktrend": 0,
        "ssl_error": 0,
        "geo_lat": 9.934279320477785,
        "geo_long": -84.07751083374025,
        "has_extended_info": false
    },
    {
        "changeuuid": "76ae6198-3170-4359-a1e7-7d6431e64c0f",
        "stationuuid": "661e16ba-bc83-43ad-a9fe-90b0f9587247",
        "serveruuid": "6c118a21-1531-4c6e-a579-26060e491467",
        "name": "Exa FM 102.7 Costa Rica",
        "url": "https://d3karhducaqetz.cloudfront.net/exa.m3u8",
        "url_resolved": "https://d3karhducaqetz.cloudfront.net/exa.m3u8",
        "homepage": "https://www.exacr.com/",
        "favicon": "",
        "tags": "102.7 fm,cdr,central de radios,costa rica,entretenimiento,espa\u00f1ol,estaci\u00f3n,exa,exa fm,fm,juvenil,la estaci\u00f3n exacta,la estaci\u00f3n naranja,latin pop,mvs,mvs radio,m\u00fasica,m\u00fasica en espa\u00f1ol,m\u00fasica pop,m\u00fasica urbana,ponte exa,pop,pop en espa\u00f1ol,pop music,pop rock,radio,reggaet\u00f3n,san jos\u00e9,urbana",
        "country": "Costa Rica",
        "countrycode": "CR",
        "iso_3166_2": null,
        "state": "San Jos\u00e9",
        "language": "",
        "languagecodes": "",
        "votes": 88,
        "lastchangetime": "2023-01-22 19:16:34",
        "lastchangetime_iso8601": "2023-01-22T19:16:34Z",
        "codec": "UNKNOWN",
        "bitrate": 0,
        "hls": 1,
        "lastcheckok": 1,
        "lastchecktime": "2023-04-08 12:56:16",
        "lastchecktime_iso8601": "2023-04-08T12:56:16Z",
        "lastcheckoktime": "2023-04-08 12:56:16",
        "lastcheckoktime_iso8601": "2023-04-08T12:56:16Z",
        "lastlocalchecktime": "2023-04-08 12:56:16",
        "lastlocalchecktime_iso8601": "2023-04-08T12:56:16Z",
        "clicktimestamp": "2023-04-07 10:55:18",
        "clicktimestamp_iso8601": "2023-04-07T10:55:18Z",
        "clickcount": 23,
        "clicktrend": -2,
        "ssl_error": 0,
        "geo_lat": 9.933980775161665,
        "geo_long": -84.0787982940674,
        "has_extended_info": false
    },
    {
        "changeuuid": "77bff708-bd43-4a61-98ee-a501cb3c26f9",
        "stationuuid": "a83b28a3-e78b-4f09-8988-299ff7437682",
        "serveruuid": "09288e1d-5124-4cf3-b6aa-81fae811df4b",
        "name": "Radio Dos - 99.5 FM - San Jos\u00e9, Costa Rica",
        "url": "https://s5.radio.co/sd515b7b34/listen",
        "url_resolved": "https://s5.radio.co/sd515b7b34/listen",
        "homepage": "https://radiodos.com/",
        "favicon": "",
        "tags": "99.5 fm,am\u00e9rica,centroam\u00e9rica,cl\u00e1sicos,cl\u00e1sicos en ingl\u00e9s,costa rica,entretenimiento,espa\u00f1ol,estaci\u00f3n,fm,latinoam\u00e9rica,moi merino,m\u00fasica,m\u00fasica en ingl\u00e9s,oldies,radio,radio dos,retro,san jos\u00e9",
        "country": "Costa Rica",
        "countrycode": "CR",
        "iso_3166_2": null,
        "state": "San Jos\u00e9",
        "language": "spanish",
        "languagecodes": "es",
        "votes": 77,
        "lastchangetime": "2023-02-24 00:08:20",
        "lastchangetime_iso8601": "2023-02-24T00:08:20Z",
        "codec": "MP3",
        "bitrate": 128,
        "hls": 0,
        "lastcheckok": 1,
        "lastchecktime": "2023-04-08 12:33:15",
        "lastchecktime_iso8601": "2023-04-08T12:33:15Z",
        "lastcheckoktime": "2023-04-08 12:33:15",
        "lastcheckoktime_iso8601": "2023-04-08T12:33:15Z",
        "lastlocalchecktime": "2023-04-08 12:33:15",
        "lastlocalchecktime_iso8601": "2023-04-08T12:33:15Z",
        "clicktimestamp": "2023-04-08 08:49:51",
        "clicktimestamp_iso8601": "2023-04-08T08:49:51Z",
        "clickcount": 80,
        "clicktrend": 1,
        "ssl_error": 0,
        "geo_lat": 9.934995299727456,
        "geo_long": -84.07948493957521,
        "has_extended_info": false
    },
    {
        "changeuuid": "44a4aa6c-536c-41bd-9cab-c392138691a9",
        "stationuuid": "9f41f5e7-1d3f-4fab-b933-f3247bbf98aa",
        "serveruuid": "f8281354-2288-4912-b2f1-7a68038b4da1",
        "name": "Teletica Radio",
        "url": "https://g2qd375ol7an-hls-live.5centscdn.com/Radio/eae835e83c0494a376229f254f7d3392.sdp/chunks.m3u8",
        "url_resolved": "https://g2qd375ol7an-hls-live.5centscdn.com/Radio/eae835e83c0494a376229f254f7d3392.sdp/chunks.m3u8",
        "homepage": "https://www.teletica.com/",
        "favicon": "https://static3.teletica.com/Files/Sizes/2021/2/4/canales_1764887849_380x260.png",
        "tags": "informaci\u00f3n,local news,m\u00fasica y noticias,news,pop,pop music,pop rock",
        "country": "Costa Rica",
        "countrycode": "CR",
        "iso_3166_2": null,
        "state": "San Jos\u00e9",
        "language": "spanish",
        "languagecodes": "es",
        "votes": 62,
        "lastchangetime": "2023-02-09 06:42:10",
        "lastchangetime_iso8601": "2023-02-09T06:42:10Z",
        "codec": "UNKNOWN",
        "bitrate": 0,
        "hls": 1,
        "lastcheckok": 1,
        "lastchecktime": "2023-04-08 09:33:00",
        "lastchecktime_iso8601": "2023-04-08T09:33:00Z",
        "lastcheckoktime": "2023-04-08 09:33:00",
        "lastcheckoktime_iso8601": "2023-04-08T09:33:00Z",
        "lastlocalchecktime": "2023-04-08 07:55:56",
        "lastlocalchecktime_iso8601": "2023-04-08T07:55:56Z",
        "clicktimestamp": "2023-04-08 01:38:20",
        "clicktimestamp_iso8601": "2023-04-08T01:38:20Z",
        "clickcount": 50,
        "clicktrend": 3,
        "ssl_error": 0,
        "geo_lat": 9.938763279696108,
        "geo_long": -84.10764276981355,
        "has_extended_info": false
    },
    {
        "changeuuid": "0ab8af63-40e7-4bbc-81a0-007599eb968d",
        "stationuuid": "cdad4475-158f-4f4c-827a-6a4589e582db",
        "serveruuid": "65dac09e-c566-4cc0-9afe-90773b8e62d4",
        "name": "Urbano 106 - 105.9 FM - San Jos\u00e9, Costa Rica",
        "url": "https://usa18.fastcast4u.com/proxy/rmoohhrw?mp=/1",
        "url_resolved": "https://usa18.fastcast4u.com/proxy/rmoohhrw?mp=/1",
        "homepage": "https://www.urbano106.com/",
        "favicon": "https://i0.wp.com/www.urbano106.com/wp-content/uploads/2018/10/LOGO-PARA-WEBS.png",
        "tags": "105.9 fm,am\u00e9rica,centroam\u00e9rica,costa rica,dancehall,entretenimiento,espa\u00f1ol,estaci\u00f3n,fm,hiphop,juvenil,latinoam\u00e9rica,moi merino,music,m\u00fasica,m\u00fasica en espa\u00f1ol e ingl\u00e9s,m\u00fasica urbana,r&b,r&b/urban,radio,reggae,san jos\u00e9,urban,urban contemporary,urban music,urbana,urbano,urbano 106",
        "country": "Costa Rica",
        "countrycode": "CR",
        "iso_3166_2": null,
        "state": "San Jos\u00e9",
        "language": "spanish",
        "languagecodes": "es",
        "votes": 61,
        "lastchangetime": "2023-01-05 17:02:12",
        "lastchangetime_iso8601": "2023-01-05T17:02:12Z",
        "codec": "AAC+",
        "bitrate": 48,
        "hls": 0,
        "lastcheckok": 1,
        "lastchecktime": "2023-04-08 07:59:11",
        "lastchecktime_iso8601": "2023-04-08T07:59:11Z",
        "lastcheckoktime": "2023-04-08 07:59:11",
        "lastcheckoktime_iso8601": "2023-04-08T07:59:11Z",
        "lastlocalchecktime": "2023-04-08 07:59:11",
        "lastlocalchecktime_iso8601": "2023-04-08T07:59:11Z",
        "clicktimestamp": "2023-04-07 22:40:55",
        "clicktimestamp_iso8601": "2023-04-07T22:40:55Z",
        "clickcount": 26,
        "clicktrend": -1,
        "ssl_error": 0,
        "geo_lat": 9.934955669920658,
        "geo_long": -84.07957077026369,
        "has_extended_info": false
    },
    {
        "changeuuid": "039c35e1-e49a-47bd-bea4-7d36b7c8e8a3",
        "stationuuid": "ada0377a-a4aa-4ad9-a457-d736b00769b0",
        "serveruuid": "560f21d7-fe12-428f-86fe-172cb2aed732",
        "name": "100.8 AZUL POP FM (LOS 40 CR)",
        "url": "https://azulpop.ozelip.com/8006/stream",
        "url_resolved": "https://azulpop.ozelip.com/8006/stream",
        "homepage": "https://azulradyo.com/",
        "favicon": "",
        "tags": "club dance,dance,hits,latin pop,latino,latinoam\u00e9rica,los40,pop,pop dance,pop latino,spanish contemporary hits,variety hits",
        "country": "Costa Rica",
        "countrycode": "CR",
        "iso_3166_2": null,
        "state": "Costa Rica",
        "language": "castellano. espa\u00f1ol,espanish,espa\u00f1ol argentina,espa\u00f1ol internacional",
        "languagecodes": "",
        "votes": 55,
        "lastchangetime": "2023-02-23 18:40:00",
        "lastchangetime_iso8601": "2023-02-23T18:40:00Z",
        "codec": "MP3",
        "bitrate": 128,
        "hls": 0,
        "lastcheckok": 1,
        "lastchecktime": "2023-04-08 11:42:57",
        "lastchecktime_iso8601": "2023-04-08T11:42:57Z",
        "lastcheckoktime": "2023-04-08 11:42:57",
        "lastcheckoktime_iso8601": "2023-04-08T11:42:57Z",
        "lastlocalchecktime": "2023-04-08 11:42:57",
        "lastlocalchecktime_iso8601": "2023-04-08T11:42:57Z",
        "clicktimestamp": "2023-04-06 19:43:39",
        "clicktimestamp_iso8601": "2023-04-06T19:43:39Z",
        "clickcount": 18,
        "clicktrend": -1,
        "ssl_error": 0,
        "geo_lat": 9.857584038116224,
        "geo_long": -84.08569341525438,
        "has_extended_info": false
    },
    {
        "changeuuid": "3cf6c810-0270-42c5-8fc4-5344459c5d96",
        "stationuuid": "8c15014f-d052-4837-8e21-07dc9d27a9e8",
        "serveruuid": "a76c41d3-c949-437a-b346-fcd24329eb7b",
        "name": "Radio Mil Recuerdos Stereo",
        "url": "https://sechin.grupocentroserver.com/radio/8060/radio.mp3",
        "url_resolved": "https://sechin.grupocentroserver.com/radio/8060/radio.mp3",
        "homepage": "https://www.radiomilrecuerdos.com/",
        "favicon": "https://www.radiomilrecuerdos.com/favicon.ico",
        "tags": "",
        "country": "Costa Rica",
        "countrycode": "CR",
        "iso_3166_2": null,
        "state": "San Jos\u00e9",
        "language": "",
        "languagecodes": "",
        "votes": 53,
        "lastchangetime": "2022-10-26 00:27:55",
        "lastchangetime_iso8601": "2022-10-26T00:27:55Z",
        "codec": "MP3",
        "bitrate": 128,
        "hls": 0,
        "lastcheckok": 1,
        "lastchecktime": "2023-04-08 11:33:56",
        "lastchecktime_iso8601": "2023-04-08T11:33:56Z",
        "lastcheckoktime": "2023-04-08 11:33:56",
        "lastcheckoktime_iso8601": "2023-04-08T11:33:56Z",
        "lastlocalchecktime": "2023-04-07 18:34:00",
        "lastlocalchecktime_iso8601": "2023-04-07T18:34:00Z",
        "clicktimestamp": "2023-04-08 07:02:36",
        "clicktimestamp_iso8601": "2023-04-08T07:02:36Z",
        "clickcount": 11,
        "clicktrend": 1,
        "ssl_error": 0,
        "geo_lat": 9.946154862213554,
        "geo_long": -84.05287742614748,
        "has_extended_info": false
    },
    {
        "changeuuid": "3dd63b9c-4945-4518-84af-34a6d0c89447",
        "stationuuid": "de26938d-89e1-4d1f-b0f8-af8c1ce0f618",
        "serveruuid": "f2403faa-1a66-4750-8035-17e1924043aa",
        "name": "104.7 HIT",
        "url": "http://streams.y2kwebs.com:9310/stream/1/",
        "url_resolved": "http://streams.y2kwebs.com:9310/stream/1/",
        "homepage": "https://1047hit.com/",
        "favicon": "https://1047hit.com/wp-content/uploads/2020/12/cropped-512-hit-180x180.png",
        "tags": "",
        "country": "Costa Rica",
        "countrycode": "CR",
        "iso_3166_2": null,
        "state": "San Jose",
        "language": "",
        "languagecodes": "",
        "votes": 47,
        "lastchangetime": "2023-01-28 09:37:52",
        "lastchangetime_iso8601": "2023-01-28T09:37:52Z",
        "codec": "MP3",
        "bitrate": 64,
        "hls": 0,
        "lastcheckok": 1,
        "lastchecktime": "2023-04-08 11:40:45",
        "lastchecktime_iso8601": "2023-04-08T11:40:45Z",
        "lastcheckoktime": "2023-04-08 11:40:45",
        "lastcheckoktime_iso8601": "2023-04-08T11:40:45Z",
        "lastlocalchecktime": "2023-04-07 20:57:06",
        "lastlocalchecktime_iso8601": "2023-04-07T20:57:06Z",
        "clicktimestamp": "2023-04-06 20:54:59",
        "clicktimestamp_iso8601": "2023-04-06T20:54:59Z",
        "clickcount": 12,
        "clicktrend": -1,
        "ssl_error": 0,
        "geo_lat": null,
        "geo_long": null,
        "has_extended_info": false
    },
    {
        "changeuuid": "6a665cde-55e3-4bb9-ba5a-502b488445be",
        "stationuuid": "8cfc1ce5-a59e-4a87-8280-ffa69ee2a21e",
        "serveruuid": "ef5a25d7-5c85-45b4-afc5-d3ceb185f228",
        "name": "Radio Disney Costa Rica - 101.1 FM - San Jos\u00e9, Costa Rica",
        "url": "http://ic.streann.com:8000/disneycostarica",
        "url_resolved": "http://ic.streann.com:8000/disneycostarica",
        "homepage": "https://cr.radiodisney.com/",
        "favicon": "https://cdn-profiles.tunein.com/s309674/images/logog.jpg",
        "tags": "101.1 fm,am\u00e9rica,central de radios,centroam\u00e9rica,costa rica,estaci\u00f3n,fm,juvenil,latinoam\u00e9rica,moi merino,m\u00fasica,m\u00fasica en espa\u00f1ol e ingl\u00e9s,m\u00fasica pop,pop,pop en espa\u00f1ol e ingl\u00e9s,pop music,pop rock,radio,radio disney,san jos\u00e9",
        "country": "Costa Rica",
        "countrycode": "CR",
        "iso_3166_2": null,
        "state": "San Jos\u00e9",
        "language": "spanish",
        "languagecodes": "es",
        "votes": 45,
        "lastchangetime": "2023-01-05 17:17:31",
        "lastchangetime_iso8601": "2023-01-05T17:17:31Z",
        "codec": "MP3",
        "bitrate": 192,
        "hls": 0,
        "lastcheckok": 1,
        "lastchecktime": "2023-04-07 23:08:52",
        "lastchecktime_iso8601": "2023-04-07T23:08:52Z",
        "lastcheckoktime": "2023-04-07 23:08:52",
        "lastcheckoktime_iso8601": "2023-04-07T23:08:52Z",
        "lastlocalchecktime": "2023-04-07 16:50:42",
        "lastlocalchecktime_iso8601": "2023-04-07T16:50:42Z",
        "clicktimestamp": "2023-04-08 12:42:49",
        "clicktimestamp_iso8601": "2023-04-08T12:42:49Z",
        "clickcount": 9,
        "clicktrend": 2,
        "ssl_error": 0,
        "geo_lat": 9.935164386849191,
        "geo_long": -84.07931327819824,
        "has_extended_info": false
    },
    {
        "changeuuid": "4cccc537-db2b-4e3e-bd7c-c6b62c4424b2",
        "stationuuid": "d1d140a1-2cac-4e9b-acfb-8a02ec2ac7e1",
        "serveruuid": "aea1b0da-af8d-4424-ae24-341ff86682c6",
        "name": "Radio Sinfonola 90.3FM",
        "url": "http://streams.y2kwebs.com:9972/",
        "url_resolved": "http://streams.y2kwebs.com:9972/",
        "homepage": "https://radiosinfonola.com/#",
        "favicon": "https://radiosinfonola.com/wp-content/uploads/2021/01/index.png",
        "tags": "musica clasica en espa\u00f1ol,pop",
        "country": "Costa Rica",
        "countrycode": "CR",
        "iso_3166_2": null,
        "state": "San Jos\u00e9",
        "language": "espa\u00f1ol costa rica,spanish",
        "languagecodes": "es",
        "votes": 43,
        "lastchangetime": "2023-02-10 06:38:27",
        "lastchangetime_iso8601": "2023-02-10T06:38:27Z",
        "codec": "MP3",
        "bitrate": 64,
        "hls": 0,
        "lastcheckok": 1,
        "lastchecktime": "2023-04-08 09:12:26",
        "lastchecktime_iso8601": "2023-04-08T09:12:26Z",
        "lastcheckoktime": "2023-04-08 09:12:26",
        "lastcheckoktime_iso8601": "2023-04-08T09:12:26Z",
        "lastlocalchecktime": "2023-04-07 19:01:32",
        "lastlocalchecktime_iso8601": "2023-04-07T19:01:32Z",
        "clicktimestamp": "2023-04-08 11:10:49",
        "clicktimestamp_iso8601": "2023-04-08T11:10:49Z",
        "clickcount": 43,
        "clicktrend": -2,
        "ssl_error": 0,
        "geo_lat": null,
        "geo_long": null,
        "has_extended_info": false
    },
    {
        "changeuuid": "e3b1e574-adaf-4230-9e09-b6a2ba95944e",
        "stationuuid": "c4255955-f125-41a1-b00b-94b31b76dc5c",
        "serveruuid": "9bd6627a-609e-4fae-870d-cf7bd120f5bc",
        "name": "Radio Spectro",
        "url": "https://stream20.usastreams.com/8090/stream",
        "url_resolved": "https://stream20.usastreams.com/8090/stream",
        "homepage": "https://radiospectro.com/",
        "favicon": "",
        "tags": "",
        "country": "Costa Rica",
        "countrycode": "CR",
        "iso_3166_2": null,
        "state": "San Jos\u00e9",
        "language": "",
        "languagecodes": "",
        "votes": 42,
        "lastchangetime": "2022-10-20 01:09:42",
        "lastchangetime_iso8601": "2022-10-20T01:09:42Z",
        "codec": "MP3",
        "bitrate": 128,
        "hls": 0,
        "lastcheckok": 1,
        "lastchecktime": "2023-04-07 18:52:49",
        "lastchecktime_iso8601": "2023-04-07T18:52:49Z",
        "lastcheckoktime": "2023-04-07 18:52:49",
        "lastcheckoktime_iso8601": "2023-04-07T18:52:49Z",
        "lastlocalchecktime": "2023-04-07 18:52:49",
        "lastlocalchecktime_iso8601": "2023-04-07T18:52:49Z",
        "clicktimestamp": "2023-04-08 12:39:59",
        "clicktimestamp_iso8601": "2023-04-08T12:39:59Z",
        "clickcount": 11,
        "clicktrend": 1,
        "ssl_error": 0,
        "geo_lat": null,
        "geo_long": null,
        "has_extended_info": false
    },
    {
        "changeuuid": "6137aeb7-39f4-43e1-873d-13662ba59ab7",
        "stationuuid": "a1843fcd-8f70-4342-8983-f1d9341ae275",
        "serveruuid": "9bd6627a-609e-4fae-870d-cf7bd120f5bc",
        "name": "Planet 107.5",
        "url": "https://stream20.usastreams.com/8094/stream",
        "url_resolved": "https://stream20.usastreams.com/8094/stream",
        "homepage": "https://planet1075.com/",
        "favicon": "",
        "tags": "",
        "country": "Costa Rica",
        "countrycode": "CR",
        "iso_3166_2": null,
        "state": "San Jose",
        "language": "",
        "languagecodes": "",
        "votes": 34,
        "lastchangetime": "2022-04-18 22:02:49",
        "lastchangetime_iso8601": "2022-04-18T22:02:49Z",
        "codec": "MP3",
        "bitrate": 128,
        "hls": 0,
        "lastcheckok": 1,
        "lastchecktime": "2023-04-08 14:11:16",
        "lastchecktime_iso8601": "2023-04-08T14:11:16Z",
        "lastcheckoktime": "2023-04-08 14:11:16",
        "lastcheckoktime_iso8601": "2023-04-08T14:11:16Z",
        "lastlocalchecktime": "2023-04-08 14:11:16",
        "lastlocalchecktime_iso8601": "2023-04-08T14:11:16Z",
        "clicktimestamp": "2023-04-04 03:32:38",
        "clicktimestamp_iso8601": "2023-04-04T03:32:38Z",
        "clickcount": 12,
        "clicktrend": 0,
        "ssl_error": 0,
        "geo_lat": null,
        "geo_long": null,
        "has_extended_info": false
    },
    {
        "changeuuid": "871358ef-9289-4f45-985f-2ef88edcbb18",
        "stationuuid": "6cf4804b-de4e-493c-8fec-e81790335739",
        "serveruuid": "0d564259-cfaa-468a-ab4d-ecd777177b2e",
        "name": "Radio Musical",
        "url": "https://stream2.y2kwebs.com/listen/musical_relay/radio.mp3",
        "url_resolved": "https://stream2.y2kwebs.com/listen/musical_relay/radio.mp3",
        "homepage": "https://radiomusical.com/",
        "favicon": "https://webradio.io/assets/radios/O5dOD69V5VFevoeBmcxtayuYBKrGe7gClq8M4yiO.png",
        "tags": "clasico latinoamerica,classical,latino am\u00e9rica,latinoam\u00e9rica,viejo",
        "country": "Costa Rica",
        "countrycode": "CR",
        "iso_3166_2": null,
        "state": "San Jos\u00e9 ",
        "language": "espa\u00f1ol costa rica,espa\u00f1ol internacional,spanish",
        "languagecodes": "es",
        "votes": 31,
        "lastchangetime": "2023-02-09 06:31:33",
        "lastchangetime_iso8601": "2023-02-09T06:31:33Z",
        "codec": "MP3",
        "bitrate": 64,
        "hls": 0,
        "lastcheckok": 1,
        "lastchecktime": "2023-04-08 09:38:19",
        "lastchecktime_iso8601": "2023-04-08T09:38:19Z",
        "lastcheckoktime": "2023-04-08 09:38:19",
        "lastcheckoktime_iso8601": "2023-04-08T09:38:19Z",
        "lastlocalchecktime": "2023-04-07 18:29:26",
        "lastlocalchecktime_iso8601": "2023-04-07T18:29:26Z",
        "clicktimestamp": "2023-04-08 12:58:17",
        "clicktimestamp_iso8601": "2023-04-08T12:58:17Z",
        "clickcount": 74,
        "clicktrend": 1,
        "ssl_error": 0,
        "geo_lat": null,
        "geo_long": null,
        "has_extended_info": false
    },
    {
        "changeuuid": "817e0f01-6b3e-465a-ad96-ffc5cafddb13",
        "stationuuid": "47ee23a1-f94d-45f4-8c8b-806407b09f18",
        "serveruuid": "3f455dbe-2d86-4348-aceb-c8a2dd3d4686",
        "name": "Radio Disney Costa Rica - 101.1 FM - San Jos\u00e9, Costa Rica",
        "url": "https://ic.streann.com/disneycostarica",
        "url_resolved": "https://ic.streann.com/disneycostarica",
        "homepage": "https://cr.radiodisney.com/",
        "favicon": "https://cdn-profiles.tunein.com/s309674/images/logog.jpg",
        "tags": "101.1 fm,am\u00e9rica,central de radios,centroam\u00e9rica,costa rica,estaci\u00f3n,fm,juvenil,latinoam\u00e9rica,moi merino,m\u00fasica,m\u00fasica en espa\u00f1ol e ingl\u00e9s,m\u00fasica pop,pop,pop en espa\u00f1ol e ingl\u00e9s,pop music,pop rock,radio,radio disney,san jos\u00e9",
        "country": "Costa Rica",
        "countrycode": "CR",
        "iso_3166_2": null,
        "state": "San Jos\u00e9",
        "language": "spanish",
        "languagecodes": "es",
        "votes": 26,
        "lastchangetime": "2023-01-05 17:12:25",
        "lastchangetime_iso8601": "2023-01-05T17:12:25Z",
        "codec": "MP3",
        "bitrate": 192,
        "hls": 0,
        "lastcheckok": 1,
        "lastchecktime": "2023-04-08 01:56:30",
        "lastchecktime_iso8601": "2023-04-08T01:56:30Z",
        "lastcheckoktime": "2023-04-08 01:56:30",
        "lastcheckoktime_iso8601": "2023-04-08T01:56:30Z",
        "lastlocalchecktime": "2023-04-07 17:40:02",
        "lastlocalchecktime_iso8601": "2023-04-07T17:40:02Z",
        "clicktimestamp": "2023-04-07 18:27:27",
        "clicktimestamp_iso8601": "2023-04-07T18:27:27Z",
        "clickcount": 20,
        "clicktrend": 2,
        "ssl_error": 0,
        "geo_lat": 9.93330442370322,
        "geo_long": -84.07982826232912,
        "has_extended_info": false
    },
    {
        "changeuuid": "affb28f3-44cc-4a5d-84d0-e251c9be0744",
        "stationuuid": "0203970c-2990-4a72-93cb-fa5a7b2496c3",
        "serveruuid": "9bd6627a-609e-4fae-870d-cf7bd120f5bc",
        "name": "Planet 107.5",
        "url": "https://stream20.usastreams.com/8094/stream",
        "url_resolved": "https://stream20.usastreams.com/8094/stream",
        "homepage": "https://planet1075.com/",
        "favicon": "",
        "tags": "",
        "country": "Costa Rica",
        "countrycode": "CR",
        "iso_3166_2": null,
        "state": "San Jose",
        "language": "",
        "languagecodes": "",
        "votes": 22,
        "lastchangetime": "2022-03-20 20:43:10",
        "lastchangetime_iso8601": "2022-03-20T20:43:10Z",
        "codec": "MP3",
        "bitrate": 128,
        "hls": 0,
        "lastcheckok": 1,
        "lastchecktime": "2023-04-08 01:00:32",
        "lastchecktime_iso8601": "2023-04-08T01:00:32Z",
        "lastcheckoktime": "2023-04-08 01:00:32",
        "lastcheckoktime_iso8601": "2023-04-08T01:00:32Z",
        "lastlocalchecktime": "2023-04-07 16:56:37",
        "lastlocalchecktime_iso8601": "2023-04-07T16:56:37Z",
        "clicktimestamp": "2023-04-08 07:02:30",
        "clicktimestamp_iso8601": "2023-04-08T07:02:30Z",
        "clickcount": 9,
        "clicktrend": 1,
        "ssl_error": 0,
        "geo_lat": null,
        "geo_long": null,
        "has_extended_info": false
    },
    {
        "changeuuid": "34aca232-969a-46c3-b18f-ad84956af8ba",
        "stationuuid": "ba3722b0-69e2-428e-97e9-f86e9fc1d39a",
        "serveruuid": "8512e676-7491-4b70-b19d-a28c617edb84",
        "name": "959 Nueve Cinco Nueve",
        "url": "https://18683.live.streamtheworld.com/CRC_959AAC.aac",
        "url_resolved": "https://18683.live.streamtheworld.com/CRC_959AAC.aac",
        "homepage": "https://crc.cr/estaciones/959-radio/",
        "favicon": "",
        "tags": "alternative,alternative / indie,classic rock,indie,indie pop,indie rock,pop,pop rock,punk,punk rock,rock",
        "country": "Costa Rica",
        "countrycode": "CR",
        "iso_3166_2": null,
        "state": "San Jos\u00e9",
        "language": "english,spanish",
        "languagecodes": "en,es",
        "votes": 21,
        "lastchangetime": "2023-03-08 06:10:26",
        "lastchangetime_iso8601": "2023-03-08T06:10:26Z",
        "codec": "AAC+",
        "bitrate": 96,
        "hls": 0,
        "lastcheckok": 1,
        "lastchecktime": "2023-04-08 11:11:10",
        "lastchecktime_iso8601": "2023-04-08T11:11:10Z",
        "lastcheckoktime": "2023-04-08 11:11:10",
        "lastcheckoktime_iso8601": "2023-04-08T11:11:10Z",
        "lastlocalchecktime": "2023-04-08 11:11:10",
        "lastlocalchecktime_iso8601": "2023-04-08T11:11:10Z",
        "clicktimestamp": "2023-04-08 12:59:06",
        "clicktimestamp_iso8601": "2023-04-08T12:59:06Z",
        "clickcount": 9,
        "clicktrend": 0,
        "ssl_error": 0,
        "geo_lat": 9.93601563143594,
        "geo_long": -84.10214424133302,
        "has_extended_info": false
    },
    {
        "changeuuid": "b4771df0-2f94-4aa6-9658-6feec0317ccc",
        "stationuuid": "e2bef4a7-4233-4b34-9b6b-fec22206026d",
        "serveruuid": "09288e1d-5124-4cf3-b6aa-81fae811df4b",
        "name": "Radio Dos",
        "url": "https://s5.radio.co/sd515b7b34/listen",
        "url_resolved": "https://s5.radio.co/sd515b7b34/listen",
        "homepage": "https://radiodos.com/",
        "favicon": "",
        "tags": "",
        "country": "Costa Rica",
        "countrycode": "CR",
        "iso_3166_2": null,
        "state": "",
        "language": "",
        "languagecodes": "",
        "votes": 19,
        "lastchangetime": "2022-12-29 13:24:07",
        "lastchangetime_iso8601": "2022-12-29T13:24:07Z",
        "codec": "MP3",
        "bitrate": 128,
        "hls": 0,
        "lastcheckok": 1,
        "lastchecktime": "2023-04-07 20:35:42",
        "lastchecktime_iso8601": "2023-04-07T20:35:42Z",
        "lastcheckoktime": "2023-04-07 20:35:42",
        "lastcheckoktime_iso8601": "2023-04-07T20:35:42Z",
        "lastlocalchecktime": "2023-04-07 20:35:42",
        "lastlocalchecktime_iso8601": "2023-04-07T20:35:42Z",
        "clicktimestamp": "2023-04-07 16:09:26",
        "clicktimestamp_iso8601": "2023-04-07T16:09:26Z",
        "clickcount": 25,
        "clicktrend": 0,
        "ssl_error": 0,
        "geo_lat": null,
        "geo_long": null,
        "has_extended_info": false
    },
    {
        "changeuuid": "4f74428f-4c65-49fd-85e3-d6162c5793ed",
        "stationuuid": "8b61a788-1bef-47e3-8881-4adf8e110ac4",
        "serveruuid": "01ff3ec3-c710-4dd3-a45d-49c57c80c618",
        "name": "IQ",
        "url": "https://p2.planethits.net/iqradio/;stream/1",
        "url_resolved": "https://p2.planethits.net/iqradio/;stream/1",
        "homepage": "http://iqmedios.com/",
        "favicon": "https://cdn.webrad.io/images/logos/radios-co-cr/iq-radio.png",
        "tags": "",
        "country": "Costa Rica",
        "countrycode": "CR",
        "iso_3166_2": null,
        "state": "San Jose",
        "language": "",
        "languagecodes": "",
        "votes": 17,
        "lastchangetime": "2023-01-20 15:52:39",
        "lastchangetime_iso8601": "2023-01-20T15:52:39Z",
        "codec": "AAC+",
        "bitrate": 64,
        "hls": 0,
        "lastcheckok": 1,
        "lastchecktime": "2023-04-07 21:07:13",
        "lastchecktime_iso8601": "2023-04-07T21:07:13Z",
        "lastcheckoktime": "2023-04-07 21:07:13",
        "lastcheckoktime_iso8601": "2023-04-07T21:07:13Z",
        "lastlocalchecktime": "2023-04-07 19:09:02",
        "lastlocalchecktime_iso8601": "2023-04-07T19:09:02Z",
        "clicktimestamp": "2023-04-08 08:00:10",
        "clicktimestamp_iso8601": "2023-04-08T08:00:10Z",
        "clickcount": 19,
        "clicktrend": -1,
        "ssl_error": 0,
        "geo_lat": null,
        "geo_long": null,
        "has_extended_info": false
    },
    {
        "changeuuid": "baa854fd-affc-425b-b15b-33959670e67b",
        "stationuuid": "d9031de3-2ab8-49dd-9373-56576d1117ba",
        "serveruuid": "c65322a3-abe3-4c48-b872-201f7c44b117",
        "name": "Momentos Reloj 94.3 FM ",
        "url": "https://d1v9ov91qzrvmy.cloudfront.net/momentosreloj.m3u8",
        "url_resolved": "https://d1v9ov91qzrvmy.cloudfront.net/momentosreloj.m3u8",
        "homepage": "https://www.momentosreloj.co.cr/",
        "favicon": "https://www.momentosreloj.co.cr/wp-content/uploads/sites/13/2021/10/logo-momentosreloj.png",
        "tags": "pop,romantic spanish,romantica,romantica moderna",
        "country": "Costa Rica",
        "countrycode": "CR",
        "iso_3166_2": null,
        "state": "San Jos\u00e9",
        "language": "spanish",
        "languagecodes": "es",
        "votes": 12,
        "lastchangetime": "2023-02-10 06:38:27",
        "lastchangetime_iso8601": "2023-02-10T06:38:27Z",
        "codec": "UNKNOWN",
        "bitrate": 0,
        "hls": 1,
        "lastcheckok": 1,
        "lastchecktime": "2023-04-08 08:46:38",
        "lastchecktime_iso8601": "2023-04-08T08:46:38Z",
        "lastcheckoktime": "2023-04-08 08:46:38",
        "lastcheckoktime_iso8601": "2023-04-08T08:46:38Z",
        "lastlocalchecktime": "2023-04-07 19:33:06",
        "lastlocalchecktime_iso8601": "2023-04-07T19:33:06Z",
        "clicktimestamp": "2023-04-07 18:28:10",
        "clicktimestamp_iso8601": "2023-04-07T18:28:10Z",
        "clickcount": 36,
        "clicktrend": -8,
        "ssl_error": 0,
        "geo_lat": 9.936996330401897,
        "geo_long": -84.07991409301759,
        "has_extended_info": false
    },
    {
        "changeuuid": "39a0f9fa-cf14-4681-9aa4-a28e2a6f4246",
        "stationuuid": "722d2d01-b8b1-4137-9bf9-fbf20331b1d8",
        "serveruuid": "8512e676-7491-4b70-b19d-a28c617edb84",
        "name": "959 Conexi\u00f3n",
        "url": "https://18683.live.streamtheworld.com/CRC_959AAC.aac",
        "url_resolved": "https://18683.live.streamtheworld.com/CRC_959AAC.aac",
        "homepage": "https://www.facebook.com/nuevecinconueve/photos/a.10150148975845809/10161331653575809/?locale=es_LA",
        "favicon": "",
        "tags": "",
        "country": "Costa Rica",
        "countrycode": "CR",
        "iso_3166_2": null,
        "state": "",
        "language": "",
        "languagecodes": "",
        "votes": 3,
        "lastchangetime": "2023-02-21 13:30:50",
        "lastchangetime_iso8601": "2023-02-21T13:30:50Z",
        "codec": "AAC+",
        "bitrate": 96,
        "hls": 0,
        "lastcheckok": 1,
        "lastchecktime": "2023-04-08 13:25:48",
        "lastchecktime_iso8601": "2023-04-08T13:25:48Z",
        "lastcheckoktime": "2023-04-08 13:25:48",
        "lastcheckoktime_iso8601": "2023-04-08T13:25:48Z",
        "lastlocalchecktime": "2023-04-08 13:25:48",
        "lastlocalchecktime_iso8601": "2023-04-08T13:25:48Z",
        "clicktimestamp": "2023-04-08 07:02:33",
        "clicktimestamp_iso8601": "2023-04-08T07:02:33Z",
        "clickcount": 10,
        "clicktrend": 2,
        "ssl_error": 0,
        "geo_lat": null,
        "geo_long": null,
        "has_extended_info": false
    },
    {
        "changeuuid": "aca6281e-4056-47bc-a826-73fe9004017c",
        "stationuuid": "dc8a3cf5-e847-4c46-a383-4d3d675d3c4a",
        "serveruuid": "382ce174-0b6c-46ff-93e4-20f97c7e3bd4",
        "name": "Radio Revoluci\u00f3n",
        "url": "https://stream.zeno.fm/ftcx2988uwzuv",
        "url_resolved": "https://stream-039.zeno.fm/ftcx2988uwzuv?zs=x-KjjakfRJ6FxSNxsJixMw",
        "homepage": "https://zeno.fm/radio/radio-revolucion-maai/",
        "favicon": "https://zeno.fm/static/icons/apple-icon-120x120.png",
        "tags": "news",
        "country": "Costa Rica",
        "countrycode": "CR",
        "iso_3166_2": null,
        "state": "San Jos\u00e9",
        "language": "spanish",
        "languagecodes": "es",
        "votes": 2,
        "lastchangetime": "2023-03-24 00:56:06",
        "lastchangetime_iso8601": "2023-03-24T00:56:06Z",
        "codec": "MP3",
        "bitrate": 0,
        "hls": 0,
        "lastcheckok": 1,
        "lastchecktime": "2023-04-08 01:10:40",
        "lastchecktime_iso8601": "2023-04-08T01:10:40Z",
        "lastcheckoktime": "2023-04-08 01:10:40",
        "lastcheckoktime_iso8601": "2023-04-08T01:10:40Z",
        "lastlocalchecktime": "2023-04-07 20:04:20",
        "lastlocalchecktime_iso8601": "2023-04-07T20:04:20Z",
        "clicktimestamp": "2023-04-07 11:15:05",
        "clicktimestamp_iso8601": "2023-04-07T11:15:05Z",
        "clickcount": 10,
        "clicktrend": -3,
        "ssl_error": 0,
        "geo_lat": 9.924504857894236,
        "geo_long": -84.07403469085695,
        "has_extended_info": false
    },
    {
        "changeuuid": "0ce42de4-d8db-4406-b656-f59d911a4a77",
        "stationuuid": "3f1b9236-a56b-455d-913f-a333cc25fc3c",
        "serveruuid": "c6d872f7-fc7e-40b3-889b-204386b424f2",
        "name": "Radio Columbia CR",
        "url": "https://s2.radio.co/s83b86382e/listen",
        "url_resolved": "https://s2.radio.co/s83b86382e/listen",
        "homepage": "https://columbia.co.cr/",
        "favicon": "",
        "tags": "",
        "country": "Costa Rica",
        "countrycode": "CR",
        "iso_3166_2": null,
        "state": "",
        "language": "",
        "languagecodes": "",
        "votes": 16,
        "lastchangetime": "2023-05-31 14:57:27",
        "lastchangetime_iso8601": "2023-05-31T14:57:27Z",
        "codec": "MP3",
        "bitrate": 128,
        "hls": 0,
        "lastcheckok": 1,
        "lastchecktime": "2023-07-08 22:29:10",
        "lastchecktime_iso8601": "2023-07-08T22:29:10Z",
        "lastcheckoktime": "2023-07-08 22:29:10",
        "lastcheckoktime_iso8601": "2023-07-08T22:29:10Z",
        "lastlocalchecktime": "2023-07-08 22:29:10",
        "lastlocalchecktime_iso8601": "2023-07-08T22:29:10Z",
        "clicktimestamp": "2023-07-09 04:40:45",
        "clicktimestamp_iso8601": "2023-07-09T04:40:45Z",
        "clickcount": 33,
        "clicktrend": -6,
        "ssl_error": 0,
        "geo_lat": 8.911120461825325,
        "geo_long": -84.18207822331611,
        "has_extended_info": false
    },
    {
        "changeuuid": "cec88c53-3ded-498e-9602-8d5cf5e0d53a",
        "stationuuid": "53ffb0ed-1288-4d35-9aa8-dab50494f48e",
        "serveruuid": "6c118a21-1531-4c6e-a579-26060e491467",
        "name": "Exa FM Costa Rica - 92.7 FM - San Jos\u00e9, Costa Rica",
        "url": "https://d3karhducaqetz.cloudfront.net/exa.m3u8",
        "url_resolved": "https://d3karhducaqetz.cloudfront.net/exa.m3u8",
        "homepage": "https://exafm.com/costarica/",
        "favicon": "https://i.ibb.co/Mfg0rqP/logog.png",
        "tags": "102.7 fm,cdr,central de radios,contemporary hits,contemporary hits radio,costa rica,en todas partes,entretenimiento,espa\u00f1ol,estaci\u00f3n,exa,exa fm,fm,juvenil,la estaci\u00f3n exacta,la estaci\u00f3n naranja,latin pop,moi merino,mvs,mvs radio,m\u00fasica,m\u00fasica en espa\u00f1ol e ingl\u00e9s,m\u00fasica pop,m\u00fasica urbana,ponte exa,pop,pop en espa\u00f1ol e ingl\u00e9s,pop music,pop rock,radio,reggaet\u00f3n,san jos\u00e9,spanish contemporary hits,top 40,top hits",
        "country": "Costa Rica",
        "countrycode": "CR",
        "iso_3166_2": null,
        "state": "San Jos\u00e9",
        "language": "spanish",
        "languagecodes": "es",
        "votes": 12,
        "lastchangetime": "2023-05-14 20:40:35",
        "lastchangetime_iso8601": "2023-05-14T20:40:35Z",
        "codec": "UNKNOWN",
        "bitrate": 0,
        "hls": 1,
        "lastcheckok": 1,
        "lastchecktime": "2023-07-09 07:44:17",
        "lastchecktime_iso8601": "2023-07-09T07:44:17Z",
        "lastcheckoktime": "2023-07-09 07:44:17",
        "lastcheckoktime_iso8601": "2023-07-09T07:44:17Z",
        "lastlocalchecktime": "2023-07-09 07:44:17",
        "lastlocalchecktime_iso8601": "2023-07-09T07:44:17Z",
        "clicktimestamp": "2023-07-09 07:39:47",
        "clicktimestamp_iso8601": "2023-07-09T07:39:47Z",
        "clickcount": 28,
        "clicktrend": 0,
        "ssl_error": 0,
        "geo_lat": 9.93347351169892,
        "geo_long": -84.07931327819824,
        "has_extended_info": false
    },
    {
        "changeuuid": "bb025e92-4353-42c7-b53d-0bb4461b51e5",
        "stationuuid": "174f743d-0c80-4ca2-83db-764854562fc3",
        "serveruuid": "cd612ed1-06ce-425d-b6c6-2d2c2a233dd5",
        "name": "\u00a1Diay Radio!",
        "url": "https://radio.co.cr/listen/radio/radio.mp3",
        "url_resolved": "https://radio.co.cr/listen/radio/radio.mp3",
        "homepage": "https://radio.co.cr/",
        "favicon": "https://radio.co.cr/static/icons/production/120.png",
        "tags": "latin pop,merengue,pop,pop rock,reggae,reguet\u00f3n,salsa,urbano",
        "country": "Costa Rica",
        "countrycode": "CR",
        "iso_3166_2": null,
        "state": "Cartago",
        "language": "espa\u00f1ol costa rica",
        "languagecodes": "",
        "votes": 4,
        "lastchangetime": "2023-06-21 17:30:06",
        "lastchangetime_iso8601": "2023-06-21T17:30:06Z",
        "codec": "MP3",
        "bitrate": 128,
        "hls": 0,
        "lastcheckok": 1,
        "lastchecktime": "2023-07-09 07:47:03",
        "lastchecktime_iso8601": "2023-07-09T07:47:03Z",
        "lastcheckoktime": "2023-07-09 07:47:03",
        "lastcheckoktime_iso8601": "2023-07-09T07:47:03Z",
        "lastlocalchecktime": "2023-07-09 07:47:03",
        "lastlocalchecktime_iso8601": "2023-07-09T07:47:03Z",
        "clicktimestamp": "2023-07-09 02:56:07",
        "clicktimestamp_iso8601": "2023-07-09T02:56:07Z",
        "clickcount": 14,
        "clicktrend": 0,
        "ssl_error": 0,
        "geo_lat": 9.927112919250195,
        "geo_long": -83.99592608213426,
        "has_extended_info": false
    },
    {
        "changeuuid": "1c1d7db4-95f9-44e9-aa73-2dcaeb66750f",
        "stationuuid": "681d4b3a-30af-41ca-b0cb-cae12977e65a",
        "serveruuid": "2a4c78af-c9ef-4dad-8e5d-7a02a31cae13",
        "name": "Radio Adondeirhoy",
        "url": "http://s2.voscast.com:9150/stream",
        "url_resolved": "http://s2.voscast.com:9150/stream",
        "homepage": "https://radioadondeirhoy.com/",
        "favicon": "",
        "tags": "",
        "country": "Costa Rica",
        "countrycode": "CR",
        "iso_3166_2": null,
        "state": "",
        "language": "spanish",
        "languagecodes": "es",
        "votes": 2,
        "lastchangetime": "2023-06-24 10:57:53",
        "lastchangetime_iso8601": "2023-06-24T10:57:53Z",
        "codec": "MP3",
        "bitrate": 48,
        "hls": 0,
        "lastcheckok": 1,
        "lastchecktime": "2023-07-09 11:22:28",
        "lastchecktime_iso8601": "2023-07-09T11:22:28Z",
        "lastcheckoktime": "2023-07-09 11:22:28",
        "lastcheckoktime_iso8601": "2023-07-09T11:22:28Z",
        "lastlocalchecktime": "2023-07-09 06:09:55",
        "lastlocalchecktime_iso8601": "2023-07-09T06:09:55Z",
        "clicktimestamp": "2023-07-07 05:48:55",
        "clicktimestamp_iso8601": "2023-07-07T05:48:55Z",
        "clickcount": 7,
        "clicktrend": 0,
        "ssl_error": 0,
        "geo_lat": null,
        "geo_long": null,
        "has_extended_info": false
    },
    {
        "changeuuid": "82cb8493-5374-4b44-9a4b-76c2a93b64a6",
        "stationuuid": "709b19e4-da67-4e81-896d-61b4859641f1",
        "serveruuid": null,
        "name": "La Caliente 90.7 FM",
        "url": "https://playerservices.streamtheworld.com/api/livestream-redirect/QTEJA_CRAAC_SC",
        "url_resolved": "https://26513.live.streamtheworld.com:443/QTEJA_CRAAC_SC",
        "homepage": "https://lacaliente.cr/",
        "favicon": "https://lacaliente.cr/img/logo.png",
        "tags": "misc",
        "country": "Costa Rica",
        "countrycode": "CR",
        "iso_3166_2": null,
        "state": "",
        "language": "",
        "languagecodes": "",
        "votes": 28,
        "lastchangetime": "2023-07-22 16:59:27",
        "lastchangetime_iso8601": "2023-07-22T16:59:27Z",
        "codec": "AAC+",
        "bitrate": 128,
        "hls": 0,
        "lastcheckok": 1,
        "lastchecktime": "2023-09-03 07:57:41",
        "lastchecktime_iso8601": "2023-09-03T07:57:41Z",
        "lastcheckoktime": "2023-09-03 07:57:41",
        "lastcheckoktime_iso8601": "2023-09-03T07:57:41Z",
        "lastlocalchecktime": "2023-09-03 07:57:41",
        "lastlocalchecktime_iso8601": "2023-09-03T07:57:41Z",
        "clicktimestamp": "2023-09-03 11:36:07",
        "clicktimestamp_iso8601": "2023-09-03T11:36:07Z",
        "clickcount": 54,
        "clicktrend": 1,
        "ssl_error": 0,
        "geo_lat": null,
        "geo_long": null,
        "has_extended_info": false
    },
    {
        "changeuuid": "28ee50aa-32db-4cf7-96b6-747198e547e9",
        "stationuuid": "2a6d39dd-bdd2-41f3-b54c-faebb288b1cb",
        "serveruuid": "c8a43674-4bda-4832-9d27-852464600460",
        "name": "Zeta FM 95.1",
        "url": "https://virtualtronics.net/proxy/zetafm?mp=/stream",
        "url_resolved": "https://virtualtronics.net/proxy/zetafm?mp=/stream",
        "homepage": "https://www.zetafmcr.com/",
        "favicon": "https://d3hqj1a4t5j69r.cloudfront.net/wp-content/uploads/sites/2/2021/10/cropped-LOGO-Z-FM-2019.png",
        "tags": "misc",
        "country": "Costa Rica",
        "countrycode": "CR",
        "iso_3166_2": null,
        "state": "",
        "language": "",
        "languagecodes": "",
        "votes": 16,
        "lastchangetime": "2023-07-22 16:45:38",
        "lastchangetime_iso8601": "2023-07-22T16:45:38Z",
        "codec": "MP3",
        "bitrate": 128,
        "hls": 0,
        "lastcheckok": 1,
        "lastchecktime": "2023-09-03 11:02:43",
        "lastchecktime_iso8601": "2023-09-03T11:02:43Z",
        "lastcheckoktime": "2023-09-03 11:02:43",
        "lastcheckoktime_iso8601": "2023-09-03T11:02:43Z",
        "lastlocalchecktime": "2023-09-03 11:02:43",
        "lastlocalchecktime_iso8601": "2023-09-03T11:02:43Z",
        "clicktimestamp": "2023-09-02 17:56:52",
        "clicktimestamp_iso8601": "2023-09-02T17:56:52Z",
        "clickcount": 20,
        "clicktrend": 1,
        "ssl_error": 0,
        "geo_lat": null,
        "geo_long": null,
        "has_extended_info": false
    },
    {
        "changeuuid": "4bbc76fc-d20d-46ff-b5d8-446cd9464a1d",
        "stationuuid": "d87d2461-7ff5-44fb-9d44-adc4b926b34f",
        "serveruuid": "3147dc37-4489-4378-af08-06121163a67d",
        "name": "Tamarindo Radio",
        "url": "http://s1.voscast.com:11392/stream",
        "url_resolved": "http://s1.voscast.com:11392/stream",
        "homepage": "https://tamarindoradio.com/",
        "favicon": "",
        "tags": "80s rock,classic rock,oldies",
        "country": "Costa Rica",
        "countrycode": "CR",
        "iso_3166_2": null,
        "state": "",
        "language": "spanish",
        "languagecodes": "es",
        "votes": 8,
        "lastchangetime": "2023-07-09 19:15:39",
        "lastchangetime_iso8601": "2023-07-09T19:15:39Z",
        "codec": "MP3",
        "bitrate": 128,
        "hls": 0,
        "lastcheckok": 1,
        "lastchecktime": "2023-09-03 09:37:52",
        "lastchecktime_iso8601": "2023-09-03T09:37:52Z",
        "lastcheckoktime": "2023-09-03 09:37:52",
        "lastcheckoktime_iso8601": "2023-09-03T09:37:52Z",
        "lastlocalchecktime": "2023-09-03 09:37:52",
        "lastlocalchecktime_iso8601": "2023-09-03T09:37:52Z",
        "clicktimestamp": "2023-09-03 02:30:29",
        "clicktimestamp_iso8601": "2023-09-03T02:30:29Z",
        "clickcount": 9,
        "clicktrend": 2,
        "ssl_error": 0,
        "geo_lat": null,
        "geo_long": null,
        "has_extended_info": false
    },
    {
        "changeuuid": "a65a700c-1f11-4dc5-b47b-d4feb5a9be16",
        "stationuuid": "a5bf09aa-732f-4e94-bd92-35e7f29cd636",
        "serveruuid": null,
        "name": "Nueve Cuatro Siete - 94.7 FM",
        "url": "https://playerservices.streamtheworld.com/api/livestream-redirect/CRC_947AAC.aac?_=819140",
        "url_resolved": "https://14083.live.streamtheworld.com:443/CRC_947AAC.aac?_=819140",
        "homepage": "https://www.crc.cr/crc947/",
        "favicon": "https://mmo.aiircdn.com/943/63d062c76c332.png",
        "tags": "international",
        "country": "Costa Rica",
        "countrycode": "CR",
        "iso_3166_2": null,
        "state": "",
        "language": "",
        "languagecodes": "",
        "votes": 5,
        "lastchangetime": "2023-07-22 23:46:13",
        "lastchangetime_iso8601": "2023-07-22T23:46:13Z",
        "codec": "AAC+",
        "bitrate": 64,
        "hls": 0,
        "lastcheckok": 1,
        "lastchecktime": "2023-09-03 10:47:44",
        "lastchecktime_iso8601": "2023-09-03T10:47:44Z",
        "lastcheckoktime": "2023-09-03 10:47:44",
        "lastcheckoktime_iso8601": "2023-09-03T10:47:44Z",
        "lastlocalchecktime": "2023-09-03 10:47:44",
        "lastlocalchecktime_iso8601": "2023-09-03T10:47:44Z",
        "clicktimestamp": "2023-09-03 14:05:41",
        "clicktimestamp_iso8601": "2023-09-03T14:05:41Z",
        "clickcount": 12,
        "clicktrend": 4,
        "ssl_error": 0,
        "geo_lat": null,
        "geo_long": null,
        "has_extended_info": false
    },
    {
        "changeuuid": "0cadeca5-9cc8-4e7f-8adb-9f5ebb503326",
        "stationuuid": "4e15caee-76eb-4fda-ab38-ed2bec14324d",
        "serveruuid": "962c2e19-022c-4bb3-a19b-34f78288bf6a",
        "name": "Tiquicia Rock",
        "url": "https://usa19.fastcast4u.com:5860/;?type=http&nocache=1690470873",
        "url_resolved": "https://usa19.fastcast4u.com:5860/;?type=http&nocache=1690470873",
        "homepage": "https://tiquiciarock.com/",
        "favicon": "https://tiquiciarock.com/wp-content/uploads/2023/04/cropped-tiquiciarock-logo-512x512-1-1-180x180.png",
        "tags": "alternative,grunge,metal,rock",
        "country": "Costa Rica",
        "countrycode": "CR",
        "iso_3166_2": null,
        "state": "Alajuela",
        "language": "english,spanish",
        "languagecodes": "en,es",
        "votes": 5,
        "lastchangetime": "2023-07-27 15:23:22",
        "lastchangetime_iso8601": "2023-07-27T15:23:22Z",
        "codec": "MP3",
        "bitrate": 320,
        "hls": 0,
        "lastcheckok": 1,
        "lastchecktime": "2023-09-03 11:07:45",
        "lastchecktime_iso8601": "2023-09-03T11:07:45Z",
        "lastcheckoktime": "2023-09-03 11:07:45",
        "lastcheckoktime_iso8601": "2023-09-03T11:07:45Z",
        "lastlocalchecktime": "2023-09-03 11:07:45",
        "lastlocalchecktime_iso8601": "2023-09-03T11:07:45Z",
        "clicktimestamp": "2023-09-02 18:56:56",
        "clicktimestamp_iso8601": "2023-09-02T18:56:56Z",
        "clickcount": 11,
        "clicktrend": 1,
        "ssl_error": 0,
        "geo_lat": 10.062881986408186,
        "geo_long": -84.07562255859376,
        "has_extended_info": false
    },
    {
        "changeuuid": "5d365cd1-ca3f-41f4-9d03-1c34bc802c81",
        "stationuuid": "c7ad2bed-5de3-4495-a13c-564ebe249d80",
        "serveruuid": "226c8597-6db2-47e9-92f8-13ad227ea757",
        "name": "Puerto Lim\u00f3n Radio",
        "url": "https://puertolimonradio-rowrigos.radioca.st/listen.pls?sid=1",
        "url_resolved": "http://puertolimonradio-rowrigos.radioca.st:8733/stream",
        "homepage": "https://puertolimonradio.com/",
        "favicon": "https://puertolimonradio.com/wp-content/uploads/2023/10/logo-768x768.png",
        "tags": "",
        "country": "Costa Rica",
        "countrycode": "CR",
        "iso_3166_2": null,
        "state": "",
        "language": "",
        "languagecodes": "",
        "votes": 1,
        "lastchangetime": "2023-10-29 13:20:23",
        "lastchangetime_iso8601": "2023-10-29T13:20:23Z",
        "codec": "MP3",
        "bitrate": 128,
        "hls": 0,
        "lastcheckok": 1,
        "lastchecktime": "2023-11-07 14:35:53",
        "lastchecktime_iso8601": "2023-11-07T14:35:53Z",
        "lastcheckoktime": "2023-11-07 14:35:53",
        "lastcheckoktime_iso8601": "2023-11-07T14:35:53Z",
        "lastlocalchecktime": "2023-11-07 13:41:54",
        "lastlocalchecktime_iso8601": "2023-11-07T13:41:54Z",
        "clicktimestamp": "2023-11-05 09:19:05",
        "clicktimestamp_iso8601": "2023-11-05T09:19:05Z",
        "clickcount": 17,
        "clicktrend": 0,
        "ssl_error": 0,
        "geo_lat": null,
        "geo_long": null,
        "has_extended_info": false
    },
    {
        "changeuuid": "1800b611-93aa-448d-994d-fffcb056a3d0",
        "stationuuid": "77cf1175-eced-444a-8c07-70294c9b6d97",
        "serveruuid": "8010f856-1980-464d-a44b-8ea371be3deb",
        "name": "Dabar",
        "url": "https://a1.asurahosting.com:8720/radio.mp3",
        "url_resolved": "https://a1.asurahosting.com:8720/radio.mp3",
        "homepage": "https://dabarradio.org/",
        "favicon": "",
        "tags": "",
        "country": "Costa Rica",
        "countrycode": "CR",
        "iso_3166_2": null,
        "state": "San Jose",
        "language": "",
        "languagecodes": "",
        "votes": 0,
        "lastchangetime": "2023-11-07 16:08:31",
        "lastchangetime_iso8601": "2023-11-07T16:08:31Z",
        "codec": "MP3",
        "bitrate": 192,
        "hls": 0,
        "lastcheckok": 1,
        "lastchecktime": "2023-11-07 16:19:43",
        "lastchecktime_iso8601": "2023-11-07T16:19:43Z",
        "lastcheckoktime": "2023-11-07 16:19:43",
        "lastcheckoktime_iso8601": "2023-11-07T16:19:43Z",
        "lastlocalchecktime": "2023-11-07 16:13:59",
        "lastlocalchecktime_iso8601": "2023-11-07T16:13:59Z",
        "clicktimestamp": "2023-11-07 17:31:13",
        "clicktimestamp_iso8601": "2023-11-07T17:31:13Z",
        "clickcount": 4,
        "clicktrend": 4,
        "ssl_error": 0,
        "geo_lat": 9.428975524195389,
        "geo_long": -83.64325046539308,
        "has_extended_info": false
    }
]