[
    {
        "changeuuid": "4ac3e16f-20a5-4177-85a1-993c3f530c9f",
        "stationuuid": "81562a43-a788-4633-bb59-740058df7df3",
        "serveruuid": "5b3a951a-6102-476e-aedf-714db4b76093",
        "name": "Radio Reloj, emisora cubana de noticias",
        "url": "https://icecast.teveo.cu/b3jbfThq",
        "url_resolved": "https://icecast.teveo.cu/b3jbfThq",
        "homepage": "https://www.radioreloj.cu/",
        "favicon": "https://www.radioreloj.cu/wp-content/themes/radioreloj/favicon.png",
        "tags": "cuba,la habana,latinoamerica,noticias,noticioso,radio reloj",
        "country": "Cuba",
        "countrycode": "CU",
        "iso_3166_2": null,
        "state": "La Habana",
        "language": "spanish",
        "languagecodes": "es",
        "votes": 5832,
        "lastchangetime": "2023-03-27 10:21:06",
        "lastchangetime_iso8601": "2023-03-27T10:21:06Z",
        "codec": "MP3",
        "bitrate": 0,
        "hls": 0,
        "lastcheckok": 1,
        "lastchecktime": "2023-04-08 11:15:09",
        "lastchecktime_iso8601": "2023-04-08T11:15:09Z",
        "lastcheckoktime": "2023-04-08 11:15:09",
        "lastcheckoktime_iso8601": "2023-04-08T11:15:09Z",
        "lastlocalchecktime": "2023-04-07 17:50:22",
        "lastlocalchecktime_iso8601": "2023-04-07T17:50:22Z",
        "clicktimestamp": "2023-04-08 12:47:59",
        "clicktimestamp_iso8601": "2023-04-08T12:47:59Z",
        "clickcount": 345,
        "clicktrend": 22,
        "ssl_error": 0,
        "geo_lat": null,
        "geo_long": null,
        "has_extended_info": false
    },
    {
        "changeuuid": "6fa94ca5-b792-4a15-b7f7-a5a099e241c9",
        "stationuuid": "6ea9184e-8818-4a46-abe1-c4e65557ee38",
        "serveruuid": "5b3a951a-6102-476e-aedf-714db4b76093",
        "name": "Radio Rebelde",
        "url": "https://icecast.teveo.cu/zrXXWK9F",
        "url_resolved": "https://icecast.teveo.cu/zrXXWK9F",
        "homepage": "",
        "favicon": "",
        "tags": "talk & speech",
        "country": "Cuba",
        "countrycode": "CU",
        "iso_3166_2": null,
        "state": "",
        "language": "",
        "languagecodes": "",
        "votes": 3814,
        "lastchangetime": "2022-02-22 10:17:43",
        "lastchangetime_iso8601": "2022-02-22T10:17:43Z",
        "codec": "MP3",
        "bitrate": 64,
        "hls": 0,
        "lastcheckok": 1,
        "lastchecktime": "2023-04-07 21:07:13",
        "lastchecktime_iso8601": "2023-04-07T21:07:13Z",
        "lastcheckoktime": "2023-04-07 21:07:13",
        "lastcheckoktime_iso8601": "2023-04-07T21:07:13Z",
        "lastlocalchecktime": "2023-04-07 17:38:26",
        "lastlocalchecktime_iso8601": "2023-04-07T17:38:26Z",
        "clicktimestamp": "2023-04-08 14:04:37",
        "clicktimestamp_iso8601": "2023-04-08T14:04:37Z",
        "clickcount": 277,
        "clicktrend": -1,
        "ssl_error": 0,
        "geo_lat": null,
        "geo_long": null,
        "has_extended_info": false
    },
    {
        "changeuuid": "c03549bf-efbd-466c-98af-8b1f7ecb8529",
        "stationuuid": "f6c29c2c-2449-4d91-8e78-5e37445aa530",
        "serveruuid": "5b3a951a-6102-476e-aedf-714db4b76093",
        "name": "Radio Habana Cuba - RHC",
        "url": "https://icecast.teveo.cu/McW3fLhs",
        "url_resolved": "https://icecast.teveo.cu/McW3fLhs",
        "homepage": "http://www.radiohc.cu/",
        "favicon": "https://www.radiohc.cu/images/logo-color.png",
        "tags": "comunismo,cuba,emisora internacional,internacional,international,latinoamerica,revolucion,socialismo",
        "country": "Cuba",
        "countrycode": "CU",
        "iso_3166_2": null,
        "state": "La Habana",
        "language": "arabic,portuguese,spanish",
        "languagecodes": "ar,es,pt",
        "votes": 3727,
        "lastchangetime": "2023-03-20 02:06:56",
        "lastchangetime_iso8601": "2023-03-20T02:06:56Z",
        "codec": "MP3",
        "bitrate": 64,
        "hls": 0,
        "lastcheckok": 1,
        "lastchecktime": "2023-04-08 13:15:52",
        "lastchecktime_iso8601": "2023-04-08T13:15:52Z",
        "lastcheckoktime": "2023-04-08 13:15:52",
        "lastcheckoktime_iso8601": "2023-04-08T13:15:52Z",
        "lastlocalchecktime": "2023-04-08 13:15:52",
        "lastlocalchecktime_iso8601": "2023-04-08T13:15:52Z",
        "clicktimestamp": "2023-04-08 14:03:42",
        "clicktimestamp_iso8601": "2023-04-08T14:03:42Z",
        "clickcount": 208,
        "clicktrend": 16,
        "ssl_error": 0,
        "geo_lat": null,
        "geo_long": null,
        "has_extended_info": false
    },
    {
        "changeuuid": "83cd2e79-06b8-42a1-a9e9-99779ca7fd72",
        "stationuuid": "02e1936e-a0dd-4850-bc3e-d8f7d3232540",
        "serveruuid": "5b3a951a-6102-476e-aedf-714db4b76093",
        "name": "Radio Taino",
        "url": "https://icecast.teveo.cu/3MCwWg3V",
        "url_resolved": "https://icecast.teveo.cu/3MCwWg3V",
        "homepage": "http://www.radiotaino.cu/",
        "favicon": "",
        "tags": "",
        "country": "Cuba",
        "countrycode": "CU",
        "iso_3166_2": null,
        "state": "La Habana",
        "language": "spanish",
        "languagecodes": "es",
        "votes": 2687,
        "lastchangetime": "2022-11-05 14:09:18",
        "lastchangetime_iso8601": "2022-11-05T14:09:18Z",
        "codec": "MP3",
        "bitrate": 64,
        "hls": 0,
        "lastcheckok": 1,
        "lastchecktime": "2023-04-08 08:02:45",
        "lastchecktime_iso8601": "2023-04-08T08:02:45Z",
        "lastcheckoktime": "2023-04-08 08:02:45",
        "lastcheckoktime_iso8601": "2023-04-08T08:02:45Z",
        "lastlocalchecktime": "2023-04-07 16:45:41",
        "lastlocalchecktime_iso8601": "2023-04-07T16:45:41Z",
        "clicktimestamp": "2023-04-08 11:21:42",
        "clicktimestamp_iso8601": "2023-04-08T11:21:42Z",
        "clickcount": 130,
        "clicktrend": -5,
        "ssl_error": 0,
        "geo_lat": null,
        "geo_long": null,
        "has_extended_info": false
    },
    {
        "changeuuid": "2f16676b-6caa-420d-803c-46e27c0ae039",
        "stationuuid": "f6efb642-3d37-4ab9-bd0c-4ccc6754bd6e",
        "serveruuid": "5b3a951a-6102-476e-aedf-714db4b76093",
        "name": "CMKC Digital - Santiago de Cuba",
        "url": "https://icecast.teveo.cu/C9vVPN7h",
        "url_resolved": "https://icecast.teveo.cu/C9vVPN7h",
        "homepage": "",
        "favicon": "",
        "tags": "classical",
        "country": "Cuba",
        "countrycode": "CU",
        "iso_3166_2": null,
        "state": "",
        "language": "",
        "languagecodes": "",
        "votes": 2269,
        "lastchangetime": "2021-08-06 08:36:45",
        "lastchangetime_iso8601": "2021-08-06T08:36:45Z",
        "codec": "MP3",
        "bitrate": 64,
        "hls": 0,
        "lastcheckok": 1,
        "lastchecktime": "2023-04-08 02:42:23",
        "lastchecktime_iso8601": "2023-04-08T02:42:23Z",
        "lastcheckoktime": "2023-04-08 02:42:23",
        "lastcheckoktime_iso8601": "2023-04-08T02:42:23Z",
        "lastlocalchecktime": "2023-04-07 19:11:27",
        "lastlocalchecktime_iso8601": "2023-04-07T19:11:27Z",
        "clicktimestamp": "2023-04-08 14:05:34",
        "clicktimestamp_iso8601": "2023-04-08T14:05:34Z",
        "clickcount": 155,
        "clicktrend": 2,
        "ssl_error": 0,
        "geo_lat": null,
        "geo_long": null,
        "has_extended_info": false
    },
    {
        "changeuuid": "f286a7dd-0356-40ae-9962-0dbbc25d661f",
        "stationuuid": "f8e69913-1b38-400c-8289-5a93437d2966",
        "serveruuid": "5b3a951a-6102-476e-aedf-714db4b76093",
        "name": "Ciudad de La Habana",
        "url": "https://icecast.teveo.cu/g73XCjCH",
        "url_resolved": "https://icecast.teveo.cu/g73XCjCH",
        "homepage": "",
        "favicon": "",
        "tags": "classical",
        "country": "Cuba",
        "countrycode": "CU",
        "iso_3166_2": null,
        "state": "",
        "language": "",
        "languagecodes": "",
        "votes": 1663,
        "lastchangetime": "2021-08-06 08:36:45",
        "lastchangetime_iso8601": "2021-08-06T08:36:45Z",
        "codec": "MP3",
        "bitrate": 0,
        "hls": 0,
        "lastcheckok": 1,
        "lastchecktime": "2023-04-08 09:44:36",
        "lastchecktime_iso8601": "2023-04-08T09:44:36Z",
        "lastcheckoktime": "2023-04-08 09:44:36",
        "lastcheckoktime_iso8601": "2023-04-08T09:44:36Z",
        "lastlocalchecktime": "2023-04-07 16:26:14",
        "lastlocalchecktime_iso8601": "2023-04-07T16:26:14Z",
        "clicktimestamp": "2023-04-08 14:06:03",
        "clicktimestamp_iso8601": "2023-04-08T14:06:03Z",
        "clickcount": 76,
        "clicktrend": 2,
        "ssl_error": 0,
        "geo_lat": null,
        "geo_long": null,
        "has_extended_info": false
    },
    {
        "changeuuid": "b177484e-688c-42b7-8374-60e464854288",
        "stationuuid": "df9f0dcf-2b1c-4ea4-8392-bed99adaef3c",
        "serveruuid": "5b3a951a-6102-476e-aedf-714db4b76093",
        "name": "Radio Progreso",
        "url": "https://icecast.teveo.cu/XjfW7qWN",
        "url_resolved": "https://icecast.teveo.cu/XjfW7qWN",
        "homepage": "https://www.radioprogreso.icrt.cu/",
        "favicon": "",
        "tags": "",
        "country": "Cuba",
        "countrycode": "CU",
        "iso_3166_2": null,
        "state": "La Habana",
        "language": "",
        "languagecodes": "",
        "votes": 1273,
        "lastchangetime": "2022-08-31 07:48:23",
        "lastchangetime_iso8601": "2022-08-31T07:48:23Z",
        "codec": "MP3",
        "bitrate": 64,
        "hls": 0,
        "lastcheckok": 1,
        "lastchecktime": "2023-04-07 19:34:25",
        "lastchecktime_iso8601": "2023-04-07T19:34:25Z",
        "lastcheckoktime": "2023-04-07 19:34:25",
        "lastcheckoktime_iso8601": "2023-04-07T19:34:25Z",
        "lastlocalchecktime": "2023-04-07 17:13:42",
        "lastlocalchecktime_iso8601": "2023-04-07T17:13:42Z",
        "clicktimestamp": "2023-04-08 13:00:11",
        "clicktimestamp_iso8601": "2023-04-08T13:00:11Z",
        "clickcount": 198,
        "clicktrend": 0,
        "ssl_error": 0,
        "geo_lat": null,
        "geo_long": null,
        "has_extended_info": false
    },
    {
        "changeuuid": "2e0956ed-9641-4009-bf7f-047d0a610ff9",
        "stationuuid": "a15232c3-4852-4489-8f6b-9a060d761674",
        "serveruuid": "5b3a951a-6102-476e-aedf-714db4b76093",
        "name": "CMKO Radio Angulo",
        "url": "https://icecast.teveo.cu/hmVcdgM7",
        "url_resolved": "https://icecast.teveo.cu/hmVcdgM7",
        "homepage": "https://www.radioangulo.cu/",
        "favicon": "https://www.radioangulo.cu/wp-content/uploads/2022/11/cropped-favicon-1-180x180.png",
        "tags": "",
        "country": "Cuba",
        "countrycode": "CU",
        "iso_3166_2": null,
        "state": "Holgu\u00edn",
        "language": "espa\u00f1ol internacional",
        "languagecodes": "",
        "votes": 1100,
        "lastchangetime": "2023-01-19 17:34:45",
        "lastchangetime_iso8601": "2023-01-19T17:34:45Z",
        "codec": "MP3",
        "bitrate": 64,
        "hls": 0,
        "lastcheckok": 1,
        "lastchecktime": "2023-04-07 17:18:35",
        "lastchecktime_iso8601": "2023-04-07T17:18:35Z",
        "lastcheckoktime": "2023-04-07 17:18:35",
        "lastcheckoktime_iso8601": "2023-04-07T17:18:35Z",
        "lastlocalchecktime": "2023-04-07 17:18:35",
        "lastlocalchecktime_iso8601": "2023-04-07T17:18:35Z",
        "clicktimestamp": "2023-04-08 13:03:49",
        "clicktimestamp_iso8601": "2023-04-08T13:03:49Z",
        "clickcount": 167,
        "clicktrend": 6,
        "ssl_error": 0,
        "geo_lat": null,
        "geo_long": null,
        "has_extended_info": false
    },
    {
        "changeuuid": "7a8e3ee5-b4c4-425c-863a-c2aa50c69c7c",
        "stationuuid": "7c94b362-ef91-436e-8372-256087a4a5ac",
        "serveruuid": "5b3a951a-6102-476e-aedf-714db4b76093",
        "name": "Victoria - Las Tunas",
        "url": "https://icecast.teveo.cu/F9tgnJVT",
        "url_resolved": "https://icecast.teveo.cu/F9tgnJVT",
        "homepage": "",
        "favicon": "",
        "tags": "classical",
        "country": "Cuba",
        "countrycode": "CU",
        "iso_3166_2": null,
        "state": "",
        "language": "",
        "languagecodes": "",
        "votes": 939,
        "lastchangetime": "2021-08-06 08:36:45",
        "lastchangetime_iso8601": "2021-08-06T08:36:45Z",
        "codec": "MP3",
        "bitrate": 64,
        "hls": 0,
        "lastcheckok": 1,
        "lastchecktime": "2023-04-07 23:39:29",
        "lastchecktime_iso8601": "2023-04-07T23:39:29Z",
        "lastcheckoktime": "2023-04-07 23:39:29",
        "lastcheckoktime_iso8601": "2023-04-07T23:39:29Z",
        "lastlocalchecktime": "2023-04-07 17:20:23",
        "lastlocalchecktime_iso8601": "2023-04-07T17:20:23Z",
        "clicktimestamp": "2023-04-08 09:41:00",
        "clicktimestamp_iso8601": "2023-04-08T09:41:00Z",
        "clickcount": 108,
        "clicktrend": 0,
        "ssl_error": 0,
        "geo_lat": null,
        "geo_long": null,
        "has_extended_info": false
    },
    {
        "changeuuid": "80b33f5c-6aa9-42ff-990a-eb4b024e1a46",
        "stationuuid": "6be48395-8b52-41e4-b740-8b0a4987386b",
        "serveruuid": "5b3a951a-6102-476e-aedf-714db4b76093",
        "name": "Radio Rebelde",
        "url": "https://icecast.teveo.cu/zrXXWK9F",
        "url_resolved": "https://icecast.teveo.cu/zrXXWK9F",
        "homepage": "https://www.radiorebelde.cu/",
        "favicon": "",
        "tags": "",
        "country": "Cuba",
        "countrycode": "CU",
        "iso_3166_2": null,
        "state": "",
        "language": "spanish",
        "languagecodes": "es",
        "votes": 730,
        "lastchangetime": "2022-06-01 00:15:31",
        "lastchangetime_iso8601": "2022-06-01T00:15:31Z",
        "codec": "MP3",
        "bitrate": 64,
        "hls": 0,
        "lastcheckok": 1,
        "lastchecktime": "2023-04-08 13:53:03",
        "lastchecktime_iso8601": "2023-04-08T13:53:03Z",
        "lastcheckoktime": "2023-04-08 13:53:03",
        "lastcheckoktime_iso8601": "2023-04-08T13:53:03Z",
        "lastlocalchecktime": "2023-04-08 13:53:03",
        "lastlocalchecktime_iso8601": "2023-04-08T13:53:03Z",
        "clicktimestamp": "2023-04-08 10:33:31",
        "clicktimestamp_iso8601": "2023-04-08T10:33:31Z",
        "clickcount": 157,
        "clicktrend": 0,
        "ssl_error": 0,
        "geo_lat": null,
        "geo_long": null,
        "has_extended_info": false
    },
    {
        "changeuuid": "e6f26a5d-b12a-4453-a3ae-42bd5398a653",
        "stationuuid": "afe7af16-6b30-474b-a173-7e309be2a748",
        "serveruuid": "5b3a951a-6102-476e-aedf-714db4b76093",
        "name": "Radio Reloj",
        "url": "https://icecast.teveo.cu/b3jbfThq",
        "url_resolved": "https://icecast.teveo.cu/b3jbfThq",
        "homepage": "",
        "favicon": "",
        "tags": "news",
        "country": "Cuba",
        "countrycode": "CU",
        "iso_3166_2": null,
        "state": "",
        "language": "",
        "languagecodes": "",
        "votes": 580,
        "lastchangetime": "2022-02-22 10:18:28",
        "lastchangetime_iso8601": "2022-02-22T10:18:28Z",
        "codec": "MP3",
        "bitrate": 0,
        "hls": 0,
        "lastcheckok": 1,
        "lastchecktime": "2023-04-08 02:22:00",
        "lastchecktime_iso8601": "2023-04-08T02:22:00Z",
        "lastcheckoktime": "2023-04-08 02:22:00",
        "lastcheckoktime_iso8601": "2023-04-08T02:22:00Z",
        "lastlocalchecktime": "2023-04-07 16:09:29",
        "lastlocalchecktime_iso8601": "2023-04-07T16:09:29Z",
        "clicktimestamp": "2023-04-08 13:18:08",
        "clicktimestamp_iso8601": "2023-04-08T13:18:08Z",
        "clickcount": 90,
        "clicktrend": 2,
        "ssl_error": 0,
        "geo_lat": null,
        "geo_long": null,
        "has_extended_info": false
    },
    {
        "changeuuid": "10a30ecc-90b1-44fa-9089-8ab64a3e3763",
        "stationuuid": "230b45ea-614a-4d46-9003-c1c554b2d730",
        "serveruuid": "5b3a951a-6102-476e-aedf-714db4b76093",
        "name": "Radio Caibarien",
        "url": "https://icecast.teveo.cu/srJ4vqkv",
        "url_resolved": "https://icecast.teveo.cu/srJ4vqkv",
        "homepage": "https://www.radiocaibarien.icrt.cu/",
        "favicon": "https://www.radiocaibarien.icrt.cu/favicon.ico",
        "tags": "",
        "country": "Cuba",
        "countrycode": "CU",
        "iso_3166_2": null,
        "state": "",
        "language": "spanish",
        "languagecodes": "es",
        "votes": 502,
        "lastchangetime": "2023-04-03 17:31:23",
        "lastchangetime_iso8601": "2023-04-03T17:31:23Z",
        "codec": "MP3",
        "bitrate": 64,
        "hls": 0,
        "lastcheckok": 1,
        "lastchecktime": "2023-04-08 10:45:53",
        "lastchecktime_iso8601": "2023-04-08T10:45:53Z",
        "lastcheckoktime": "2023-04-08 10:45:53",
        "lastcheckoktime_iso8601": "2023-04-08T10:45:53Z",
        "lastlocalchecktime": "2023-04-07 18:06:06",
        "lastlocalchecktime_iso8601": "2023-04-07T18:06:06Z",
        "clicktimestamp": "2023-04-08 13:38:23",
        "clicktimestamp_iso8601": "2023-04-08T13:38:23Z",
        "clickcount": 46,
        "clicktrend": 5,
        "ssl_error": 0,
        "geo_lat": null,
        "geo_long": null,
        "has_extended_info": false
    },
    {
        "changeuuid": "4a04b7ac-e7b7-49bf-94bd-6dfac8943b05",
        "stationuuid": "f225b305-7997-4e9c-82de-4fd3dff57d0e",
        "serveruuid": "be076e90-b97e-44a0-a7dd-f4fee0b38def",
        "name": "Cuba80s",
        "url": "https://stream2.305stream.com/proxy/cubashec?mp=/stream",
        "url_resolved": "https://stream2.305stream.com/proxy/cubashec?mp=/stream",
        "homepage": "https://www.cuba80s.com/",
        "favicon": "https://www.cuba80s.com/imgs/apple-touch-icon-120x120-precomposed.png",
        "tags": "",
        "country": "Cuba",
        "countrycode": "CU",
        "iso_3166_2": null,
        "state": "",
        "language": "",
        "languagecodes": "",
        "votes": 493,
        "lastchangetime": "2022-11-17 04:19:52",
        "lastchangetime_iso8601": "2022-11-17T04:19:52Z",
        "codec": "MP3",
        "bitrate": 128,
        "hls": 0,
        "lastcheckok": 1,
        "lastchecktime": "2023-04-08 12:46:49",
        "lastchecktime_iso8601": "2023-04-08T12:46:49Z",
        "lastcheckoktime": "2023-04-08 12:46:49",
        "lastcheckoktime_iso8601": "2023-04-08T12:46:49Z",
        "lastlocalchecktime": "2023-04-08 12:46:49",
        "lastlocalchecktime_iso8601": "2023-04-08T12:46:49Z",
        "clicktimestamp": "2023-04-08 10:12:13",
        "clicktimestamp_iso8601": "2023-04-08T10:12:13Z",
        "clickcount": 165,
        "clicktrend": -6,
        "ssl_error": 0,
        "geo_lat": null,
        "geo_long": null,
        "has_extended_info": false
    },
    {
        "changeuuid": "87bdf662-415d-4fc1-a563-aaa432c30209",
        "stationuuid": "bd958dc1-2c06-41e1-b737-6dc864375a62",
        "serveruuid": "75528bb2-08fb-4ad7-b10c-41aec2586cf4",
        "name": "Cuban Flow Radio",
        "url": "http://nap.casthost.net:9194/stream.mp3",
        "url_resolved": "http://nap.casthost.net:9194/stream.mp3",
        "homepage": "https://cubanflow.com/",
        "favicon": "https://play-lh.googleusercontent.com/VP7tk6nSYCYaGxxIIzoj7KICDvMhVnsNfTnSSOmGESvDjk6NfDlPJgcxI6jDH0CeoRM=w240-h480-rw",
        "tags": "latin music,latin pop,latinoam\u00e9rica,musica latina,pop latino,reggaeton",
        "country": "Cuba",
        "countrycode": "CU",
        "iso_3166_2": null,
        "state": "La Habana",
        "language": "spanish",
        "languagecodes": "es",
        "votes": 397,
        "lastchangetime": "2022-11-28 02:53:42",
        "lastchangetime_iso8601": "2022-11-28T02:53:42Z",
        "codec": "MP3",
        "bitrate": 128,
        "hls": 0,
        "lastcheckok": 1,
        "lastchecktime": "2023-04-08 12:29:40",
        "lastchecktime_iso8601": "2023-04-08T12:29:40Z",
        "lastcheckoktime": "2023-04-08 12:29:40",
        "lastcheckoktime_iso8601": "2023-04-08T12:29:40Z",
        "lastlocalchecktime": "2023-04-07 18:38:33",
        "lastlocalchecktime_iso8601": "2023-04-07T18:38:33Z",
        "clicktimestamp": "2023-04-08 13:13:43",
        "clicktimestamp_iso8601": "2023-04-08T13:13:43Z",
        "clickcount": 140,
        "clicktrend": -4,
        "ssl_error": 0,
        "geo_lat": null,
        "geo_long": null,
        "has_extended_info": false
    },
    {
        "changeuuid": "f7f915cf-0c28-4f08-ac9b-5b603546fbd2",
        "stationuuid": "419121be-e54d-455f-8b0b-b3fb212c4267",
        "serveruuid": "5b3a951a-6102-476e-aedf-714db4b76093",
        "name": "Radio Taino",
        "url": "https://icecast.teveo.cu/3MCwWg3V",
        "url_resolved": "https://icecast.teveo.cu/3MCwWg3V",
        "homepage": "",
        "favicon": "",
        "tags": "misc",
        "country": "Cuba",
        "countrycode": "CU",
        "iso_3166_2": null,
        "state": "",
        "language": "",
        "languagecodes": "",
        "votes": 373,
        "lastchangetime": "2022-02-22 10:22:39",
        "lastchangetime_iso8601": "2022-02-22T10:22:39Z",
        "codec": "MP3",
        "bitrate": 64,
        "hls": 0,
        "lastcheckok": 1,
        "lastchecktime": "2023-04-08 08:33:00",
        "lastchecktime_iso8601": "2023-04-08T08:33:00Z",
        "lastcheckoktime": "2023-04-08 08:33:00",
        "lastcheckoktime_iso8601": "2023-04-08T08:33:00Z",
        "lastlocalchecktime": "2023-04-07 19:40:51",
        "lastlocalchecktime_iso8601": "2023-04-07T19:40:51Z",
        "clicktimestamp": "2023-04-08 12:59:49",
        "clicktimestamp_iso8601": "2023-04-08T12:59:49Z",
        "clickcount": 35,
        "clicktrend": -6,
        "ssl_error": 0,
        "geo_lat": null,
        "geo_long": null,
        "has_extended_info": false
    },
    {
        "changeuuid": "b5368e45-6942-4b38-9357-f95c6d178877",
        "stationuuid": "450c27bc-deb8-43ad-b624-4924eed2db0f",
        "serveruuid": "5b3a951a-6102-476e-aedf-714db4b76093",
        "name": "Baragua - Palma Soriano",
        "url": "https://icecast.teveo.cu/3CMM7zph",
        "url_resolved": "https://icecast.teveo.cu/3CMM7zph",
        "homepage": "",
        "favicon": "",
        "tags": "classical",
        "country": "Cuba",
        "countrycode": "CU",
        "iso_3166_2": null,
        "state": "",
        "language": "",
        "languagecodes": "",
        "votes": 363,
        "lastchangetime": "2021-08-06 08:36:45",
        "lastchangetime_iso8601": "2021-08-06T08:36:45Z",
        "codec": "MP3",
        "bitrate": 64,
        "hls": 0,
        "lastcheckok": 1,
        "lastchecktime": "2023-04-08 09:28:12",
        "lastchecktime_iso8601": "2023-04-08T09:28:12Z",
        "lastcheckoktime": "2023-04-08 09:28:12",
        "lastcheckoktime_iso8601": "2023-04-08T09:28:12Z",
        "lastlocalchecktime": "2023-04-08 09:28:12",
        "lastlocalchecktime_iso8601": "2023-04-08T09:28:12Z",
        "clicktimestamp": "2023-04-08 14:05:51",
        "clicktimestamp_iso8601": "2023-04-08T14:05:51Z",
        "clickcount": 33,
        "clicktrend": 1,
        "ssl_error": 0,
        "geo_lat": null,
        "geo_long": null,
        "has_extended_info": false
    },
    {
        "changeuuid": "a2489d1b-4faa-4b2d-9a8c-baaae386e281",
        "stationuuid": "512eeab2-0fd7-4558-8e70-7130fb439d61",
        "serveruuid": "5b3a951a-6102-476e-aedf-714db4b76093",
        "name": "CMHW",
        "url": "https://icecast.teveo.cu/TsxMM94R",
        "url_resolved": "https://icecast.teveo.cu/TsxMM94R",
        "homepage": "https://www.cmhw.cu/",
        "favicon": "",
        "tags": "classical",
        "country": "Cuba",
        "countrycode": "CU",
        "iso_3166_2": null,
        "state": "",
        "language": "",
        "languagecodes": "",
        "votes": 347,
        "lastchangetime": "2022-10-12 18:55:04",
        "lastchangetime_iso8601": "2022-10-12T18:55:04Z",
        "codec": "MP3",
        "bitrate": 64,
        "hls": 0,
        "lastcheckok": 1,
        "lastchecktime": "2023-04-08 11:18:38",
        "lastchecktime_iso8601": "2023-04-08T11:18:38Z",
        "lastcheckoktime": "2023-04-08 11:18:38",
        "lastcheckoktime_iso8601": "2023-04-08T11:18:38Z",
        "lastlocalchecktime": "2023-04-08 11:18:38",
        "lastlocalchecktime_iso8601": "2023-04-08T11:18:38Z",
        "clicktimestamp": "2023-04-08 12:53:14",
        "clicktimestamp_iso8601": "2023-04-08T12:53:14Z",
        "clickcount": 208,
        "clicktrend": -8,
        "ssl_error": 0,
        "geo_lat": null,
        "geo_long": null,
        "has_extended_info": false
    },
    {
        "changeuuid": "c41e8125-4271-427f-8768-60209194477b",
        "stationuuid": "3afa9df9-c519-4f5d-8d6a-294a0afd52b9",
        "serveruuid": "5b3a951a-6102-476e-aedf-714db4b76093",
        "name": "Radio COCO",
        "url": "https://icecast.teveo.cu/fvc4RVRz",
        "url_resolved": "https://icecast.teveo.cu/fvc4RVRz",
        "homepage": "https://www.radiococo.icrt.cu/",
        "favicon": "",
        "tags": "",
        "country": "Cuba",
        "countrycode": "CU",
        "iso_3166_2": null,
        "state": "La Habana",
        "language": "spanish",
        "languagecodes": "es",
        "votes": 341,
        "lastchangetime": "2022-12-23 15:35:33",
        "lastchangetime_iso8601": "2022-12-23T15:35:33Z",
        "codec": "MP3",
        "bitrate": 0,
        "hls": 0,
        "lastcheckok": 1,
        "lastchecktime": "2023-04-07 21:17:20",
        "lastchecktime_iso8601": "2023-04-07T21:17:20Z",
        "lastcheckoktime": "2023-04-07 21:17:20",
        "lastcheckoktime_iso8601": "2023-04-07T21:17:20Z",
        "lastlocalchecktime": "2023-04-07 16:26:14",
        "lastlocalchecktime_iso8601": "2023-04-07T16:26:14Z",
        "clicktimestamp": "2023-04-08 05:20:24",
        "clicktimestamp_iso8601": "2023-04-08T05:20:24Z",
        "clickcount": 142,
        "clicktrend": -11,
        "ssl_error": 0,
        "geo_lat": null,
        "geo_long": null,
        "has_extended_info": false
    },
    {
        "changeuuid": "6eae0c7b-2d38-44e3-8989-8e25e83ee59e",
        "stationuuid": "963c3b35-0601-11e8-ae97-52543be04c81",
        "serveruuid": "2e00a0e2-73ca-41ed-87c4-461fdaa0f0e4",
        "name": "AFN 360 Guantanamo Bay",
        "url": "http://playerservices.streamtheworld.com/m3u/AFNE_GMO.m3u",
        "url_resolved": "http://25533.live.streamtheworld.com:3690/AFNE_GMO_SC",
        "homepage": "http://www.afneurope.net/AFN-360/",
        "favicon": "",
        "tags": "american forces network",
        "country": "Cuba",
        "countrycode": "CU",
        "iso_3166_2": null,
        "state": "Guantanamo Bay",
        "language": "english",
        "languagecodes": "en",
        "votes": 329,
        "lastchangetime": "2022-10-01 08:20:14",
        "lastchangetime_iso8601": "2022-10-01T08:20:14Z",
        "codec": "MP3",
        "bitrate": 96,
        "hls": 0,
        "lastcheckok": 1,
        "lastchecktime": "2023-04-08 04:38:35",
        "lastchecktime_iso8601": "2023-04-08T04:38:35Z",
        "lastcheckoktime": "2023-04-08 04:38:35",
        "lastcheckoktime_iso8601": "2023-04-08T04:38:35Z",
        "lastlocalchecktime": "2023-04-07 16:56:37",
        "lastlocalchecktime_iso8601": "2023-04-07T16:56:37Z",
        "clicktimestamp": "2023-04-08 12:48:43",
        "clicktimestamp_iso8601": "2023-04-08T12:48:43Z",
        "clickcount": 56,
        "clicktrend": 5,
        "ssl_error": 0,
        "geo_lat": null,
        "geo_long": null,
        "has_extended_info": false
    },
    {
        "changeuuid": "3232cecc-98b6-4872-810d-e71346d70237",
        "stationuuid": "583baca0-c9b5-4403-aac9-264566875449",
        "serveruuid": "5b3a951a-6102-476e-aedf-714db4b76093",
        "name": "Radio Ciudad del Mar",
        "url": "https://icecast.teveo.cu/CL7jRXqn",
        "url_resolved": "https://icecast.teveo.cu/CL7jRXqn",
        "homepage": "https://www.rcm.cu/",
        "favicon": "",
        "tags": "music",
        "country": "Cuba",
        "countrycode": "CU",
        "iso_3166_2": null,
        "state": "",
        "language": "spanish",
        "languagecodes": "es",
        "votes": 245,
        "lastchangetime": "2023-01-05 02:12:20",
        "lastchangetime_iso8601": "2023-01-05T02:12:20Z",
        "codec": "MP3",
        "bitrate": 64,
        "hls": 0,
        "lastcheckok": 1,
        "lastchecktime": "2023-04-08 12:26:52",
        "lastchecktime_iso8601": "2023-04-08T12:26:52Z",
        "lastcheckoktime": "2023-04-08 12:26:52",
        "lastcheckoktime_iso8601": "2023-04-08T12:26:52Z",
        "lastlocalchecktime": "2023-04-08 12:26:52",
        "lastlocalchecktime_iso8601": "2023-04-08T12:26:52Z",
        "clicktimestamp": "2023-04-08 11:44:51",
        "clicktimestamp_iso8601": "2023-04-08T11:44:51Z",
        "clickcount": 76,
        "clicktrend": 4,
        "ssl_error": 0,
        "geo_lat": null,
        "geo_long": null,
        "has_extended_info": false
    },
    {
        "changeuuid": "49246feb-805c-4353-a2fb-3c312f4d2aba",
        "stationuuid": "80b438a6-537d-468f-b365-1e376289247b",
        "serveruuid": "09c926c3-a365-4d97-9c9c-933aad22a7c6",
        "name": "Prensa Latina",
        "url": "https://cdn4.onstream.audio:9267/stream",
        "url_resolved": "https://cdn4.onstream.audio:9267/stream",
        "homepage": "https://radio.prensa-latina.cu/",
        "favicon": "",
        "tags": "classical",
        "country": "Cuba",
        "countrycode": "CU",
        "iso_3166_2": null,
        "state": "",
        "language": "",
        "languagecodes": "",
        "votes": 213,
        "lastchangetime": "2022-09-25 07:34:02",
        "lastchangetime_iso8601": "2022-09-25T07:34:02Z",
        "codec": "MP3",
        "bitrate": 128,
        "hls": 0,
        "lastcheckok": 1,
        "lastchecktime": "2023-04-08 08:10:38",
        "lastchecktime_iso8601": "2023-04-08T08:10:38Z",
        "lastcheckoktime": "2023-04-08 08:10:38",
        "lastcheckoktime_iso8601": "2023-04-08T08:10:38Z",
        "lastlocalchecktime": "2023-04-08 08:10:38",
        "lastlocalchecktime_iso8601": "2023-04-08T08:10:38Z",
        "clicktimestamp": "2023-04-08 10:52:58",
        "clicktimestamp_iso8601": "2023-04-08T10:52:58Z",
        "clickcount": 36,
        "clicktrend": 3,
        "ssl_error": 1,
        "geo_lat": null,
        "geo_long": null,
        "has_extended_info": false
    },
    {
        "changeuuid": "f22e4747-9e74-473a-b2f9-ef92e878373f",
        "stationuuid": "b85c9947-7b10-4656-a08a-f0579b4a1e40",
        "serveruuid": "75528bb2-08fb-4ad7-b10c-41aec2586cf4",
        "name": "CubanFlow Radio",
        "url": "http://nap.casthost.net:9194/",
        "url_resolved": "http://nap.casthost.net:9194/",
        "homepage": "https://cubanflow.com/",
        "favicon": "https://play-lh.googleusercontent.com/VP7tk6nSYCYaGxxIIzoj7KICDvMhVnsNfTnSSOmGESvDjk6NfDlPJgcxI6jDH0CeoRM=w240-h480-rw",
        "tags": "cuban music,latin pop,latinoam\u00e9rica,musica latina,reggaeton",
        "country": "Cuba",
        "countrycode": "CU",
        "iso_3166_2": null,
        "state": "Havana",
        "language": "spanish",
        "languagecodes": "es",
        "votes": 208,
        "lastchangetime": "2022-11-28 02:48:30",
        "lastchangetime_iso8601": "2022-11-28T02:48:30Z",
        "codec": "MP3",
        "bitrate": 128,
        "hls": 0,
        "lastcheckok": 1,
        "lastchecktime": "2023-04-08 11:45:59",
        "lastchecktime_iso8601": "2023-04-08T11:45:59Z",
        "lastcheckoktime": "2023-04-08 11:45:59",
        "lastcheckoktime_iso8601": "2023-04-08T11:45:59Z",
        "lastlocalchecktime": "2023-04-07 20:00:39",
        "lastlocalchecktime_iso8601": "2023-04-07T20:00:39Z",
        "clicktimestamp": "2023-04-08 14:14:22",
        "clicktimestamp_iso8601": "2023-04-08T14:14:22Z",
        "clickcount": 65,
        "clicktrend": 2,
        "ssl_error": 0,
        "geo_lat": null,
        "geo_long": null,
        "has_extended_info": false
    },
    {
        "changeuuid": "d7f44158-2ab4-4f93-8f6b-19eb9b20fc9e",
        "stationuuid": "9f8f7037-44ff-447c-a854-d62702cd21e5",
        "serveruuid": "5b3a951a-6102-476e-aedf-714db4b76093",
        "name": "CMKO Radio Angulo",
        "url": "https://icecast.teveo.cu/hmVcdgM7",
        "url_resolved": "https://icecast.teveo.cu/hmVcdgM7",
        "homepage": "https://www.radioangulo.cu/",
        "favicon": "https://www.radioangulo.cu/wp-content/uploads/2022/11/cropped-favicon-1-180x180.png",
        "tags": "",
        "country": "Cuba",
        "countrycode": "CU",
        "iso_3166_2": null,
        "state": "Holgu\u00edn",
        "language": "spanish",
        "languagecodes": "es",
        "votes": 195,
        "lastchangetime": "2023-01-31 18:01:42",
        "lastchangetime_iso8601": "2023-01-31T18:01:42Z",
        "codec": "MP3",
        "bitrate": 64,
        "hls": 0,
        "lastcheckok": 1,
        "lastchecktime": "2023-04-07 19:29:06",
        "lastchecktime_iso8601": "2023-04-07T19:29:06Z",
        "lastcheckoktime": "2023-04-07 19:29:06",
        "lastcheckoktime_iso8601": "2023-04-07T19:29:06Z",
        "lastlocalchecktime": "2023-04-07 19:29:06",
        "lastlocalchecktime_iso8601": "2023-04-07T19:29:06Z",
        "clicktimestamp": "2023-04-08 10:44:34",
        "clicktimestamp_iso8601": "2023-04-08T10:44:34Z",
        "clickcount": 75,
        "clicktrend": 0,
        "ssl_error": 0,
        "geo_lat": 20.886130610220725,
        "geo_long": -76.26087852650045,
        "has_extended_info": false
    },
    {
        "changeuuid": "cc1db11e-0829-4af9-bffc-9841c1b5d082",
        "stationuuid": "46813813-cdb1-4181-88cb-9efc3987d82b",
        "serveruuid": null,
        "name": "Exa FM",
        "url": "https://playerservices.streamtheworld.com/api/livestream-redirect/XHPSFMAAC.aac",
        "url_resolved": "https://26523.live.streamtheworld.com:443/XHPSFMAAC.aac",
        "homepage": "https://www.exafm.com/veracruz/",
        "favicon": "https://i.iheart.com/v3/re/new_assets/5f9883c7cde5eff19e6eabac",
        "tags": "93.3 fm,entretenimiento,espa\u00f1ol,estaci\u00f3n,exa,exa fm,fm,juvenil,la estaci\u00f3n exacta,la estaci\u00f3n naranja,moi merino,mvs,mvs noticias,mvs radio,m\u00fasica en espa\u00f1ol e ingl\u00e9s,m\u00fasica pop,ponte exa,pop,pop en espa\u00f1ol e ingl\u00e9s,pop music,pop rock,radio",
        "country": "Cuba",
        "countrycode": "CU",
        "iso_3166_2": null,
        "state": "",
        "language": "spanish",
        "languagecodes": "es",
        "votes": 168,
        "lastchangetime": "2022-12-12 05:54:16",
        "lastchangetime_iso8601": "2022-12-12T05:54:16Z",
        "codec": "AAC+",
        "bitrate": 48,
        "hls": 0,
        "lastcheckok": 1,
        "lastchecktime": "2023-04-07 16:49:51",
        "lastchecktime_iso8601": "2023-04-07T16:49:51Z",
        "lastcheckoktime": "2023-04-07 16:41:14",
        "lastcheckoktime_iso8601": "2023-04-07T16:41:14Z",
        "lastlocalchecktime": "2023-04-07 16:41:14",
        "lastlocalchecktime_iso8601": "2023-04-07T16:41:14Z",
        "clicktimestamp": "2023-04-08 06:56:40",
        "clicktimestamp_iso8601": "2023-04-08T06:56:40Z",
        "clickcount": 49,
        "clicktrend": 0,
        "ssl_error": 0,
        "geo_lat": null,
        "geo_long": null,
        "has_extended_info": false
    },
    {
        "changeuuid": "12c52872-60e7-4722-a4db-dcdc8703cb67",
        "stationuuid": "3bf6c245-d4c4-44e2-be4c-783598bd278a",
        "serveruuid": "5b3a951a-6102-476e-aedf-714db4b76093",
        "name": "Radio Cadena Agramonte",
        "url": "https://icecast.teveo.cu/j99xztkT",
        "url_resolved": "https://icecast.teveo.cu/j99xztkT",
        "homepage": "https://www.cadenagramonte.cu/",
        "favicon": "https://www.cadenagramonte.cu/images/favicon.gif",
        "tags": "",
        "country": "Cuba",
        "countrycode": "CU",
        "iso_3166_2": null,
        "state": "",
        "language": "spanish",
        "languagecodes": "es",
        "votes": 147,
        "lastchangetime": "2023-03-20 02:12:14",
        "lastchangetime_iso8601": "2023-03-20T02:12:14Z",
        "codec": "MP3",
        "bitrate": 64,
        "hls": 0,
        "lastcheckok": 1,
        "lastchecktime": "2023-04-07 22:53:40",
        "lastchecktime_iso8601": "2023-04-07T22:53:40Z",
        "lastcheckoktime": "2023-04-07 22:53:40",
        "lastcheckoktime_iso8601": "2023-04-07T22:53:40Z",
        "lastlocalchecktime": "2023-04-07 21:01:19",
        "lastlocalchecktime_iso8601": "2023-04-07T21:01:19Z",
        "clicktimestamp": "2023-04-08 12:59:57",
        "clicktimestamp_iso8601": "2023-04-08T12:59:57Z",
        "clickcount": 126,
        "clicktrend": 5,
        "ssl_error": 0,
        "geo_lat": null,
        "geo_long": null,
        "has_extended_info": false
    },
    {
        "changeuuid": "b03f8e9c-79ef-41d7-a16b-ff28ae3ee14a",
        "stationuuid": "d9ae4e9c-1a0b-42c5-9d46-6c337545c248",
        "serveruuid": "5b3a951a-6102-476e-aedf-714db4b76093",
        "name": "Radio Granma",
        "url": "https://icecast.teveo.cu/9RLhkmRH",
        "url_resolved": "https://icecast.teveo.cu/9RLhkmRH",
        "homepage": "https://www.radiogranma.icrt.cu/",
        "favicon": "",
        "tags": "",
        "country": "Cuba",
        "countrycode": "CU",
        "iso_3166_2": null,
        "state": "Manzanillo",
        "language": "spanish",
        "languagecodes": "es",
        "votes": 128,
        "lastchangetime": "2022-12-23 15:35:33",
        "lastchangetime_iso8601": "2022-12-23T15:35:33Z",
        "codec": "MP3",
        "bitrate": 64,
        "hls": 0,
        "lastcheckok": 1,
        "lastchecktime": "2023-04-08 14:25:59",
        "lastchecktime_iso8601": "2023-04-08T14:25:59Z",
        "lastcheckoktime": "2023-04-08 14:25:59",
        "lastcheckoktime_iso8601": "2023-04-08T14:25:59Z",
        "lastlocalchecktime": "2023-04-08 14:25:59",
        "lastlocalchecktime_iso8601": "2023-04-08T14:25:59Z",
        "clicktimestamp": "2023-04-08 06:54:43",
        "clicktimestamp_iso8601": "2023-04-08T06:54:43Z",
        "clickcount": 45,
        "clicktrend": 0,
        "ssl_error": 0,
        "geo_lat": null,
        "geo_long": null,
        "has_extended_info": false
    },
    {
        "changeuuid": "845ae583-8356-457e-83b5-f484966e8a33",
        "stationuuid": "4b0e17ba-7356-40d0-98a8-c8580ad4d1d5",
        "serveruuid": "5b3a951a-6102-476e-aedf-714db4b76093",
        "name": "Radio Metropolitana",
        "url": "https://icecast.teveo.cu/ktW3mW74",
        "url_resolved": "https://icecast.teveo.cu/ktW3mW74",
        "homepage": "https://www.radiometropolitana.icrt.cu/",
        "favicon": "",
        "tags": "",
        "country": "Cuba",
        "countrycode": "CU",
        "iso_3166_2": null,
        "state": "",
        "language": "spanish",
        "languagecodes": "es",
        "votes": 105,
        "lastchangetime": "2022-12-23 15:29:43",
        "lastchangetime_iso8601": "2022-12-23T15:29:43Z",
        "codec": "MP3",
        "bitrate": 0,
        "hls": 0,
        "lastcheckok": 1,
        "lastchecktime": "2023-04-07 23:54:42",
        "lastchecktime_iso8601": "2023-04-07T23:54:42Z",
        "lastcheckoktime": "2023-04-07 23:54:42",
        "lastcheckoktime_iso8601": "2023-04-07T23:54:42Z",
        "lastlocalchecktime": "2023-04-07 16:26:14",
        "lastlocalchecktime_iso8601": "2023-04-07T16:26:14Z",
        "clicktimestamp": "2023-04-08 07:01:28",
        "clicktimestamp_iso8601": "2023-04-08T07:01:28Z",
        "clickcount": 40,
        "clicktrend": -1,
        "ssl_error": 0,
        "geo_lat": null,
        "geo_long": null,
        "has_extended_info": false
    },
    {
        "changeuuid": "20d44030-6c74-4afd-aed5-53d8f5971689",
        "stationuuid": "bdaf0d48-b78b-4e92-9cc5-90eb569310be",
        "serveruuid": "5b3a951a-6102-476e-aedf-714db4b76093",
        "name": "Radio Sancti Spiritus",
        "url": "https://icecast.teveo.cu/NqWrgw7j",
        "url_resolved": "https://icecast.teveo.cu/NqWrgw7j",
        "homepage": "https://www.radiosanctispiritus.cu/es",
        "favicon": "https://www.radiosanctispiritus.cu/es/wp-content/themes/radiossp/resources/img/favicons/mstile-70x70.png",
        "tags": "",
        "country": "Cuba",
        "countrycode": "CU",
        "iso_3166_2": null,
        "state": "",
        "language": "spanish",
        "languagecodes": "es",
        "votes": 105,
        "lastchangetime": "2023-03-19 17:38:06",
        "lastchangetime_iso8601": "2023-03-19T17:38:06Z",
        "codec": "MP3",
        "bitrate": 64,
        "hls": 0,
        "lastcheckok": 1,
        "lastchecktime": "2023-04-08 08:12:55",
        "lastchecktime_iso8601": "2023-04-08T08:12:55Z",
        "lastcheckoktime": "2023-04-08 08:12:55",
        "lastcheckoktime_iso8601": "2023-04-08T08:12:55Z",
        "lastlocalchecktime": "2023-04-08 08:12:55",
        "lastlocalchecktime_iso8601": "2023-04-08T08:12:55Z",
        "clicktimestamp": "2023-04-08 14:17:44",
        "clicktimestamp_iso8601": "2023-04-08T14:17:44Z",
        "clickcount": 100,
        "clicktrend": 1,
        "ssl_error": 0,
        "geo_lat": null,
        "geo_long": null,
        "has_extended_info": false
    },
    {
        "changeuuid": "b589b574-2918-402b-9ee9-ca0179334f73",
        "stationuuid": "ffe8ff12-329a-4824-b83b-e7fa7e7abcc5",
        "serveruuid": "5b3a951a-6102-476e-aedf-714db4b76093",
        "name": "Radio Est\u00e9reo Centro",
        "url": "https://icecast.teveo.cu/mHFR9zFb",
        "url_resolved": "https://icecast.teveo.cu/mHFR9zFb",
        "homepage": "https://estereocentro.blogspot.com/",
        "favicon": "",
        "tags": "",
        "country": "Cuba",
        "countrycode": "CU",
        "iso_3166_2": null,
        "state": "",
        "language": "spanish",
        "languagecodes": "es",
        "votes": 86,
        "lastchangetime": "2022-12-23 15:13:31",
        "lastchangetime_iso8601": "2022-12-23T15:13:31Z",
        "codec": "MP3",
        "bitrate": 64,
        "hls": 0,
        "lastcheckok": 1,
        "lastchecktime": "2023-04-07 22:38:28",
        "lastchecktime_iso8601": "2023-04-07T22:38:28Z",
        "lastcheckoktime": "2023-04-07 22:38:28",
        "lastcheckoktime_iso8601": "2023-04-07T22:38:28Z",
        "lastlocalchecktime": "2023-04-07 17:50:22",
        "lastlocalchecktime_iso8601": "2023-04-07T17:50:22Z",
        "clicktimestamp": "2023-04-08 10:44:11",
        "clicktimestamp_iso8601": "2023-04-08T10:44:11Z",
        "clickcount": 45,
        "clicktrend": 4,
        "ssl_error": 0,
        "geo_lat": null,
        "geo_long": null,
        "has_extended_info": false
    },
    {
        "changeuuid": "6638104f-4f55-4b44-855e-a7808a393e30",
        "stationuuid": "52b2ce8d-2206-400b-bd18-8d40da764312",
        "serveruuid": "5b3a951a-6102-476e-aedf-714db4b76093",
        "name": "Radio Cadena Habana",
        "url": "https://icecast.teveo.cu/Jdq3Rbrg",
        "url_resolved": "https://icecast.teveo.cu/Jdq3Rbrg",
        "homepage": "https://www.cadenahabana.icrt.cu/audio-real/",
        "favicon": "https://www.cadenahabana.icrt.cu/favicon.ico",
        "tags": "music",
        "country": "Cuba",
        "countrycode": "CU",
        "iso_3166_2": null,
        "state": "",
        "language": "spanish",
        "languagecodes": "es",
        "votes": 81,
        "lastchangetime": "2023-03-20 04:16:17",
        "lastchangetime_iso8601": "2023-03-20T04:16:17Z",
        "codec": "MP3",
        "bitrate": 64,
        "hls": 0,
        "lastcheckok": 1,
        "lastchecktime": "2023-04-08 09:31:07",
        "lastchecktime_iso8601": "2023-04-08T09:31:07Z",
        "lastcheckoktime": "2023-04-08 09:31:07",
        "lastcheckoktime_iso8601": "2023-04-08T09:31:07Z",
        "lastlocalchecktime": "2023-04-08 09:31:07",
        "lastlocalchecktime_iso8601": "2023-04-08T09:31:07Z",
        "clicktimestamp": "2023-04-08 12:53:25",
        "clicktimestamp_iso8601": "2023-04-08T12:53:25Z",
        "clickcount": 52,
        "clicktrend": 4,
        "ssl_error": 0,
        "geo_lat": null,
        "geo_long": null,
        "has_extended_info": false
    },
    {
        "changeuuid": "7980f015-64bb-406c-a5a6-94c38132a68e",
        "stationuuid": "6e61659b-7e26-4417-af18-55845fff5ec0",
        "serveruuid": "5b3a951a-6102-476e-aedf-714db4b76093",
        "name": "Radio 26",
        "url": "https://icecast.teveo.cu/LsxKNz7b",
        "url_resolved": "https://icecast.teveo.cu/LsxKNz7b",
        "homepage": "http://radio26.cu/",
        "favicon": "",
        "tags": "",
        "country": "Cuba",
        "countrycode": "CU",
        "iso_3166_2": null,
        "state": "",
        "language": "spanish",
        "languagecodes": "es",
        "votes": 81,
        "lastchangetime": "2022-12-23 15:02:43",
        "lastchangetime_iso8601": "2022-12-23T15:02:43Z",
        "codec": "MP3",
        "bitrate": 64,
        "hls": 0,
        "lastcheckok": 1,
        "lastchecktime": "2023-04-07 21:07:13",
        "lastchecktime_iso8601": "2023-04-07T21:07:13Z",
        "lastcheckoktime": "2023-04-07 21:07:13",
        "lastcheckoktime_iso8601": "2023-04-07T21:07:13Z",
        "lastlocalchecktime": "2023-04-07 16:23:08",
        "lastlocalchecktime_iso8601": "2023-04-07T16:23:08Z",
        "clicktimestamp": "2023-04-08 10:44:35",
        "clicktimestamp_iso8601": "2023-04-08T10:44:35Z",
        "clickcount": 87,
        "clicktrend": -2,
        "ssl_error": 0,
        "geo_lat": null,
        "geo_long": null,
        "has_extended_info": false
    },
    {
        "changeuuid": "d7b8cd71-f5d5-4b39-8aa4-33044d141e98",
        "stationuuid": "1415423c-ca63-4e47-9e73-5342abf2e9e1",
        "serveruuid": "5b3a951a-6102-476e-aedf-714db4b76093",
        "name": "Radio Libertad",
        "url": "https://icecast.teveo.cu/kcLKb4qv",
        "url_resolved": "https://icecast.teveo.cu/kcLKb4qv",
        "homepage": "https://www.radiolibertad.cu/",
        "favicon": "",
        "tags": "",
        "country": "Cuba",
        "countrycode": "CU",
        "iso_3166_2": null,
        "state": "Puerto Padre",
        "language": "spanish",
        "languagecodes": "es",
        "votes": 61,
        "lastchangetime": "2022-12-23 15:18:35",
        "lastchangetime_iso8601": "2022-12-23T15:18:35Z",
        "codec": "MP3",
        "bitrate": 64,
        "hls": 0,
        "lastcheckok": 1,
        "lastchecktime": "2023-04-07 20:55:08",
        "lastchecktime_iso8601": "2023-04-07T20:55:08Z",
        "lastcheckoktime": "2023-04-07 20:55:08",
        "lastcheckoktime_iso8601": "2023-04-07T20:55:08Z",
        "lastlocalchecktime": "2023-04-07 18:48:19",
        "lastlocalchecktime_iso8601": "2023-04-07T18:48:19Z",
        "clicktimestamp": "2023-04-08 14:14:37",
        "clicktimestamp_iso8601": "2023-04-08T14:14:37Z",
        "clickcount": 36,
        "clicktrend": -2,
        "ssl_error": 0,
        "geo_lat": null,
        "geo_long": null,
        "has_extended_info": false
    },
    {
        "changeuuid": "cb6a28a4-7664-4d4f-b919-46fb74749836",
        "stationuuid": "09dfefaa-e6c6-4b67-9a08-62c7205f1ee6",
        "serveruuid": "5b3a951a-6102-476e-aedf-714db4b76093",
        "name": "Radio Banes",
        "url": "https://icecast.teveo.cu/9cMzdkK7",
        "url_resolved": "https://icecast.teveo.cu/9cMzdkK7",
        "homepage": "https://www.radiobanes.icrt.cu/",
        "favicon": "https://www.radiobanes.icrt.cu/favicon.ico",
        "tags": "",
        "country": "Cuba",
        "countrycode": "CU",
        "iso_3166_2": null,
        "state": "",
        "language": "spanish",
        "languagecodes": "es",
        "votes": 52,
        "lastchangetime": "2023-03-26 01:39:55",
        "lastchangetime_iso8601": "2023-03-26T01:39:55Z",
        "codec": "MP3",
        "bitrate": 64,
        "hls": 0,
        "lastcheckok": 1,
        "lastchecktime": "2023-04-07 22:18:01",
        "lastchecktime_iso8601": "2023-04-07T22:18:01Z",
        "lastcheckoktime": "2023-04-07 22:18:01",
        "lastcheckoktime_iso8601": "2023-04-07T22:18:01Z",
        "lastlocalchecktime": "2023-04-07 18:52:49",
        "lastlocalchecktime_iso8601": "2023-04-07T18:52:49Z",
        "clicktimestamp": "2023-04-08 04:08:58",
        "clicktimestamp_iso8601": "2023-04-08T04:08:58Z",
        "clickcount": 32,
        "clicktrend": -1,
        "ssl_error": 0,
        "geo_lat": null,
        "geo_long": null,
        "has_extended_info": false
    },
    {
        "changeuuid": "174ecf93-8b6c-428e-8f3e-07e5d21bce4a",
        "stationuuid": "f8187a52-ad5c-448f-a1cc-d8d8d372cd7a",
        "serveruuid": "5b3a951a-6102-476e-aedf-714db4b76093",
        "name": "Radio Surco",
        "url": "https://icecast.teveo.cu/F9tgnJVT",
        "url_resolved": "https://icecast.teveo.cu/F9tgnJVT",
        "homepage": "https://www.radiosurco.icrt.cu/",
        "favicon": "https://www.radiosurco.icrt.cu/favicon.ico",
        "tags": "",
        "country": "Cuba",
        "countrycode": "CU",
        "iso_3166_2": null,
        "state": "",
        "language": "spanish",
        "languagecodes": "es",
        "votes": 47,
        "lastchangetime": "2022-12-23 14:58:44",
        "lastchangetime_iso8601": "2022-12-23T14:58:44Z",
        "codec": "MP3",
        "bitrate": 64,
        "hls": 0,
        "lastcheckok": 1,
        "lastchecktime": "2023-04-07 21:01:33",
        "lastchecktime_iso8601": "2023-04-07T21:01:33Z",
        "lastcheckoktime": "2023-04-07 21:01:33",
        "lastcheckoktime_iso8601": "2023-04-07T21:01:33Z",
        "lastlocalchecktime": "2023-04-07 18:30:53",
        "lastlocalchecktime_iso8601": "2023-04-07T18:30:53Z",
        "clicktimestamp": "2023-04-08 12:59:40",
        "clicktimestamp_iso8601": "2023-04-08T12:59:40Z",
        "clickcount": 56,
        "clicktrend": -3,
        "ssl_error": 0,
        "geo_lat": null,
        "geo_long": null,
        "has_extended_info": false
    },
    {
        "changeuuid": "e29d8c82-a953-4dd7-96a0-7772de948cc9",
        "stationuuid": "9d567b46-ea18-4b71-8f38-b01492582c1e",
        "serveruuid": "5b3a951a-6102-476e-aedf-714db4b76093",
        "name": "Radio Coral",
        "url": "https://icecast.teveo.cu/svzd4KHw",
        "url_resolved": "https://icecast.teveo.cu/svzd4KHw",
        "homepage": "http://www.radiocoral.icrt.cu/",
        "favicon": "",
        "tags": "",
        "country": "Cuba",
        "countrycode": "CU",
        "iso_3166_2": null,
        "state": "Guam\u00e1",
        "language": "spanish",
        "languagecodes": "es",
        "votes": 30,
        "lastchangetime": "2022-12-23 15:13:31",
        "lastchangetime_iso8601": "2022-12-23T15:13:31Z",
        "codec": "MP3",
        "bitrate": 64,
        "hls": 0,
        "lastcheckok": 1,
        "lastchecktime": "2023-04-07 21:01:33",
        "lastchecktime_iso8601": "2023-04-07T21:01:33Z",
        "lastcheckoktime": "2023-04-07 21:01:33",
        "lastcheckoktime_iso8601": "2023-04-07T21:01:33Z",
        "lastlocalchecktime": "2023-04-07 17:26:20",
        "lastlocalchecktime_iso8601": "2023-04-07T17:26:20Z",
        "clicktimestamp": "2023-04-08 04:09:31",
        "clicktimestamp_iso8601": "2023-04-08T04:09:31Z",
        "clickcount": 25,
        "clicktrend": -5,
        "ssl_error": 0,
        "geo_lat": null,
        "geo_long": null,
        "has_extended_info": false
    },
    {
        "changeuuid": "348af880-c811-46f6-8207-1db7dcb744b0",
        "stationuuid": "6a4e16db-a938-4288-afc5-d5779e4ae035",
        "serveruuid": "09c926c3-a365-4d97-9c9c-933aad22a7c6",
        "name": "Prensa Latina - Agencia Informativa Latinoamericana",
        "url": "https://cdn4.onstream.audio:9267/stream?download=false",
        "url_resolved": "https://cdn4.onstream.audio:9267/stream?download=false",
        "homepage": "https://www.prensa-latina.cu/",
        "favicon": "https://www.prensa-latina.cu/wp-content/uploads/2021/10/cropped-2._Isotipo_Color-Institucional-150x100.png",
        "tags": "agencia informativa latinoamericana,che guevara,cuba,eduardo galeano,gabriel garcia marquez,julio cortazar,latinoamerica,prensa latina,rodolfo walsh",
        "country": "Cuba",
        "countrycode": "CU",
        "iso_3166_2": null,
        "state": "La Habana",
        "language": "espa\u00f1ol internacional,latinoamerica",
        "languagecodes": "",
        "votes": 21,
        "lastchangetime": "2023-06-24 11:54:23",
        "lastchangetime_iso8601": "2023-06-24T11:54:23Z",
        "codec": "MP3",
        "bitrate": 128,
        "hls": 0,
        "lastcheckok": 1,
        "lastchecktime": "2023-07-09 12:18:37",
        "lastchecktime_iso8601": "2023-07-09T12:18:37Z",
        "lastcheckoktime": "2023-07-09 12:18:37",
        "lastcheckoktime_iso8601": "2023-07-09T12:18:37Z",
        "lastlocalchecktime": "2023-07-09 04:38:39",
        "lastlocalchecktime_iso8601": "2023-07-09T04:38:39Z",
        "clicktimestamp": "2023-07-09 07:10:43",
        "clicktimestamp_iso8601": "2023-07-09T07:10:43Z",
        "clickcount": 38,
        "clicktrend": 0,
        "ssl_error": 0,
        "geo_lat": null,
        "geo_long": null,
        "has_extended_info": false
    },
    {
        "changeuuid": "9de69c03-2618-4537-982e-fcd6e17446a1",
        "stationuuid": "44592d30-5b48-427f-95a0-a38915427271",
        "serveruuid": "3fe29993-a3dc-4e24-b5d5-880de5ef2170",
        "name": "Habana Radio 106.9  \"La Voz del Patrimonio Cubana\"",
        "url": "http://media.ohc.cu/habanaradio",
        "url_resolved": "https://media.ohc.cu/habanaradio",
        "homepage": "http://www.habanaradio.cu/",
        "favicon": "",
        "tags": "m\u00fasica y noticias",
        "country": "Cuba",
        "countrycode": "CU",
        "iso_3166_2": null,
        "state": "La Habana",
        "language": "spanish",
        "languagecodes": "es",
        "votes": 105,
        "lastchangetime": "2023-08-08 10:15:26",
        "lastchangetime_iso8601": "2023-08-08T10:15:26Z",
        "codec": "MP3",
        "bitrate": 128,
        "hls": 0,
        "lastcheckok": 1,
        "lastchecktime": "2023-09-03 02:02:44",
        "lastchecktime_iso8601": "2023-09-03T02:02:44Z",
        "lastcheckoktime": "2023-09-03 02:02:44",
        "lastcheckoktime_iso8601": "2023-09-03T02:02:44Z",
        "lastlocalchecktime": "2023-09-03 00:26:27",
        "lastlocalchecktime_iso8601": "2023-09-03T00:26:27Z",
        "clicktimestamp": "2023-09-03 14:12:11",
        "clicktimestamp_iso8601": "2023-09-03T14:12:11Z",
        "clickcount": 79,
        "clicktrend": 1,
        "ssl_error": 0,
        "geo_lat": 23.1376705856181,
        "geo_long": -82.34853208065034,
        "has_extended_info": false
    },
    {
        "changeuuid": "5ca52a85-f814-4271-8532-3ac9f65ee2e7",
        "stationuuid": "dec06d11-752a-4a65-931c-eb77771769a5",
        "serveruuid": "5b3a951a-6102-476e-aedf-714db4b76093",
        "name": "Radio Enciclopedia",
        "url": "https://icecast.teveo.cu/9Rnrbjzq",
        "url_resolved": "https://icecast.teveo.cu/9Rnrbjzq",
        "homepage": "https://www.radioenciclopedia.cu/",
        "favicon": "https://www.radioenciclopedia.cu/favicon.ico",
        "tags": "cultural,instrumental,news",
        "country": "Cuba",
        "countrycode": "CU",
        "iso_3166_2": null,
        "state": "",
        "language": "spanish",
        "languagecodes": "es",
        "votes": 25,
        "lastchangetime": "2023-08-25 16:41:21",
        "lastchangetime_iso8601": "2023-08-25T16:41:21Z",
        "codec": "MP3",
        "bitrate": 0,
        "hls": 0,
        "lastcheckok": 1,
        "lastchecktime": "2023-09-03 05:26:10",
        "lastchecktime_iso8601": "2023-09-03T05:26:10Z",
        "lastcheckoktime": "2023-09-03 05:26:10",
        "lastcheckoktime_iso8601": "2023-09-03T05:26:10Z",
        "lastlocalchecktime": "2023-09-03 05:26:10",
        "lastlocalchecktime_iso8601": "2023-09-03T05:26:10Z",
        "clicktimestamp": "2023-09-03 10:28:00",
        "clicktimestamp_iso8601": "2023-09-03T10:28:00Z",
        "clickcount": 65,
        "clicktrend": 9,
        "ssl_error": 0,
        "geo_lat": null,
        "geo_long": null,
        "has_extended_info": false
    }
]