[
    {
        "changeuuid": "c428f98b-c214-4d4c-b009-54a7122658d6",
        "stationuuid": "8591431d-4f6a-11e9-a4d7-52543be04c81",
        "serveruuid": "ff3607a9-617f-45ef-9bae-c68d66b857cc",
        "name": "RCM Paul",
        "url": "http://109.71.41.6:8178/;stream.mp3",
        "url_resolved": "http://109.71.41.6:8178/;stream.mp3",
        "homepage": "http://meupaul.com/",
        "favicon": "",
        "tags": "",
        "country": "Cabo Verde",
        "countrycode": "CV",
        "iso_3166_2": null,
        "state": "",
        "language": "",
        "languagecodes": "",
        "votes": 732,
        "lastchangetime": "2022-03-22 17:01:32",
        "lastchangetime_iso8601": "2022-03-22T17:01:32Z",
        "codec": "MP3",
        "bitrate": 96,
        "hls": 0,
        "lastcheckok": 1,
        "lastchecktime": "2023-04-08 03:02:35",
        "lastchecktime_iso8601": "2023-04-08T03:02:35Z",
        "lastcheckoktime": "2023-04-08 03:02:35",
        "lastcheckoktime_iso8601": "2023-04-08T03:02:35Z",
        "lastlocalchecktime": "2023-04-07 19:00:38",
        "lastlocalchecktime_iso8601": "2023-04-07T19:00:38Z",
        "clicktimestamp": "2023-04-08 14:06:46",
        "clicktimestamp_iso8601": "2023-04-08T14:06:46Z",
        "clickcount": 41,
        "clicktrend": 2,
        "ssl_error": 0,
        "geo_lat": null,
        "geo_long": null,
        "has_extended_info": false
    },
    {
        "changeuuid": "23ea6a94-6105-47c5-b01d-0c5e54e2b175",
        "stationuuid": "c0b2d7af-4793-4a35-871d-5fcea026621b",
        "serveruuid": "3f479607-c29a-454c-8022-25d7a6cd3a3d",
        "name": "Crioula FM",
        "url": "https://nl.digitalrm.pt:8098/stream",
        "url_resolved": "https://nl.digitalrm.pt:8098/stream",
        "homepage": "http://crioulafm.cv/",
        "favicon": "",
        "tags": "",
        "country": "Cabo Verde",
        "countrycode": "CV",
        "iso_3166_2": null,
        "state": "",
        "language": "",
        "languagecodes": "",
        "votes": 179,
        "lastchangetime": "2023-03-16 06:25:25",
        "lastchangetime_iso8601": "2023-03-16T06:25:25Z",
        "codec": "MP3",
        "bitrate": 128,
        "hls": 0,
        "lastcheckok": 1,
        "lastchecktime": "2023-04-08 12:33:15",
        "lastchecktime_iso8601": "2023-04-08T12:33:15Z",
        "lastcheckoktime": "2023-04-08 12:33:15",
        "lastcheckoktime_iso8601": "2023-04-08T12:33:15Z",
        "lastlocalchecktime": "2023-04-08 12:33:15",
        "lastlocalchecktime_iso8601": "2023-04-08T12:33:15Z",
        "clicktimestamp": "2023-04-08 14:07:04",
        "clicktimestamp_iso8601": "2023-04-08T14:07:04Z",
        "clickcount": 43,
        "clicktrend": 3,
        "ssl_error": 0,
        "geo_lat": null,
        "geo_long": null,
        "has_extended_info": false
    },
    {
        "changeuuid": "6bb60c55-a08c-4158-a6af-13a4162c4b93",
        "stationuuid": "83144f00-2e72-43a8-853e-a3a2f5643413",
        "serveruuid": "a2cfe0a0-7245-4758-9154-e964d36dbeb8",
        "name": "Caboradio",
        "url": "https://listen.radioking.com/radio/281506/stream/327253",
        "url_resolved": "https://listen.radioking.com/radio/281506/stream/327253",
        "homepage": "https://caboradio.wixsite.com/caboradio",
        "favicon": "https://www.wix.com/favicon.ico",
        "tags": "",
        "country": "Cabo Verde",
        "countrycode": "CV",
        "iso_3166_2": null,
        "state": "",
        "language": "",
        "languagecodes": "",
        "votes": 173,
        "lastchangetime": "2023-01-03 11:59:41",
        "lastchangetime_iso8601": "2023-01-03T11:59:41Z",
        "codec": "MP3",
        "bitrate": 128,
        "hls": 0,
        "lastcheckok": 1,
        "lastchecktime": "2023-04-07 19:34:25",
        "lastchecktime_iso8601": "2023-04-07T19:34:25Z",
        "lastcheckoktime": "2023-04-07 19:34:25",
        "lastcheckoktime_iso8601": "2023-04-07T19:34:25Z",
        "lastlocalchecktime": "2023-04-07 17:57:14",
        "lastlocalchecktime_iso8601": "2023-04-07T17:57:14Z",
        "clicktimestamp": "2023-04-08 14:05:09",
        "clicktimestamp_iso8601": "2023-04-08T14:05:09Z",
        "clickcount": 51,
        "clicktrend": -2,
        "ssl_error": 0,
        "geo_lat": 15.909168583480565,
        "geo_long": -23.444824218750004,
        "has_extended_info": false
    },
    {
        "changeuuid": "ecfbb5d0-7f7e-45c4-add4-4b3d1278ac9e",
        "stationuuid": "eacb7dcc-d8db-44f6-98c7-bf21723f0363",
        "serveruuid": "5d3faf5e-a62a-42c8-ba90-3794dd0f9aa0",
        "name": "RCV Radio Cabo Verde",
        "url": "https://radios.vpn.sapo.pt/CV/radio7.mp3",
        "url_resolved": "https://radios.vpn.sapo.pt/CV/radio7.mp3",
        "homepage": "https://rtc.cv/rcv",
        "favicon": "https://rtc.cv/upload/img/assets/rcv.png",
        "tags": "",
        "country": "Cabo Verde",
        "countrycode": "CV",
        "iso_3166_2": null,
        "state": "",
        "language": "creole,portuguese",
        "languagecodes": "pt",
        "votes": 658,
        "lastchangetime": "2023-04-10 23:56:22",
        "lastchangetime_iso8601": "2023-04-10T23:56:22Z",
        "codec": "MP3",
        "bitrate": 128,
        "hls": 0,
        "lastcheckok": 1,
        "lastchecktime": "2023-07-09 02:58:09",
        "lastchecktime_iso8601": "2023-07-09T02:58:09Z",
        "lastcheckoktime": "2023-07-09 02:58:09",
        "lastcheckoktime_iso8601": "2023-07-09T02:58:09Z",
        "lastlocalchecktime": "2023-07-08 21:52:11",
        "lastlocalchecktime_iso8601": "2023-07-08T21:52:11Z",
        "clicktimestamp": "2023-07-09 02:37:42",
        "clicktimestamp_iso8601": "2023-07-09T02:37:42Z",
        "clickcount": 89,
        "clicktrend": 13,
        "ssl_error": 0,
        "geo_lat": null,
        "geo_long": null,
        "has_extended_info": false
    },
    {
        "changeuuid": "af1caef2-5101-47b7-986c-ad5533248c14",
        "stationuuid": "1fb8adea-29ca-428c-992f-5c2ba252570f",
        "serveruuid": "5d3faf5e-a62a-42c8-ba90-3794dd0f9aa0",
        "name": "RCV+ R\u00e1dio Cabo Verde Jovem",
        "url": "https://radios.vpn.sapo.pt/CV/radio6.mp3",
        "url_resolved": "https://radios.vpn.sapo.pt/CV/radio6.mp3",
        "homepage": "https://rtc.cv/rcvm",
        "favicon": "https://rtc.cv/upload/img/assets/rcvm.png",
        "tags": "",
        "country": "Cabo Verde",
        "countrycode": "CV",
        "iso_3166_2": null,
        "state": "",
        "language": "creole,portuguese",
        "languagecodes": "pt",
        "votes": 257,
        "lastchangetime": "2023-04-11 00:06:15",
        "lastchangetime_iso8601": "2023-04-11T00:06:15Z",
        "codec": "MP3",
        "bitrate": 128,
        "hls": 0,
        "lastcheckok": 1,
        "lastchecktime": "2023-07-09 03:27:07",
        "lastchecktime_iso8601": "2023-07-09T03:27:07Z",
        "lastcheckoktime": "2023-07-09 03:27:07",
        "lastcheckoktime_iso8601": "2023-07-09T03:27:07Z",
        "lastlocalchecktime": "2023-07-09 00:25:57",
        "lastlocalchecktime_iso8601": "2023-07-09T00:25:57Z",
        "clicktimestamp": "2023-07-09 00:22:03",
        "clicktimestamp_iso8601": "2023-07-09T00:22:03Z",
        "clickcount": 33,
        "clicktrend": 5,
        "ssl_error": 0,
        "geo_lat": null,
        "geo_long": null,
        "has_extended_info": false
    },
    {
        "changeuuid": "6b11f05c-3ce1-419c-bc23-1428526e1713",
        "stationuuid": "76ad1c34-997a-407b-9403-4b1bb43f40d3",
        "serveruuid": "5d3faf5e-a62a-42c8-ba90-3794dd0f9aa0",
        "name": "Radio Praia FM",
        "url": "http://radios.vpn.sapo.pt/CV/radio4.mp3",
        "url_resolved": "https://radios.vpn.sapo.pt/CV/radio4.mp3",
        "homepage": "https://praiafm.biz/",
        "favicon": "https://praiafm.biz/favicon.ico",
        "tags": "",
        "country": "Cabo Verde",
        "countrycode": "CV",
        "iso_3166_2": null,
        "state": "",
        "language": "creole",
        "languagecodes": "",
        "votes": 118,
        "lastchangetime": "2023-06-25 10:10:28",
        "lastchangetime_iso8601": "2023-06-25T10:10:28Z",
        "codec": "MP3",
        "bitrate": 128,
        "hls": 0,
        "lastcheckok": 1,
        "lastchecktime": "2023-07-09 03:16:00",
        "lastchecktime_iso8601": "2023-07-09T03:16:00Z",
        "lastcheckoktime": "2023-07-09 03:16:00",
        "lastcheckoktime_iso8601": "2023-07-09T03:16:00Z",
        "lastlocalchecktime": "2023-07-09 01:03:19",
        "lastlocalchecktime_iso8601": "2023-07-09T01:03:19Z",
        "clicktimestamp": "2023-07-09 07:26:51",
        "clicktimestamp_iso8601": "2023-07-09T07:26:51Z",
        "clickcount": 23,
        "clicktrend": 0,
        "ssl_error": 0,
        "geo_lat": null,
        "geo_long": null,
        "has_extended_info": false
    }
]