[
    {
        "changeuuid": "489bf3d5-a723-499d-95d7-cdafd99df375",
        "stationuuid": "96332695-0601-11e8-ae97-52543be04c81",
        "serveruuid": "519fd8fb-1180-4afe-819b-af1f77e75d4b",
        "name": "Dolfijn FM 97.3 Seaquarium Beach",
        "url": "http://85.214.231.253:8080/stream.mp3",
        "url_resolved": "http://85.214.231.253:8080/stream.mp3",
        "homepage": "http://www.dolfijnfm.com/",
        "favicon": "https://dolfijngo.com/wp-content/uploads/2022/06/cropped-fm-logo-1-180x180.png",
        "tags": "classic hits,seaquarium beach,top 40",
        "country": "Curacao",
        "countrycode": "CW",
        "iso_3166_2": null,
        "state": "",
        "language": "dutch",
        "languagecodes": "nl",
        "votes": 328,
        "lastchangetime": "2022-12-19 09:48:58",
        "lastchangetime_iso8601": "2022-12-19T09:48:58Z",
        "codec": "MP3",
        "bitrate": 192,
        "hls": 0,
        "lastcheckok": 1,
        "lastchecktime": "2023-04-08 03:02:35",
        "lastchecktime_iso8601": "2023-04-08T03:02:35Z",
        "lastcheckoktime": "2023-04-08 03:02:35",
        "lastcheckoktime_iso8601": "2023-04-08T03:02:35Z",
        "lastlocalchecktime": "2023-04-07 18:12:27",
        "lastlocalchecktime_iso8601": "2023-04-07T18:12:27Z",
        "clicktimestamp": "2023-04-08 12:56:58",
        "clicktimestamp_iso8601": "2023-04-08T12:56:58Z",
        "clickcount": 34,
        "clicktrend": -1,
        "ssl_error": 0,
        "geo_lat": null,
        "geo_long": null,
        "has_extended_info": false
    },
    {
        "changeuuid": "55a8331b-5553-4518-8b5b-e2184dd6d501",
        "stationuuid": "960c3d38-0601-11e8-ae97-52543be04c81",
        "serveruuid": "582444c8-cc99-41f4-9a99-7d0da79805f7",
        "name": "Radio 94 Korsou - 94.5 Willemstad",
        "url": "http://162.243.94.61:8028/;stream.mp3",
        "url_resolved": "http://162.243.94.61:8028/;stream.mp3",
        "homepage": "http://www.vozdibonaire.com/",
        "favicon": "",
        "tags": "latin music,pop,willemstad",
        "country": "Curacao",
        "countrycode": "CW",
        "iso_3166_2": null,
        "state": "",
        "language": "papiamentu",
        "languagecodes": "",
        "votes": 240,
        "lastchangetime": "2022-05-26 15:32:19",
        "lastchangetime_iso8601": "2022-05-26T15:32:19Z",
        "codec": "MP3",
        "bitrate": 100,
        "hls": 0,
        "lastcheckok": 1,
        "lastchecktime": "2023-04-08 12:06:33",
        "lastchecktime_iso8601": "2023-04-08T12:06:33Z",
        "lastcheckoktime": "2023-04-08 12:06:33",
        "lastcheckoktime_iso8601": "2023-04-08T12:06:33Z",
        "lastlocalchecktime": "2023-04-07 18:15:45",
        "lastlocalchecktime_iso8601": "2023-04-07T18:15:45Z",
        "clicktimestamp": "2023-04-08 05:54:14",
        "clicktimestamp_iso8601": "2023-04-08T05:54:14Z",
        "clickcount": 21,
        "clicktrend": -1,
        "ssl_error": 0,
        "geo_lat": null,
        "geo_long": null,
        "has_extended_info": false
    },
    {
        "changeuuid": "81d9c088-5305-4e3c-9ced-f194694b07ba",
        "stationuuid": "dd9407ad-67c8-4962-948f-ae891d2bbf58",
        "serveruuid": "519fd8fb-1180-4afe-819b-af1f77e75d4b",
        "name": "Dolfijn FM",
        "url": "http://85.214.231.253:8080/",
        "url_resolved": "http://85.214.231.253:8080/",
        "homepage": "https://dolfijnfm.com/",
        "favicon": "https://dolfijngo.com/wp-content/uploads/2022/06/cropped-fm-logo-1-180x180.png",
        "tags": "pop",
        "country": "Curacao",
        "countrycode": "CW",
        "iso_3166_2": null,
        "state": "",
        "language": "",
        "languagecodes": "",
        "votes": 120,
        "lastchangetime": "2022-12-19 06:52:21",
        "lastchangetime_iso8601": "2022-12-19T06:52:21Z",
        "codec": "MP3",
        "bitrate": 192,
        "hls": 0,
        "lastcheckok": 1,
        "lastchecktime": "2023-04-08 08:02:45",
        "lastchecktime_iso8601": "2023-04-08T08:02:45Z",
        "lastcheckoktime": "2023-04-08 08:02:45",
        "lastcheckoktime_iso8601": "2023-04-08T08:02:45Z",
        "lastlocalchecktime": "2023-04-07 18:02:40",
        "lastlocalchecktime_iso8601": "2023-04-07T18:02:40Z",
        "clicktimestamp": "2023-04-08 05:54:34",
        "clicktimestamp_iso8601": "2023-04-08T05:54:34Z",
        "clickcount": 20,
        "clicktrend": -3,
        "ssl_error": 0,
        "geo_lat": null,
        "geo_long": null,
        "has_extended_info": false
    },
    {
        "changeuuid": "4d21055d-3849-4fd3-9bd6-b20448a7f910",
        "stationuuid": "7a7e2c3f-8a75-48c5-bd12-dcdd0629df0e",
        "serveruuid": "07f67e71-826f-4558-9feb-46372b0d825f",
        "name": "radio semiya FM 98.5",
        "url": "http://11331.cloudrad.io:9172/live",
        "url_resolved": "http://11331.cloudrad.io:9172/live",
        "homepage": "http://11331.cloudrad.io:9172/live",
        "favicon": "",
        "tags": "cistriana,gospel",
        "country": "Curacao",
        "countrycode": "CW",
        "iso_3166_2": null,
        "state": "",
        "language": "papiamentu",
        "languagecodes": "",
        "votes": 59,
        "lastchangetime": "2021-11-10 18:00:09",
        "lastchangetime_iso8601": "2021-11-10T18:00:09Z",
        "codec": "MP3",
        "bitrate": 192,
        "hls": 0,
        "lastcheckok": 1,
        "lastchecktime": "2023-04-08 02:01:36",
        "lastchecktime_iso8601": "2023-04-08T02:01:36Z",
        "lastcheckoktime": "2023-04-08 02:01:36",
        "lastcheckoktime_iso8601": "2023-04-08T02:01:36Z",
        "lastlocalchecktime": "2023-04-07 19:27:07",
        "lastlocalchecktime_iso8601": "2023-04-07T19:27:07Z",
        "clicktimestamp": "2023-04-06 10:33:59",
        "clicktimestamp_iso8601": "2023-04-06T10:33:59Z",
        "clickcount": 11,
        "clicktrend": 0,
        "ssl_error": 0,
        "geo_lat": null,
        "geo_long": null,
        "has_extended_info": false
    },
    {
        "changeuuid": "269b4405-5272-4622-abe5-8329e3c427da",
        "stationuuid": "57655ddc-5c9e-4ee6-8a92-d0d5b03c694e",
        "serveruuid": "d007a950-3244-40ab-bab7-844e8adc055a",
        "name": "Easy FM 79.9",
        "url": "http://64.150.176.42:8011/live",
        "url_resolved": "http://64.150.176.42:8011/live",
        "homepage": "https://www.korsou.fm/",
        "favicon": "",
        "tags": "",
        "country": "Curacao",
        "countrycode": "CW",
        "iso_3166_2": null,
        "state": "Cura\u00e7ao",
        "language": "",
        "languagecodes": "",
        "votes": 8,
        "lastchangetime": "2023-02-23 16:00:29",
        "lastchangetime_iso8601": "2023-02-23T16:00:29Z",
        "codec": "MP3",
        "bitrate": 128,
        "hls": 0,
        "lastcheckok": 1,
        "lastchecktime": "2023-04-07 18:02:53",
        "lastchecktime_iso8601": "2023-04-07T18:02:53Z",
        "lastcheckoktime": "2023-04-07 18:02:53",
        "lastcheckoktime_iso8601": "2023-04-07T18:02:53Z",
        "lastlocalchecktime": "2023-04-07 16:14:58",
        "lastlocalchecktime_iso8601": "2023-04-07T16:14:58Z",
        "clicktimestamp": "2023-04-08 05:54:41",
        "clicktimestamp_iso8601": "2023-04-08T05:54:41Z",
        "clickcount": 16,
        "clicktrend": 1,
        "ssl_error": 0,
        "geo_lat": null,
        "geo_long": null,
        "has_extended_info": false
    }
]