[
    {
        "changeuuid": "c640b4de-cabc-4f5f-8aab-eae4fc90cd8c",
        "stationuuid": "96417f60-0601-11e8-ae97-52543be04c81",
        "serveruuid": "195bdb5f-1ffa-4020-a758-fb11754a98c4",
        "name": "Kanali6 (106.00 | 98.6 | 107.00 | 106.9) Lemesos Cyprus",
        "url": "http://31.193.142.7:8012/listen.pls?sid=1",
        "url_resolved": "http://31.193.142.7:8012/stream",
        "homepage": "http://www.kanali6.com.cy/",
        "favicon": "https://kanali6.com.cy/wp-content/uploads/2022/03/favicon.png",
        "tags": "",
        "country": "Cyprus",
        "countrycode": "CY",
        "iso_3166_2": null,
        "state": "Lemesos",
        "language": "greek",
        "languagecodes": "el",
        "votes": 972,
        "lastchangetime": "2022-11-06 10:54:06",
        "lastchangetime_iso8601": "2022-11-06T10:54:06Z",
        "codec": "MP3",
        "bitrate": 64,
        "hls": 0,
        "lastcheckok": 1,
        "lastchecktime": "2023-04-08 02:01:36",
        "lastchecktime_iso8601": "2023-04-08T02:01:36Z",
        "lastcheckoktime": "2023-04-08 02:01:36",
        "lastcheckoktime_iso8601": "2023-04-08T02:01:36Z",
        "lastlocalchecktime": "2023-04-07 19:54:17",
        "lastlocalchecktime_iso8601": "2023-04-07T19:54:17Z",
        "clicktimestamp": "2023-04-08 11:44:11",
        "clicktimestamp_iso8601": "2023-04-08T11:44:11Z",
        "clickcount": 51,
        "clicktrend": -1,
        "ssl_error": 0,
        "geo_lat": null,
        "geo_long": null,
        "has_extended_info": false
    },
    {
        "changeuuid": "b4694e6b-9a72-4645-9d11-7d41f3420da6",
        "stationuuid": "9d01e20a-1739-11e8-ae97-52543be04c81",
        "serveruuid": "0934527c-bd22-4a13-8ea2-7ba8141ad9a2",
        "name": "Kiss fm Cyprus 89.0",
        "url": "http://r1.phileradio.com:8193/89FM",
        "url_resolved": "http://r1.phileradio.com:8193/89FM",
        "homepage": "http://kissfm.com.cy/",
        "favicon": "http://kissfm.com.cy/wp-content/uploads/2016/02/fav.png",
        "tags": "pop",
        "country": "Cyprus",
        "countrycode": "CY",
        "iso_3166_2": null,
        "state": "",
        "language": "greek",
        "languagecodes": "el",
        "votes": 621,
        "lastchangetime": "2022-03-28 11:39:48",
        "lastchangetime_iso8601": "2022-03-28T11:39:48Z",
        "codec": "MP3",
        "bitrate": 128,
        "hls": 0,
        "lastcheckok": 1,
        "lastchecktime": "2023-04-08 07:51:17",
        "lastchecktime_iso8601": "2023-04-08T07:51:17Z",
        "lastcheckoktime": "2023-04-08 07:51:17",
        "lastcheckoktime_iso8601": "2023-04-08T07:51:17Z",
        "lastlocalchecktime": "2023-04-07 18:27:33",
        "lastlocalchecktime_iso8601": "2023-04-07T18:27:33Z",
        "clicktimestamp": "2023-04-08 13:01:14",
        "clicktimestamp_iso8601": "2023-04-08T13:01:14Z",
        "clickcount": 51,
        "clicktrend": -2,
        "ssl_error": 0,
        "geo_lat": null,
        "geo_long": null,
        "has_extended_info": false
    },
    {
        "changeuuid": "ba81981a-c96b-4479-9afe-01cf0dea1c02",
        "stationuuid": "853f4f5d-ce64-11e8-a54a-52543be04c81",
        "serveruuid": "fabbbbd9-916e-4af0-ac42-24884aa49637",
        "name": "Ant1",
        "url": "http://r1.cloudskep.com/radio2/ant1fm/icecast.audio",
        "url_resolved": "http://r1.cloudskep.com/radio2/ant1fm/icecast.audio",
        "homepage": "http://ant1radio.com/",
        "favicon": "https://media.bauerradio.com/image/upload/c_crop,g_custom/v1606309685/brand_manager/stations/ni2jgdk5kaugk7yanekj.png",
        "tags": "",
        "country": "Cyprus",
        "countrycode": "CY",
        "iso_3166_2": null,
        "state": "",
        "language": "greek",
        "languagecodes": "el",
        "votes": 499,
        "lastchangetime": "2022-03-28 10:27:13",
        "lastchangetime_iso8601": "2022-03-28T10:27:13Z",
        "codec": "AAC+",
        "bitrate": 128,
        "hls": 0,
        "lastcheckok": 1,
        "lastchecktime": "2023-04-08 09:51:57",
        "lastchecktime_iso8601": "2023-04-08T09:51:57Z",
        "lastcheckoktime": "2023-04-08 09:51:57",
        "lastcheckoktime_iso8601": "2023-04-08T09:51:57Z",
        "lastlocalchecktime": "2023-04-08 09:51:57",
        "lastlocalchecktime_iso8601": "2023-04-08T09:51:57Z",
        "clicktimestamp": "2023-04-08 13:01:04",
        "clicktimestamp_iso8601": "2023-04-08T13:01:04Z",
        "clickcount": 18,
        "clicktrend": -4,
        "ssl_error": 0,
        "geo_lat": null,
        "geo_long": null,
        "has_extended_info": false
    },
    {
        "changeuuid": "a52b42d1-31d7-4f74-91e6-1d2d8d2bc0a5",
        "stationuuid": "1063a4d9-cbdd-11e9-8502-52543be04c81",
        "serveruuid": "89b7996c-06ae-451d-a602-4b93e9cf78d4",
        "name": "ZENITH FM",
        "url": "http://eco.onestreaming.com:8023/;",
        "url_resolved": "http://eco.onestreaming.com:8023/;",
        "homepage": "https://zenithfm.com.cy/gr/",
        "favicon": "https://zenithfm.com.cy/favicon.ico",
        "tags": "adult contemporary,greek traditional",
        "country": "Cyprus",
        "countrycode": "CY",
        "iso_3166_2": null,
        "state": "",
        "language": "greek",
        "languagecodes": "el",
        "votes": 435,
        "lastchangetime": "2023-02-24 18:57:41",
        "lastchangetime_iso8601": "2023-02-24T18:57:41Z",
        "codec": "MP3",
        "bitrate": 128,
        "hls": 0,
        "lastcheckok": 1,
        "lastchecktime": "2023-04-08 08:20:17",
        "lastchecktime_iso8601": "2023-04-08T08:20:17Z",
        "lastcheckoktime": "2023-04-08 08:20:17",
        "lastcheckoktime_iso8601": "2023-04-08T08:20:17Z",
        "lastlocalchecktime": "2023-04-07 18:17:23",
        "lastlocalchecktime_iso8601": "2023-04-07T18:17:23Z",
        "clicktimestamp": "2023-04-08 12:27:11",
        "clicktimestamp_iso8601": "2023-04-08T12:27:11Z",
        "clickcount": 58,
        "clicktrend": -2,
        "ssl_error": 0,
        "geo_lat": null,
        "geo_long": null,
        "has_extended_info": false
    },
    {
        "changeuuid": "4f6bf8a9-69d4-4aa6-b063-2cafaf3a57db",
        "stationuuid": "c0baf79e-2da3-11e8-91bf-52543be04c81",
        "serveruuid": "a5d3ba1d-fdaa-4d2b-9d2b-bda1f57ffcad",
        "name": "SUPER FM 104.8",
        "url": "http://eco.onestreaming.com:8175/",
        "url_resolved": "http://eco.onestreaming.com:8175/",
        "homepage": "",
        "favicon": "",
        "tags": "",
        "country": "Cyprus",
        "countrycode": "CY",
        "iso_3166_2": null,
        "state": "",
        "language": "greek",
        "languagecodes": "el",
        "votes": 418,
        "lastchangetime": "2022-03-28 10:27:13",
        "lastchangetime_iso8601": "2022-03-28T10:27:13Z",
        "codec": "MP3",
        "bitrate": 128,
        "hls": 0,
        "lastcheckok": 1,
        "lastchecktime": "2023-04-08 07:05:34",
        "lastchecktime_iso8601": "2023-04-08T07:05:34Z",
        "lastcheckoktime": "2023-04-08 07:05:34",
        "lastcheckoktime_iso8601": "2023-04-08T07:05:34Z",
        "lastlocalchecktime": "2023-04-07 17:50:22",
        "lastlocalchecktime_iso8601": "2023-04-07T17:50:22Z",
        "clicktimestamp": "2023-04-08 06:07:24",
        "clicktimestamp_iso8601": "2023-04-08T06:07:24Z",
        "clickcount": 19,
        "clicktrend": -2,
        "ssl_error": 0,
        "geo_lat": null,
        "geo_long": null,
        "has_extended_info": false
    },
    {
        "changeuuid": "7b3e0632-aad8-4b70-96b2-faebdaa236dc",
        "stationuuid": "9660917f-ce43-11e8-a54a-52543be04c81",
        "serveruuid": "fabbbbd9-916e-4af0-ac42-24884aa49637",
        "name": "Diesi Cyprus 101.1",
        "url": "http://r1.cloudskep.com/radio/diesi/icecast.audio",
        "url_resolved": "http://r1.cloudskep.com/radio/diesi/icecast.audio",
        "homepage": "http://www.megatv.com.cy/cgibin/hweb?-A=133&-V=ologos",
        "favicon": "https://tpc.googlesyndication.com/simgad/9820055778066934470",
        "tags": "ballads,greek pop,pop",
        "country": "Cyprus",
        "countrycode": "CY",
        "iso_3166_2": null,
        "state": "",
        "language": "greek",
        "languagecodes": "el",
        "votes": 348,
        "lastchangetime": "2022-03-28 08:35:53",
        "lastchangetime_iso8601": "2022-03-28T08:35:53Z",
        "codec": "MP3",
        "bitrate": 256,
        "hls": 0,
        "lastcheckok": 1,
        "lastchecktime": "2023-04-07 19:44:58",
        "lastchecktime_iso8601": "2023-04-07T19:44:58Z",
        "lastcheckoktime": "2023-04-07 19:44:58",
        "lastcheckoktime_iso8601": "2023-04-07T19:44:58Z",
        "lastlocalchecktime": "2023-04-07 18:28:41",
        "lastlocalchecktime_iso8601": "2023-04-07T18:28:41Z",
        "clicktimestamp": "2023-04-08 11:37:47",
        "clicktimestamp_iso8601": "2023-04-08T11:37:47Z",
        "clickcount": 65,
        "clicktrend": -8,
        "ssl_error": 0,
        "geo_lat": null,
        "geo_long": null,
        "has_extended_info": false
    },
    {
        "changeuuid": "b7ba10e5-eaa3-4cfc-91b6-dfe6735e3cf3",
        "stationuuid": "cb992f71-e64c-11e8-a9cc-52543be04c81",
        "serveruuid": "36d2aad9-a9e7-4807-8ed5-e83bfb6d9b20",
        "name": "Kanali6 (106.00 | 98.6 | 107.00 | 106.9) Lemesos Cyprus Alternative Stream",
        "url": "http://live3.istoikona.net:8372/stream/2/Title1=Kanali",
        "url_resolved": "http://live3.istoikona.net:8372/stream/2/Title1=Kanali",
        "homepage": "https://www.kanali6.com.cy/",
        "favicon": "https://kanali6.com.cy/storage/2022/03/favicon.png",
        "tags": "",
        "country": "Cyprus",
        "countrycode": "CY",
        "iso_3166_2": null,
        "state": "Lemesos",
        "language": "greek",
        "languagecodes": "el",
        "votes": 299,
        "lastchangetime": "2022-03-28 09:28:19",
        "lastchangetime_iso8601": "2022-03-28T09:28:19Z",
        "codec": "MP3",
        "bitrate": 128,
        "hls": 0,
        "lastcheckok": 1,
        "lastchecktime": "2023-04-08 02:27:05",
        "lastchecktime_iso8601": "2023-04-08T02:27:05Z",
        "lastcheckoktime": "2023-04-08 02:27:05",
        "lastcheckoktime_iso8601": "2023-04-08T02:27:05Z",
        "lastlocalchecktime": "2023-04-07 18:00:39",
        "lastlocalchecktime_iso8601": "2023-04-07T18:00:39Z",
        "clicktimestamp": "2023-04-08 11:51:20",
        "clicktimestamp_iso8601": "2023-04-08T11:51:20Z",
        "clickcount": 17,
        "clicktrend": -1,
        "ssl_error": 0,
        "geo_lat": null,
        "geo_long": null,
        "has_extended_info": false
    },
    {
        "changeuuid": "bf0cd54b-76b5-488c-8b47-23d044aeaea5",
        "stationuuid": "9992cf45-3ec2-11e9-aa55-52543be04c81",
        "serveruuid": "f58b21cd-8f58-4c6a-95cb-74362638edd7",
        "name": "\u03a1\u03ac\u03b4\u03b9\u03bf \u0386\u03b3\u03b9\u03bf\u03c2 \u0394\u03b7\u03bc\u03ae\u03c4\u03c1\u03b9\u03bf\u03c2 \u0391\u03ba\u03c1\u03bf\u03c0\u03cc\u03bb\u03b5\u03c9\u03c2 - \u039a\u03cd\u03c0\u03c1\u03bf\u03c2 93.3",
        "url": "http://eco.onestreaming.com:8474/",
        "url_resolved": "http://eco.onestreaming.com:8474/",
        "homepage": "http://www.agiosdemetrioschurch.org/",
        "favicon": "",
        "tags": "byzantine,ecclesia,greek,orthodox christian,orthodoxy,\u03b5\u03ba\u03ba\u03bb\u03b7\u03c3\u03af\u03b1,\u03b9\u03b5\u03c1\u03cc\u03c2 \u03bd\u03b1\u03cc\u03c2,\u03bf\u03c1\u03b8\u03bf\u03b4\u03bf\u03be\u03af\u03b1",
        "country": "Cyprus",
        "countrycode": "CY",
        "iso_3166_2": null,
        "state": "\u039b\u03b5\u03c5\u03ba\u03c9\u03c3\u03af\u03b1 (Cyprus)",
        "language": "greek",
        "languagecodes": "el",
        "votes": 270,
        "lastchangetime": "2022-08-26 04:01:21",
        "lastchangetime_iso8601": "2022-08-26T04:01:21Z",
        "codec": "MP3",
        "bitrate": 128,
        "hls": 0,
        "lastcheckok": 1,
        "lastchecktime": "2023-04-07 20:16:59",
        "lastchecktime_iso8601": "2023-04-07T20:16:59Z",
        "lastcheckoktime": "2023-04-07 20:16:59",
        "lastcheckoktime_iso8601": "2023-04-07T20:16:59Z",
        "lastlocalchecktime": "2023-04-07 18:41:11",
        "lastlocalchecktime_iso8601": "2023-04-07T18:41:11Z",
        "clicktimestamp": "2023-04-06 22:30:12",
        "clicktimestamp_iso8601": "2023-04-06T22:30:12Z",
        "clickcount": 8,
        "clicktrend": -2,
        "ssl_error": 0,
        "geo_lat": null,
        "geo_long": null,
        "has_extended_info": false
    },
    {
        "changeuuid": "b5303f39-4027-44ef-a16b-997eb4911bf8",
        "stationuuid": "77bf34c0-087b-11e8-ae97-52543be04c81",
        "serveruuid": "fabbbbd9-916e-4af0-ac42-24884aa49637",
        "name": "Trito Live",
        "url": "http://r1.cloudskep.com/cybcr/cybc3/icecast.audio",
        "url_resolved": "http://r1.cloudskep.com/cybcr/cybc3/icecast.audio",
        "homepage": "http://www.riknews.com.cy/index.php/radio-main/trito-live",
        "favicon": "http://www.riknews.com.cy/static/img/favicons/apple-touch-icon.png",
        "tags": "",
        "country": "Cyprus",
        "countrycode": "CY",
        "iso_3166_2": null,
        "state": "",
        "language": "greek",
        "languagecodes": "el",
        "votes": 243,
        "lastchangetime": "2022-03-28 22:19:07",
        "lastchangetime_iso8601": "2022-03-28T22:19:07Z",
        "codec": "AAC+",
        "bitrate": 56,
        "hls": 0,
        "lastcheckok": 1,
        "lastchecktime": "2023-04-07 20:01:38",
        "lastchecktime_iso8601": "2023-04-07T20:01:38Z",
        "lastcheckoktime": "2023-04-07 20:01:38",
        "lastcheckoktime_iso8601": "2023-04-07T20:01:38Z",
        "lastlocalchecktime": "2023-04-07 16:43:24",
        "lastlocalchecktime_iso8601": "2023-04-07T16:43:24Z",
        "clicktimestamp": "2023-04-08 12:44:46",
        "clicktimestamp_iso8601": "2023-04-08T12:44:46Z",
        "clickcount": 28,
        "clicktrend": -4,
        "ssl_error": 0,
        "geo_lat": null,
        "geo_long": null,
        "has_extended_info": false
    },
    {
        "changeuuid": "14e2f702-602a-46c4-991e-8611bd72dead",
        "stationuuid": "bd91cfa2-0e05-40a4-b77e-cc7c3b86d946",
        "serveruuid": "f5e861a1-e256-4e6e-bef5-1810ed5a9b08",
        "name": "Zucca Radio",
        "url": "http://95.217.120.122/",
        "url_resolved": "http://95.217.120.122/",
        "homepage": "",
        "favicon": "",
        "tags": "international",
        "country": "Cyprus",
        "countrycode": "CY",
        "iso_3166_2": null,
        "state": "",
        "language": "",
        "languagecodes": "",
        "votes": 241,
        "lastchangetime": "2021-08-06 08:36:45",
        "lastchangetime_iso8601": "2021-08-06T08:36:45Z",
        "codec": "MP3",
        "bitrate": 128,
        "hls": 0,
        "lastcheckok": 1,
        "lastchecktime": "2023-04-08 13:58:23",
        "lastchecktime_iso8601": "2023-04-08T13:58:23Z",
        "lastcheckoktime": "2023-04-08 13:58:23",
        "lastcheckoktime_iso8601": "2023-04-08T13:58:23Z",
        "lastlocalchecktime": "2023-04-08 13:58:23",
        "lastlocalchecktime_iso8601": "2023-04-08T13:58:23Z",
        "clicktimestamp": "2023-04-06 06:26:58",
        "clicktimestamp_iso8601": "2023-04-06T06:26:58Z",
        "clickcount": 7,
        "clicktrend": 0,
        "ssl_error": 0,
        "geo_lat": null,
        "geo_long": null,
        "has_extended_info": false
    },
    {
        "changeuuid": "ddd02002-d419-45e6-b2d5-ffdde7bbaa8a",
        "stationuuid": "0558bdf4-b142-11e8-afe1-52543be04c81",
        "serveruuid": "b8666f21-2aa8-4540-bfe8-50603c984c0f",
        "name": "Klik FM - Paphos",
        "url": "http://eco.onestreaming.com:8310/;",
        "url_resolved": "http://eco.onestreaming.com:8310/;",
        "homepage": "http://www.klikfm.com.cy/",
        "favicon": "",
        "tags": "",
        "country": "Cyprus",
        "countrycode": "CY",
        "iso_3166_2": null,
        "state": "",
        "language": "greek",
        "languagecodes": "el",
        "votes": 231,
        "lastchangetime": "2022-03-28 12:39:31",
        "lastchangetime_iso8601": "2022-03-28T12:39:31Z",
        "codec": "MP3",
        "bitrate": 128,
        "hls": 0,
        "lastcheckok": 1,
        "lastchecktime": "2023-04-08 09:50:47",
        "lastchecktime_iso8601": "2023-04-08T09:50:47Z",
        "lastcheckoktime": "2023-04-08 09:50:47",
        "lastcheckoktime_iso8601": "2023-04-08T09:50:47Z",
        "lastlocalchecktime": "2023-04-07 18:12:27",
        "lastlocalchecktime_iso8601": "2023-04-07T18:12:27Z",
        "clicktimestamp": "2023-04-06 22:31:20",
        "clicktimestamp_iso8601": "2023-04-06T22:31:20Z",
        "clickcount": 8,
        "clicktrend": -1,
        "ssl_error": 0,
        "geo_lat": null,
        "geo_long": null,
        "has_extended_info": false
    },
    {
        "changeuuid": "31d72ff1-4f37-4355-bb57-86820650a064",
        "stationuuid": "963770be-0601-11e8-ae97-52543be04c81",
        "serveruuid": "0cc9a875-bea2-4c1a-8894-a988ace82de7",
        "name": "Kanali7 98.4 FM",
        "url": "http://live.kanali7.com:4010/;",
        "url_resolved": "http://live.kanali7.com:4010/;",
        "homepage": "http://www.kanali7.com/",
        "favicon": "http://new.kanali7.com/wp-content/uploads/2016/03/kanali-7-logo-low.png",
        "tags": "news,talk",
        "country": "Cyprus",
        "countrycode": "CY",
        "iso_3166_2": null,
        "state": "",
        "language": "english,greek",
        "languagecodes": "el,en",
        "votes": 215,
        "lastchangetime": "2022-08-31 21:17:29",
        "lastchangetime_iso8601": "2022-08-31T21:17:29Z",
        "codec": "AAC+",
        "bitrate": 48,
        "hls": 0,
        "lastcheckok": 1,
        "lastchecktime": "2023-04-08 09:26:17",
        "lastchecktime_iso8601": "2023-04-08T09:26:17Z",
        "lastcheckoktime": "2023-04-08 09:26:17",
        "lastcheckoktime_iso8601": "2023-04-08T09:26:17Z",
        "lastlocalchecktime": "2023-04-07 14:33:41",
        "lastlocalchecktime_iso8601": "2023-04-07T14:33:41Z",
        "clicktimestamp": "2023-04-08 13:01:11",
        "clicktimestamp_iso8601": "2023-04-08T13:01:11Z",
        "clickcount": 13,
        "clicktrend": -3,
        "ssl_error": 0,
        "geo_lat": null,
        "geo_long": null,
        "has_extended_info": false
    },
    {
        "changeuuid": "3c3a314a-3d50-4e84-ab5f-3d02d4cf48dd",
        "stationuuid": "934bfb1c-b141-11e8-afe1-52543be04c81",
        "serveruuid": "9e36b633-63cc-4440-ab88-daecf29c822d",
        "name": "Rock FM Cyprus",
        "url": "http://live3.istoikona.net:8278/;",
        "url_resolved": "http://live3.istoikona.net:8278/;",
        "homepage": "http://rockfmcyprus.com/",
        "favicon": "http://img1.wsimg.com/isteam/ip/23e625b3-9829-4f54-a786-73978949b161/rock%20fm%20logo%20clean%20b.png/:/rs=w:114,h:114,m",
        "tags": "rock",
        "country": "Cyprus",
        "countrycode": "CY",
        "iso_3166_2": null,
        "state": "",
        "language": "",
        "languagecodes": "",
        "votes": 211,
        "lastchangetime": "2022-02-11 14:51:47",
        "lastchangetime_iso8601": "2022-02-11T14:51:47Z",
        "codec": "MP3",
        "bitrate": 128,
        "hls": 0,
        "lastcheckok": 1,
        "lastchecktime": "2023-04-08 10:03:12",
        "lastchecktime_iso8601": "2023-04-08T10:03:12Z",
        "lastcheckoktime": "2023-04-08 10:03:12",
        "lastcheckoktime_iso8601": "2023-04-08T10:03:12Z",
        "lastlocalchecktime": "2023-04-08 10:03:12",
        "lastlocalchecktime_iso8601": "2023-04-08T10:03:12Z",
        "clicktimestamp": "2023-04-08 13:01:08",
        "clicktimestamp_iso8601": "2023-04-08T13:01:08Z",
        "clickcount": 12,
        "clicktrend": 0,
        "ssl_error": 0,
        "geo_lat": null,
        "geo_long": null,
        "has_extended_info": false
    },
    {
        "changeuuid": "d0abd570-4c50-414a-b0c5-e7b83ee111ac",
        "stationuuid": "59e8078b-2da3-11e8-91bf-52543be04c81",
        "serveruuid": "24548322-c43c-4770-92cd-d48ce80046d1",
        "name": "Sport FM Cyprus",
        "url": "http://sportfm-cyprus.live24.gr/sportfm-cyprus",
        "url_resolved": "http://sportfm-cyprus.live24.gr/sportfm-cyprus",
        "homepage": "",
        "favicon": "",
        "tags": "",
        "country": "Cyprus",
        "countrycode": "CY",
        "iso_3166_2": null,
        "state": "",
        "language": "greek",
        "languagecodes": "el",
        "votes": 205,
        "lastchangetime": "2022-03-28 13:51:41",
        "lastchangetime_iso8601": "2022-03-28T13:51:41Z",
        "codec": "MP3",
        "bitrate": 128,
        "hls": 0,
        "lastcheckok": 1,
        "lastchecktime": "2023-04-08 11:49:33",
        "lastchecktime_iso8601": "2023-04-08T11:49:33Z",
        "lastcheckoktime": "2023-04-08 11:49:33",
        "lastcheckoktime_iso8601": "2023-04-08T11:49:33Z",
        "lastlocalchecktime": "2023-04-08 11:49:33",
        "lastlocalchecktime_iso8601": "2023-04-08T11:49:33Z",
        "clicktimestamp": "2023-04-07 05:47:21",
        "clicktimestamp_iso8601": "2023-04-07T05:47:21Z",
        "clickcount": 10,
        "clicktrend": -3,
        "ssl_error": 0,
        "geo_lat": null,
        "geo_long": null,
        "has_extended_info": false
    },
    {
        "changeuuid": "af37e8ef-d01e-4b3d-8bc4-ca9b34bd2984",
        "stationuuid": "6c543391-af11-46b2-a169-f59bf37df92a",
        "serveruuid": "f641c75a-9779-4099-9f94-3c41201e69d4",
        "name": "Super Sport FM 104.0",
        "url": "https://r1.cloudskep.com/radio3/supersportfm/icecast.audio",
        "url_resolved": "https://r1.cloudskep.com/radio3/supersportfm/icecast.audio",
        "homepage": "https://www.sport-fm.com.cy/",
        "favicon": "https://www.sport-fm.com.cy/wp-content/uploads/2018/09/sportfm-logo.png",
        "tags": "greek,sports",
        "country": "Cyprus",
        "countrycode": "CY",
        "iso_3166_2": null,
        "state": "",
        "language": "greek",
        "languagecodes": "el",
        "votes": 199,
        "lastchangetime": "2022-03-28 11:47:20",
        "lastchangetime_iso8601": "2022-03-28T11:47:20Z",
        "codec": "MP3",
        "bitrate": 128,
        "hls": 0,
        "lastcheckok": 1,
        "lastchecktime": "2023-04-08 05:34:15",
        "lastchecktime_iso8601": "2023-04-08T05:34:15Z",
        "lastcheckoktime": "2023-04-08 05:34:15",
        "lastcheckoktime_iso8601": "2023-04-08T05:34:15Z",
        "lastlocalchecktime": "2023-04-07 15:12:10",
        "lastlocalchecktime_iso8601": "2023-04-07T15:12:10Z",
        "clicktimestamp": "2023-04-07 06:01:27",
        "clicktimestamp_iso8601": "2023-04-07T06:01:27Z",
        "clickcount": 27,
        "clicktrend": -7,
        "ssl_error": 0,
        "geo_lat": null,
        "geo_long": null,
        "has_extended_info": false
    },
    {
        "changeuuid": "c7a3af49-9d38-40f6-8c32-7e67db0078a9",
        "stationuuid": "a7e1a57d-b148-11e8-afe1-52543be04c81",
        "serveruuid": "6458d2ee-f15e-4447-b3d4-bedff9b1a407",
        "name": "Cosmos Radio 95,2 FM",
        "url": "http://62.138.0.228:8130/;",
        "url_resolved": "http://62.138.0.228:8130/;",
        "homepage": "http://www.cosmoradio.gr/",
        "favicon": "",
        "tags": "",
        "country": "Cyprus",
        "countrycode": "CY",
        "iso_3166_2": null,
        "state": "Paphos",
        "language": "greek",
        "languagecodes": "el",
        "votes": 171,
        "lastchangetime": "2022-03-28 13:16:34",
        "lastchangetime_iso8601": "2022-03-28T13:16:34Z",
        "codec": "MP3",
        "bitrate": 128,
        "hls": 0,
        "lastcheckok": 1,
        "lastchecktime": "2023-04-08 12:52:56",
        "lastchecktime_iso8601": "2023-04-08T12:52:56Z",
        "lastcheckoktime": "2023-04-08 12:52:56",
        "lastcheckoktime_iso8601": "2023-04-08T12:52:56Z",
        "lastlocalchecktime": "2023-04-08 12:52:56",
        "lastlocalchecktime_iso8601": "2023-04-08T12:52:56Z",
        "clicktimestamp": "2023-04-08 13:01:31",
        "clicktimestamp_iso8601": "2023-04-08T13:01:31Z",
        "clickcount": 7,
        "clicktrend": 1,
        "ssl_error": 0,
        "geo_lat": null,
        "geo_long": null,
        "has_extended_info": false
    },
    {
        "changeuuid": "9ba29a82-771e-4520-b9f9-23c0125d0e5a",
        "stationuuid": "0b42d20d-3351-4005-82bb-21a0de5b1233",
        "serveruuid": "6dee0b1d-25a7-49b6-a5be-9dd56b83acab",
        "name": "\u585e\u6d66\u8def\u65af\u4e2d\u6587\u5e7f\u64ad",
        "url": "https://cdn.istoikona.com/ccnradio/ccnradio/icecast.audio",
        "url_resolved": "https://cdn.istoikona.com/ccnradio/ccnradio/icecast.audio",
        "homepage": "https://ccnnetwork.cn/",
        "favicon": "https://ccnnetwork.cn/favicon.ico",
        "tags": "chinese",
        "country": "Cyprus",
        "countrycode": "CY",
        "iso_3166_2": null,
        "state": "",
        "language": "chinese",
        "languagecodes": "zh",
        "votes": 150,
        "lastchangetime": "2022-12-31 12:45:10",
        "lastchangetime_iso8601": "2022-12-31T12:45:10Z",
        "codec": "MP3",
        "bitrate": 128,
        "hls": 0,
        "lastcheckok": 1,
        "lastchecktime": "2023-04-08 05:24:09",
        "lastchecktime_iso8601": "2023-04-08T05:24:09Z",
        "lastcheckoktime": "2023-04-08 05:24:09",
        "lastcheckoktime_iso8601": "2023-04-08T05:24:09Z",
        "lastlocalchecktime": "2023-04-07 19:08:11",
        "lastlocalchecktime_iso8601": "2023-04-07T19:08:11Z",
        "clicktimestamp": "2023-04-06 22:32:51",
        "clicktimestamp_iso8601": "2023-04-06T22:32:51Z",
        "clickcount": 11,
        "clicktrend": -1,
        "ssl_error": 0,
        "geo_lat": null,
        "geo_long": null,
        "has_extended_info": false
    },
    {
        "changeuuid": "bb3e05bf-9f01-4f55-a8ef-efd9d16bfe66",
        "stationuuid": "52bde6b1-1737-11e8-ae97-52543be04c81",
        "serveruuid": "fabbbbd9-916e-4af0-ac42-24884aa49637",
        "name": "Proto Live",
        "url": "http://r1.cloudskep.com/cybcr/cybc1/icecast.audio",
        "url_resolved": "http://r1.cloudskep.com/cybcr/cybc1/icecast.audio",
        "homepage": "http://www.riknews.com.cy/index.php/radio-main/proto-live",
        "favicon": "http://www.riknews.com.cy/static/img/favicons/apple-touch-icon.png",
        "tags": "",
        "country": "Cyprus",
        "countrycode": "CY",
        "iso_3166_2": null,
        "state": "",
        "language": "greek",
        "languagecodes": "el",
        "votes": 146,
        "lastchangetime": "2022-03-28 11:25:48",
        "lastchangetime_iso8601": "2022-03-28T11:25:48Z",
        "codec": "AAC+",
        "bitrate": 56,
        "hls": 0,
        "lastcheckok": 1,
        "lastchecktime": "2023-04-08 09:10:32",
        "lastchecktime_iso8601": "2023-04-08T09:10:32Z",
        "lastcheckoktime": "2023-04-08 09:10:32",
        "lastcheckoktime_iso8601": "2023-04-08T09:10:32Z",
        "lastlocalchecktime": "2023-04-08 09:10:32",
        "lastlocalchecktime_iso8601": "2023-04-08T09:10:32Z",
        "clicktimestamp": "2023-04-08 13:01:33",
        "clicktimestamp_iso8601": "2023-04-08T13:01:33Z",
        "clickcount": 14,
        "clicktrend": -2,
        "ssl_error": 0,
        "geo_lat": null,
        "geo_long": null,
        "has_extended_info": false
    },
    {
        "changeuuid": "220a3132-b5d0-4ad3-b1d7-164cee8a8fa2",
        "stationuuid": "8e24da89-1180-11e8-ae97-52543be04c81",
        "serveruuid": "fabbbbd9-916e-4af0-ac42-24884aa49637",
        "name": "Tetarto Live",
        "url": "http://r1.cloudskep.com/cybcr/cybc4/icecast.audio",
        "url_resolved": "http://r1.cloudskep.com/cybcr/cybc4/icecast.audio",
        "homepage": "http://www.riknews.com.cy/index.php/radio-main/tetarto-live",
        "favicon": "http://www.riknews.com.cy/static/img/favicons/apple-touch-icon.png",
        "tags": "classical",
        "country": "Cyprus",
        "countrycode": "CY",
        "iso_3166_2": null,
        "state": "",
        "language": "greek",
        "languagecodes": "el",
        "votes": 86,
        "lastchangetime": "2022-03-28 10:48:36",
        "lastchangetime_iso8601": "2022-03-28T10:48:36Z",
        "codec": "AAC+",
        "bitrate": 128,
        "hls": 0,
        "lastcheckok": 1,
        "lastchecktime": "2023-04-08 04:13:13",
        "lastchecktime_iso8601": "2023-04-08T04:13:13Z",
        "lastcheckoktime": "2023-04-08 04:13:13",
        "lastcheckoktime_iso8601": "2023-04-08T04:13:13Z",
        "lastlocalchecktime": "2023-04-07 21:05:08",
        "lastlocalchecktime_iso8601": "2023-04-07T21:05:08Z",
        "clicktimestamp": "2023-04-07 22:20:27",
        "clicktimestamp_iso8601": "2023-04-07T22:20:27Z",
        "clickcount": 8,
        "clicktrend": -1,
        "ssl_error": 0,
        "geo_lat": null,
        "geo_long": null,
        "has_extended_info": false
    },
    {
        "changeuuid": "39f0eaa0-de8f-416d-a9ff-2ee9421a07fe",
        "stationuuid": "32b7a6bb-40f4-4166-a7d8-73c6ea4ab8dc",
        "serveruuid": "fbdd49d7-24c3-4c8a-bf1f-de57889fbdd6",
        "name": "\u03a3\u03c0\u03bf\u03c1 FM 95.0",
        "url": "http://eradio.networksolutions.com.cy:1935/SportFM/SportFM.stream/playlist.m3u8",
        "url_resolved": "http://eradio.networksolutions.com.cy:1935/SportFM/SportFM.stream/playlist.m3u8",
        "homepage": "https://www.24sports.com.cy/gr/",
        "favicon": "http://www.24sports.com.cy/listen_live/sporfm_logo.svg",
        "tags": "greek,sports",
        "country": "Cyprus",
        "countrycode": "CY",
        "iso_3166_2": null,
        "state": "",
        "language": "greek",
        "languagecodes": "el",
        "votes": 80,
        "lastchangetime": "2022-03-28 09:50:03",
        "lastchangetime_iso8601": "2022-03-28T09:50:03Z",
        "codec": "AAC",
        "bitrate": 80,
        "hls": 1,
        "lastcheckok": 1,
        "lastchecktime": "2023-04-08 01:51:26",
        "lastchecktime_iso8601": "2023-04-08T01:51:26Z",
        "lastcheckoktime": "2023-04-08 01:51:26",
        "lastcheckoktime_iso8601": "2023-04-08T01:51:26Z",
        "lastlocalchecktime": "2023-04-07 16:55:38",
        "lastlocalchecktime_iso8601": "2023-04-07T16:55:38Z",
        "clicktimestamp": "2023-04-08 03:15:55",
        "clicktimestamp_iso8601": "2023-04-08T03:15:55Z",
        "clickcount": 38,
        "clicktrend": -2,
        "ssl_error": 0,
        "geo_lat": null,
        "geo_long": null,
        "has_extended_info": false
    },
    {
        "changeuuid": "de56e43a-b6ac-4e84-ac5f-8c8e34c45bee",
        "stationuuid": "b45c2ab4-d098-4bb8-9451-0f3c7dd894dd",
        "serveruuid": "bb587065-774b-40fd-8414-f41242b2fd89",
        "name": "CloudCY Rock",
        "url": "http://radio.cloudcy.org:8000/rock",
        "url_resolved": "http://radio.cloudcy.org:8000/rock",
        "homepage": "http://radio.cloudcy.org:8000/rock",
        "favicon": "",
        "tags": "rock",
        "country": "Cyprus",
        "countrycode": "CY",
        "iso_3166_2": "CY-1",
        "state": "",
        "language": "english,greek",
        "languagecodes": "en,gr,el",
        "votes": 50,
        "lastchangetime": "2023-04-08 12:01:51",
        "lastchangetime_iso8601": "2023-04-08T12:01:51Z",
        "codec": "MP3",
        "bitrate": 128,
        "hls": 0,
        "lastcheckok": 1,
        "lastchecktime": "2023-04-08 12:01:51",
        "lastchecktime_iso8601": "2023-04-08T12:01:51Z",
        "lastcheckoktime": "2023-04-08 12:01:51",
        "lastcheckoktime_iso8601": "2023-04-08T12:01:51Z",
        "lastlocalchecktime": "2023-04-08 12:01:51",
        "lastlocalchecktime_iso8601": "2023-04-08T12:01:51Z",
        "clicktimestamp": "2023-04-06 22:34:47",
        "clicktimestamp_iso8601": "2023-04-06T22:34:47Z",
        "clickcount": 19,
        "clicktrend": -5,
        "ssl_error": 0,
        "geo_lat": 35.09083843362437,
        "geo_long": 33.34899902343751,
        "has_extended_info": true
    },
    {
        "changeuuid": "336c2e20-5057-43c5-b5ea-4918a59b3078",
        "stationuuid": "be20711a-1e45-11e9-a80b-52543be04c81",
        "serveruuid": "4b265cb2-9724-42cd-b67f-a0d21839dd22",
        "name": "PIK Sat TV",
        "url": "http://l3.cloudskep.com/cybcsat/abr/playlist.m3u8",
        "url_resolved": "http://l3.cloudskep.com/cybcsat/abr/playlist.m3u8",
        "homepage": "http://www.riknews.com.cy/",
        "favicon": "http://www.riknews.com.cy/static/img/favicons/apple-touch-icon.png",
        "tags": "",
        "country": "Cyprus",
        "countrycode": "CY",
        "iso_3166_2": null,
        "state": "Nicosia",
        "language": "greek",
        "languagecodes": "el",
        "votes": 42,
        "lastchangetime": "2022-05-24 17:12:00",
        "lastchangetime_iso8601": "2022-05-24T17:12:00Z",
        "codec": "AAC,H.264",
        "bitrate": 2043,
        "hls": 1,
        "lastcheckok": 1,
        "lastchecktime": "2023-04-08 07:56:20",
        "lastchecktime_iso8601": "2023-04-08T07:56:20Z",
        "lastcheckoktime": "2023-04-08 07:56:20",
        "lastcheckoktime_iso8601": "2023-04-08T07:56:20Z",
        "lastlocalchecktime": "2023-04-07 16:28:41",
        "lastlocalchecktime_iso8601": "2023-04-07T16:28:41Z",
        "clicktimestamp": "2023-04-08 13:01:35",
        "clicktimestamp_iso8601": "2023-04-08T13:01:35Z",
        "clickcount": 11,
        "clicktrend": -5,
        "ssl_error": 0,
        "geo_lat": null,
        "geo_long": null,
        "has_extended_info": false
    },
    {
        "changeuuid": "929699bf-b1b7-4858-88e7-7b7398d235a5",
        "stationuuid": "76b72808-097a-4777-91db-6641628e2c34",
        "serveruuid": "6dee0b1d-25a7-49b6-a5be-9dd56b83acab",
        "name": "\u585e\u6d66\u8def\u65afCCN\u6b27\u6d32\u4e2d\u56fd\u5e73\u53f0",
        "url": "https://cdn.istoikona.com/ccnrtv/live/playlist.m3u8",
        "url_resolved": "https://cdn.istoikona.com/ccnrtv/live/playlist.m3u8",
        "homepage": "https://ccnnetwork.cn/",
        "favicon": "https://ccnnetwork.cn/wp-content/uploads/2021/07/newccnlogo2021.png",
        "tags": "culture",
        "country": "Cyprus",
        "countrycode": "CY",
        "iso_3166_2": null,
        "state": "",
        "language": "chinese",
        "languagecodes": "zh",
        "votes": 31,
        "lastchangetime": "2022-10-15 10:35:10",
        "lastchangetime_iso8601": "2022-10-15T10:35:10Z",
        "codec": "AAC,H.264",
        "bitrate": 883,
        "hls": 1,
        "lastcheckok": 1,
        "lastchecktime": "2023-04-08 08:04:03",
        "lastchecktime_iso8601": "2023-04-08T08:04:03Z",
        "lastcheckoktime": "2023-04-08 08:04:03",
        "lastcheckoktime_iso8601": "2023-04-08T08:04:03Z",
        "lastlocalchecktime": "2023-04-08 08:04:03",
        "lastlocalchecktime_iso8601": "2023-04-08T08:04:03Z",
        "clicktimestamp": "2023-04-07 00:56:27",
        "clicktimestamp_iso8601": "2023-04-07T00:56:27Z",
        "clickcount": 13,
        "clicktrend": -3,
        "ssl_error": 1,
        "geo_lat": null,
        "geo_long": null,
        "has_extended_info": false
    },
    {
        "changeuuid": "199e0442-44f9-4e99-b1df-bbcc9e9f19d8",
        "stationuuid": "9699f00f-7251-4f5b-b887-e20fe4b4d048",
        "serveruuid": "43cbcde8-4c77-4fe2-84c9-ac4cdc6e01db",
        "name": "Active 107.4",
        "url": "https://securestreams3.autopo.st:1417/active",
        "url_resolved": "https://securestreams3.autopo.st:1417/active",
        "homepage": "https://activeradio.com.cy/",
        "favicon": "",
        "tags": "local news,music",
        "country": "Cyprus",
        "countrycode": "CY",
        "iso_3166_2": null,
        "state": "",
        "language": "greek",
        "languagecodes": "el",
        "votes": 26,
        "lastchangetime": "2023-01-31 11:15:51",
        "lastchangetime_iso8601": "2023-01-31T11:15:51Z",
        "codec": "MP3",
        "bitrate": 128,
        "hls": 0,
        "lastcheckok": 1,
        "lastchecktime": "2023-04-07 20:55:08",
        "lastchecktime_iso8601": "2023-04-07T20:55:08Z",
        "lastcheckoktime": "2023-04-07 20:55:08",
        "lastcheckoktime_iso8601": "2023-04-07T20:55:08Z",
        "lastlocalchecktime": "2023-04-07 18:13:29",
        "lastlocalchecktime_iso8601": "2023-04-07T18:13:29Z",
        "clicktimestamp": "2023-04-08 13:34:59",
        "clicktimestamp_iso8601": "2023-04-08T13:34:59Z",
        "clickcount": 9,
        "clicktrend": -3,
        "ssl_error": 0,
        "geo_lat": 35.16974778076024,
        "geo_long": 33.36032867431641,
        "has_extended_info": false
    },
    {
        "changeuuid": "26baa99f-9159-4fdc-a947-c93279219e39",
        "stationuuid": "7e4413fa-02b1-4fe8-8579-9beae02da1a9",
        "serveruuid": "d078888a-a015-46db-884c-12e9a8b5000c",
        "name": "BigRigFm",
        "url": "https://radio.bigrig.fm/",
        "url_resolved": "https://radio.bigrig.fm/",
        "homepage": "https://bigrig.fm/",
        "favicon": "https://bigrig.fm/_nuxt/icons/icon_64x64.f65315.png",
        "tags": "",
        "country": "Cyprus",
        "countrycode": "CY",
        "iso_3166_2": null,
        "state": "",
        "language": "",
        "languagecodes": "",
        "votes": 21,
        "lastchangetime": "2022-05-12 10:26:10",
        "lastchangetime_iso8601": "2022-05-12T10:26:10Z",
        "codec": "MP3",
        "bitrate": 320,
        "hls": 0,
        "lastcheckok": 1,
        "lastchecktime": "2023-04-08 11:49:33",
        "lastchecktime_iso8601": "2023-04-08T11:49:33Z",
        "lastcheckoktime": "2023-04-08 11:49:33",
        "lastcheckoktime_iso8601": "2023-04-08T11:49:33Z",
        "lastlocalchecktime": "2023-04-08 11:49:33",
        "lastlocalchecktime_iso8601": "2023-04-08T11:49:33Z",
        "clicktimestamp": "2023-04-06 22:33:41",
        "clicktimestamp_iso8601": "2023-04-06T22:33:41Z",
        "clickcount": 8,
        "clicktrend": -2,
        "ssl_error": 1,
        "geo_lat": null,
        "geo_long": null,
        "has_extended_info": false
    },
    {
        "changeuuid": "df674c38-38ce-4e77-8d18-50bbf4011839",
        "stationuuid": "ec2d778d-cbb0-4e61-853b-b962e91254df",
        "serveruuid": "1b346b57-1a48-4b47-930e-286b57af6f31",
        "name": "Lemoni Radio",
        "url": "http://stream.radiojar.com/mw1xsf0dpnruv.mp3",
        "url_resolved": "http://n0c.radiojar.com/mw1xsf0dpnruv.mp3?rj-ttl=5&rj-tok=AAABh108P-4A2rstAOCm6tZ33A",
        "homepage": "https://lemoniradio.com/",
        "favicon": "https://lemoniradio.com/wp-content/uploads/cropped-Lemoni-LOGO-Energetic-zone-192x192.png",
        "tags": "",
        "country": "Cyprus",
        "countrycode": "CY",
        "iso_3166_2": null,
        "state": "Nicosia",
        "language": "english,greek",
        "languagecodes": "el,en",
        "votes": 16,
        "lastchangetime": "2022-11-19 09:15:32",
        "lastchangetime_iso8601": "2022-11-19T09:15:32Z",
        "codec": "MP3",
        "bitrate": 0,
        "hls": 0,
        "lastcheckok": 1,
        "lastchecktime": "2023-04-07 19:32:12",
        "lastchecktime_iso8601": "2023-04-07T19:32:12Z",
        "lastcheckoktime": "2023-04-07 19:32:12",
        "lastcheckoktime_iso8601": "2023-04-07T19:32:12Z",
        "lastlocalchecktime": "2023-04-07 19:32:12",
        "lastlocalchecktime_iso8601": "2023-04-07T19:32:12Z",
        "clicktimestamp": "2023-04-08 13:01:38",
        "clicktimestamp_iso8601": "2023-04-08T13:01:38Z",
        "clickcount": 15,
        "clicktrend": -1,
        "ssl_error": 0,
        "geo_lat": 35.1665839328888,
        "geo_long": 33.36177974939347,
        "has_extended_info": false
    },
    {
        "changeuuid": "fbf6de74-f21f-464e-9c06-67efad9990c8",
        "stationuuid": "8e6d9c0f-3a3e-4246-8d09-04cc241b5b2e",
        "serveruuid": "1c7b135c-8b7a-4909-a705-bc1d64c1df8c",
        "name": "_ 101.3 KIBRISIN SES\u0130 FM",
        "url": "https://canli.arabeskinmerkezi.com/9180/stream",
        "url_resolved": "https://canli.arabeskinmerkezi.com/9180/stream",
        "homepage": "https://www.arabeskinmerkezi.com/",
        "favicon": "",
        "tags": "pop,pop music",
        "country": "Cyprus",
        "countrycode": "CY",
        "iso_3166_2": null,
        "state": "Turkey",
        "language": "english,turkish,turkmen",
        "languagecodes": "en,tk,tr",
        "votes": 15,
        "lastchangetime": "2023-02-24 01:54:00",
        "lastchangetime_iso8601": "2023-02-24T01:54:00Z",
        "codec": "MP3",
        "bitrate": 128,
        "hls": 0,
        "lastcheckok": 1,
        "lastchecktime": "2023-04-08 12:13:03",
        "lastchecktime_iso8601": "2023-04-08T12:13:03Z",
        "lastcheckoktime": "2023-04-08 12:13:03",
        "lastcheckoktime_iso8601": "2023-04-08T12:13:03Z",
        "lastlocalchecktime": "2023-04-08 11:34:43",
        "lastlocalchecktime_iso8601": "2023-04-08T11:34:43Z",
        "clicktimestamp": "2023-04-07 09:52:32",
        "clicktimestamp_iso8601": "2023-04-07T09:52:32Z",
        "clickcount": 4,
        "clicktrend": -1,
        "ssl_error": 0,
        "geo_lat": null,
        "geo_long": null,
        "has_extended_info": false
    },
    {
        "changeuuid": "050f0dd0-e1bb-456d-b5cd-3766d77ef411",
        "stationuuid": "a440e2d9-37cf-4b4e-adb3-b94e65541f60",
        "serveruuid": "43cbcde8-4c77-4fe2-84c9-ac4cdc6e01db",
        "name": "Radio Sfera 102.2",
        "url": "https://securestreams3.autopo.st:1417/sfera",
        "url_resolved": "https://securestreams3.autopo.st:1417/sfera",
        "homepage": "https://sfera.com.cy/",
        "favicon": "https://sfera.com.cy/wp-content/uploads/2016/04/logo.png",
        "tags": "greek pop",
        "country": "Cyprus",
        "countrycode": "CY",
        "iso_3166_2": null,
        "state": "",
        "language": "greek",
        "languagecodes": "el",
        "votes": 10,
        "lastchangetime": "2023-05-25 16:11:55",
        "lastchangetime_iso8601": "2023-05-25T16:11:55Z",
        "codec": "MP3",
        "bitrate": 128,
        "hls": 0,
        "lastcheckok": 1,
        "lastchecktime": "2023-07-09 01:39:07",
        "lastchecktime_iso8601": "2023-07-09T01:39:07Z",
        "lastcheckoktime": "2023-07-09 01:39:07",
        "lastcheckoktime_iso8601": "2023-07-09T01:39:07Z",
        "lastlocalchecktime": "2023-07-09 01:39:07",
        "lastlocalchecktime_iso8601": "2023-07-09T01:39:07Z",
        "clicktimestamp": "2023-07-08 20:01:11",
        "clicktimestamp_iso8601": "2023-07-08T20:01:11Z",
        "clickcount": 26,
        "clicktrend": -1,
        "ssl_error": 0,
        "geo_lat": null,
        "geo_long": null,
        "has_extended_info": false
    },
    {
        "changeuuid": "3b92c1e8-552e-440d-8350-ec4a184316cb",
        "stationuuid": "971fa5d0-d566-438f-94fe-9af82e873471",
        "serveruuid": "4615deaa-166b-469b-b29c-5beab70e0ae8",
        "name": "Radio Proto",
        "url": "https://live3.istoikona.net:18191/stream",
        "url_resolved": "https://live3.istoikona.net:18191/stream",
        "homepage": "https://www.radioproto.com/",
        "favicon": "https://www.radioproto.com/favicon.ico",
        "tags": "pop music",
        "country": "Cyprus",
        "countrycode": "CY",
        "iso_3166_2": null,
        "state": "",
        "language": "english,greek",
        "languagecodes": "el,en",
        "votes": 0,
        "lastchangetime": "2023-06-19 15:00:20",
        "lastchangetime_iso8601": "2023-06-19T15:00:20Z",
        "codec": "MP3",
        "bitrate": 128,
        "hls": 0,
        "lastcheckok": 1,
        "lastchecktime": "2023-07-09 04:33:38",
        "lastchecktime_iso8601": "2023-07-09T04:33:38Z",
        "lastcheckoktime": "2023-07-09 04:33:38",
        "lastcheckoktime_iso8601": "2023-07-09T04:33:38Z",
        "lastlocalchecktime": "2023-07-09 04:33:38",
        "lastlocalchecktime_iso8601": "2023-07-09T04:33:38Z",
        "clicktimestamp": "2023-07-06 21:54:58",
        "clicktimestamp_iso8601": "2023-07-06T21:54:58Z",
        "clickcount": 5,
        "clicktrend": 0,
        "ssl_error": 0,
        "geo_lat": 35.15566821064625,
        "geo_long": 33.3341932296753,
        "has_extended_info": false
    },
    {
        "changeuuid": "76a3b250-bff9-4afd-8f9b-06a7f341afbe",
        "stationuuid": "9eba90af-2db9-4803-af1b-508656254c43",
        "serveruuid": "63b9ca9c-07e9-4c0f-8092-b7e50bfc8e4d",
        "name": "Chillout Breeze",
        "url": "https://listen.radionomy.com/chilloutbreeze",
        "url_resolved": "https://streamingp.shoutcast.com/JamendoLounge",
        "homepage": "http://www.chillout-zone.weebly.com/",
        "favicon": "https://chillout-zone.weebly.com/uploads/1/3/5/3/135315291/published/sports-betting.png?1625653629",
        "tags": "chillout",
        "country": "Cyprus",
        "countrycode": "CY",
        "iso_3166_2": null,
        "state": "",
        "language": "",
        "languagecodes": "",
        "votes": 0,
        "lastchangetime": "2023-07-08 12:34:29",
        "lastchangetime_iso8601": "2023-07-08T12:34:29Z",
        "codec": "MP3",
        "bitrate": 128,
        "hls": 0,
        "lastcheckok": 1,
        "lastchecktime": "2023-07-09 12:39:06",
        "lastchecktime_iso8601": "2023-07-09T12:39:06Z",
        "lastcheckoktime": "2023-07-09 12:39:06",
        "lastcheckoktime_iso8601": "2023-07-09T12:39:06Z",
        "lastlocalchecktime": "2023-07-09 12:35:01",
        "lastlocalchecktime_iso8601": "2023-07-09T12:35:01Z",
        "clicktimestamp": "2023-07-08 21:43:05",
        "clicktimestamp_iso8601": "2023-07-08T21:43:05Z",
        "clickcount": 4,
        "clicktrend": 0,
        "ssl_error": 0,
        "geo_lat": null,
        "geo_long": null,
        "has_extended_info": false
    },
    {
        "changeuuid": "43eff5cd-013f-4e74-951d-7a7c54f313c9",
        "stationuuid": "b44c85d2-8798-484a-906a-3042b3ca776d",
        "serveruuid": "33b64238-cf30-4630-828f-09597b0665c9",
        "name": "Astra 92,8",
        "url": "https://securestreams2.autopo.st:1106/stream",
        "url_resolved": "https://securestreams2.autopo.st:1106/stream",
        "homepage": "https://dialogos.com.cy/astra/",
        "favicon": "https://dialogos.com.cy/wp-content/themes/Newspaper-child/images/logo2.png",
        "tags": "",
        "country": "Cyprus",
        "countrycode": "CY",
        "iso_3166_2": null,
        "state": "",
        "language": "greek",
        "languagecodes": "el",
        "votes": 10,
        "lastchangetime": "2023-07-24 07:53:34",
        "lastchangetime_iso8601": "2023-07-24T07:53:34Z",
        "codec": "MP3",
        "bitrate": 128,
        "hls": 0,
        "lastcheckok": 1,
        "lastchecktime": "2023-09-03 10:59:25",
        "lastchecktime_iso8601": "2023-09-03T10:59:25Z",
        "lastcheckoktime": "2023-09-03 10:59:25",
        "lastcheckoktime_iso8601": "2023-09-03T10:59:25Z",
        "lastlocalchecktime": "2023-09-03 07:07:21",
        "lastlocalchecktime_iso8601": "2023-09-03T07:07:21Z",
        "clicktimestamp": "2023-09-03 11:34:10",
        "clicktimestamp_iso8601": "2023-09-03T11:34:10Z",
        "clickcount": 12,
        "clicktrend": 0,
        "ssl_error": 0,
        "geo_lat": null,
        "geo_long": null,
        "has_extended_info": false
    },
    {
        "changeuuid": "18c667f2-85ac-4a11-a672-2d7b61538ff1",
        "stationuuid": "5f9e8bee-c061-47d8-9fd7-9bb2dcf99c2f",
        "serveruuid": "f52605a0-9ae7-4d9f-b393-74c3a30a304b",
        "name": "Mix4.me uplifitng trance web radio",
        "url": "https://s9.webradio-hosting.com/proxy/mix4me/stream",
        "url_resolved": "https://s9.webradio-hosting.com/proxy/mix4me/stream",
        "homepage": "https://www.mix4.me/",
        "favicon": "https://www.mix4.me/favicon.ico",
        "tags": "balearic,cyprus,trance,uplifting trance",
        "country": "Cyprus",
        "countrycode": "CY",
        "iso_3166_2": null,
        "state": "",
        "language": "english",
        "languagecodes": "en",
        "votes": 1,
        "lastchangetime": "2023-09-02 11:47:53",
        "lastchangetime_iso8601": "2023-09-02T11:47:53Z",
        "codec": "MP3",
        "bitrate": 128,
        "hls": 0,
        "lastcheckok": 1,
        "lastchecktime": "2023-09-03 11:50:34",
        "lastchecktime_iso8601": "2023-09-03T11:50:34Z",
        "lastcheckoktime": "2023-09-03 11:50:34",
        "lastcheckoktime_iso8601": "2023-09-03T11:50:34Z",
        "lastlocalchecktime": "2023-09-03 11:50:34",
        "lastlocalchecktime_iso8601": "2023-09-03T11:50:34Z",
        "clicktimestamp": "2023-09-02 16:52:26",
        "clicktimestamp_iso8601": "2023-09-02T16:52:26Z",
        "clickcount": 6,
        "clicktrend": -4,
        "ssl_error": 0,
        "geo_lat": null,
        "geo_long": null,
        "has_extended_info": false
    },
    {
        "changeuuid": "b7023158-506d-481c-a529-4662b269a3c0",
        "stationuuid": "baeb8dbd-ae64-47b3-9e0c-cbdde4e408f4",
        "serveruuid": "757e116c-bb85-4eb1-b6d5-5d0d91ba807f",
        "name": "DIMusic Trance Club ",
        "url": "http://stream2.dimusic.club:11499/dim2",
        "url_resolved": "http://stream2.dimusic.club:11499/dim2",
        "homepage": "http://dimusic.club/",
        "favicon": "https://firebasestorage.googleapis.com/v0/b/radiogalaxy-580f4.appspot.com/o/images%2FIMG_20230809_211020143.jpg?alt=media&token=0497b980-0236-4ad0-9b0e-412514c45a44",
        "tags": "music,trance,trancemusic",
        "country": "Cyprus",
        "countrycode": "CY",
        "iso_3166_2": null,
        "state": "",
        "language": "english",
        "languagecodes": "en",
        "votes": 1,
        "lastchangetime": "2023-08-28 19:02:47",
        "lastchangetime_iso8601": "2023-08-28T19:02:47Z",
        "codec": "AAC+",
        "bitrate": 96,
        "hls": 0,
        "lastcheckok": 1,
        "lastchecktime": "2023-09-02 19:08:33",
        "lastchecktime_iso8601": "2023-09-02T19:08:33Z",
        "lastcheckoktime": "2023-09-02 19:08:33",
        "lastcheckoktime_iso8601": "2023-09-02T19:08:33Z",
        "lastlocalchecktime": "2023-09-02 19:05:26",
        "lastlocalchecktime_iso8601": "2023-09-02T19:05:26Z",
        "clicktimestamp": "2023-09-03 05:07:24",
        "clicktimestamp_iso8601": "2023-09-03T05:07:24Z",
        "clickcount": 5,
        "clicktrend": 0,
        "ssl_error": 0,
        "geo_lat": null,
        "geo_long": null,
        "has_extended_info": false
    },
    {
        "changeuuid": "76b6e6c4-a9e1-4ea1-9784-4543e8954f93",
        "stationuuid": "b64686da-19c2-419b-8371-6d4aeb3b5e9e",
        "serveruuid": "89faa9e4-76b0-48b5-8e0f-6a1b08f56840",
        "name": "Mix4.me uplifitng trance web radio",
        "url": "http://142.132.213.6:8497/stream",
        "url_resolved": "http://142.132.213.6:8497/stream",
        "homepage": "https://www.mix4.me/",
        "favicon": "https://www.mix4.me/favicon.ico",
        "tags": "progressive trance,trance,uplifting trance,vocal trance",
        "country": "Cyprus",
        "countrycode": "CY",
        "iso_3166_2": null,
        "state": "",
        "language": "english",
        "languagecodes": "en",
        "votes": 0,
        "lastchangetime": "2023-09-02 11:45:27",
        "lastchangetime_iso8601": "2023-09-02T11:45:27Z",
        "codec": "MP3",
        "bitrate": 128,
        "hls": 0,
        "lastcheckok": 1,
        "lastchecktime": "2023-09-03 11:48:11",
        "lastchecktime_iso8601": "2023-09-03T11:48:11Z",
        "lastcheckoktime": "2023-09-03 11:48:11",
        "lastcheckoktime_iso8601": "2023-09-03T11:48:11Z",
        "lastlocalchecktime": "2023-09-03 11:48:11",
        "lastlocalchecktime_iso8601": "2023-09-03T11:48:11Z",
        "clicktimestamp": "2023-09-02 12:21:45",
        "clicktimestamp_iso8601": "2023-09-02T12:21:45Z",
        "clickcount": 5,
        "clicktrend": -5,
        "ssl_error": 0,
        "geo_lat": null,
        "geo_long": null,
        "has_extended_info": false
    },
    {
        "changeuuid": "ba66e2b4-3ce2-44d6-ac19-f4664fe971d7",
        "stationuuid": "caeab5d2-73f4-4a20-a092-c8146508e67c",
        "serveruuid": "89faa9e4-76b0-48b5-8e0f-6a1b08f56840",
        "name": "Mix4.me uplifitng trance web radio",
        "url": "http://142.132.213.6:8497/stream",
        "url_resolved": "http://142.132.213.6:8497/stream",
        "homepage": "https://www.mix4.me/",
        "favicon": "https://www.mix4.me/logo_mix4.me.png",
        "tags": "progressive trance,trance,uplifting trance,vocal trance",
        "country": "Cyprus",
        "countrycode": "CY",
        "iso_3166_2": null,
        "state": "",
        "language": "english",
        "languagecodes": "en",
        "votes": 6,
        "lastchangetime": "2023-11-05 05:03:40",
        "lastchangetime_iso8601": "2023-11-05T05:03:40Z",
        "codec": "MP3",
        "bitrate": 128,
        "hls": 0,
        "lastcheckok": 1,
        "lastchecktime": "2023-11-07 17:31:52",
        "lastchecktime_iso8601": "2023-11-07T17:31:52Z",
        "lastcheckoktime": "2023-11-07 17:31:52",
        "lastcheckoktime_iso8601": "2023-11-07T17:31:52Z",
        "lastlocalchecktime": "2023-11-07 17:31:52",
        "lastlocalchecktime_iso8601": "2023-11-07T17:31:52Z",
        "clicktimestamp": "2023-11-07 13:13:09",
        "clicktimestamp_iso8601": "2023-11-07T13:13:09Z",
        "clickcount": 17,
        "clicktrend": -3,
        "ssl_error": 0,
        "geo_lat": null,
        "geo_long": null,
        "has_extended_info": false
    },
    {
        "changeuuid": "e81e197d-4482-4f51-9241-0fce131019da",
        "stationuuid": "0976c27f-bc69-4375-a885-ff721add7dc7",
        "serveruuid": "f52605a0-9ae7-4d9f-b393-74c3a30a304b",
        "name": "Mix4.me uplifitng trance web radio",
        "url": "https://s9.webradio-hosting.com/proxy/mix4me/stream",
        "url_resolved": "https://s9.webradio-hosting.com/proxy/mix4me/stream",
        "homepage": "https://www.mix4.me/",
        "favicon": "https://www.mix4.me/logo_mix4.me.png",
        "tags": "balearic,cyprus,trance,uplifting trance",
        "country": "Cyprus",
        "countrycode": "CY",
        "iso_3166_2": null,
        "state": "",
        "language": "english",
        "languagecodes": "en",
        "votes": 5,
        "lastchangetime": "2023-11-05 03:54:47",
        "lastchangetime_iso8601": "2023-11-05T03:54:47Z",
        "codec": "MP3",
        "bitrate": 128,
        "hls": 0,
        "lastcheckok": 1,
        "lastchecktime": "2023-11-07 17:25:27",
        "lastchecktime_iso8601": "2023-11-07T17:25:27Z",
        "lastcheckoktime": "2023-11-07 17:25:27",
        "lastcheckoktime_iso8601": "2023-11-07T17:25:27Z",
        "lastlocalchecktime": "2023-11-07 17:25:27",
        "lastlocalchecktime_iso8601": "2023-11-07T17:25:27Z",
        "clicktimestamp": "2023-11-07 15:35:09",
        "clicktimestamp_iso8601": "2023-11-07T15:35:09Z",
        "clickcount": 10,
        "clicktrend": -1,
        "ssl_error": 0,
        "geo_lat": null,
        "geo_long": null,
        "has_extended_info": false
    }
]