[
    {
        "changeuuid": "dcaaf7dd-50eb-4890-9644-56fea66cbf48",
        "stationuuid": "42aaf446-c042-4c0d-8fff-966b4d8773f6",
        "serveruuid": "12a31c59-5988-4881-a4b5-858a6691944f",
        "name": "Fabulosa 96.7",
        "url": "https://bostonstreaminge.net/8006/stream",
        "url_resolved": "https://bostonstreaminge.net/8006/stream",
        "homepage": "https://fabulosafm.com/",
        "favicon": "",
        "tags": "96.7,96.7 fm,music",
        "country": "Dominica",
        "countrycode": "DM",
        "iso_3166_2": null,
        "state": "",
        "language": "spanish",
        "languagecodes": "es",
        "votes": 19,
        "lastchangetime": "2022-12-07 06:57:17",
        "lastchangetime_iso8601": "2022-12-07T06:57:17Z",
        "codec": "MP3",
        "bitrate": 128,
        "hls": 0,
        "lastcheckok": 1,
        "lastchecktime": "2023-04-07 18:55:55",
        "lastchecktime_iso8601": "2023-04-07T18:55:55Z",
        "lastcheckoktime": "2023-04-07 18:55:55",
        "lastcheckoktime_iso8601": "2023-04-07T18:55:55Z",
        "lastlocalchecktime": "2023-04-07 16:40:05",
        "lastlocalchecktime_iso8601": "2023-04-07T16:40:05Z",
        "clicktimestamp": "2023-04-07 20:09:49",
        "clicktimestamp_iso8601": "2023-04-07T20:09:49Z",
        "clickcount": 12,
        "clicktrend": 1,
        "ssl_error": 0,
        "geo_lat": null,
        "geo_long": null,
        "has_extended_info": false
    }
]