[
    {
        "changeuuid": "2ce2f7d7-b35e-4c64-96b3-b25b54eef6aa",
        "stationuuid": "96104f13-0601-11e8-ae97-52543be04c81",
        "serveruuid": "762f5198-815c-42cd-b2c0-dacc9341dbbc",
        "name": "Radio Masr 88.7",
        "url": "http://streaming.radio.co/scc13a6b96/listen",
        "url_resolved": "http://streaming.radio.co/scc13a6b96/listen",
        "homepage": "http://www.radiomasr.net/",
        "favicon": "https://lh4.ggpht.com/1wkXSH2IUHQfvtsXh0boaH8w-WaJlAH7sUiS9mPOJl6kCs21AbrfjqaZkXqXKVqx1A=w300",
        "tags": "",
        "country": "Egypt",
        "countrycode": "EG",
        "iso_3166_2": null,
        "state": "Cairo",
        "language": "arabic",
        "languagecodes": "ar",
        "votes": 10112,
        "lastchangetime": "2022-03-28 11:18:59",
        "lastchangetime_iso8601": "2022-03-28T11:18:59Z",
        "codec": "AAC",
        "bitrate": 128,
        "hls": 0,
        "lastcheckok": 1,
        "lastchecktime": "2023-04-08 09:18:56",
        "lastchecktime_iso8601": "2023-04-08T09:18:56Z",
        "lastcheckoktime": "2023-04-08 09:18:56",
        "lastcheckoktime_iso8601": "2023-04-08T09:18:56Z",
        "lastlocalchecktime": "2023-04-07 19:34:12",
        "lastlocalchecktime_iso8601": "2023-04-07T19:34:12Z",
        "clicktimestamp": "2023-04-08 14:15:00",
        "clicktimestamp_iso8601": "2023-04-08T14:15:00Z",
        "clickcount": 1157,
        "clicktrend": -9,
        "ssl_error": 0,
        "geo_lat": null,
        "geo_long": null,
        "has_extended_info": false
    },
    {
        "changeuuid": "3694b1a3-11c9-45b3-90ec-996d46a84608",
        "stationuuid": "8e63e8b6-4e70-4bc0-9f5d-07e8477a4480",
        "serveruuid": "5787ea97-0ad5-43d0-8b29-544fa39c82a7",
        "name": "\u0625\u0630\u0627\u0639\u0629 \u0627\u0644\u0642\u0631\u0622\u0646 \u0627\u0644\u0643\u0631\u064a\u0645 \u0645\u0646 \u0627\u0644\u0642\u0627\u0647\u0631\u0629",
        "url": "http://n12.radiojar.com/8s5u5tpdtwzuv?listening-from-radio-garden=1620219571863&rj-tok=AAABeTyl2zYARSWbLVnrEOlqGw&rj-ttl=5",
        "url_resolved": "http://n02.radiojar.com/8s5u5tpdtwzuv?listening-from-radio-garden=1620219571863&rj-ttl=5&rj-tok=AAABh11oG0oACS49jtFZD23Kug",
        "homepage": "http://n12.radiojar.com/8s5u5tpdtwzuv?listening-from-radio-garden=1620219571863&rj-tok=AAABeTyl2zYARSWbLVnrEOlqGw&rj-ttl=5",
        "favicon": "https://encrypted-tbn0.gstatic.com/images?q=tbn:ANd9GcRLDeG4UfceNKx39_KEr8RQhM3QX5kSdpK6zQ&usqp=CAU",
        "tags": "\u0627\u0633\u0644\u0627\u0645\u064a,\u062f\u064a\u0646",
        "country": "Egypt",
        "countrycode": "EG",
        "iso_3166_2": null,
        "state": "Cairo",
        "language": "arabic,\u0639\u0631\u0628\u064a",
        "languagecodes": "ar",
        "votes": 8967,
        "lastchangetime": "2022-05-15 20:00:34",
        "lastchangetime_iso8601": "2022-05-15T20:00:34Z",
        "codec": "MP3",
        "bitrate": 0,
        "hls": 0,
        "lastcheckok": 1,
        "lastchecktime": "2023-04-07 20:18:59",
        "lastchecktime_iso8601": "2023-04-07T20:18:59Z",
        "lastcheckoktime": "2023-04-07 20:18:59",
        "lastcheckoktime_iso8601": "2023-04-07T20:18:59Z",
        "lastlocalchecktime": "2023-04-07 20:18:59",
        "lastlocalchecktime_iso8601": "2023-04-07T20:18:59Z",
        "clicktimestamp": "2023-04-08 14:19:53",
        "clicktimestamp_iso8601": "2023-04-08T14:19:53Z",
        "clickcount": 1810,
        "clicktrend": -15,
        "ssl_error": 0,
        "geo_lat": 30.025342258617435,
        "geo_long": 31.231226086165233,
        "has_extended_info": false
    },
    {
        "changeuuid": "c0f5cc63-2fda-49ba-8766-68de9168ec6b",
        "stationuuid": "961a5858-0601-11e8-ae97-52543be04c81",
        "serveruuid": "34007e69-10d3-4e17-b706-537babbea914",
        "name": "Radio 9090 90.9",
        "url": "http://9090streaming.mobtada.com/9090FMEGYPT",
        "url_resolved": "https://9090streaming.mobtada.com/9090FMEGYPT",
        "homepage": "http://www.9090.fm/",
        "favicon": "",
        "tags": "",
        "country": "Egypt",
        "countrycode": "EG",
        "iso_3166_2": null,
        "state": "Cairo",
        "language": "arabic",
        "languagecodes": "ar",
        "votes": 8364,
        "lastchangetime": "2023-03-20 07:25:15",
        "lastchangetime_iso8601": "2023-03-20T07:25:15Z",
        "codec": "MP3",
        "bitrate": 64,
        "hls": 0,
        "lastcheckok": 1,
        "lastchecktime": "2023-04-08 10:20:51",
        "lastchecktime_iso8601": "2023-04-08T10:20:51Z",
        "lastcheckoktime": "2023-04-08 10:20:51",
        "lastcheckoktime_iso8601": "2023-04-08T10:20:51Z",
        "lastlocalchecktime": "2023-04-07 18:28:41",
        "lastlocalchecktime_iso8601": "2023-04-07T18:28:41Z",
        "clicktimestamp": "2023-04-08 14:23:32",
        "clicktimestamp_iso8601": "2023-04-08T14:23:32Z",
        "clickcount": 1556,
        "clicktrend": -12,
        "ssl_error": 0,
        "geo_lat": null,
        "geo_long": null,
        "has_extended_info": false
    },
    {
        "changeuuid": "ebb51861-5f43-4162-aec0-65c40fac4b5d",
        "stationuuid": "96498332-0601-11e8-ae97-52543be04c81",
        "serveruuid": "537c7eef-266e-45bd-89bb-2120d72640f3",
        "name": "Radio Sawa Egypt",
        "url": "https://mbn-channel-03.akacast.akamaistream.net/7/31/233452/v1/ibb.akacast.akamaistream.net/mbn_channel_03?download=1",
        "url_resolved": "https://n0a.radiojar.com/vzvy3r5na3quv?download=1&rj-tok=AAABh2CfUKIAqkNlmq2fA5xvuw&rj-ttl=5",
        "homepage": "https://www.radiosawa.com/a/404770.html",
        "favicon": "",
        "tags": "",
        "country": "Egypt",
        "countrycode": "EG",
        "iso_3166_2": null,
        "state": "",
        "language": "arabic",
        "languagecodes": "ar",
        "votes": 6395,
        "lastchangetime": "2022-03-28 14:38:46",
        "lastchangetime_iso8601": "2022-03-28T14:38:46Z",
        "codec": "MP3",
        "bitrate": 0,
        "hls": 0,
        "lastcheckok": 1,
        "lastchecktime": "2023-04-08 11:21:00",
        "lastchecktime_iso8601": "2023-04-08T11:21:00Z",
        "lastcheckoktime": "2023-04-08 11:21:00",
        "lastcheckoktime_iso8601": "2023-04-08T11:21:00Z",
        "lastlocalchecktime": "2023-04-07 18:34:00",
        "lastlocalchecktime_iso8601": "2023-04-07T18:34:00Z",
        "clicktimestamp": "2023-04-08 14:08:45",
        "clicktimestamp_iso8601": "2023-04-08T14:08:45Z",
        "clickcount": 413,
        "clicktrend": -1,
        "ssl_error": 0,
        "geo_lat": null,
        "geo_long": null,
        "has_extended_info": false
    },
    {
        "changeuuid": "29148406-ad0d-41a4-a390-f7ac56b456b7",
        "stationuuid": "2104e3a4-cd98-41f0-b7aa-1354c8ebfc98",
        "serveruuid": "ad3fd962-eb39-4fd7-863f-f08b5355ae82",
        "name": "MEGA FM",
        "url": "http://nebula.shoutca.st:8211/mp3",
        "url_resolved": "http://nebula.shoutca.st:8211/mp3",
        "homepage": "https://www.megafmonline.com/megafm-live/",
        "favicon": "https://img6.wsimg.com/ux/favicon/apple-icon-120x120.png",
        "tags": "",
        "country": "Egypt",
        "countrycode": "EG",
        "iso_3166_2": null,
        "state": "",
        "language": "",
        "languagecodes": "",
        "votes": 6255,
        "lastchangetime": "2022-12-17 17:01:16",
        "lastchangetime_iso8601": "2022-12-17T17:01:16Z",
        "codec": "MP3",
        "bitrate": 128,
        "hls": 0,
        "lastcheckok": 1,
        "lastchecktime": "2023-04-08 00:40:25",
        "lastchecktime_iso8601": "2023-04-08T00:40:25Z",
        "lastcheckoktime": "2023-04-08 00:40:25",
        "lastcheckoktime_iso8601": "2023-04-08T00:40:25Z",
        "lastlocalchecktime": "2023-04-07 16:16:25",
        "lastlocalchecktime_iso8601": "2023-04-07T16:16:25Z",
        "clicktimestamp": "2023-04-08 14:10:38",
        "clicktimestamp_iso8601": "2023-04-08T14:10:38Z",
        "clickcount": 750,
        "clicktrend": 4,
        "ssl_error": 0,
        "geo_lat": null,
        "geo_long": null,
        "has_extended_info": false
    },
    {
        "changeuuid": "6a380552-8ceb-4f41-bcca-bd7947ea1959",
        "stationuuid": "48e6484d-54a7-4ee1-a797-ba4f8cb8ec6f",
        "serveruuid": "700c7f94-8fd7-4d34-b366-efeec868f290",
        "name": "Banha City FM",
        "url": "http://whsh4u-panel.com:14113/stream",
        "url_resolved": "http://whsh4u-panel.com:14113/stream",
        "homepage": "http://banhacity.com/",
        "favicon": "",
        "tags": "",
        "country": "Egypt",
        "countrycode": "EG",
        "iso_3166_2": null,
        "state": "Cairo",
        "language": "arabic",
        "languagecodes": "ar",
        "votes": 4094,
        "lastchangetime": "2022-05-17 18:55:18",
        "lastchangetime_iso8601": "2022-05-17T18:55:18Z",
        "codec": "MP3",
        "bitrate": 128,
        "hls": 0,
        "lastcheckok": 1,
        "lastchecktime": "2023-04-08 04:13:13",
        "lastchecktime_iso8601": "2023-04-08T04:13:13Z",
        "lastcheckoktime": "2023-04-08 04:13:13",
        "lastcheckoktime_iso8601": "2023-04-08T04:13:13Z",
        "lastlocalchecktime": "2023-04-07 20:18:59",
        "lastlocalchecktime_iso8601": "2023-04-07T20:18:59Z",
        "clicktimestamp": "2023-04-08 14:11:55",
        "clicktimestamp_iso8601": "2023-04-08T14:11:55Z",
        "clickcount": 321,
        "clicktrend": 11,
        "ssl_error": 0,
        "geo_lat": null,
        "geo_long": null,
        "has_extended_info": false
    },
    {
        "changeuuid": "c0e7ac0c-0391-42b2-9dad-e32e2723b24f",
        "stationuuid": "3f5d8a52-dea9-4201-9575-a58adc8e9263",
        "serveruuid": "23d8178f-4867-4d3b-ad10-8599a46ec7bb",
        "name": "\u0625\u0630\u0627\u0639\u0629 \u0645\u062d\u0645\u0648\u062f \u062e\u0644\u064a\u0644 \u0627\u0644\u062d\u0635\u0631\u064a",
        "url": "https://qurango.net/radio/mahmoud_khalil_alhussary_warsh",
        "url_resolved": "https://qurango.net/radio/mahmoud_khalil_alhussary_warsh",
        "homepage": "http://www.phantomsw.com/",
        "favicon": "http://www.phantomsw.com/assets/img/apple-touch-icon.png",
        "tags": "",
        "country": "Egypt",
        "countrycode": "EG",
        "iso_3166_2": null,
        "state": "",
        "language": "arabic",
        "languagecodes": "ar",
        "votes": 3286,
        "lastchangetime": "2022-09-02 01:03:14",
        "lastchangetime_iso8601": "2022-09-02T01:03:14Z",
        "codec": "MP3",
        "bitrate": 128,
        "hls": 0,
        "lastcheckok": 1,
        "lastchecktime": "2023-04-08 02:47:27",
        "lastchecktime_iso8601": "2023-04-08T02:47:27Z",
        "lastcheckoktime": "2023-04-08 02:47:27",
        "lastcheckoktime_iso8601": "2023-04-08T02:47:27Z",
        "lastlocalchecktime": "2023-04-07 16:27:51",
        "lastlocalchecktime_iso8601": "2023-04-07T16:27:51Z",
        "clicktimestamp": "2023-04-08 14:14:49",
        "clicktimestamp_iso8601": "2023-04-08T14:14:49Z",
        "clickcount": 436,
        "clicktrend": -7,
        "ssl_error": 0,
        "geo_lat": null,
        "geo_long": null,
        "has_extended_info": false
    },
    {
        "changeuuid": "85d49f36-e460-4c90-bd27-b9e790e6841e",
        "stationuuid": "9584bb91-ccb6-4f84-b310-ebef6b701bec",
        "serveruuid": "5c779745-90b8-42d9-8d82-c1aaa66260c1",
        "name": "\u0625\u0630\u0627\u0639\u0629 \u0627\u0644\u0634\u064a\u062e \u0623\u062d\u0645\u062f \u0627\u0644\u0639\u062c\u0645\u064a \u0628\u0631\u0648\u0627\u064a\u0629 \u062d\u0641\u0635",
        "url": "http://server2.quraan.us:9852/;*.mp3",
        "url_resolved": "http://server2.quraan.us:9852/;*.mp3",
        "homepage": "http://quran.com.kw/",
        "favicon": "http://quran.com.kw/favicon.ico",
        "tags": "quran station",
        "country": "Egypt",
        "countrycode": "EG",
        "iso_3166_2": null,
        "state": "",
        "language": "arabic",
        "languagecodes": "ar",
        "votes": 3049,
        "lastchangetime": "2022-12-19 06:55:00",
        "lastchangetime_iso8601": "2022-12-19T06:55:00Z",
        "codec": "MP3",
        "bitrate": 64,
        "hls": 0,
        "lastcheckok": 1,
        "lastchecktime": "2023-04-08 11:21:00",
        "lastchecktime_iso8601": "2023-04-08T11:21:00Z",
        "lastcheckoktime": "2023-04-08 11:21:00",
        "lastcheckoktime_iso8601": "2023-04-08T11:21:00Z",
        "lastlocalchecktime": "2023-04-07 18:00:39",
        "lastlocalchecktime_iso8601": "2023-04-07T18:00:39Z",
        "clicktimestamp": "2023-04-08 14:08:09",
        "clicktimestamp_iso8601": "2023-04-08T14:08:09Z",
        "clickcount": 327,
        "clicktrend": -3,
        "ssl_error": 0,
        "geo_lat": null,
        "geo_long": null,
        "has_extended_info": false
    },
    {
        "changeuuid": "20326baf-b965-47c9-a236-b138f070d462",
        "stationuuid": "8bee6f3f-5bbd-4a2a-9cb9-0b75063f35b2",
        "serveruuid": "23d8178f-4867-4d3b-ad10-8599a46ec7bb",
        "name": "---\u062a\u0631\u0627\u062a\u064a\u0644 \u0642\u0635\u064a\u0631\u0629 \u0645\u062a\u0645\u064a\u0632\u0629---",
        "url": "https://qurango.net/radio/tarateel",
        "url_resolved": "https://qurango.net/radio/tarateel",
        "homepage": "http://www.phantomsw.com/",
        "favicon": "http://www.phantomsw.com/assets/img/apple-touch-icon.png",
        "tags": "\u0642\u0631\u0627\u0646 \u0643\u0631\u064a\u0645",
        "country": "Egypt",
        "countrycode": "EG",
        "iso_3166_2": null,
        "state": "",
        "language": "arabic",
        "languagecodes": "ar",
        "votes": 2514,
        "lastchangetime": "2022-09-04 05:08:21",
        "lastchangetime_iso8601": "2022-09-04T05:08:21Z",
        "codec": "MP3",
        "bitrate": 128,
        "hls": 0,
        "lastcheckok": 1,
        "lastchecktime": "2023-04-08 02:47:27",
        "lastchecktime_iso8601": "2023-04-08T02:47:27Z",
        "lastcheckoktime": "2023-04-08 02:47:27",
        "lastcheckoktime_iso8601": "2023-04-08T02:47:27Z",
        "lastlocalchecktime": "2023-04-07 18:48:19",
        "lastlocalchecktime_iso8601": "2023-04-07T18:48:19Z",
        "clicktimestamp": "2023-04-08 12:42:05",
        "clicktimestamp_iso8601": "2023-04-08T12:42:05Z",
        "clickcount": 250,
        "clicktrend": -2,
        "ssl_error": 0,
        "geo_lat": null,
        "geo_long": null,
        "has_extended_info": false
    },
    {
        "changeuuid": "f6ef5617-2002-4314-81d3-907afd45efd1",
        "stationuuid": "0b14ae20-92b3-4db7-834f-ee6ba39ad080",
        "serveruuid": "23d8178f-4867-4d3b-ad10-8599a46ec7bb",
        "name": " \u0625\u0630\u0627\u0639\u0629 \u0645\u0634\u0627\u0631\u064a \u0627\u0644\u0639\u0641\u0627\u0633\u064a",
        "url": "https://qurango.net/radio/mishary_alafasi",
        "url_resolved": "https://qurango.net/radio/mishary_alafasi",
        "homepage": "http://www.phantomsw.com/",
        "favicon": "http://www.phantomsw.com/assets/img/apple-touch-icon.png",
        "tags": "",
        "country": "Egypt",
        "countrycode": "EG",
        "iso_3166_2": null,
        "state": "",
        "language": "arabic",
        "languagecodes": "ar",
        "votes": 2395,
        "lastchangetime": "2022-05-15 20:00:34",
        "lastchangetime_iso8601": "2022-05-15T20:00:34Z",
        "codec": "MP3",
        "bitrate": 128,
        "hls": 0,
        "lastcheckok": 1,
        "lastchecktime": "2023-04-08 07:51:17",
        "lastchecktime_iso8601": "2023-04-08T07:51:17Z",
        "lastcheckoktime": "2023-04-08 07:51:17",
        "lastcheckoktime_iso8601": "2023-04-08T07:51:17Z",
        "lastlocalchecktime": "2023-04-07 15:51:57",
        "lastlocalchecktime_iso8601": "2023-04-07T15:51:57Z",
        "clicktimestamp": "2023-04-08 13:13:00",
        "clicktimestamp_iso8601": "2023-04-08T13:13:00Z",
        "clickcount": 671,
        "clicktrend": 1,
        "ssl_error": 0,
        "geo_lat": null,
        "geo_long": null,
        "has_extended_info": false
    },
    {
        "changeuuid": "103947fb-64de-49fd-9096-1fe028c9381d",
        "stationuuid": "dc074034-c3a4-11e8-aaf2-52543be04c81",
        "serveruuid": "9e53d237-d059-4121-b1d1-5398d5300b5f",
        "name": "\u0631\u0627\u062f\u064a\u0648 \u0637\u064a\u0628\u0629",
        "url": "http://s1.voscast.com:10026/;",
        "url_resolved": "http://s1.voscast.com:10026/;",
        "homepage": "http://s1.voscast.com:10026/;",
        "favicon": "https://www.liveonlineradio.net/wp-content/uploads/2015/03/Tiba-Radio.jpg",
        "tags": "",
        "country": "Egypt",
        "countrycode": "EG",
        "iso_3166_2": null,
        "state": "",
        "language": "arabic",
        "languagecodes": "ar",
        "votes": 2390,
        "lastchangetime": "2022-03-28 10:08:45",
        "lastchangetime_iso8601": "2022-03-28T10:08:45Z",
        "codec": "AAC+",
        "bitrate": 64,
        "hls": 0,
        "lastcheckok": 1,
        "lastchecktime": "2023-04-08 02:06:42",
        "lastchecktime_iso8601": "2023-04-08T02:06:42Z",
        "lastcheckoktime": "2023-04-08 02:06:42",
        "lastcheckoktime_iso8601": "2023-04-08T02:06:42Z",
        "lastlocalchecktime": "2023-04-07 19:46:33",
        "lastlocalchecktime_iso8601": "2023-04-07T19:46:33Z",
        "clicktimestamp": "2023-04-08 11:46:04",
        "clicktimestamp_iso8601": "2023-04-08T11:46:04Z",
        "clickcount": 193,
        "clicktrend": -13,
        "ssl_error": 0,
        "geo_lat": null,
        "geo_long": null,
        "has_extended_info": false
    },
    {
        "changeuuid": "dd6ae522-d625-40ad-9843-73561874394d",
        "stationuuid": "0155ec12-7308-468a-88dc-fcbd440e01da",
        "serveruuid": "23d8178f-4867-4d3b-ad10-8599a46ec7bb",
        "name": "\u0625\u0630\u0627\u0639\u0629 \u0645\u0635\u0637\u0641\u0649 \u0625\u0633\u0645\u0627\u0639\u064a\u0644",
        "url": "https://qurango.net/radio/mustafa_ismail",
        "url_resolved": "https://qurango.net/radio/mustafa_ismail",
        "homepage": "http://www.phantomsw.com/",
        "favicon": "http://www.phantomsw.com/assets/img/apple-touch-icon.png",
        "tags": "",
        "country": "Egypt",
        "countrycode": "EG",
        "iso_3166_2": null,
        "state": "",
        "language": "arabic",
        "languagecodes": "ar",
        "votes": 2389,
        "lastchangetime": "2022-10-07 10:40:23",
        "lastchangetime_iso8601": "2022-10-07T10:40:23Z",
        "codec": "MP3",
        "bitrate": 128,
        "hls": 0,
        "lastcheckok": 1,
        "lastchecktime": "2023-04-08 10:25:23",
        "lastchecktime_iso8601": "2023-04-08T10:25:23Z",
        "lastcheckoktime": "2023-04-08 10:25:23",
        "lastcheckoktime_iso8601": "2023-04-08T10:25:23Z",
        "lastlocalchecktime": "2023-04-08 10:25:23",
        "lastlocalchecktime_iso8601": "2023-04-08T10:25:23Z",
        "clicktimestamp": "2023-04-08 13:24:04",
        "clicktimestamp_iso8601": "2023-04-08T13:24:04Z",
        "clickcount": 308,
        "clicktrend": -3,
        "ssl_error": 0,
        "geo_lat": null,
        "geo_long": null,
        "has_extended_info": false
    },
    {
        "changeuuid": "fbb21c3b-eed3-4523-b608-392d6c2650d9",
        "stationuuid": "23754a47-c75e-11e8-a54a-52543be04c81",
        "serveruuid": "0ebb406d-730e-45dc-94d4-aadd4b5a1366",
        "name": "Radio \u0627\u0644\u0642\u0627\u0631\u0626 \u0639\u0644\u064a \u062d\u062c\u0627\u062c \u0627\u0644\u0633\u0648\u064a\u0633\u064a",
        "url": "http://live.mp3quran.net:9842/",
        "url_resolved": "http://live.mp3quran.net:9842/",
        "homepage": "http://live.mp3quran.net:9842/",
        "favicon": "",
        "tags": "\u0627\u0644\u0642\u0631\u0622\u0646,\u0627\u0644\u0642\u0631\u0622\u0646 \u0627\u0644\u0643\u0631\u064a\u0645",
        "country": "Egypt",
        "countrycode": "EG",
        "iso_3166_2": null,
        "state": "",
        "language": "arabic",
        "languagecodes": "ar",
        "votes": 2377,
        "lastchangetime": "2022-03-28 10:08:45",
        "lastchangetime_iso8601": "2022-03-28T10:08:45Z",
        "codec": "MP3",
        "bitrate": 128,
        "hls": 0,
        "lastcheckok": 1,
        "lastchecktime": "2023-04-08 02:01:36",
        "lastchecktime_iso8601": "2023-04-08T02:01:36Z",
        "lastcheckoktime": "2023-04-08 02:01:36",
        "lastcheckoktime_iso8601": "2023-04-08T02:01:36Z",
        "lastlocalchecktime": "2023-04-07 17:57:14",
        "lastlocalchecktime_iso8601": "2023-04-07T17:57:14Z",
        "clicktimestamp": "2023-04-08 12:32:59",
        "clicktimestamp_iso8601": "2023-04-08T12:32:59Z",
        "clickcount": 189,
        "clicktrend": 0,
        "ssl_error": 0,
        "geo_lat": null,
        "geo_long": null,
        "has_extended_info": false
    },
    {
        "changeuuid": "91851849-bfb0-46e8-9bcb-974c1c1a3539",
        "stationuuid": "b16f3725-c2a3-4205-80d4-98ac7c48baa6",
        "serveruuid": "151d25a9-0cd4-4928-b917-c56076969908",
        "name": "\u0627\u0644\u0634\u064a\u062e \u0646\u0627\u0635\u0631 \u0627\u0644\u0642\u0637\u0627\u0645\u064a",
        "url": "http://server2.quraan.us:9886/",
        "url_resolved": "http://server2.quraan.us:9886/",
        "homepage": "http://quraan.us/",
        "favicon": "",
        "tags": "quran,quran station",
        "country": "Egypt",
        "countrycode": "EG",
        "iso_3166_2": null,
        "state": "",
        "language": "arabic",
        "languagecodes": "ar",
        "votes": 2377,
        "lastchangetime": "2023-04-05 07:54:10",
        "lastchangetime_iso8601": "2023-04-05T07:54:10Z",
        "codec": "MP3",
        "bitrate": 128,
        "hls": 0,
        "lastcheckok": 1,
        "lastchecktime": "2023-04-08 07:59:11",
        "lastchecktime_iso8601": "2023-04-08T07:59:11Z",
        "lastcheckoktime": "2023-04-08 07:59:11",
        "lastcheckoktime_iso8601": "2023-04-08T07:59:11Z",
        "lastlocalchecktime": "2023-04-08 07:59:11",
        "lastlocalchecktime_iso8601": "2023-04-08T07:59:11Z",
        "clicktimestamp": "2023-04-08 12:18:52",
        "clicktimestamp_iso8601": "2023-04-08T12:18:52Z",
        "clickcount": 263,
        "clicktrend": -19,
        "ssl_error": 0,
        "geo_lat": null,
        "geo_long": null,
        "has_extended_info": false
    },
    {
        "changeuuid": "2f83a20f-e7ce-4588-ba6b-5ae57cb25b47",
        "stationuuid": "3c7aba81-3375-41e3-b268-5231fcf576ba",
        "serveruuid": "8094ce50-616b-43e5-b9db-33de974ac668",
        "name": "Tes3enat FM",
        "url": "http://178.33.135.244:20095/;?DIST=TuneIn&TGT=TuneIn&maxServers=2&partnertok=eyJhbGciOiJIUzI1NiIsImtpZCI6InR1bmVpbiIsInR5cCI6IkpXVCJ9.eyJ0cnVzdGVkX3BhcnRuZXIiOnRydWUsImlhdCI6MTYzNjA1OTE3OCwiaXNzIjoidGlzcnYifQ.Me0snc2PBcQhvlzte9L7zQxa-IHgNinhu3XdNJ6_Xa8",
        "url_resolved": "http://178.33.135.244:20095/;?DIST=TuneIn&TGT=TuneIn&maxServers=2&partnertok=eyJhbGciOiJIUzI1NiIsImtpZCI6InR1bmVpbiIsInR5cCI6IkpXVCJ9.eyJ0cnVzdGVkX3BhcnRuZXIiOnRydWUsImlhdCI6MTYzNjA1OTE3OCwiaXNzIjoidGlzcnYifQ.Me0snc2PBcQhvlzte9L7zQxa-IHgNinhu3XdNJ6_Xa8",
        "homepage": "",
        "favicon": "",
        "tags": "classical",
        "country": "Egypt",
        "countrycode": "EG",
        "iso_3166_2": null,
        "state": "",
        "language": "",
        "languagecodes": "",
        "votes": 2276,
        "lastchangetime": "2022-08-30 02:25:39",
        "lastchangetime_iso8601": "2022-08-30T02:25:39Z",
        "codec": "MP3",
        "bitrate": 128,
        "hls": 0,
        "lastcheckok": 1,
        "lastchecktime": "2023-04-08 13:48:03",
        "lastchecktime_iso8601": "2023-04-08T13:48:03Z",
        "lastcheckoktime": "2023-04-08 13:48:03",
        "lastcheckoktime_iso8601": "2023-04-08T13:48:03Z",
        "lastlocalchecktime": "2023-04-08 13:48:03",
        "lastlocalchecktime_iso8601": "2023-04-08T13:48:03Z",
        "clicktimestamp": "2023-04-08 14:09:01",
        "clicktimestamp_iso8601": "2023-04-08T14:09:01Z",
        "clickcount": 294,
        "clicktrend": -3,
        "ssl_error": 0,
        "geo_lat": null,
        "geo_long": null,
        "has_extended_info": false
    },
    {
        "changeuuid": "d5db0e15-ccb0-465e-aee9-0f5d375cb2fc",
        "stationuuid": "53a3191d-6b4c-4d2c-ba8b-54ce9aa0cae5",
        "serveruuid": "74e87b51-9bcf-4243-b768-28b5a49a3a5d",
        "name": "\u0645\u062d\u0637\u0629 \u0645\u0635\u0631",
        "url": "https://s3.radio.co/s9cb11828c/listen",
        "url_resolved": "https://s3.radio.co/s9cb11828c/listen",
        "homepage": "https://mahatetmasr.com/",
        "favicon": "",
        "tags": "pop",
        "country": "Egypt",
        "countrycode": "EG",
        "iso_3166_2": null,
        "state": "",
        "language": "",
        "languagecodes": "",
        "votes": 2240,
        "lastchangetime": "2022-08-17 15:29:58",
        "lastchangetime_iso8601": "2022-08-17T15:29:58Z",
        "codec": "MP3",
        "bitrate": 192,
        "hls": 0,
        "lastcheckok": 1,
        "lastchecktime": "2023-04-08 05:13:53",
        "lastchecktime_iso8601": "2023-04-08T05:13:53Z",
        "lastcheckoktime": "2023-04-08 05:13:53",
        "lastcheckoktime_iso8601": "2023-04-08T05:13:53Z",
        "lastlocalchecktime": "2023-04-07 20:10:30",
        "lastlocalchecktime_iso8601": "2023-04-07T20:10:30Z",
        "clicktimestamp": "2023-04-08 14:08:53",
        "clicktimestamp_iso8601": "2023-04-08T14:08:53Z",
        "clickcount": 378,
        "clicktrend": -13,
        "ssl_error": 0,
        "geo_lat": null,
        "geo_long": null,
        "has_extended_info": false
    },
    {
        "changeuuid": "58bcf215-22c1-4405-8d62-854aee93a9b7",
        "stationuuid": "f6fa7958-c75f-11e8-a54a-52543be04c81",
        "serveruuid": "ec0986a7-41b1-4639-87b0-e434be12dce4",
        "name": "\u062a\u0643\u0628\u064a\u0631\u0627\u062a \u0627\u0644\u0639\u064a\u062f",
        "url": "http://live.mp3quran.net:9728/",
        "url_resolved": "http://live.mp3quran.net:9728/",
        "homepage": "http://live.mp3quran.net:9728/",
        "favicon": "",
        "tags": "\u0627\u0644\u0642\u0631\u0622\u0646,\u0645\u0633\u0644\u0645",
        "country": "Egypt",
        "countrycode": "EG",
        "iso_3166_2": null,
        "state": "",
        "language": "arabic",
        "languagecodes": "ar",
        "votes": 2204,
        "lastchangetime": "2022-03-28 11:18:59",
        "lastchangetime_iso8601": "2022-03-28T11:18:59Z",
        "codec": "MP3",
        "bitrate": 128,
        "hls": 0,
        "lastcheckok": 1,
        "lastchecktime": "2023-04-08 12:44:12",
        "lastchecktime_iso8601": "2023-04-08T12:44:12Z",
        "lastcheckoktime": "2023-04-08 12:44:12",
        "lastcheckoktime_iso8601": "2023-04-08T12:44:12Z",
        "lastlocalchecktime": "2023-04-08 12:44:12",
        "lastlocalchecktime_iso8601": "2023-04-08T12:44:12Z",
        "clicktimestamp": "2023-04-08 09:14:32",
        "clicktimestamp_iso8601": "2023-04-08T09:14:32Z",
        "clickcount": 173,
        "clicktrend": -12,
        "ssl_error": 0,
        "geo_lat": null,
        "geo_long": null,
        "has_extended_info": false
    },
    {
        "changeuuid": "f647c3f3-277c-4790-bfcf-674e6f880dcf",
        "stationuuid": "b15a6ae5-190f-4c21-9f0c-e8ef61718f49",
        "serveruuid": "0643c4ea-5e48-4166-a713-a9c8fe9ea973",
        "name": "\u0625\u0630\u0627\u0639\u0629 \u0627\u0644\u0634\u064a\u062e \u0623\u0628\u0648 \u0628\u0643\u0631 \u0627\u0644\u0634\u0627\u0637\u0631\u064a \u0628\u0631\u0648\u0627\u064a\u0629 \u062d\u0641\u0635",
        "url": "http://quraan.us:9892/;*.mp3",
        "url_resolved": "http://quraan.us:9892/;*.mp3",
        "homepage": "http://quran.com.kw/",
        "favicon": "http://quran.com.kw/favicon.ico",
        "tags": "quran,quran station",
        "country": "Egypt",
        "countrycode": "EG",
        "iso_3166_2": null,
        "state": "",
        "language": "arabic",
        "languagecodes": "ar",
        "votes": 2182,
        "lastchangetime": "2022-12-19 15:02:05",
        "lastchangetime_iso8601": "2022-12-19T15:02:05Z",
        "codec": "MP3",
        "bitrate": 128,
        "hls": 0,
        "lastcheckok": 1,
        "lastchecktime": "2023-04-08 09:44:36",
        "lastchecktime_iso8601": "2023-04-08T09:44:36Z",
        "lastcheckoktime": "2023-04-08 09:44:36",
        "lastcheckoktime_iso8601": "2023-04-08T09:44:36Z",
        "lastlocalchecktime": "2023-04-07 19:09:02",
        "lastlocalchecktime_iso8601": "2023-04-07T19:09:02Z",
        "clicktimestamp": "2023-04-08 12:47:03",
        "clicktimestamp_iso8601": "2023-04-08T12:47:03Z",
        "clickcount": 202,
        "clicktrend": -4,
        "ssl_error": 0,
        "geo_lat": null,
        "geo_long": null,
        "has_extended_info": false
    },
    {
        "changeuuid": "e2733291-5c0e-4802-8e5b-b39c8066f348",
        "stationuuid": "6aed851e-a68c-43c6-a0b1-f0bb7476e5d3",
        "serveruuid": "23d8178f-4867-4d3b-ad10-8599a46ec7bb",
        "name": "Abdulrasheed Soufi",
        "url": "https://qurango.net/radio/abdulrasheed_soufi_assosi.mp3",
        "url_resolved": "https://qurango.net/radio/abdulrasheed_soufi_assosi.mp3",
        "homepage": "https://qurango.net/radio",
        "favicon": "",
        "tags": "",
        "country": "Egypt",
        "countrycode": "EG",
        "iso_3166_2": null,
        "state": "",
        "language": "",
        "languagecodes": "",
        "votes": 2119,
        "lastchangetime": "2021-08-06 08:36:45",
        "lastchangetime_iso8601": "2021-08-06T08:36:45Z",
        "codec": "MP3",
        "bitrate": 128,
        "hls": 0,
        "lastcheckok": 1,
        "lastchecktime": "2023-04-08 10:02:20",
        "lastchecktime_iso8601": "2023-04-08T10:02:20Z",
        "lastcheckoktime": "2023-04-08 10:02:20",
        "lastcheckoktime_iso8601": "2023-04-08T10:02:20Z",
        "lastlocalchecktime": "2023-04-07 15:47:02",
        "lastlocalchecktime_iso8601": "2023-04-07T15:47:02Z",
        "clicktimestamp": "2023-04-08 09:10:37",
        "clicktimestamp_iso8601": "2023-04-08T09:10:37Z",
        "clickcount": 126,
        "clicktrend": 2,
        "ssl_error": 0,
        "geo_lat": null,
        "geo_long": null,
        "has_extended_info": false
    },
    {
        "changeuuid": "a5cd9c2c-2552-43cd-976a-475919776b4f",
        "stationuuid": "5e1c31e7-7541-439a-9081-6f78508bb637",
        "serveruuid": "23d8178f-4867-4d3b-ad10-8599a46ec7bb",
        "name": "\u0625\u0630\u0627\u0639\u0629 \u064a\u0627\u0633\u0631 \u0627\u0644\u062f\u0648\u0633\u0631\u064a",
        "url": "https://qurango.net/radio/yasser_aldosari",
        "url_resolved": "https://qurango.net/radio/yasser_aldosari",
        "homepage": "http://www.phantomsw.com/",
        "favicon": "http://www.phantomsw.com/assets/img/apple-touch-icon.png",
        "tags": "",
        "country": "Egypt",
        "countrycode": "EG",
        "iso_3166_2": null,
        "state": "",
        "language": "arabic",
        "languagecodes": "ar",
        "votes": 2068,
        "lastchangetime": "2022-05-15 20:00:34",
        "lastchangetime_iso8601": "2022-05-15T20:00:34Z",
        "codec": "MP3",
        "bitrate": 128,
        "hls": 0,
        "lastcheckok": 1,
        "lastchecktime": "2023-04-08 10:20:51",
        "lastchecktime_iso8601": "2023-04-08T10:20:51Z",
        "lastcheckoktime": "2023-04-08 10:20:51",
        "lastcheckoktime_iso8601": "2023-04-08T10:20:51Z",
        "lastlocalchecktime": "2023-04-07 16:13:34",
        "lastlocalchecktime_iso8601": "2023-04-07T16:13:34Z",
        "clicktimestamp": "2023-04-08 09:39:03",
        "clicktimestamp_iso8601": "2023-04-08T09:39:03Z",
        "clickcount": 306,
        "clicktrend": -8,
        "ssl_error": 0,
        "geo_lat": null,
        "geo_long": null,
        "has_extended_info": false
    },
    {
        "changeuuid": "c99c9b23-e620-4d73-bfb3-de89df93d758",
        "stationuuid": "3eceb1ec-39ba-4604-9d5c-2fca6ab1d0f9",
        "serveruuid": "6b150242-e7e2-4820-aa1c-a0b69afb9466",
        "name": "AbderRasheed Sufis",
        "url": "http://quraan.us:9866/;",
        "url_resolved": "http://quraan.us:9866/;",
        "homepage": "http://quraan.us/",
        "favicon": "http://quraan.us/favicon.ico",
        "tags": "",
        "country": "Egypt",
        "countrycode": "EG",
        "iso_3166_2": null,
        "state": "",
        "language": "arabic",
        "languagecodes": "ar",
        "votes": 2027,
        "lastchangetime": "2023-04-08 11:31:05",
        "lastchangetime_iso8601": "2023-04-08T11:31:05Z",
        "codec": "MP3",
        "bitrate": 128,
        "hls": 0,
        "lastcheckok": 1,
        "lastchecktime": "2023-04-08 11:31:05",
        "lastchecktime_iso8601": "2023-04-08T11:31:05Z",
        "lastcheckoktime": "2023-04-08 11:31:05",
        "lastcheckoktime_iso8601": "2023-04-08T11:31:05Z",
        "lastlocalchecktime": "2023-04-08 11:31:05",
        "lastlocalchecktime_iso8601": "2023-04-08T11:31:05Z",
        "clicktimestamp": "2023-04-08 12:46:21",
        "clicktimestamp_iso8601": "2023-04-08T12:46:21Z",
        "clickcount": 159,
        "clicktrend": -8,
        "ssl_error": 0,
        "geo_lat": null,
        "geo_long": null,
        "has_extended_info": false
    },
    {
        "changeuuid": "f31522fd-e83a-45e1-bb82-378bea6bfe70",
        "stationuuid": "39215908-b5f6-40d9-875c-57248dfe314a",
        "serveruuid": "352c71fc-88bf-4966-9e7c-a67479232705",
        "name": "Amr Diab Radio",
        "url": "https://stream-40.zeno.fm/xa4yhh4k838uv?zs=gojgaFRaRrK1wgGIwdv6xA",
        "url_resolved": "https://stream-40.zeno.fm/xa4yhh4k838uv?zs=gojgaFRaRrK1wgGIwdv6xA",
        "homepage": "",
        "favicon": "",
        "tags": "pop",
        "country": "Egypt",
        "countrycode": "EG",
        "iso_3166_2": null,
        "state": "",
        "language": "",
        "languagecodes": "",
        "votes": 1495,
        "lastchangetime": "2022-08-19 16:36:29",
        "lastchangetime_iso8601": "2022-08-19T16:36:29Z",
        "codec": "MP3",
        "bitrate": 0,
        "hls": 0,
        "lastcheckok": 1,
        "lastchecktime": "2023-04-08 08:59:50",
        "lastchecktime_iso8601": "2023-04-08T08:59:50Z",
        "lastcheckoktime": "2023-04-08 08:59:50",
        "lastcheckoktime_iso8601": "2023-04-08T08:59:50Z",
        "lastlocalchecktime": "2023-04-07 20:04:20",
        "lastlocalchecktime_iso8601": "2023-04-07T20:04:20Z",
        "clicktimestamp": "2023-04-08 14:10:29",
        "clicktimestamp_iso8601": "2023-04-08T14:10:29Z",
        "clickcount": 198,
        "clicktrend": 12,
        "ssl_error": 0,
        "geo_lat": null,
        "geo_long": null,
        "has_extended_info": false
    },
    {
        "changeuuid": "9a3d1e4e-f7f0-4fd4-821b-0999662afa84",
        "stationuuid": "74f507d1-91b7-48d5-af98-d0d7df1b4e9b",
        "serveruuid": "b9f32b7f-a2f3-44eb-9fa0-7df6312abc40",
        "name": "Nogoum FM",
        "url": "https://audio.nrpstream.com/listen/nogoumfm/radio.mp3?refresh=1668723970691",
        "url_resolved": "https://audio.nrpstream.com/listen/nogoumfm/radio.mp3?refresh=1668723970691",
        "homepage": "https://www.nogoumfm.net/",
        "favicon": "https://www.nogoumfm.net/wp-content/uploads/2019/12/logo-nogoum-1.png",
        "tags": "",
        "country": "Egypt",
        "countrycode": "EG",
        "iso_3166_2": null,
        "state": "Cairo",
        "language": "",
        "languagecodes": "",
        "votes": 1440,
        "lastchangetime": "2022-11-17 22:55:07",
        "lastchangetime_iso8601": "2022-11-17T22:55:07Z",
        "codec": "MP3",
        "bitrate": 48,
        "hls": 0,
        "lastcheckok": 1,
        "lastchecktime": "2023-04-08 07:05:34",
        "lastchecktime_iso8601": "2023-04-08T07:05:34Z",
        "lastcheckoktime": "2023-04-08 07:05:34",
        "lastcheckoktime_iso8601": "2023-04-08T07:05:34Z",
        "lastlocalchecktime": "2023-04-07 19:26:15",
        "lastlocalchecktime_iso8601": "2023-04-07T19:26:15Z",
        "clicktimestamp": "2023-04-08 14:25:48",
        "clicktimestamp_iso8601": "2023-04-08T14:25:48Z",
        "clickcount": 796,
        "clicktrend": -8,
        "ssl_error": 0,
        "geo_lat": 27.052723177136514,
        "geo_long": 31.22971057891846,
        "has_extended_info": false
    },
    {
        "changeuuid": "6854756d-739b-46b9-ade9-e1adbf42037d",
        "stationuuid": "eb4ed8a6-1d16-4001-86d6-dbac292fc8c6",
        "serveruuid": "636856c7-867b-4751-a527-ac04e096c79d",
        "name": "C-TV Coptic Channel",
        "url": "https://58cc65c534c67.streamlock.net/ctvchannel.tv/ctv.smil/chunklist_w555483697_b1728000_slar_t64SEQ=.m3u8",
        "url_resolved": "https://58cc65c534c67.streamlock.net/ctvchannel.tv/ctv.smil/chunklist_w555483697_b1728000_slar_t64SEQ=.m3u8",
        "homepage": "http://www.ctvchannel.tv/Pages/ar/Default.aspx",
        "favicon": "",
        "tags": "arabic,chrsitian,church,orthodox christian,ortodox,tv",
        "country": "Egypt",
        "countrycode": "EG",
        "iso_3166_2": null,
        "state": "",
        "language": "arabic",
        "languagecodes": "ar",
        "votes": 1183,
        "lastchangetime": "2022-03-28 11:39:48",
        "lastchangetime_iso8601": "2022-03-28T11:39:48Z",
        "codec": "UNKNOWN",
        "bitrate": 0,
        "hls": 1,
        "lastcheckok": 1,
        "lastchecktime": "2023-04-08 10:15:17",
        "lastchecktime_iso8601": "2023-04-08T10:15:17Z",
        "lastcheckoktime": "2023-04-08 10:15:17",
        "lastcheckoktime_iso8601": "2023-04-08T10:15:17Z",
        "lastlocalchecktime": "2023-04-08 10:15:17",
        "lastlocalchecktime_iso8601": "2023-04-08T10:15:17Z",
        "clicktimestamp": "2023-04-08 11:25:10",
        "clicktimestamp_iso8601": "2023-04-08T11:25:10Z",
        "clickcount": 124,
        "clicktrend": -6,
        "ssl_error": 0,
        "geo_lat": null,
        "geo_long": null,
        "has_extended_info": false
    },
    {
        "changeuuid": "7c69feff-f410-4c69-82c4-dc7412c83737",
        "stationuuid": "a3040372-ca3a-4c2e-82dd-42d59bea265b",
        "serveruuid": "1c7b135c-8b7a-4909-a705-bc1d64c1df8c",
        "name": "_ 101.5 ARAB\u0130C FM",
        "url": "https://canli.arabeskinmerkezi.com/9180/stream",
        "url_resolved": "https://canli.arabeskinmerkezi.com/9180/stream",
        "homepage": "https://www.arabeskinmerkezi.com/",
        "favicon": "",
        "tags": "arabic,pop,pop music",
        "country": "Egypt",
        "countrycode": "EG",
        "iso_3166_2": null,
        "state": "Makkah",
        "language": "arabic,english,portuguese",
        "languagecodes": "ar,en,pt",
        "votes": 1161,
        "lastchangetime": "2022-09-20 01:22:36",
        "lastchangetime_iso8601": "2022-09-20T01:22:36Z",
        "codec": "MP3",
        "bitrate": 128,
        "hls": 0,
        "lastcheckok": 1,
        "lastchecktime": "2023-04-08 13:55:48",
        "lastchecktime_iso8601": "2023-04-08T13:55:48Z",
        "lastcheckoktime": "2023-04-08 13:55:48",
        "lastcheckoktime_iso8601": "2023-04-08T13:55:48Z",
        "lastlocalchecktime": "2023-04-08 13:55:48",
        "lastlocalchecktime_iso8601": "2023-04-08T13:55:48Z",
        "clicktimestamp": "2023-04-08 11:45:59",
        "clicktimestamp_iso8601": "2023-04-08T11:45:59Z",
        "clickcount": 231,
        "clicktrend": -16,
        "ssl_error": 0,
        "geo_lat": null,
        "geo_long": null,
        "has_extended_info": false
    },
    {
        "changeuuid": "3248c17b-7549-429e-b106-47ab0534c52f",
        "stationuuid": "ac0d65b9-a656-4d0e-a6a5-f4b78770a05f",
        "serveruuid": "de673631-0bf2-4a6b-aaee-9a592956bf76",
        "name": "Diab FM",
        "url": "http://stream-36.zeno.fm/rf64mx02qa0uv?zs=omRb6KEjQ3u0-JsaJKdhQg",
        "url_resolved": "http://stream-36.zeno.fm/rf64mx02qa0uv?zs=omRb6KEjQ3u0-JsaJKdhQg",
        "homepage": "http://www.liveradiu.com/2018/04/amr-diab-fm-live-radio.html",
        "favicon": "",
        "tags": "pop",
        "country": "Egypt",
        "countrycode": "EG",
        "iso_3166_2": null,
        "state": "",
        "language": "",
        "languagecodes": "",
        "votes": 1129,
        "lastchangetime": "2022-08-17 16:19:02",
        "lastchangetime_iso8601": "2022-08-17T16:19:02Z",
        "codec": "MP3",
        "bitrate": 0,
        "hls": 0,
        "lastcheckok": 1,
        "lastchecktime": "2023-04-08 13:08:49",
        "lastchecktime_iso8601": "2023-04-08T13:08:49Z",
        "lastcheckoktime": "2023-04-08 13:08:49",
        "lastcheckoktime_iso8601": "2023-04-08T13:08:49Z",
        "lastlocalchecktime": "2023-04-08 13:08:49",
        "lastlocalchecktime_iso8601": "2023-04-08T13:08:49Z",
        "clicktimestamp": "2023-04-08 13:53:00",
        "clicktimestamp_iso8601": "2023-04-08T13:53:00Z",
        "clickcount": 160,
        "clicktrend": 2,
        "ssl_error": 0,
        "geo_lat": null,
        "geo_long": null,
        "has_extended_info": false
    },
    {
        "changeuuid": "b8927fd1-3859-4c0b-8907-e603dd02ea9c",
        "stationuuid": "939fa825-05d8-41c9-96a5-37a83f0737c1",
        "serveruuid": "e589dfa3-a4cf-4c38-8dca-d273aad76f70",
        "name": "\u0627\u0644\u0642\u0631\u0627\u0646 \u0627\u0644\u0643\u0631\u064a\u0645 \u0645\u0646 \u0627\u0644\u0642\u0627\u0647\u0631\u0647",
        "url": "http://n0c.radiojar.com/8s5u5tpdtwzuv?rj-ttl=5&amp;rj-tok=AAABdI5Qnd0AEmvTTG5DVtU31A&amp;autoplay=1%22%20type=%22audio/mpeg",
        "url_resolved": "http://n0a.radiojar.com/8s5u5tpdtwzuv?rj-ttl=5&amp=&amp=&autoplay=1%22%20type%3D%22audio%2Fmpeg&rj-tok=AAABh2DRmOkAqKqonplZVNuhvA",
        "homepage": "http://n0c.radiojar.com/",
        "favicon": "http://n0c.radiojar.com/",
        "tags": "",
        "country": "Egypt",
        "countrycode": "EG",
        "iso_3166_2": null,
        "state": "",
        "language": "",
        "languagecodes": "",
        "votes": 1010,
        "lastchangetime": "2022-09-29 22:09:02",
        "lastchangetime_iso8601": "2022-09-29T22:09:02Z",
        "codec": "MP3",
        "bitrate": 0,
        "hls": 0,
        "lastcheckok": 1,
        "lastchecktime": "2023-04-08 12:21:10",
        "lastchecktime_iso8601": "2023-04-08T12:21:10Z",
        "lastcheckoktime": "2023-04-08 12:21:10",
        "lastcheckoktime_iso8601": "2023-04-08T12:21:10Z",
        "lastlocalchecktime": "2023-04-07 19:22:23",
        "lastlocalchecktime_iso8601": "2023-04-07T19:22:23Z",
        "clicktimestamp": "2023-04-08 12:43:56",
        "clicktimestamp_iso8601": "2023-04-08T12:43:56Z",
        "clickcount": 232,
        "clicktrend": -5,
        "ssl_error": 0,
        "geo_lat": null,
        "geo_long": null,
        "has_extended_info": false
    },
    {
        "changeuuid": "fb6729b7-f786-4e42-91a7-e04e952fc90d",
        "stationuuid": "82496629-2eeb-4ed7-8dc5-e72a8a3b4fa5",
        "serveruuid": "64660442-621b-4d98-807f-0c7dc20e0557",
        "name": "Diab FM",
        "url": "https://stream-34.zeno.fm/rf64mx02qa0uv?zs=-xjlLLwRS8uKrffFxK4vLA",
        "url_resolved": "https://stream-34.zeno.fm/rf64mx02qa0uv?zs=-xjlLLwRS8uKrffFxK4vLA",
        "homepage": "http://www.liveradiu.com/2018/04/amr-diab-fm-live-radio.htmle",
        "favicon": "",
        "tags": "pop",
        "country": "Egypt",
        "countrycode": "EG",
        "iso_3166_2": null,
        "state": "",
        "language": "",
        "languagecodes": "",
        "votes": 967,
        "lastchangetime": "2022-08-19 19:46:08",
        "lastchangetime_iso8601": "2022-08-19T19:46:08Z",
        "codec": "MP3",
        "bitrate": 0,
        "hls": 0,
        "lastcheckok": 1,
        "lastchecktime": "2023-04-08 09:57:15",
        "lastchecktime_iso8601": "2023-04-08T09:57:15Z",
        "lastcheckoktime": "2023-04-08 09:57:15",
        "lastcheckoktime_iso8601": "2023-04-08T09:57:15Z",
        "lastlocalchecktime": "2023-04-08 09:57:15",
        "lastlocalchecktime_iso8601": "2023-04-08T09:57:15Z",
        "clicktimestamp": "2023-04-08 14:01:00",
        "clicktimestamp_iso8601": "2023-04-08T14:01:00Z",
        "clickcount": 100,
        "clicktrend": -8,
        "ssl_error": 0,
        "geo_lat": null,
        "geo_long": null,
        "has_extended_info": false
    },
    {
        "changeuuid": "c07283a7-a899-4b55-a0a6-dee2cd85e643",
        "stationuuid": "e25470de-0bea-43c1-8c84-475c6c500c1a",
        "serveruuid": "12310ca0-e67f-497e-9ba2-e86127ed8adc",
        "name": "On sports FM",
        "url": "https://carina.streamerr.co:2020/stream/OnSportFM",
        "url_resolved": "https://carina.streamerr.co:2020/stream/OnSportFM",
        "homepage": "http://www.onsportfm.com/",
        "favicon": "",
        "tags": "",
        "country": "Egypt",
        "countrycode": "EG",
        "iso_3166_2": null,
        "state": "",
        "language": "",
        "languagecodes": "",
        "votes": 849,
        "lastchangetime": "2022-11-17 12:25:23",
        "lastchangetime_iso8601": "2022-11-17T12:25:23Z",
        "codec": "MP3",
        "bitrate": 96,
        "hls": 0,
        "lastcheckok": 1,
        "lastchecktime": "2023-04-08 08:51:56",
        "lastchecktime_iso8601": "2023-04-08T08:51:56Z",
        "lastcheckoktime": "2023-04-08 08:51:56",
        "lastcheckoktime_iso8601": "2023-04-08T08:51:56Z",
        "lastlocalchecktime": "2023-04-08 08:51:56",
        "lastlocalchecktime_iso8601": "2023-04-08T08:51:56Z",
        "clicktimestamp": "2023-04-08 14:26:25",
        "clicktimestamp_iso8601": "2023-04-08T14:26:25Z",
        "clickcount": 521,
        "clicktrend": -9,
        "ssl_error": 0,
        "geo_lat": null,
        "geo_long": null,
        "has_extended_info": false
    },
    {
        "changeuuid": "0815ca57-f048-402c-91b0-039278a82f55",
        "stationuuid": "a111b115-a103-4ed3-9181-c0eb9d4ef61d",
        "serveruuid": "699ff652-a2fb-48e5-9d33-d7c0c6e7b03e",
        "name": "\u0627\u0644\u0642\u0631\u0627\u0646 \u0627\u0644\u0643\u0631\u064a\u0645 \u0645\u0646 \u0627\u0644\u0642\u0627\u0647\u0631\u06471",
        "url": "http://n0e.radiojar.com/8s5u5tpdtwzuv?rj=&rj-tok=AAABg5BDP0EA2ElNLJYUJTsVcg&rj-ttl=5",
        "url_resolved": "http://n08.radiojar.com/8s5u5tpdtwzuv?rj=&rj-ttl=5&rj-tok=AAABh2B2SwYAKi0kR2ep0En7rw",
        "homepage": "http://n0e.radiojar.com/8s5u5tpdtwzuv?rj=&rj-tok=AAABg5BDP0EA2ElNLJYUJTsVcg&rj-ttl=5",
        "favicon": "",
        "tags": "",
        "country": "Egypt",
        "countrycode": "EG",
        "iso_3166_2": null,
        "state": "Cairo",
        "language": "arabic",
        "languagecodes": "ar",
        "votes": 650,
        "lastchangetime": "2022-10-01 21:15:32",
        "lastchangetime_iso8601": "2022-10-01T21:15:32Z",
        "codec": "MP3",
        "bitrate": 0,
        "hls": 0,
        "lastcheckok": 1,
        "lastchecktime": "2023-04-08 10:39:45",
        "lastchecktime_iso8601": "2023-04-08T10:39:45Z",
        "lastcheckoktime": "2023-04-08 10:39:45",
        "lastcheckoktime_iso8601": "2023-04-08T10:39:45Z",
        "lastlocalchecktime": "2023-04-07 15:02:13",
        "lastlocalchecktime_iso8601": "2023-04-07T15:02:13Z",
        "clicktimestamp": "2023-04-08 12:44:16",
        "clicktimestamp_iso8601": "2023-04-08T12:44:16Z",
        "clickcount": 175,
        "clicktrend": -8,
        "ssl_error": 0,
        "geo_lat": null,
        "geo_long": null,
        "has_extended_info": false
    },
    {
        "changeuuid": "a104bccf-f0a7-406d-9d14-cee5b49ad57e",
        "stationuuid": "c85bffd4-a711-4603-a2a3-edf7cf4b2ead",
        "serveruuid": "74e87b51-9bcf-4243-b768-28b5a49a3a5d",
        "name": "\u0645\u062d\u0637\u0629 \u0645\u0635\u0631",
        "url": "https://s3.radio.co/s9cb11828c/listen",
        "url_resolved": "https://s3.radio.co/s9cb11828c/listen",
        "homepage": "https://mahatetmasr.com/",
        "favicon": "",
        "tags": "pop",
        "country": "Egypt",
        "countrycode": "EG",
        "iso_3166_2": null,
        "state": "",
        "language": "",
        "languagecodes": "",
        "votes": 574,
        "lastchangetime": "2022-08-17 15:39:57",
        "lastchangetime_iso8601": "2022-08-17T15:39:57Z",
        "codec": "MP3",
        "bitrate": 192,
        "hls": 0,
        "lastcheckok": 1,
        "lastchecktime": "2023-04-08 05:03:47",
        "lastchecktime_iso8601": "2023-04-08T05:03:47Z",
        "lastcheckoktime": "2023-04-08 05:03:47",
        "lastcheckoktime_iso8601": "2023-04-08T05:03:47Z",
        "lastlocalchecktime": "2023-04-07 17:27:54",
        "lastlocalchecktime_iso8601": "2023-04-07T17:27:54Z",
        "clicktimestamp": "2023-04-08 12:36:05",
        "clicktimestamp_iso8601": "2023-04-08T12:36:05Z",
        "clickcount": 170,
        "clicktrend": -7,
        "ssl_error": 0,
        "geo_lat": null,
        "geo_long": null,
        "has_extended_info": false
    },
    {
        "changeuuid": "a47e721e-cc65-4224-a7d7-289980b153e4",
        "stationuuid": "bb5673ac-cd79-49c7-b01f-7de2ce988878",
        "serveruuid": "470de3bb-90ae-4f64-8380-1923770c2908",
        "name": "\u534a\u5c9b\u7535\u89c6\u53f0",
        "url": "https://live-hls-audio-aje-ak.getaj.net/VOICE-AJE/index.m3u8",
        "url_resolved": "https://live-hls-audio-aje-ak.getaj.net/VOICE-AJE/index.m3u8",
        "homepage": "",
        "favicon": "",
        "tags": "",
        "country": "Egypt",
        "countrycode": "EG",
        "iso_3166_2": null,
        "state": "",
        "language": "",
        "languagecodes": "",
        "votes": 444,
        "lastchangetime": "2021-08-06 08:36:45",
        "lastchangetime_iso8601": "2021-08-06T08:36:45Z",
        "codec": "AAC",
        "bitrate": 99,
        "hls": 1,
        "lastcheckok": 1,
        "lastchecktime": "2023-04-08 08:46:38",
        "lastchecktime_iso8601": "2023-04-08T08:46:38Z",
        "lastcheckoktime": "2023-04-08 08:46:38",
        "lastcheckoktime_iso8601": "2023-04-08T08:46:38Z",
        "lastlocalchecktime": "2023-04-07 21:01:19",
        "lastlocalchecktime_iso8601": "2023-04-07T21:01:19Z",
        "clicktimestamp": "2023-04-08 00:05:24",
        "clicktimestamp_iso8601": "2023-04-08T00:05:24Z",
        "clickcount": 70,
        "clicktrend": -7,
        "ssl_error": 0,
        "geo_lat": null,
        "geo_long": null,
        "has_extended_info": false
    },
    {
        "changeuuid": "38236b82-1100-4258-8cbe-46f0fe706e52",
        "stationuuid": "3a5aa4ae-6dfe-480f-9999-565fd0b5092b",
        "serveruuid": "b9f32b7f-a2f3-44eb-9fa0-7df6312abc40",
        "name": "NileFM",
        "url": "https://audio.nrpstream.com/listen/nile_fm/radio.mp3",
        "url_resolved": "https://audio.nrpstream.com/listen/nile_fm/radio.mp3",
        "homepage": "https://www.nilefm.com/",
        "favicon": "https://api.nilefm.com/uploads/settings/1572788699-1514303531-logo.jpg",
        "tags": "hits",
        "country": "Egypt",
        "countrycode": "EG",
        "iso_3166_2": null,
        "state": "Cairo",
        "language": "english",
        "languagecodes": "en",
        "votes": 433,
        "lastchangetime": "2022-12-17 14:09:05",
        "lastchangetime_iso8601": "2022-12-17T14:09:05Z",
        "codec": "MP3",
        "bitrate": 128,
        "hls": 0,
        "lastcheckok": 1,
        "lastchecktime": "2023-04-08 10:43:33",
        "lastchecktime_iso8601": "2023-04-08T10:43:33Z",
        "lastcheckoktime": "2023-04-08 10:43:33",
        "lastcheckoktime_iso8601": "2023-04-08T10:43:33Z",
        "lastlocalchecktime": "2023-04-08 10:43:33",
        "lastlocalchecktime_iso8601": "2023-04-08T10:43:33Z",
        "clicktimestamp": "2023-04-08 11:58:50",
        "clicktimestamp_iso8601": "2023-04-08T11:58:50Z",
        "clickcount": 153,
        "clicktrend": -10,
        "ssl_error": 0,
        "geo_lat": 30.051751315314203,
        "geo_long": 31.224120505885676,
        "has_extended_info": false
    },
    {
        "changeuuid": "96828280-856f-4601-a82b-9f2e45908c13",
        "stationuuid": "e12b2871-5407-4f24-bff4-c199dfa1a269",
        "serveruuid": "560f21d7-fe12-428f-86fe-172cb2aed732",
        "name": "105.7 AZUL POP FM",
        "url": "https://azulpop.ozelip.com/8006/stream",
        "url_resolved": "https://azulpop.ozelip.com/8006/stream",
        "homepage": "https://azulradyo.com/",
        "favicon": "",
        "tags": "alaturka,arabic,arabic music,arabic songs,hits,latin music,latin pop,pop,pop music,turkey,turkish music,turkish pop,turkiye,turk\u0131sh rap",
        "country": "Egypt",
        "countrycode": "EG",
        "iso_3166_2": null,
        "state": "Sevilla",
        "language": "arabic,turkish,turkmen",
        "languagecodes": "ar,tk,tr",
        "votes": 406,
        "lastchangetime": "2023-02-23 19:06:31",
        "lastchangetime_iso8601": "2023-02-23T19:06:31Z",
        "codec": "MP3",
        "bitrate": 128,
        "hls": 0,
        "lastcheckok": 1,
        "lastchecktime": "2023-04-07 18:29:26",
        "lastchecktime_iso8601": "2023-04-07T18:29:26Z",
        "lastcheckoktime": "2023-04-07 18:29:26",
        "lastcheckoktime_iso8601": "2023-04-07T18:29:26Z",
        "lastlocalchecktime": "2023-04-07 18:29:26",
        "lastlocalchecktime_iso8601": "2023-04-07T18:29:26Z",
        "clicktimestamp": "2023-04-08 12:45:04",
        "clicktimestamp_iso8601": "2023-04-08T12:45:04Z",
        "clickcount": 119,
        "clicktrend": -10,
        "ssl_error": 0,
        "geo_lat": 15.136868629625909,
        "geo_long": 38.00537053495646,
        "has_extended_info": false
    },
    {
        "changeuuid": "1fdd4b7b-b26b-41eb-9443-bc36ede32371",
        "stationuuid": "58f2b16f-3d37-4f1e-89cd-52fa9ce0a541",
        "serveruuid": "b9f32b7f-a2f3-44eb-9fa0-7df6312abc40",
        "name": "Nogoum fm",
        "url": "https://audio.nrpstream.com/listen/nogoumfm/radio.mp3?refresh=1675929443955",
        "url_resolved": "https://audio.nrpstream.com/listen/nogoumfm/radio.mp3?refresh=1675929443955",
        "homepage": "https://www.nogoumfm.net/",
        "favicon": "https://www.nogoumfm.net/wp-content/uploads/2019/12/logo-nogoum-1.png",
        "tags": "arabic,egypt",
        "country": "Egypt",
        "countrycode": "EG",
        "iso_3166_2": null,
        "state": "",
        "language": "arabic",
        "languagecodes": "ar",
        "votes": 370,
        "lastchangetime": "2023-02-09 08:18:35",
        "lastchangetime_iso8601": "2023-02-09T08:18:35Z",
        "codec": "MP3",
        "bitrate": 48,
        "hls": 0,
        "lastcheckok": 1,
        "lastchecktime": "2023-04-08 12:22:38",
        "lastchecktime_iso8601": "2023-04-08T12:22:38Z",
        "lastcheckoktime": "2023-04-08 12:22:38",
        "lastcheckoktime_iso8601": "2023-04-08T12:22:38Z",
        "lastlocalchecktime": "2023-04-08 12:22:38",
        "lastlocalchecktime_iso8601": "2023-04-08T12:22:38Z",
        "clicktimestamp": "2023-04-08 13:24:56",
        "clicktimestamp_iso8601": "2023-04-08T13:24:56Z",
        "clickcount": 177,
        "clicktrend": -10,
        "ssl_error": 0,
        "geo_lat": null,
        "geo_long": null,
        "has_extended_info": false
    },
    {
        "changeuuid": "61757e23-4912-4794-8a66-7572b8400c6f",
        "stationuuid": "79a48779-c7b6-4383-bb52-c1cd9e425b90",
        "serveruuid": "b6edb994-eb1b-4341-8075-3536746abfd3",
        "name": "\u0627\u0630\u0627\u0639\u0629 \u0627\u0644\u0642\u0631\u0622\u0646 \u0627\u0644\u0643\u0631\u064a\u0645",
        "url": "http://stream.radiojar.com/0tpy1h0kxtzuv",
        "url_resolved": "http://n05.radiojar.com/0tpy1h0kxtzuv?rj-ttl=5&rj-tok=AAABh2DAnikA0icWt94aaafMnA",
        "homepage": "",
        "favicon": "",
        "tags": "classical",
        "country": "Egypt",
        "countrycode": "EG",
        "iso_3166_2": null,
        "state": "",
        "language": "",
        "languagecodes": "",
        "votes": 353,
        "lastchangetime": "2022-12-10 05:09:17",
        "lastchangetime_iso8601": "2022-12-10T05:09:17Z",
        "codec": "MP3",
        "bitrate": 0,
        "hls": 0,
        "lastcheckok": 1,
        "lastchecktime": "2023-04-08 11:59:36",
        "lastchecktime_iso8601": "2023-04-08T11:59:36Z",
        "lastcheckoktime": "2023-04-08 11:59:36",
        "lastcheckoktime_iso8601": "2023-04-08T11:59:36Z",
        "lastlocalchecktime": "2023-04-08 07:54:02",
        "lastlocalchecktime_iso8601": "2023-04-08T07:54:02Z",
        "clicktimestamp": "2023-04-08 11:50:39",
        "clicktimestamp_iso8601": "2023-04-08T11:50:39Z",
        "clickcount": 117,
        "clicktrend": -10,
        "ssl_error": 0,
        "geo_lat": null,
        "geo_long": null,
        "has_extended_info": false
    },
    {
        "changeuuid": "4baa77ee-148f-48fc-9280-5ce4b7e8223f",
        "stationuuid": "0e39d9f4-8d44-409e-87c9-be51c7f91f67",
        "serveruuid": "36408541-8e93-45c9-9b96-d2b751eb8265",
        "name": "\u0625\u0630\u0627\u0639\u0629 \u0627\u0644\u0642\u0631\u0622\u0646 \u0627\u0644\u0643\u0631\u064a\u0645 ",
        "url": "https://n0a.radiojar.com/0tpy1h0kxtzuv?rj-ttl=5&rj-tok=AAABhdgGORQA-2acfyF3_4WY2g",
        "url_resolved": "http://n04.radiojar.com/0tpy1h0kxtzuv?rj-ttl=5&rj-tok=AAABh2C6pLAAIF9MT8-jNc_sYg",
        "homepage": "",
        "favicon": "https://i.pinimg.com/564x/3a/a1/a1/3aa1a107c9434ca52b42b2dd0ffc896f.jpg",
        "tags": "classical",
        "country": "Egypt",
        "countrycode": "EG",
        "iso_3166_2": null,
        "state": "",
        "language": "",
        "languagecodes": "",
        "votes": 349,
        "lastchangetime": "2023-01-22 05:53:03",
        "lastchangetime_iso8601": "2023-01-22T05:53:03Z",
        "codec": "MP3",
        "bitrate": 0,
        "hls": 0,
        "lastcheckok": 1,
        "lastchecktime": "2023-04-08 11:59:36",
        "lastchecktime_iso8601": "2023-04-08T11:59:36Z",
        "lastcheckoktime": "2023-04-08 11:59:36",
        "lastcheckoktime_iso8601": "2023-04-08T11:59:36Z",
        "lastlocalchecktime": "2023-04-07 18:28:41",
        "lastlocalchecktime_iso8601": "2023-04-07T18:28:41Z",
        "clicktimestamp": "2023-04-08 13:38:15",
        "clicktimestamp_iso8601": "2023-04-08T13:38:15Z",
        "clickcount": 144,
        "clicktrend": 0,
        "ssl_error": 0,
        "geo_lat": null,
        "geo_long": null,
        "has_extended_info": false
    },
    {
        "changeuuid": "52123ab2-3cd7-48c5-b001-a7df358eed1f",
        "stationuuid": "dc4efd92-63f3-438a-aaeb-8c849707698f",
        "serveruuid": "636856c7-867b-4751-a527-ac04e096c79d",
        "name": "c- tv coptic chanl",
        "url": "https://58cc65c534c67.streamlock.net/ctvchannel.tv/ctv.smil/chunklist_w555483697_b1728000_slar_t64SEQ=.m3u8",
        "url_resolved": "https://58cc65c534c67.streamlock.net/ctvchannel.tv/ctv.smil/chunklist_w555483697_b1728000_slar_t64SEQ=.m3u8",
        "homepage": "",
        "favicon": "",
        "tags": "classical",
        "country": "Egypt",
        "countrycode": "EG",
        "iso_3166_2": null,
        "state": "",
        "language": "",
        "languagecodes": "",
        "votes": 346,
        "lastchangetime": "2021-11-15 10:47:46",
        "lastchangetime_iso8601": "2021-11-15T10:47:46Z",
        "codec": "UNKNOWN",
        "bitrate": 0,
        "hls": 1,
        "lastcheckok": 1,
        "lastchecktime": "2023-04-07 20:05:01",
        "lastchecktime_iso8601": "2023-04-07T20:05:01Z",
        "lastcheckoktime": "2023-04-07 20:05:01",
        "lastcheckoktime_iso8601": "2023-04-07T20:05:01Z",
        "lastlocalchecktime": "2023-04-07 20:05:01",
        "lastlocalchecktime_iso8601": "2023-04-07T20:05:01Z",
        "clicktimestamp": "2023-04-08 10:51:20",
        "clicktimestamp_iso8601": "2023-04-08T10:51:20Z",
        "clickcount": 71,
        "clicktrend": -3,
        "ssl_error": 0,
        "geo_lat": null,
        "geo_long": null,
        "has_extended_info": false
    },
    {
        "changeuuid": "1a1553cb-bc2e-44dd-8216-381f353e821f",
        "stationuuid": "9b74d88e-aeb2-457a-8886-aeeb65831d5d",
        "serveruuid": "23d8178f-4867-4d3b-ad10-8599a46ec7bb",
        "name": "\u062a\u0641\u0633\u064a\u0631 \u0628\u0646 \u0639\u062b\u064a\u0645\u064a\u0646",
        "url": "https://qurango.net/radio/tafseer",
        "url_resolved": "https://qurango.net/radio/tafseer",
        "homepage": "",
        "favicon": "",
        "tags": "classical",
        "country": "Egypt",
        "countrycode": "EG",
        "iso_3166_2": null,
        "state": "",
        "language": "",
        "languagecodes": "",
        "votes": 262,
        "lastchangetime": "2022-12-06 07:04:18",
        "lastchangetime_iso8601": "2022-12-06T07:04:18Z",
        "codec": "MP3",
        "bitrate": 128,
        "hls": 0,
        "lastcheckok": 1,
        "lastchecktime": "2023-04-07 17:25:16",
        "lastchecktime_iso8601": "2023-04-07T17:25:16Z",
        "lastcheckoktime": "2023-04-07 17:25:16",
        "lastcheckoktime_iso8601": "2023-04-07T17:25:16Z",
        "lastlocalchecktime": "2023-04-07 17:25:16",
        "lastlocalchecktime_iso8601": "2023-04-07T17:25:16Z",
        "clicktimestamp": "2023-04-08 01:27:37",
        "clicktimestamp_iso8601": "2023-04-08T01:27:37Z",
        "clickcount": 83,
        "clicktrend": -5,
        "ssl_error": 0,
        "geo_lat": null,
        "geo_long": null,
        "has_extended_info": false
    },
    {
        "changeuuid": "5bedc2ec-4b5b-4097-92ab-a2e4cc6316be",
        "stationuuid": "8f7c5854-1147-4c6e-9780-198d9b1105b8",
        "serveruuid": "c6a44553-dd16-45e9-9b08-65ef445113c5",
        "name": "\u0625\u0630\u0627\u0639\u0629 \u0637\u0631\u064a\u0642 \u0627\u0644\u0633\u0644\u0641\n\n",
        "url": "https://airtime.salafwayfm.ly/",
        "url_resolved": "https://airtime.salafwayfm.ly/",
        "homepage": "",
        "favicon": "https://salafwayfm.ly/assets/img/logo.png",
        "tags": "classical",
        "country": "Egypt",
        "countrycode": "EG",
        "iso_3166_2": null,
        "state": "",
        "language": "",
        "languagecodes": "",
        "votes": 262,
        "lastchangetime": "2022-12-27 06:33:57",
        "lastchangetime_iso8601": "2022-12-27T06:33:57Z",
        "codec": "MP3",
        "bitrate": 128,
        "hls": 0,
        "lastcheckok": 1,
        "lastchecktime": "2023-04-08 13:23:06",
        "lastchecktime_iso8601": "2023-04-08T13:23:06Z",
        "lastcheckoktime": "2023-04-08 13:23:06",
        "lastcheckoktime_iso8601": "2023-04-08T13:23:06Z",
        "lastlocalchecktime": "2023-04-08 13:23:06",
        "lastlocalchecktime_iso8601": "2023-04-08T13:23:06Z",
        "clicktimestamp": "2023-04-08 10:51:15",
        "clicktimestamp_iso8601": "2023-04-08T10:51:15Z",
        "clickcount": 84,
        "clicktrend": -6,
        "ssl_error": 0,
        "geo_lat": null,
        "geo_long": null,
        "has_extended_info": false
    },
    {
        "changeuuid": "26e9e59e-dca9-4c9e-b087-dc35fa9cea5f",
        "stationuuid": "61324a56-bb09-4210-8607-a41ba5a00874",
        "serveruuid": "23d8178f-4867-4d3b-ad10-8599a46ec7bb",
        "name": ".. \u0645\u062e\u062a\u0635\u0631 \u0627\u0644\u062a\u0641\u0633\u064a\u0631 ",
        "url": "https://qurango.net/radio/mukhtasartafsir",
        "url_resolved": "https://qurango.net/radio/mukhtasartafsir",
        "homepage": "",
        "favicon": "",
        "tags": "classical",
        "country": "Egypt",
        "countrycode": "EG",
        "iso_3166_2": null,
        "state": "",
        "language": "",
        "languagecodes": "",
        "votes": 231,
        "lastchangetime": "2023-01-23 12:09:51",
        "lastchangetime_iso8601": "2023-01-23T12:09:51Z",
        "codec": "MP3",
        "bitrate": 128,
        "hls": 0,
        "lastcheckok": 1,
        "lastchecktime": "2023-04-08 14:25:59",
        "lastchecktime_iso8601": "2023-04-08T14:25:59Z",
        "lastcheckoktime": "2023-04-08 14:25:59",
        "lastcheckoktime_iso8601": "2023-04-08T14:25:59Z",
        "lastlocalchecktime": "2023-04-08 14:25:59",
        "lastlocalchecktime_iso8601": "2023-04-08T14:25:59Z",
        "clicktimestamp": "2023-04-08 07:23:21",
        "clicktimestamp_iso8601": "2023-04-08T07:23:21Z",
        "clickcount": 92,
        "clicktrend": -2,
        "ssl_error": 0,
        "geo_lat": null,
        "geo_long": null,
        "has_extended_info": false
    },
    {
        "changeuuid": "d6c29f41-fd56-49e5-8383-909e4bb1d3dd",
        "stationuuid": "1bc7ef20-6324-48c0-9ba1-5457fe8ef23a",
        "serveruuid": "23d8178f-4867-4d3b-ad10-8599a46ec7bb",
        "name": ". \u0627\u0644\u0642\u0627\u0631\u0626 \u0645\u062d\u0645\u062f \u0623\u064a\u0648\u0628 ",
        "url": "https://qurango.net/radio/mohammed_ayyub",
        "url_resolved": "https://qurango.net/radio/mohammed_ayyub",
        "homepage": "",
        "favicon": "",
        "tags": "classical",
        "country": "Egypt",
        "countrycode": "EG",
        "iso_3166_2": null,
        "state": "",
        "language": "",
        "languagecodes": "",
        "votes": 195,
        "lastchangetime": "2023-01-28 07:16:56",
        "lastchangetime_iso8601": "2023-01-28T07:16:56Z",
        "codec": "MP3",
        "bitrate": 128,
        "hls": 0,
        "lastcheckok": 1,
        "lastchecktime": "2023-04-08 12:13:03",
        "lastchecktime_iso8601": "2023-04-08T12:13:03Z",
        "lastcheckoktime": "2023-04-08 12:13:03",
        "lastcheckoktime_iso8601": "2023-04-08T12:13:03Z",
        "lastlocalchecktime": "2023-04-07 20:06:22",
        "lastlocalchecktime_iso8601": "2023-04-07T20:06:22Z",
        "clicktimestamp": "2023-04-08 08:43:29",
        "clicktimestamp_iso8601": "2023-04-08T08:43:29Z",
        "clickcount": 82,
        "clicktrend": -2,
        "ssl_error": 0,
        "geo_lat": null,
        "geo_long": null,
        "has_extended_info": false
    },
    {
        "changeuuid": "f996a143-9b9f-4ace-b80f-95f75d7e5fee",
        "stationuuid": "91695099-0622-464c-97f0-b283f5495e28",
        "serveruuid": "25294aa5-46c8-455c-9f3f-393e4e0200be",
        "name": ".Nidaa Islam ",
        "url": "https://n0c.radiojar.com/59096z743d0uv?rj-ttl=5&rj-tok=AAABhd07tHIAJ2GRl2KNynaKow",
        "url_resolved": "http://n09.radiojar.com/59096z743d0uv?rj-ttl=5&rj-tok=AAABh2D-ctoA9KUFeF_oWLjc0g",
        "homepage": "",
        "favicon": "https://yt3.googleusercontent.com/g7QLQFSQFZyGLz-IHCxjLEl7hEU8_-5KwZufvkeyqvvYORHEB3QxUZGaRmWjbC2Ewe7QGk8L5A=s900-c-k-c0x00ffffff-no-rj",
        "tags": "classical",
        "country": "Egypt",
        "countrycode": "EG",
        "iso_3166_2": null,
        "state": "",
        "language": "",
        "languagecodes": "",
        "votes": 183,
        "lastchangetime": "2023-01-23 06:03:45",
        "lastchangetime_iso8601": "2023-01-23T06:03:45Z",
        "codec": "MP3",
        "bitrate": 0,
        "hls": 0,
        "lastcheckok": 1,
        "lastchecktime": "2023-04-08 13:04:22",
        "lastchecktime_iso8601": "2023-04-08T13:04:22Z",
        "lastcheckoktime": "2023-04-08 13:04:22",
        "lastcheckoktime_iso8601": "2023-04-08T13:04:22Z",
        "lastlocalchecktime": "2023-04-07 20:30:52",
        "lastlocalchecktime_iso8601": "2023-04-07T20:30:52Z",
        "clicktimestamp": "2023-04-08 10:51:01",
        "clicktimestamp_iso8601": "2023-04-08T10:51:01Z",
        "clickcount": 83,
        "clicktrend": -2,
        "ssl_error": 0,
        "geo_lat": null,
        "geo_long": null,
        "has_extended_info": false
    },
    {
        "changeuuid": "a220610c-1b0f-478e-996d-0f45051b92e9",
        "stationuuid": "1cce1eec-a6c5-4342-a8fe-4a52ef2b7801",
        "serveruuid": "08210add-75c7-4a40-a49b-ab65f25d4dfd",
        "name": "\u0625\u0630\u0627\u0639\u0629 \u062a\u0641\u0633\u064a\u0631 \u0627\u0644\u0625\u0645\u0627\u0645 \u0627\u0644\u0634\u0639\u0631\u0627\u0648\u064a",
        "url": "https://server03.quran.com.kw:7148/;*.mp3",
        "url_resolved": "https://server03.quran.com.kw:7148/;*.mp3",
        "homepage": "https://quran.com.kw/%d8%a5%d8%b0%d8%a7%d8%b9%d8%a9-%d8%aa%d9%81%d8%b3%d9%8a%d8%b1-%d8%a7%d9%84%d8%b4%d8%b9%d8%b1%d8%a7%d9%88%d9%8a/",
        "favicon": "https://quran.com.kw/favicon.ico",
        "tags": "",
        "country": "Egypt",
        "countrycode": "EG",
        "iso_3166_2": null,
        "state": "Cairo",
        "language": "arabic",
        "languagecodes": "ar",
        "votes": 60,
        "lastchangetime": "2023-03-30 12:24:13",
        "lastchangetime_iso8601": "2023-03-30T12:24:13Z",
        "codec": "MP3",
        "bitrate": 128,
        "hls": 0,
        "lastcheckok": 1,
        "lastchecktime": "2023-04-08 13:53:03",
        "lastchecktime_iso8601": "2023-04-08T13:53:03Z",
        "lastcheckoktime": "2023-04-08 13:53:03",
        "lastcheckoktime_iso8601": "2023-04-08T13:53:03Z",
        "lastlocalchecktime": "2023-04-08 13:53:03",
        "lastlocalchecktime_iso8601": "2023-04-08T13:53:03Z",
        "clicktimestamp": "2023-04-08 09:38:38",
        "clicktimestamp_iso8601": "2023-04-08T09:38:38Z",
        "clickcount": 197,
        "clicktrend": -10,
        "ssl_error": 0,
        "geo_lat": 30.03010421787743,
        "geo_long": 31.245117187500004,
        "has_extended_info": false
    },
    {
        "changeuuid": "b7de0c63-5dbf-40ee-abcb-73525b0e271c",
        "stationuuid": "0909bad3-a977-400c-89a1-50d8e2117775",
        "serveruuid": "23d8178f-4867-4d3b-ad10-8599a46ec7bb",
        "name": ". beautiful recitation ",
        "url": "https://qurango.net/radio/salma",
        "url_resolved": "https://qurango.net/radio/salma",
        "homepage": "",
        "favicon": "",
        "tags": "classical",
        "country": "Egypt",
        "countrycode": "EG",
        "iso_3166_2": null,
        "state": "",
        "language": "",
        "languagecodes": "",
        "votes": 48,
        "lastchangetime": "2023-03-23 10:12:32",
        "lastchangetime_iso8601": "2023-03-23T10:12:32Z",
        "codec": "MP3",
        "bitrate": 128,
        "hls": 0,
        "lastcheckok": 1,
        "lastchecktime": "2023-04-08 10:57:36",
        "lastchecktime_iso8601": "2023-04-08T10:57:36Z",
        "lastcheckoktime": "2023-04-08 10:57:36",
        "lastcheckoktime_iso8601": "2023-04-08T10:57:36Z",
        "lastlocalchecktime": "2023-04-07 20:42:02",
        "lastlocalchecktime_iso8601": "2023-04-07T20:42:02Z",
        "clicktimestamp": "2023-04-08 13:57:24",
        "clicktimestamp_iso8601": "2023-04-08T13:57:24Z",
        "clickcount": 81,
        "clicktrend": 8,
        "ssl_error": 0,
        "geo_lat": null,
        "geo_long": null,
        "has_extended_info": false
    },
    {
        "changeuuid": "315257de-8f83-4493-b002-74b219062cba",
        "stationuuid": "1f82ec6c-21f0-4f65-8ab8-a8ba272e3a20",
        "serveruuid": "532458f3-7220-4433-a26b-84b10188f43e",
        "name": ".\u0625\u0630\u0627\u0639\u0629 \u0645\u0627\u0647\u0631 \u0627\u0644\u0645\u0639\u064a\u0642\u0644\u064a ",
        "url": "https://backup.qurango.net/radio/maher",
        "url_resolved": "https://backup.qurango.net/radio/maher",
        "homepage": "",
        "favicon": "",
        "tags": "classical",
        "country": "Egypt",
        "countrycode": "EG",
        "iso_3166_2": null,
        "state": "",
        "language": "",
        "languagecodes": "",
        "votes": 15,
        "lastchangetime": "2023-04-03 07:34:39",
        "lastchangetime_iso8601": "2023-04-03T07:34:39Z",
        "codec": "MP3",
        "bitrate": 128,
        "hls": 0,
        "lastcheckok": 1,
        "lastchecktime": "2023-04-08 11:46:48",
        "lastchecktime_iso8601": "2023-04-08T11:46:48Z",
        "lastcheckoktime": "2023-04-08 11:46:48",
        "lastcheckoktime_iso8601": "2023-04-08T11:46:48Z",
        "lastlocalchecktime": "2023-04-08 11:46:48",
        "lastlocalchecktime_iso8601": "2023-04-08T11:46:48Z",
        "clicktimestamp": "2023-04-08 13:57:27",
        "clicktimestamp_iso8601": "2023-04-08T13:57:27Z",
        "clickcount": 59,
        "clicktrend": -4,
        "ssl_error": 0,
        "geo_lat": null,
        "geo_long": null,
        "has_extended_info": false
    },
    {
        "changeuuid": "b0006328-90f1-4575-ab84-b14e49a2da18",
        "stationuuid": "e731ae10-ea21-4665-b51d-4356cc0825cd",
        "serveruuid": "454ae35b-ac28-4296-844e-996e6b50f9db",
        "name": "DIMusic Club ",
        "url": "http://stream1.dimusic.club:11496/live",
        "url_resolved": "http://stream1.dimusic.club:11496/live",
        "homepage": "http://dimusic.club/",
        "favicon": "https://firebasestorage.googleapis.com/v0/b/radiogalaxy-580f4.appspot.com/o/images%2FIMG_20230503_055418378.jpg?alt=media&token=4e1f7030-4735-440e-9fd7-97b84a2d66bd",
        "tags": "pop dance eurodance",
        "country": "Egypt",
        "countrycode": "EG",
        "iso_3166_2": null,
        "state": "",
        "language": "american english",
        "languagecodes": "",
        "votes": 40,
        "lastchangetime": "2023-05-03 03:01:29",
        "lastchangetime_iso8601": "2023-05-03T03:01:29Z",
        "codec": "AAC+",
        "bitrate": 96,
        "hls": 0,
        "lastcheckok": 1,
        "lastchecktime": "2023-07-09 07:10:55",
        "lastchecktime_iso8601": "2023-07-09T07:10:55Z",
        "lastcheckoktime": "2023-07-09 07:10:55",
        "lastcheckoktime_iso8601": "2023-07-09T07:10:55Z",
        "lastlocalchecktime": "2023-07-09 07:10:55",
        "lastlocalchecktime_iso8601": "2023-07-09T07:10:55Z",
        "clicktimestamp": "2023-07-09 10:34:21",
        "clicktimestamp_iso8601": "2023-07-09T10:34:21Z",
        "clickcount": 44,
        "clicktrend": -1,
        "ssl_error": 0,
        "geo_lat": null,
        "geo_long": null,
        "has_extended_info": false
    },
    {
        "changeuuid": "db74f8a3-e426-46e1-ae94-9c88d2dd172b",
        "stationuuid": "3fb98d89-cc10-41da-8b5b-3520c431d750",
        "serveruuid": "454ae35b-ac28-4296-844e-996e6b50f9db",
        "name": "DIMusic Club ",
        "url": "http://stream1.dimusic.club:11496/live",
        "url_resolved": "http://stream1.dimusic.club:11496/live",
        "homepage": "http://dimusic.club/",
        "favicon": "https://firebasestorage.googleapis.com/v0/b/radiogalaxy-580f4.appspot.com/o/images%2FIMG_20230503_055418378.jpg?alt=media&token=4e1f7030-4735-440e-9fd7-97b84a2d66bd",
        "tags": "pop dance eurodance",
        "country": "Egypt",
        "countrycode": "EG",
        "iso_3166_2": null,
        "state": "",
        "language": "american english",
        "languagecodes": "",
        "votes": 220,
        "lastchangetime": "2023-05-03 03:01:29",
        "lastchangetime_iso8601": "2023-05-03T03:01:29Z",
        "codec": "AAC+",
        "bitrate": 96,
        "hls": 0,
        "lastcheckok": 1,
        "lastchecktime": "2023-09-03 07:32:34",
        "lastchecktime_iso8601": "2023-09-03T07:32:34Z",
        "lastcheckoktime": "2023-09-03 07:32:34",
        "lastcheckoktime_iso8601": "2023-09-03T07:32:34Z",
        "lastlocalchecktime": "2023-09-03 03:52:10",
        "lastlocalchecktime_iso8601": "2023-09-03T03:52:10Z",
        "clicktimestamp": "2023-09-03 08:48:28",
        "clicktimestamp_iso8601": "2023-09-03T08:48:28Z",
        "clickcount": 50,
        "clicktrend": -5,
        "ssl_error": 0,
        "geo_lat": null,
        "geo_long": null,
        "has_extended_info": false
    },
    {
        "changeuuid": "43c1acf3-b169-45cb-9e94-18f336e8750f",
        "stationuuid": "b1d17829-6522-481b-bb5c-839c3fd44353",
        "serveruuid": "943c6600-612f-439b-abed-da14eab4f9f7",
        "name": "Radio Hits 88.2 Cairo",
        "url": "https://radiohits882.radioca.st/;",
        "url_resolved": "https://radiohits882.radioca.st/;",
        "homepage": "http://radiohits882.com/",
        "favicon": "",
        "tags": "arabic music",
        "country": "Egypt",
        "countrycode": "EG",
        "iso_3166_2": null,
        "state": "",
        "language": "arabic",
        "languagecodes": "ar",
        "votes": 89,
        "lastchangetime": "2023-07-31 18:38:47",
        "lastchangetime_iso8601": "2023-07-31T18:38:47Z",
        "codec": "MP3",
        "bitrate": 128,
        "hls": 0,
        "lastcheckok": 1,
        "lastchecktime": "2023-09-03 07:44:03",
        "lastchecktime_iso8601": "2023-09-03T07:44:03Z",
        "lastcheckoktime": "2023-09-03 07:44:03",
        "lastcheckoktime_iso8601": "2023-09-03T07:44:03Z",
        "lastlocalchecktime": "2023-09-03 07:44:03",
        "lastlocalchecktime_iso8601": "2023-09-03T07:44:03Z",
        "clicktimestamp": "2023-09-03 13:03:17",
        "clicktimestamp_iso8601": "2023-09-03T13:03:17Z",
        "clickcount": 65,
        "clicktrend": -11,
        "ssl_error": 0,
        "geo_lat": null,
        "geo_long": null,
        "has_extended_info": false
    },
    {
        "changeuuid": "104c6a1f-fbbd-48dd-82ea-8d68f052acb5",
        "stationuuid": "0f35d49a-3e12-4936-a8e7-a3ae7698ea58",
        "serveruuid": "87652572-2807-4299-b8a8-c68695746dd8",
        "name": "El Gouna Radio",
        "url": "http://82.201.132.237:8000/;",
        "url_resolved": "http://82.201.132.237:8000/;",
        "homepage": "http://www.elgounaradio.com/",
        "favicon": "http://www.elgounaradio.com/LOGRADIO%20100%20picc%20bott.jpg",
        "tags": "",
        "country": "Egypt",
        "countrycode": "EG",
        "iso_3166_2": null,
        "state": "",
        "language": "",
        "languagecodes": "",
        "votes": 28,
        "lastchangetime": "2023-08-11 09:39:53",
        "lastchangetime_iso8601": "2023-08-11T09:39:53Z",
        "codec": "MP3",
        "bitrate": 128,
        "hls": 0,
        "lastcheckok": 1,
        "lastchecktime": "2023-09-03 10:05:48",
        "lastchecktime_iso8601": "2023-09-03T10:05:48Z",
        "lastcheckoktime": "2023-09-03 10:05:48",
        "lastcheckoktime_iso8601": "2023-09-03T10:05:48Z",
        "lastlocalchecktime": "2023-09-03 08:23:00",
        "lastlocalchecktime_iso8601": "2023-09-03T08:23:00Z",
        "clicktimestamp": "2023-09-03 10:13:02",
        "clicktimestamp_iso8601": "2023-09-03T10:13:02Z",
        "clickcount": 83,
        "clicktrend": 1,
        "ssl_error": 0,
        "geo_lat": 27.24565614964803,
        "geo_long": 33.81605806558242,
        "has_extended_info": false
    },
    {
        "changeuuid": "8094e72e-e0a4-4766-8366-1b03f6a69e08",
        "stationuuid": "e9d05182-04c8-4705-a8d2-0ae415314768",
        "serveruuid": "2acb4973-03c8-481f-b76b-db8a106a4f79",
        "name": "Radio Ma3ak",
        "url": "http://www.radioma3ak.com:8000/",
        "url_resolved": "http://www.radioma3ak.com:8000/",
        "homepage": "http://liveonlineradio.net/radio-ma3ak?player",
        "favicon": "https://www.google.com/imgres?imgurl=https%3A%2F%2Fliveonlineradio.net%2Fwp-content%2Fuploads%2F2017%2F12%2FRadio-Ma3ak.jpg&tbnid=idbrPsgAFEe_rM&vet=1&imgrefurl=https%3A%2F%2Fliveonlineradio.net%2Fradio-ma3ak&docid=VDw8eOmwEmWSkM&w=440&h=220&hl=tr-TR&source=sh%2Fx%2Fim%2F4",
        "tags": "pop",
        "country": "Egypt",
        "countrycode": "EG",
        "iso_3166_2": null,
        "state": "",
        "language": "",
        "languagecodes": "",
        "votes": 14,
        "lastchangetime": "2023-08-27 21:28:39",
        "lastchangetime_iso8601": "2023-08-27T21:28:39Z",
        "codec": "MP3",
        "bitrate": 64,
        "hls": 0,
        "lastcheckok": 1,
        "lastchecktime": "2023-09-03 10:26:39",
        "lastchecktime_iso8601": "2023-09-03T10:26:39Z",
        "lastcheckoktime": "2023-09-03 10:26:39",
        "lastcheckoktime_iso8601": "2023-09-03T10:26:39Z",
        "lastlocalchecktime": "2023-09-03 08:25:28",
        "lastlocalchecktime_iso8601": "2023-09-03T08:25:28Z",
        "clicktimestamp": "2023-09-03 14:02:54",
        "clicktimestamp_iso8601": "2023-09-03T14:02:54Z",
        "clickcount": 53,
        "clicktrend": 3,
        "ssl_error": 0,
        "geo_lat": null,
        "geo_long": null,
        "has_extended_info": false
    },
    {
        "changeuuid": "79f1ede8-9191-4eba-97e8-c2a68210da4f",
        "stationuuid": "86d9ef87-db88-4158-a50e-a91ab7b4d93e",
        "serveruuid": "87652572-2807-4299-b8a8-c68695746dd8",
        "name": "El Gouna Radio",
        "url": "http://82.201.132.237:8000/",
        "url_resolved": "http://82.201.132.237:8000/",
        "homepage": "",
        "favicon": "https://images.app.goo.gl/1e5F4BQtrqkswH8y7",
        "tags": "pop",
        "country": "Egypt",
        "countrycode": "EG",
        "iso_3166_2": null,
        "state": "",
        "language": "",
        "languagecodes": "",
        "votes": 11,
        "lastchangetime": "2023-08-27 21:28:39",
        "lastchangetime_iso8601": "2023-08-27T21:28:39Z",
        "codec": "MP3",
        "bitrate": 128,
        "hls": 0,
        "lastcheckok": 1,
        "lastchecktime": "2023-09-03 10:42:25",
        "lastchecktime_iso8601": "2023-09-03T10:42:25Z",
        "lastcheckoktime": "2023-09-03 10:42:25",
        "lastcheckoktime_iso8601": "2023-09-03T10:42:25Z",
        "lastlocalchecktime": "2023-09-03 04:34:16",
        "lastlocalchecktime_iso8601": "2023-09-03T04:34:16Z",
        "clicktimestamp": "2023-09-03 13:53:04",
        "clicktimestamp_iso8601": "2023-09-03T13:53:04Z",
        "clickcount": 44,
        "clicktrend": 2,
        "ssl_error": 0,
        "geo_lat": null,
        "geo_long": null,
        "has_extended_info": false
    },
    {
        "changeuuid": "b785c9cb-54b5-4d5a-9675-ed2536895c6b",
        "stationuuid": "fde7f7b6-2e5e-436e-93e7-c9e580798871",
        "serveruuid": "2acb4973-03c8-481f-b76b-db8a106a4f79",
        "name": "Radio With You",
        "url": "http://www.radioma3ak.com:8000/",
        "url_resolved": "http://www.radioma3ak.com:8000/",
        "homepage": "http://liveonlineradio.net/radio-ma3ak?player",
        "favicon": "https://www.google.com/imgres?imgurl=https%3A%2F%2Fliveonlineradio.net%2Fwp-content%2Fuploads%2F2017%2F12%2FRadio-Ma3ak.jpg&tbnid=idbrPsgAFEe_rM&vet=1&imgrefurl=https%3A%2F%2Fliveonlineradio.net%2Fradio-ma3ak&docid=VDw8eOmwEmWSkM&w=440&h=220&hl=tr-TR&source=sh%2Fx%2Fim%2F4",
        "tags": "pop",
        "country": "Egypt",
        "countrycode": "EG",
        "iso_3166_2": null,
        "state": "",
        "language": "",
        "languagecodes": "",
        "votes": 7,
        "lastchangetime": "2023-08-27 21:28:39",
        "lastchangetime_iso8601": "2023-08-27T21:28:39Z",
        "codec": "MP3",
        "bitrate": 64,
        "hls": 0,
        "lastcheckok": 1,
        "lastchecktime": "2023-09-03 11:55:17",
        "lastchecktime_iso8601": "2023-09-03T11:55:17Z",
        "lastcheckoktime": "2023-09-03 11:55:17",
        "lastcheckoktime_iso8601": "2023-09-03T11:55:17Z",
        "lastlocalchecktime": "2023-09-03 11:55:17",
        "lastlocalchecktime_iso8601": "2023-09-03T11:55:17Z",
        "clicktimestamp": "2023-09-03 13:54:12",
        "clicktimestamp_iso8601": "2023-09-03T13:54:12Z",
        "clickcount": 42,
        "clicktrend": 5,
        "ssl_error": 0,
        "geo_lat": null,
        "geo_long": null,
        "has_extended_info": false
    },
    {
        "changeuuid": "62dbb89c-c83e-4b91-9f27-f5b22c238458",
        "stationuuid": "f311c91f-84f0-4664-b052-82f661f0ddd1",
        "serveruuid": "3a2818e2-c5e6-4a08-9217-4f1cf9e06222",
        "name": "\u0647\u0648\u0627\u0647\u0627 \u0628\u064a\u0637\u0631\u064a",
        "url": "https://s44.myradiostream.com/:9204/listen.mp3?listening-from-radio-garden-1696014326?nocache-1696021004",
        "url_resolved": "https://s44.myradiostream.com/:9204/listen.mp3?listening-from-radio-garden-1696014326?nocache-1696021004",
        "homepage": "",
        "favicon": "",
        "tags": "pop",
        "country": "Egypt",
        "countrycode": "EG",
        "iso_3166_2": null,
        "state": "",
        "language": "",
        "languagecodes": "",
        "votes": 51,
        "lastchangetime": "2023-09-29 20:59:02",
        "lastchangetime_iso8601": "2023-09-29T20:59:02Z",
        "codec": "MP3",
        "bitrate": 96,
        "hls": 0,
        "lastcheckok": 1,
        "lastchecktime": "2023-10-20 21:32:13",
        "lastchecktime_iso8601": "2023-10-20T21:32:13Z",
        "lastcheckoktime": "2023-10-20 21:32:13",
        "lastcheckoktime_iso8601": "2023-10-20T21:32:13Z",
        "lastlocalchecktime": "2023-10-20 21:10:45",
        "lastlocalchecktime_iso8601": "2023-10-20T21:10:45Z",
        "clicktimestamp": "2023-10-20 23:02:53",
        "clicktimestamp_iso8601": "2023-10-20T23:02:53Z",
        "clickcount": 101,
        "clicktrend": -3,
        "ssl_error": 0,
        "geo_lat": null,
        "geo_long": null,
        "has_extended_info": false
    }
]