[
    {
        "changeuuid": "04dc8f4a-9e63-4052-9700-3ea2e57238b5",
        "stationuuid": "949641ca-68a3-4335-bd5f-de7fbb299498",
        "serveruuid": "9cb113f6-2712-48b3-bb8f-e80987fcb0ef",
        "name": "RASD TV",
        "url": "https://cloud.streamingconnect.tv/hls/rasdtv/rasdtv.m3u8",
        "url_resolved": "https://cloud.streamingconnect.tv/hls/rasdtv/rasdtv.m3u8",
        "homepage": "https://rasd.tv/",
        "favicon": "https://rasd.tv/uploads/images/logo_site_1437762839.jpg",
        "tags": "music,spoken word",
        "country": "Western Sahara",
        "countrycode": "EH",
        "iso_3166_2": null,
        "state": "",
        "language": "hasani,spanish",
        "languagecodes": "es",
        "votes": 20,
        "lastchangetime": "2023-03-27 11:18:39",
        "lastchangetime_iso8601": "2023-03-27T11:18:39Z",
        "codec": "UNKNOWN",
        "bitrate": 0,
        "hls": 1,
        "lastcheckok": 1,
        "lastchecktime": "2023-04-08 11:33:56",
        "lastchecktime_iso8601": "2023-04-08T11:33:56Z",
        "lastcheckoktime": "2023-04-08 11:33:56",
        "lastcheckoktime_iso8601": "2023-04-08T11:33:56Z",
        "lastlocalchecktime": "2023-04-07 15:31:26",
        "lastlocalchecktime_iso8601": "2023-04-07T15:31:26Z",
        "clicktimestamp": "2023-04-08 07:16:38",
        "clicktimestamp_iso8601": "2023-04-08T07:16:38Z",
        "clickcount": 31,
        "clicktrend": 0,
        "ssl_error": 0,
        "geo_lat": 26.81230505950799,
        "geo_long": -8.778076171875002,
        "has_extended_info": false
    }
]