[
    {
        "changeuuid": "d65a2f8a-fff7-4583-b78b-ed770d84aaed",
        "stationuuid": "20b4f385-e3d6-4be0-92f8-38ea49fb0c4d",
        "serveruuid": "778668c5-d602-4e01-9e0f-77f8889921d0",
        "name": "Viti FM",
        "url": "https://stream.fijivillage.com/vitifm",
        "url_resolved": "https://stream.fijivillage.com/vitifm",
        "homepage": "http://vitifm.com.fj/",
        "favicon": "https://vitifm.com.fj/wp-content/uploads/2021/09/cropped-vitifm-favicon-512x512-1-180x180.png",
        "tags": "",
        "country": "Fiji",
        "countrycode": "FJ",
        "iso_3166_2": null,
        "state": "",
        "language": "fijian",
        "languagecodes": "fj",
        "votes": 951,
        "lastchangetime": "2022-04-18 20:14:01",
        "lastchangetime_iso8601": "2022-04-18T20:14:01Z",
        "codec": "MP3",
        "bitrate": 128,
        "hls": 0,
        "lastcheckok": 1,
        "lastchecktime": "2023-04-08 02:47:27",
        "lastchecktime_iso8601": "2023-04-08T02:47:27Z",
        "lastcheckoktime": "2023-04-08 02:47:27",
        "lastcheckoktime_iso8601": "2023-04-08T02:47:27Z",
        "lastlocalchecktime": "2023-04-07 20:02:25",
        "lastlocalchecktime_iso8601": "2023-04-07T20:02:25Z",
        "clicktimestamp": "2023-04-08 13:44:31",
        "clicktimestamp_iso8601": "2023-04-08T13:44:31Z",
        "clickcount": 163,
        "clicktrend": 4,
        "ssl_error": 0,
        "geo_lat": null,
        "geo_long": null,
        "has_extended_info": false
    },
    {
        "changeuuid": "7500dfe0-37d6-4789-b825-a87c4a836813",
        "stationuuid": "96449e3e-0601-11e8-ae97-52543be04c81",
        "serveruuid": "709c13df-1ba2-4c60-bee6-34512cf10d35",
        "name": "Radio Fiji One",
        "url": "http://peridot.streamguys.com:7150/RFOne",
        "url_resolved": "http://peridot.streamguys.com:7150/RFOne",
        "homepage": "http://rf1.fbc.com.fj/",
        "favicon": "",
        "tags": "pacific island music",
        "country": "Fiji",
        "countrycode": "FJ",
        "iso_3166_2": null,
        "state": "",
        "language": "fijian",
        "languagecodes": "fj",
        "votes": 565,
        "lastchangetime": "2022-03-28 13:09:44",
        "lastchangetime_iso8601": "2022-03-28T13:09:44Z",
        "codec": "AAC+",
        "bitrate": 24,
        "hls": 0,
        "lastcheckok": 1,
        "lastchecktime": "2023-04-08 11:45:59",
        "lastchecktime_iso8601": "2023-04-08T11:45:59Z",
        "lastcheckoktime": "2023-04-08 11:45:59",
        "lastcheckoktime_iso8601": "2023-04-08T11:45:59Z",
        "lastlocalchecktime": "2023-04-07 14:42:39",
        "lastlocalchecktime_iso8601": "2023-04-07T14:42:39Z",
        "clicktimestamp": "2023-04-08 07:16:24",
        "clicktimestamp_iso8601": "2023-04-08T07:16:24Z",
        "clickcount": 94,
        "clicktrend": 2,
        "ssl_error": 0,
        "geo_lat": null,
        "geo_long": null,
        "has_extended_info": false
    },
    {
        "changeuuid": "358cc465-257f-4c1a-8df8-ff0060a29510",
        "stationuuid": "9643d913-0601-11e8-ae97-52543be04c81",
        "serveruuid": "709c13df-1ba2-4c60-bee6-34512cf10d35",
        "name": "Bula FM",
        "url": "http://peridot.streamguys.com:7150/Bula",
        "url_resolved": "http://peridot.streamguys.com:7150/Bula",
        "homepage": "http://bulafm.fbc.com.fj/",
        "favicon": "",
        "tags": "fijian programming",
        "country": "Fiji",
        "countrycode": "FJ",
        "iso_3166_2": null,
        "state": "",
        "language": "fijian",
        "languagecodes": "fj",
        "votes": 500,
        "lastchangetime": "2022-03-28 09:55:53",
        "lastchangetime_iso8601": "2022-03-28T09:55:53Z",
        "codec": "AAC+",
        "bitrate": 24,
        "hls": 0,
        "lastcheckok": 1,
        "lastchecktime": "2023-04-08 04:18:15",
        "lastchecktime_iso8601": "2023-04-08T04:18:15Z",
        "lastcheckoktime": "2023-04-08 04:18:15",
        "lastcheckoktime_iso8601": "2023-04-08T04:18:15Z",
        "lastlocalchecktime": "2023-04-07 17:30:34",
        "lastlocalchecktime_iso8601": "2023-04-07T17:30:34Z",
        "clicktimestamp": "2023-04-08 13:34:16",
        "clicktimestamp_iso8601": "2023-04-08T13:34:16Z",
        "clickcount": 158,
        "clicktrend": 1,
        "ssl_error": 0,
        "geo_lat": null,
        "geo_long": null,
        "has_extended_info": false
    },
    {
        "changeuuid": "96eec226-90bc-4694-93d1-0b973370d82f",
        "stationuuid": "9644a014-0601-11e8-ae97-52543be04c81",
        "serveruuid": "709c13df-1ba2-4c60-bee6-34512cf10d35",
        "name": "Radio Fiji Two",
        "url": "http://peridot.streamguys.com:7150/RFTwo",
        "url_resolved": "http://peridot.streamguys.com:7150/RFTwo",
        "homepage": "http://rf2.fbc.com.fj/",
        "favicon": "",
        "tags": "south asian music",
        "country": "Fiji",
        "countrycode": "FJ",
        "iso_3166_2": null,
        "state": "",
        "language": "english",
        "languagecodes": "en",
        "votes": 442,
        "lastchangetime": "2022-03-28 10:14:58",
        "lastchangetime_iso8601": "2022-03-28T10:14:58Z",
        "codec": "AAC+",
        "bitrate": 24,
        "hls": 0,
        "lastcheckok": 1,
        "lastchecktime": "2023-04-08 01:25:57",
        "lastchecktime_iso8601": "2023-04-08T01:25:57Z",
        "lastcheckoktime": "2023-04-08 01:25:57",
        "lastcheckoktime_iso8601": "2023-04-08T01:25:57Z",
        "lastlocalchecktime": "2023-04-07 16:17:55",
        "lastlocalchecktime_iso8601": "2023-04-07T16:17:55Z",
        "clicktimestamp": "2023-04-08 09:43:45",
        "clicktimestamp_iso8601": "2023-04-08T09:43:45Z",
        "clickcount": 63,
        "clicktrend": -1,
        "ssl_error": 0,
        "geo_lat": null,
        "geo_long": null,
        "has_extended_info": false
    },
    {
        "changeuuid": "4a7d869b-dcae-4c47-a2ff-e639a133cbcf",
        "stationuuid": "9635290e-0601-11e8-ae97-52543be04c81",
        "serveruuid": "709c13df-1ba2-4c60-bee6-34512cf10d35",
        "name": "2dayFM 104.0 Suva",
        "url": "http://peridot.streamguys.com:7150/2Day",
        "url_resolved": "http://peridot.streamguys.com:7150/2Day",
        "homepage": "http://2dayfm.fbc.com.fj/",
        "favicon": "",
        "tags": "pop,suva,top 40",
        "country": "Fiji",
        "countrycode": "FJ",
        "iso_3166_2": null,
        "state": "",
        "language": "english",
        "languagecodes": "en",
        "votes": 300,
        "lastchangetime": "2022-03-28 14:09:15",
        "lastchangetime_iso8601": "2022-03-28T14:09:15Z",
        "codec": "AAC+",
        "bitrate": 24,
        "hls": 0,
        "lastcheckok": 1,
        "lastchecktime": "2023-04-08 11:59:36",
        "lastchecktime_iso8601": "2023-04-08T11:59:36Z",
        "lastcheckoktime": "2023-04-08 11:59:36",
        "lastcheckoktime_iso8601": "2023-04-08T11:59:36Z",
        "lastlocalchecktime": "2023-04-07 19:27:07",
        "lastlocalchecktime_iso8601": "2023-04-07T19:27:07Z",
        "clicktimestamp": "2023-04-07 09:57:22",
        "clicktimestamp_iso8601": "2023-04-07T09:57:22Z",
        "clickcount": 24,
        "clicktrend": -2,
        "ssl_error": 0,
        "geo_lat": null,
        "geo_long": null,
        "has_extended_info": false
    },
    {
        "changeuuid": "3b98134e-32ab-4ad5-be0f-1a58d5dbd52d",
        "stationuuid": "77728df1-ee92-434f-aace-368927186275",
        "serveruuid": "5b23dd14-631d-45e5-b837-5c2d5fd45e61",
        "name": "MixFM",
        "url": "https://azuracast.fijiradio.net/radio/8000/live",
        "url_resolved": "https://azuracast.fijiradio.net/radio/8000/live",
        "homepage": "https://mix.com.fj/",
        "favicon": "",
        "tags": "",
        "country": "Fiji",
        "countrycode": "FJ",
        "iso_3166_2": null,
        "state": "",
        "language": "",
        "languagecodes": "",
        "votes": 200,
        "lastchangetime": "2021-11-09 22:55:33",
        "lastchangetime_iso8601": "2021-11-09T22:55:33Z",
        "codec": "AAC+",
        "bitrate": 32,
        "hls": 0,
        "lastcheckok": 1,
        "lastchecktime": "2023-04-08 10:37:27",
        "lastchecktime_iso8601": "2023-04-08T10:37:27Z",
        "lastcheckoktime": "2023-04-08 10:37:27",
        "lastcheckoktime_iso8601": "2023-04-08T10:37:27Z",
        "lastlocalchecktime": "2023-04-08 10:37:27",
        "lastlocalchecktime_iso8601": "2023-04-08T10:37:27Z",
        "clicktimestamp": "2023-04-08 05:33:14",
        "clicktimestamp_iso8601": "2023-04-08T05:33:14Z",
        "clickcount": 28,
        "clicktrend": -1,
        "ssl_error": 0,
        "geo_lat": null,
        "geo_long": null,
        "has_extended_info": false
    },
    {
        "changeuuid": "c2e6b0ad-bdf2-4e1b-aa84-a59c4c3b1062",
        "stationuuid": "9619a9f5-0601-11e8-ae97-52543be04c81",
        "serveruuid": "709c13df-1ba2-4c60-bee6-34512cf10d35",
        "name": "Fiji Gold FM 100.4 Suva",
        "url": "http://peridot.streamguys.com:7150/Gold",
        "url_resolved": "http://peridot.streamguys.com:7150/Gold",
        "homepage": "http://goldfm.fbc.com.fj/",
        "favicon": "",
        "tags": "fiji,local news,pop,suva",
        "country": "Fiji",
        "countrycode": "FJ",
        "iso_3166_2": null,
        "state": "",
        "language": "english",
        "languagecodes": "en",
        "votes": 139,
        "lastchangetime": "2022-03-28 10:48:36",
        "lastchangetime_iso8601": "2022-03-28T10:48:36Z",
        "codec": "AAC+",
        "bitrate": 24,
        "hls": 0,
        "lastcheckok": 1,
        "lastchecktime": "2023-04-08 14:09:02",
        "lastchecktime_iso8601": "2023-04-08T14:09:02Z",
        "lastcheckoktime": "2023-04-08 14:09:02",
        "lastcheckoktime_iso8601": "2023-04-08T14:09:02Z",
        "lastlocalchecktime": "2023-04-08 14:09:02",
        "lastlocalchecktime_iso8601": "2023-04-08T14:09:02Z",
        "clicktimestamp": "2023-04-08 07:01:20",
        "clicktimestamp_iso8601": "2023-04-08T07:01:20Z",
        "clickcount": 41,
        "clicktrend": 2,
        "ssl_error": 0,
        "geo_lat": null,
        "geo_long": null,
        "has_extended_info": false
    }
]