[
    {
        "changeuuid": "40f445e0-1af2-42f1-9cbf-fa5a4e33dd7a",
        "stationuuid": "a170dccb-c40f-11e9-8502-52543be04c81",
        "serveruuid": "bdff0ca6-1388-4e63-924b-26973b9a0508",
        "name": "Falklands Radio",
        "url": "http://streaming.broadcastradio.com:8330/flklnd",
        "url_resolved": "http://streaming.broadcastradio.com:8330/flklnd",
        "homepage": "http://www.radio.co.fk/",
        "favicon": "",
        "tags": "",
        "country": "The Falkland Islands Malvinas",
        "countrycode": "FK",
        "iso_3166_2": null,
        "state": "",
        "language": "english",
        "languagecodes": "en",
        "votes": 174,
        "lastchangetime": "2023-02-04 17:34:29",
        "lastchangetime_iso8601": "2023-02-04T17:34:29Z",
        "codec": "MP3",
        "bitrate": 0,
        "hls": 0,
        "lastcheckok": 1,
        "lastchecktime": "2023-04-08 11:03:02",
        "lastchecktime_iso8601": "2023-04-08T11:03:02Z",
        "lastcheckoktime": "2023-04-08 11:03:02",
        "lastcheckoktime_iso8601": "2023-04-08T11:03:02Z",
        "lastlocalchecktime": "2023-04-08 09:39:55",
        "lastlocalchecktime_iso8601": "2023-04-08T09:39:55Z",
        "clicktimestamp": "2023-04-07 19:57:23",
        "clicktimestamp_iso8601": "2023-04-07T19:57:23Z",
        "clickcount": 19,
        "clicktrend": 1,
        "ssl_error": 0,
        "geo_lat": null,
        "geo_long": null,
        "has_extended_info": false
    },
    {
        "changeuuid": "cc3c578a-3884-48ad-a128-6e6f19f376ee",
        "stationuuid": "97887f52-540f-409e-a625-967e4698d829",
        "serveruuid": "19fe4b5f-81c9-4042-a699-98ccaf45ba86",
        "name": "Falklands Radio 530 Stanley",
        "url": "https://streaming.broadcastradio.com:8332/flklnd",
        "url_resolved": "https://streaming.broadcastradio.com:8332/flklnd",
        "homepage": "https://radio.co.fk/",
        "favicon": "https://radio.co.fk/wp-content/uploads/2022/04/Falklands-Radio-Logo-Light.svg",
        "tags": "bbc news,local news weather,music",
        "country": "The Falkland Islands Malvinas",
        "countrycode": "FK",
        "iso_3166_2": null,
        "state": "",
        "language": "english",
        "languagecodes": "en",
        "votes": 15,
        "lastchangetime": "2023-07-19 19:53:23",
        "lastchangetime_iso8601": "2023-07-19T19:53:23Z",
        "codec": "MP3",
        "bitrate": 0,
        "hls": 0,
        "lastcheckok": 1,
        "lastchecktime": "2023-09-03 07:14:47",
        "lastchecktime_iso8601": "2023-09-03T07:14:47Z",
        "lastcheckoktime": "2023-09-03 07:14:47",
        "lastcheckoktime_iso8601": "2023-09-03T07:14:47Z",
        "lastlocalchecktime": "2023-09-03 07:14:47",
        "lastlocalchecktime_iso8601": "2023-09-03T07:14:47Z",
        "clicktimestamp": "2023-08-31 22:21:00",
        "clicktimestamp_iso8601": "2023-08-31T22:21:00Z",
        "clickcount": 12,
        "clicktrend": 0,
        "ssl_error": 0,
        "geo_lat": -51.721583890010585,
        "geo_long": -57.81005859375001,
        "has_extended_info": false
    }
]