[
    {
        "changeuuid": "02b9fb1d-defb-4c99-acfa-bf2d8e1bbd5c",
        "stationuuid": "9617c327-0601-11e8-ae97-52543be04c81",
        "serveruuid": "4ee6d401-e454-4a56-bea4-4a6402402f3e",
        "name": "Kringvarp F\u00f8roya (KVF)",
        "url": "http://netvarp.kringvarp.fo:443/uvhm",
        "url_resolved": "http://netvarp.kringvarp.fo:443/uvhm",
        "homepage": "http://kvf.fo/",
        "favicon": "",
        "tags": "faroe islands,national,news,public service",
        "country": "The Faroe Islands",
        "countrycode": "FO",
        "iso_3166_2": null,
        "state": "",
        "language": "faroese",
        "languagecodes": "fo",
        "votes": 2740,
        "lastchangetime": "2022-03-28 11:47:20",
        "lastchangetime_iso8601": "2022-03-28T11:47:20Z",
        "codec": "MP3",
        "bitrate": 192,
        "hls": 0,
        "lastcheckok": 1,
        "lastchecktime": "2023-04-08 05:13:53",
        "lastchecktime_iso8601": "2023-04-08T05:13:53Z",
        "lastcheckoktime": "2023-04-08 05:13:53",
        "lastcheckoktime_iso8601": "2023-04-08T05:13:53Z",
        "lastlocalchecktime": "2023-04-07 20:43:39",
        "lastlocalchecktime_iso8601": "2023-04-07T20:43:39Z",
        "clicktimestamp": "2023-04-08 10:47:50",
        "clicktimestamp_iso8601": "2023-04-08T10:47:50Z",
        "clickcount": 101,
        "clicktrend": -5,
        "ssl_error": 0,
        "geo_lat": null,
        "geo_long": null,
        "has_extended_info": false
    },
    {
        "changeuuid": "552fa1b5-160d-466d-9871-7440c18f6171",
        "stationuuid": "963cbfb8-0601-11e8-ae97-52543be04c81",
        "serveruuid": "04a45778-b4ca-4ff4-b17f-876bd449c7e2",
        "name": "VoxPop",
        "url": "http://stream.midlar.fo/voxpop",
        "url_resolved": "http://stream.midlar.fo/voxpop",
        "homepage": "http://www.midlar.fo/",
        "favicon": "http://www.midlar.fo/favicon.ico",
        "tags": "faroe islands,t\u00f3nleikur,voxpop",
        "country": "The Faroe Islands",
        "countrycode": "FO",
        "iso_3166_2": null,
        "state": "",
        "language": "faroese",
        "languagecodes": "fo",
        "votes": 367,
        "lastchangetime": "2022-12-26 16:13:41",
        "lastchangetime_iso8601": "2022-12-26T16:13:41Z",
        "codec": "MP3",
        "bitrate": 0,
        "hls": 0,
        "lastcheckok": 1,
        "lastchecktime": "2023-04-08 13:29:24",
        "lastchecktime_iso8601": "2023-04-08T13:29:24Z",
        "lastcheckoktime": "2023-04-08 13:29:24",
        "lastcheckoktime_iso8601": "2023-04-08T13:29:24Z",
        "lastlocalchecktime": "2023-04-08 13:29:24",
        "lastlocalchecktime_iso8601": "2023-04-08T13:29:24Z",
        "clicktimestamp": "2023-04-07 15:12:44",
        "clicktimestamp_iso8601": "2023-04-07T15:12:44Z",
        "clickcount": 18,
        "clicktrend": -3,
        "ssl_error": 0,
        "geo_lat": null,
        "geo_long": null,
        "has_extended_info": false
    },
    {
        "changeuuid": "a7f8efcf-8ec2-4633-9fb0-2a4aae8dfe24",
        "stationuuid": "9643d481-0601-11e8-ae97-52543be04c81",
        "serveruuid": "04a45778-b4ca-4ff4-b17f-876bd449c7e2",
        "name": "R\u00e1s 2",
        "url": "http://stream.midlar.fo/ras2",
        "url_resolved": "http://stream.midlar.fo/ras2",
        "homepage": "http://www.midlar.fo/",
        "favicon": "http://www.midlar.fo/favicon.ico",
        "tags": "faroe islands,r\u00e1s 2,t\u00f3nleikur",
        "country": "The Faroe Islands",
        "countrycode": "FO",
        "iso_3166_2": null,
        "state": "",
        "language": "faroese",
        "languagecodes": "fo",
        "votes": 226,
        "lastchangetime": "2022-12-25 01:51:07",
        "lastchangetime_iso8601": "2022-12-25T01:51:07Z",
        "codec": "MP3",
        "bitrate": 0,
        "hls": 0,
        "lastcheckok": 1,
        "lastchecktime": "2023-04-08 07:56:20",
        "lastchecktime_iso8601": "2023-04-08T07:56:20Z",
        "lastcheckoktime": "2023-04-08 07:56:20",
        "lastcheckoktime_iso8601": "2023-04-08T07:56:20Z",
        "lastlocalchecktime": "2023-04-07 18:29:26",
        "lastlocalchecktime_iso8601": "2023-04-07T18:29:26Z",
        "clicktimestamp": "2023-04-08 11:25:19",
        "clicktimestamp_iso8601": "2023-04-08T11:25:19Z",
        "clickcount": 28,
        "clicktrend": -4,
        "ssl_error": 0,
        "geo_lat": null,
        "geo_long": null,
        "has_extended_info": false
    },
    {
        "changeuuid": "8abf7f65-2e62-4344-a15b-745e0f21230f",
        "stationuuid": "9615ae85-0601-11e8-ae97-52543be04c81",
        "serveruuid": "786a658c-9094-47b0-b2b6-077be979909e",
        "name": "Lindin",
        "url": "http://high.lindin.fo/",
        "url_resolved": "https://high.lindin.fo/",
        "homepage": "http://www.lindin.fo/",
        "favicon": "http://www.lindin.fo/site/favicon.ico",
        "tags": "christian,religion",
        "country": "The Faroe Islands",
        "countrycode": "FO",
        "iso_3166_2": null,
        "state": "",
        "language": "faroese",
        "languagecodes": "fo",
        "votes": 172,
        "lastchangetime": "2023-01-06 10:29:19",
        "lastchangetime_iso8601": "2023-01-06T10:29:19Z",
        "codec": "AAC+",
        "bitrate": 128,
        "hls": 0,
        "lastcheckok": 1,
        "lastchecktime": "2023-04-08 01:31:02",
        "lastchecktime_iso8601": "2023-04-08T01:31:02Z",
        "lastcheckoktime": "2023-04-08 01:31:02",
        "lastcheckoktime_iso8601": "2023-04-08T01:31:02Z",
        "lastlocalchecktime": "2023-04-07 19:01:32",
        "lastlocalchecktime_iso8601": "2023-04-07T19:01:32Z",
        "clicktimestamp": "2023-04-07 14:10:36",
        "clicktimestamp_iso8601": "2023-04-07T14:10:36Z",
        "clickcount": 28,
        "clicktrend": -5,
        "ssl_error": 0,
        "geo_lat": null,
        "geo_long": null,
        "has_extended_info": false
    },
    {
        "changeuuid": "fc51efae-fa1c-445c-b303-6b8772bdc555",
        "stationuuid": "028984e9-9ef1-490f-bb04-da88caeb6798",
        "serveruuid": "f317b76e-868b-409a-82ec-1fd691a544c1",
        "name": "KVF2",
        "url": "http://netvarp.kringvarp.fo:4443/kvf2_2",
        "url_resolved": "http://netvarp.kringvarp.fo:4443/kvf2_2",
        "homepage": "https://www.kringvarp.fo/",
        "favicon": "",
        "tags": "",
        "country": "The Faroe Islands",
        "countrycode": "FO",
        "iso_3166_2": null,
        "state": "",
        "language": "faroese",
        "languagecodes": "fo",
        "votes": 86,
        "lastchangetime": "2022-11-28 11:28:29",
        "lastchangetime_iso8601": "2022-11-28T11:28:29Z",
        "codec": "MP3",
        "bitrate": 192,
        "hls": 0,
        "lastcheckok": 1,
        "lastchecktime": "2023-04-07 20:04:20",
        "lastchecktime_iso8601": "2023-04-07T20:04:20Z",
        "lastcheckoktime": "2023-04-07 20:04:20",
        "lastcheckoktime_iso8601": "2023-04-07T20:04:20Z",
        "lastlocalchecktime": "2023-04-07 20:04:20",
        "lastlocalchecktime_iso8601": "2023-04-07T20:04:20Z",
        "clicktimestamp": "2023-04-08 09:38:22",
        "clicktimestamp_iso8601": "2023-04-08T09:38:22Z",
        "clickcount": 30,
        "clicktrend": -5,
        "ssl_error": 0,
        "geo_lat": 62.02237318781896,
        "geo_long": -6.786434054374696,
        "has_extended_info": false
    }
]