[
    {
        "changeuuid": "e5b68326-846a-448a-abc4-1cae80b8ca36",
        "stationuuid": "4ee38153-25a3-401c-ab53-117d35694a08",
        "serveruuid": "83e9d9fd-1d0a-4d2b-9401-3e52e8ce3b8f",
        "name": "Boss FM Grenada",
        "url": "http://cp.usa8.fastcast4u.com:5195/;",
        "url_resolved": "http://cp.usa8.fastcast4u.com:5195/;",
        "homepage": "http://www.bossfmgrenada.net/",
        "favicon": "http://www.bossfmgrenada.net/favicon.ico",
        "tags": "hiphop,r'n'b,reggae,soca",
        "country": "Grenada",
        "countrycode": "GD",
        "iso_3166_2": null,
        "state": "Saint George",
        "language": "english",
        "languagecodes": "en",
        "votes": 1841,
        "lastchangetime": "2022-10-03 00:40:47",
        "lastchangetime_iso8601": "2022-10-03T00:40:47Z",
        "codec": "MP3",
        "bitrate": 256,
        "hls": 0,
        "lastcheckok": 1,
        "lastchecktime": "2023-04-07 23:44:32",
        "lastchecktime_iso8601": "2023-04-07T23:44:32Z",
        "lastcheckoktime": "2023-04-07 23:44:32",
        "lastcheckoktime_iso8601": "2023-04-07T23:44:32Z",
        "lastlocalchecktime": "2023-04-07 16:12:12",
        "lastlocalchecktime_iso8601": "2023-04-07T16:12:12Z",
        "clicktimestamp": "2023-04-08 13:24:01",
        "clicktimestamp_iso8601": "2023-04-08T13:24:01Z",
        "clickcount": 110,
        "clicktrend": 3,
        "ssl_error": 0,
        "geo_lat": null,
        "geo_long": null,
        "has_extended_info": false
    },
    {
        "changeuuid": "aeb15bd3-99ed-45f5-a21b-eceae6241d4e",
        "stationuuid": "96313c97-0601-11e8-ae97-52543be04c81",
        "serveruuid": "70fc8b77-9165-4515-bcbd-915dc1462f4a",
        "name": "Vibes 101.3 - Hillsborough",
        "url": "http://s2.viastreaming.net:6395/;",
        "url_resolved": "http://s2.viastreaming.net:6395/;",
        "homepage": "http://www.vibesfm101.com/",
        "favicon": "",
        "tags": "community radio,educational,hillsborough,local news",
        "country": "Grenada",
        "countrycode": "GD",
        "iso_3166_2": null,
        "state": "Carriacou",
        "language": "english",
        "languagecodes": "en",
        "votes": 632,
        "lastchangetime": "2022-05-15 20:00:34",
        "lastchangetime_iso8601": "2022-05-15T20:00:34Z",
        "codec": "MP3",
        "bitrate": 128,
        "hls": 0,
        "lastcheckok": 1,
        "lastchecktime": "2023-04-08 04:38:35",
        "lastchecktime_iso8601": "2023-04-08T04:38:35Z",
        "lastcheckoktime": "2023-04-08 04:38:35",
        "lastcheckoktime_iso8601": "2023-04-08T04:38:35Z",
        "lastlocalchecktime": "2023-04-07 18:30:53",
        "lastlocalchecktime_iso8601": "2023-04-07T18:30:53Z",
        "clicktimestamp": "2023-04-08 05:15:14",
        "clicktimestamp_iso8601": "2023-04-08T05:15:14Z",
        "clickcount": 49,
        "clicktrend": 0,
        "ssl_error": 0,
        "geo_lat": null,
        "geo_long": null,
        "has_extended_info": false
    },
    {
        "changeuuid": "c0c81f3e-8a1d-47c1-8508-62fdf19c6c58",
        "stationuuid": "96312569-0601-11e8-ae97-52543be04c81",
        "serveruuid": "09e0eaf4-95ea-4193-a4e8-701c1599845d",
        "name": "City Sound 97.5 - St. Georges",
        "url": "http://auds1.intacs.com/citysoundfm",
        "url_resolved": "http://auds1.intacs.com/citysoundfm",
        "homepage": "https://www.citysoundfm.com/",
        "favicon": "",
        "tags": "caribbean music,st. georges",
        "country": "Grenada",
        "countrycode": "GD",
        "iso_3166_2": null,
        "state": "",
        "language": "english",
        "languagecodes": "en",
        "votes": 514,
        "lastchangetime": "2022-03-28 12:39:31",
        "lastchangetime_iso8601": "2022-03-28T12:39:31Z",
        "codec": "MP3",
        "bitrate": 128,
        "hls": 0,
        "lastcheckok": 1,
        "lastchecktime": "2023-04-08 11:59:36",
        "lastchecktime_iso8601": "2023-04-08T11:59:36Z",
        "lastcheckoktime": "2023-04-08 11:59:36",
        "lastcheckoktime_iso8601": "2023-04-08T11:59:36Z",
        "lastlocalchecktime": "2023-04-08 08:04:03",
        "lastlocalchecktime_iso8601": "2023-04-08T08:04:03Z",
        "clicktimestamp": "2023-04-08 06:37:46",
        "clicktimestamp_iso8601": "2023-04-08T06:37:46Z",
        "clickcount": 24,
        "clicktrend": 0,
        "ssl_error": 0,
        "geo_lat": null,
        "geo_long": null,
        "has_extended_info": false
    },
    {
        "changeuuid": "bdc4627f-84fd-45a4-9270-15c615afacb3",
        "stationuuid": "a347aba6-4247-4b97-bc4f-ba90c3d1c380",
        "serveruuid": "adf46ae1-c046-4920-bc0f-96de0348ee57",
        "name": "Star FM 101.9",
        "url": "https://starchild.radioca.st/",
        "url_resolved": "https://starchild.radioca.st/",
        "homepage": "https://www.starfmgrenada.com/",
        "favicon": "https://www.starfmgrenada.com/apple-icon-120x120.png",
        "tags": "reggae,soca",
        "country": "Grenada",
        "countrycode": "GD",
        "iso_3166_2": null,
        "state": "",
        "language": "english",
        "languagecodes": "en",
        "votes": 412,
        "lastchangetime": "2023-04-05 16:43:44",
        "lastchangetime_iso8601": "2023-04-05T16:43:44Z",
        "codec": "MP3",
        "bitrate": 128,
        "hls": 0,
        "lastcheckok": 1,
        "lastchecktime": "2023-04-08 07:51:17",
        "lastchecktime_iso8601": "2023-04-08T07:51:17Z",
        "lastcheckoktime": "2023-04-08 07:51:17",
        "lastcheckoktime_iso8601": "2023-04-08T07:51:17Z",
        "lastlocalchecktime": "2023-04-07 16:50:42",
        "lastlocalchecktime_iso8601": "2023-04-07T16:50:42Z",
        "clicktimestamp": "2023-04-07 22:52:32",
        "clicktimestamp_iso8601": "2023-04-07T22:52:32Z",
        "clickcount": 40,
        "clicktrend": 0,
        "ssl_error": 0,
        "geo_lat": null,
        "geo_long": null,
        "has_extended_info": false
    },
    {
        "changeuuid": "2201f68a-1682-467d-a28b-e610e0311c72",
        "stationuuid": "f59d3a08-6698-4c9e-bb7b-03b5b61fcbfd",
        "serveruuid": "ae7027e4-7e99-4dca-9b4d-0b537890b380",
        "name": "Harbour Light Radio",
        "url": "http://harbourlight.servemp3.com:8000/;stream.mp3",
        "url_resolved": "http://harbourlight.servemp3.com:8000/;stream.mp3",
        "homepage": "http://www.harbourlightradio.org/",
        "favicon": "",
        "tags": "cristiana",
        "country": "Grenada",
        "countrycode": "GD",
        "iso_3166_2": null,
        "state": "",
        "language": "english",
        "languagecodes": "en",
        "votes": 77,
        "lastchangetime": "2022-06-08 18:34:51",
        "lastchangetime_iso8601": "2022-06-08T18:34:51Z",
        "codec": "MP3",
        "bitrate": 56,
        "hls": 0,
        "lastcheckok": 1,
        "lastchecktime": "2023-04-08 11:15:09",
        "lastchecktime_iso8601": "2023-04-08T11:15:09Z",
        "lastcheckoktime": "2023-04-08 11:15:09",
        "lastcheckoktime_iso8601": "2023-04-08T11:15:09Z",
        "lastlocalchecktime": "2023-04-07 16:14:58",
        "lastlocalchecktime_iso8601": "2023-04-07T16:14:58Z",
        "clicktimestamp": "2023-04-08 03:17:38",
        "clicktimestamp_iso8601": "2023-04-08T03:17:38Z",
        "clickcount": 22,
        "clicktrend": 0,
        "ssl_error": 0,
        "geo_lat": null,
        "geo_long": null,
        "has_extended_info": false
    },
    {
        "changeuuid": "a5af54dc-4cb7-4de4-9739-3c6cea54865a",
        "stationuuid": "eaf0d62b-cdde-479f-86ff-e4f7f22009d4",
        "serveruuid": "454ae35b-ac28-4296-844e-996e6b50f9db",
        "name": "DIMusic Club World ",
        "url": "http://stream1.dimusic.club:11496/live",
        "url_resolved": "http://stream1.dimusic.club:11496/live",
        "homepage": "http://dimusic.club/",
        "favicon": "https://firebasestorage.googleapis.com/v0/b/radiogalaxy-580f4.appspot.com/o/images%2FIMG_20230504_055507228.png?alt=media&token=0f97073a-0ab4-4d71-8164-5b26d3eab90d",
        "tags": "dance music",
        "country": "Grenada",
        "countrycode": "GD",
        "iso_3166_2": null,
        "state": "",
        "language": "english/",
        "languagecodes": "",
        "votes": 13,
        "lastchangetime": "2023-05-04 02:58:56",
        "lastchangetime_iso8601": "2023-05-04T02:58:56Z",
        "codec": "AAC+",
        "bitrate": 96,
        "hls": 0,
        "lastcheckok": 1,
        "lastchecktime": "2023-07-09 07:15:41",
        "lastchecktime_iso8601": "2023-07-09T07:15:41Z",
        "lastcheckoktime": "2023-07-09 07:15:41",
        "lastcheckoktime_iso8601": "2023-07-09T07:15:41Z",
        "lastlocalchecktime": "2023-07-09 07:15:41",
        "lastlocalchecktime_iso8601": "2023-07-09T07:15:41Z",
        "clicktimestamp": "2023-07-08 03:06:55",
        "clicktimestamp_iso8601": "2023-07-08T03:06:55Z",
        "clickcount": 20,
        "clicktrend": -1,
        "ssl_error": 0,
        "geo_lat": null,
        "geo_long": null,
        "has_extended_info": false
    },
    {
        "changeuuid": "37453896-b833-4324-8b92-f2f56d0cfecd",
        "stationuuid": "dbfd0142-0a08-4342-b66f-54838a6e1ea2",
        "serveruuid": "1427b2ba-a279-4a97-b950-d12fb333b371",
        "name": "Boss FM 104.1-104.9 - Grenada",
        "url": "https://usa8.fastcast4u.com/proxy/bossfm2?mp=/1",
        "url_resolved": "https://usa8.fastcast4u.com/proxy/bossfm2?mp=/1",
        "homepage": "https://www.bossfmgrenada.net/",
        "favicon": "https://www.bossfmgrenada.net/favicon.ico",
        "tags": "caribbean,reggae,talk",
        "country": "Grenada",
        "countrycode": "GD",
        "iso_3166_2": null,
        "state": "St. George's",
        "language": "",
        "languagecodes": "",
        "votes": 8,
        "lastchangetime": "2023-07-08 19:57:47",
        "lastchangetime_iso8601": "2023-07-08T19:57:47Z",
        "codec": "MP3",
        "bitrate": 256,
        "hls": 0,
        "lastcheckok": 1,
        "lastchecktime": "2023-07-08 21:26:07",
        "lastchecktime_iso8601": "2023-07-08T21:26:07Z",
        "lastcheckoktime": "2023-07-08 21:26:07",
        "lastcheckoktime_iso8601": "2023-07-08T21:26:07Z",
        "lastlocalchecktime": "2023-07-08 19:57:48",
        "lastlocalchecktime_iso8601": "2023-07-08T19:57:48Z",
        "clicktimestamp": "2023-07-09 01:35:02",
        "clicktimestamp_iso8601": "2023-07-09T01:35:02Z",
        "clickcount": 32,
        "clicktrend": 2,
        "ssl_error": 0,
        "geo_lat": null,
        "geo_long": null,
        "has_extended_info": false
    },
    {
        "changeuuid": "e06bd00e-0d2c-4f54-a834-66a76fb5311c",
        "stationuuid": "a70f22ca-0cb3-4613-a7f7-99abc1e99e70",
        "serveruuid": "4f6e9df8-2e95-48ee-a5b5-cb7073d46888",
        "name": "Real FM - Grenada",
        "url": "https://free.rcast.net/69262",
        "url_resolved": "https://free.rcast.net/69262",
        "homepage": "https://drealfmgrenada.com/",
        "favicon": "",
        "tags": "caribbean,reggae,talk",
        "country": "Grenada",
        "countrycode": "GD",
        "iso_3166_2": null,
        "state": "Sauteurs",
        "language": "",
        "languagecodes": "",
        "votes": 7,
        "lastchangetime": "2023-06-11 21:06:40",
        "lastchangetime_iso8601": "2023-06-11T21:06:40Z",
        "codec": "MP3",
        "bitrate": 128,
        "hls": 0,
        "lastcheckok": 1,
        "lastchecktime": "2023-07-08 21:26:07",
        "lastchecktime_iso8601": "2023-07-08T21:26:07Z",
        "lastcheckoktime": "2023-07-08 21:26:07",
        "lastcheckoktime_iso8601": "2023-07-08T21:26:07Z",
        "lastlocalchecktime": "2023-07-08 19:21:56",
        "lastlocalchecktime_iso8601": "2023-07-08T19:21:56Z",
        "clicktimestamp": "2023-07-08 06:30:34",
        "clicktimestamp_iso8601": "2023-07-08T06:30:34Z",
        "clickcount": 20,
        "clicktrend": -2,
        "ssl_error": 0,
        "geo_lat": null,
        "geo_long": null,
        "has_extended_info": false
    },
    {
        "changeuuid": "051c50a7-df90-4192-861d-a2aec41573f5",
        "stationuuid": "fa5315d3-c9c8-4f4e-a46a-f8040924ff99",
        "serveruuid": "ba765721-7acc-4217-943e-a3c8fb54be38",
        "name": "KYAK 106.3 FM Carriacou",
        "url": "http://74.122.88.5:3333/listen.pls?sid=1",
        "url_resolved": "http://74.122.88.5:3333/;",
        "homepage": "https://kyak106.com/",
        "favicon": "",
        "tags": "reggae,rock,roots",
        "country": "Grenada",
        "countrycode": "GD",
        "iso_3166_2": null,
        "state": "Carriacou",
        "language": "",
        "languagecodes": "",
        "votes": 6,
        "lastchangetime": "2023-06-02 14:15:52",
        "lastchangetime_iso8601": "2023-06-02T14:15:52Z",
        "codec": "MP3",
        "bitrate": 128,
        "hls": 0,
        "lastcheckok": 1,
        "lastchecktime": "2023-07-08 22:29:10",
        "lastchecktime_iso8601": "2023-07-08T22:29:10Z",
        "lastcheckoktime": "2023-07-08 22:29:10",
        "lastcheckoktime_iso8601": "2023-07-08T22:29:10Z",
        "lastlocalchecktime": "2023-07-08 22:29:10",
        "lastlocalchecktime_iso8601": "2023-07-08T22:29:10Z",
        "clicktimestamp": "2023-07-08 13:06:58",
        "clicktimestamp_iso8601": "2023-07-08T13:06:58Z",
        "clickcount": 24,
        "clicktrend": -3,
        "ssl_error": 0,
        "geo_lat": 12.492777655218909,
        "geo_long": -61.44138146290739,
        "has_extended_info": false
    },
    {
        "changeuuid": "3b7d5734-f727-45b2-8cdd-f84d4c74faec",
        "stationuuid": "9319f60b-4d04-4eb8-970b-2b96be73729d",
        "serveruuid": "6117588d-58b9-4a7d-a177-120cd3a568de",
        "name": "Magic 88.9 FM - Grenada",
        "url": "https://tv.voiceplusmedia.com:2020/tunein/8042/stream/pls",
        "url_resolved": "http://tv.voiceplusmedia.com:8042/stream",
        "homepage": "https://magic103fm.com/",
        "favicon": "https://magic103fm.com/favicon.ico",
        "tags": "caribbean,oldies,popular,reggae",
        "country": "Grenada",
        "countrycode": "GD",
        "iso_3166_2": null,
        "state": "St George's",
        "language": "",
        "languagecodes": "",
        "votes": 5,
        "lastchangetime": "2023-06-12 20:47:35",
        "lastchangetime_iso8601": "2023-06-12T20:47:35Z",
        "codec": "MP3",
        "bitrate": 192,
        "hls": 0,
        "lastcheckok": 1,
        "lastchecktime": "2023-07-09 04:44:50",
        "lastchecktime_iso8601": "2023-07-09T04:44:50Z",
        "lastcheckoktime": "2023-07-09 04:44:50",
        "lastcheckoktime_iso8601": "2023-07-09T04:44:50Z",
        "lastlocalchecktime": "2023-07-09 04:44:50",
        "lastlocalchecktime_iso8601": "2023-07-09T04:44:50Z",
        "clicktimestamp": "2023-07-08 06:30:36",
        "clicktimestamp_iso8601": "2023-07-08T06:30:36Z",
        "clickcount": 18,
        "clicktrend": -3,
        "ssl_error": 0,
        "geo_lat": null,
        "geo_long": null,
        "has_extended_info": false
    },
    {
        "changeuuid": "28a807b2-65ab-49ee-bab4-2a20e5b398df",
        "stationuuid": "9c2c5d0e-89ac-4231-8995-ffc01047ce77",
        "serveruuid": "1427b2ba-a279-4a97-b950-d12fb333b371",
        "name": "Wee FM 93.3/93.9 - Grenada",
        "url": "https://usa8.fastcast4u.com/proxy/weefm2?mp=/1",
        "url_resolved": "https://usa8.fastcast4u.com/proxy/weefm2?mp=/1",
        "homepage": "https://www.weefmgrenada.com/",
        "favicon": "",
        "tags": "caribbean,reggae,talk",
        "country": "Grenada",
        "countrycode": "GD",
        "iso_3166_2": null,
        "state": "St. George's",
        "language": "",
        "languagecodes": "",
        "votes": 3,
        "lastchangetime": "2023-06-11 20:55:55",
        "lastchangetime_iso8601": "2023-06-11T20:55:55Z",
        "codec": "AAC+",
        "bitrate": 192,
        "hls": 0,
        "lastcheckok": 1,
        "lastchecktime": "2023-07-09 08:03:19",
        "lastchecktime_iso8601": "2023-07-09T08:03:19Z",
        "lastcheckoktime": "2023-07-09 08:03:19",
        "lastcheckoktime_iso8601": "2023-07-09T08:03:19Z",
        "lastlocalchecktime": "2023-07-09 08:03:19",
        "lastlocalchecktime_iso8601": "2023-07-09T08:03:19Z",
        "clicktimestamp": "2023-07-08 06:30:42",
        "clicktimestamp_iso8601": "2023-07-08T06:30:42Z",
        "clickcount": 13,
        "clicktrend": -1,
        "ssl_error": 0,
        "geo_lat": null,
        "geo_long": null,
        "has_extended_info": false
    },
    {
        "changeuuid": "c3f1a819-4eec-4f84-8a84-b177991ab85d",
        "stationuuid": "68d8a2ac-2d16-4f6c-a18a-30b4ba0a9bd6",
        "serveruuid": "f39e5659-fe64-4ce2-93bf-8201d6ac161b",
        "name": "Hot Shotz Radio - Grenada",
        "url": "http://usa1.fastcast4u.com:3292/stream",
        "url_resolved": "http://usa1.fastcast4u.com:3292/stream",
        "homepage": "http://hotshotzradio.com/",
        "favicon": "",
        "tags": "caribbean,popular,reggae",
        "country": "Grenada",
        "countrycode": "GD",
        "iso_3166_2": null,
        "state": "St. John's",
        "language": "",
        "languagecodes": "",
        "votes": 2,
        "lastchangetime": "2023-06-11 21:06:40",
        "lastchangetime_iso8601": "2023-06-11T21:06:40Z",
        "codec": "MP3",
        "bitrate": 128,
        "hls": 0,
        "lastcheckok": 1,
        "lastchecktime": "2023-07-08 22:48:43",
        "lastchecktime_iso8601": "2023-07-08T22:48:43Z",
        "lastcheckoktime": "2023-07-08 22:48:43",
        "lastcheckoktime_iso8601": "2023-07-08T22:48:43Z",
        "lastlocalchecktime": "2023-07-08 22:48:43",
        "lastlocalchecktime_iso8601": "2023-07-08T22:48:43Z",
        "clicktimestamp": "2023-07-08 09:23:48",
        "clicktimestamp_iso8601": "2023-07-08T09:23:48Z",
        "clickcount": 15,
        "clicktrend": -6,
        "ssl_error": 0,
        "geo_lat": null,
        "geo_long": null,
        "has_extended_info": false
    },
    {
        "changeuuid": "c731f733-8133-49dd-b4f2-c95aea871a79",
        "stationuuid": "11cea19d-1ebc-4c57-82c8-ec78670a20d9",
        "serveruuid": "09e0eaf4-95ea-4193-a4e8-701c1599845d",
        "name": "City Sound 97.5-96.5 FM - Grenada",
        "url": "http://auds1.intacs.com/citysoundfm.m3u",
        "url_resolved": "http://auds1.intacs.com/citysoundfm",
        "homepage": "https://www.citysoundfm.com/",
        "favicon": "",
        "tags": "caribbean,reggae",
        "country": "Grenada",
        "countrycode": "GD",
        "iso_3166_2": null,
        "state": "St. George's",
        "language": "",
        "languagecodes": "",
        "votes": 1,
        "lastchangetime": "2023-06-11 21:01:35",
        "lastchangetime_iso8601": "2023-06-11T21:01:35Z",
        "codec": "MP3",
        "bitrate": 128,
        "hls": 0,
        "lastcheckok": 1,
        "lastchecktime": "2023-07-09 03:54:10",
        "lastchecktime_iso8601": "2023-07-09T03:54:10Z",
        "lastcheckoktime": "2023-07-09 03:54:10",
        "lastcheckoktime_iso8601": "2023-07-09T03:54:10Z",
        "lastlocalchecktime": "2023-07-09 03:54:10",
        "lastlocalchecktime_iso8601": "2023-07-09T03:54:10Z",
        "clicktimestamp": "2023-07-08 08:52:40",
        "clicktimestamp_iso8601": "2023-07-08T08:52:40Z",
        "clickcount": 12,
        "clicktrend": -4,
        "ssl_error": 0,
        "geo_lat": null,
        "geo_long": null,
        "has_extended_info": false
    },
    {
        "changeuuid": "2d37a99e-b407-4b7a-abba-177c251301c3",
        "stationuuid": "fd0fc4b3-3d76-41c5-b98a-f01356e67b83",
        "serveruuid": "caf717ba-3a3b-4c12-a423-405d2d55a4c1",
        "name": "Star FM 101.9 Grenada",
        "url": "https://starchild.radioca.st:2199/tunein/starchild-stream.pls",
        "url_resolved": "http://176.9.7.145:8288/stream",
        "homepage": "https://www.starfmgrenada.com/",
        "favicon": "https://www.starfmgrenada.com/apple-icon-120x120.png",
        "tags": "",
        "country": "Grenada",
        "countrycode": "GD",
        "iso_3166_2": null,
        "state": "",
        "language": "",
        "languagecodes": "",
        "votes": 14,
        "lastchangetime": "2023-10-25 16:05:37",
        "lastchangetime_iso8601": "2023-10-25T16:05:37Z",
        "codec": "MP3",
        "bitrate": 128,
        "hls": 0,
        "lastcheckok": 1,
        "lastchecktime": "2023-11-07 16:38:33",
        "lastchecktime_iso8601": "2023-11-07T16:38:33Z",
        "lastcheckoktime": "2023-11-07 16:38:33",
        "lastcheckoktime_iso8601": "2023-11-07T16:38:33Z",
        "lastlocalchecktime": "2023-11-07 16:38:33",
        "lastlocalchecktime_iso8601": "2023-11-07T16:38:33Z",
        "clicktimestamp": "2023-11-07 09:11:28",
        "clicktimestamp_iso8601": "2023-11-07T09:11:28Z",
        "clickcount": 18,
        "clicktrend": 1,
        "ssl_error": 0,
        "geo_lat": null,
        "geo_long": null,
        "has_extended_info": false
    }
]