[
    {
        "changeuuid": "0743a194-a547-4716-a028-2074f01bb2f8",
        "stationuuid": "960e034f-0601-11e8-ae97-52543be04c81",
        "serveruuid": "d24ebe8e-7378-4e59-a655-6fc5ebf1f46b",
        "name": "Radio Palitra 103.9 FM",
        "url": "http://92.241.82.245:8000/live",
        "url_resolved": "http://92.241.82.245:8000/live",
        "homepage": "http://www.palitratv.ge/",
        "favicon": "http://www.palitratv.ge/images/stories/palitratvlogo.png",
        "tags": "pop",
        "country": "Georgia",
        "countrycode": "GE",
        "iso_3166_2": null,
        "state": "",
        "language": "georgian",
        "languagecodes": "ka",
        "votes": 1771,
        "lastchangetime": "2022-03-28 09:07:45",
        "lastchangetime_iso8601": "2022-03-28T09:07:45Z",
        "codec": "MP3",
        "bitrate": 128,
        "hls": 0,
        "lastcheckok": 1,
        "lastchecktime": "2023-04-07 22:18:01",
        "lastchecktime_iso8601": "2023-04-07T22:18:01Z",
        "lastcheckoktime": "2023-04-07 22:18:01",
        "lastcheckoktime_iso8601": "2023-04-07T22:18:01Z",
        "lastlocalchecktime": "2023-04-07 18:23:56",
        "lastlocalchecktime_iso8601": "2023-04-07T18:23:56Z",
        "clicktimestamp": "2023-04-08 10:16:37",
        "clicktimestamp_iso8601": "2023-04-08T10:16:37Z",
        "clickcount": 80,
        "clicktrend": 7,
        "ssl_error": 0,
        "geo_lat": null,
        "geo_long": null,
        "has_extended_info": false
    },
    {
        "changeuuid": "fcf2954d-ed92-4a5b-beba-6a851de1b1ca",
        "stationuuid": "dca7240c-5ff8-11e9-a622-52543be04c81",
        "serveruuid": "9576b30c-9d12-4c75-b407-2e9c46687839",
        "name": "\u10e0\u10d0\u10d3\u10d8\u10dd \"\u10eb\u10d5\u10d4\u10da\u10d8 \u10e5\u10d0\u10da\u10d0\u10e5\u10d8 \u0421\u0442\u0430\u0440\u044b\u0439 \u0433\u043e\u0440\u043e\u0434",
        "url": "http://iis.ge:8000/radiodk.mp3",
        "url_resolved": "http://iis.ge:8000/radiodk.mp3",
        "homepage": "http://www.radiodk.ge/",
        "favicon": "",
        "tags": "folk,pop,top 40",
        "country": "Georgia",
        "countrycode": "GE",
        "iso_3166_2": null,
        "state": "",
        "language": "georgian",
        "languagecodes": "ka",
        "votes": 1551,
        "lastchangetime": "2023-02-12 17:35:42",
        "lastchangetime_iso8601": "2023-02-12T17:35:42Z",
        "codec": "MP3",
        "bitrate": 0,
        "hls": 0,
        "lastcheckok": 1,
        "lastchecktime": "2023-04-08 10:27:19",
        "lastchecktime_iso8601": "2023-04-08T10:27:19Z",
        "lastcheckoktime": "2023-04-08 10:27:19",
        "lastcheckoktime_iso8601": "2023-04-08T10:27:19Z",
        "lastlocalchecktime": "2023-04-08 09:33:47",
        "lastlocalchecktime_iso8601": "2023-04-08T09:33:47Z",
        "clicktimestamp": "2023-04-08 10:16:42",
        "clicktimestamp_iso8601": "2023-04-08T10:16:42Z",
        "clickcount": 96,
        "clicktrend": 2,
        "ssl_error": 0,
        "geo_lat": null,
        "geo_long": null,
        "has_extended_info": false
    },
    {
        "changeuuid": "d29b23b3-f0dd-4daa-b8fa-b5fb8df61488",
        "stationuuid": "edcb2243-5ffe-11e9-a622-52543be04c81",
        "serveruuid": "9576b30c-9d12-4c75-b407-2e9c46687839",
        "name": "Tbilisi FM 93,5",
        "url": "http://iis.ge:8000/radiotbilisi.mp3",
        "url_resolved": "http://iis.ge:8000/radiotbilisi.mp3",
        "homepage": "http://tbilisifm.com/",
        "favicon": "",
        "tags": "news,talk",
        "country": "Georgia",
        "countrycode": "GE",
        "iso_3166_2": null,
        "state": "",
        "language": "georgian",
        "languagecodes": "ka",
        "votes": 1495,
        "lastchangetime": "2022-03-28 14:38:46",
        "lastchangetime_iso8601": "2022-03-28T14:38:46Z",
        "codec": "MP3",
        "bitrate": 128,
        "hls": 0,
        "lastcheckok": 1,
        "lastchecktime": "2023-04-08 10:20:51",
        "lastchecktime_iso8601": "2023-04-08T10:20:51Z",
        "lastcheckoktime": "2023-04-08 10:20:51",
        "lastcheckoktime_iso8601": "2023-04-08T10:20:51Z",
        "lastlocalchecktime": "2023-04-07 18:27:33",
        "lastlocalchecktime_iso8601": "2023-04-07T18:27:33Z",
        "clicktimestamp": "2023-04-08 10:16:56",
        "clicktimestamp_iso8601": "2023-04-08T10:16:56Z",
        "clickcount": 50,
        "clicktrend": 0,
        "ssl_error": 0,
        "geo_lat": null,
        "geo_long": null,
        "has_extended_info": false
    },
    {
        "changeuuid": "0b3601a1-318f-48b3-be78-2210c0ef51c4",
        "stationuuid": "5f77d080-f82b-4093-a632-c3afff5a0976",
        "serveruuid": "a2cfe0a0-7245-4758-9154-e964d36dbeb8",
        "name": "Mutant Radio",
        "url": "https://listen.radioking.com/radio/282820/stream/328621",
        "url_resolved": "https://listen.radioking.com/radio/282820/stream/328621",
        "homepage": "https://mutantradio.net/",
        "favicon": "https://mutantradio.net/wp-content/uploads/2019/10/cropped-gravatar-180x180.jpg",
        "tags": "ambient,electro,electronic,experimental,funk,jazz,jungle,rock,techno",
        "country": "Georgia",
        "countrycode": "GE",
        "iso_3166_2": null,
        "state": "Tblisi",
        "language": "english",
        "languagecodes": "en",
        "votes": 1243,
        "lastchangetime": "2022-07-05 17:45:47",
        "lastchangetime_iso8601": "2022-07-05T17:45:47Z",
        "codec": "MP3",
        "bitrate": 128,
        "hls": 0,
        "lastcheckok": 1,
        "lastchecktime": "2023-04-08 02:22:00",
        "lastchecktime_iso8601": "2023-04-08T02:22:00Z",
        "lastcheckoktime": "2023-04-08 02:22:00",
        "lastcheckoktime_iso8601": "2023-04-08T02:22:00Z",
        "lastlocalchecktime": "2023-04-07 20:42:02",
        "lastlocalchecktime_iso8601": "2023-04-07T20:42:02Z",
        "clicktimestamp": "2023-04-08 10:17:01",
        "clicktimestamp_iso8601": "2023-04-08T10:17:01Z",
        "clickcount": 82,
        "clicktrend": 5,
        "ssl_error": 0,
        "geo_lat": null,
        "geo_long": null,
        "has_extended_info": false
    },
    {
        "changeuuid": "451d64da-6334-45ea-be34-c8b571f3118b",
        "stationuuid": "e09d3a14-6a69-11e8-b15b-52543be04c81",
        "serveruuid": "b0e2c312-580a-42e6-a2f5-e7cff720ba43",
        "name": "Energy NRJ Georgia",
        "url": "http://shaincast.caster.fm:24734/listen.mp3?none",
        "url_resolved": "http://shaincast.caster.fm:24734/listen.mp3?none",
        "homepage": "",
        "favicon": "",
        "tags": "georgia,hits,nrj",
        "country": "Georgia",
        "countrycode": "GE",
        "iso_3166_2": null,
        "state": "Georgia",
        "language": "georgian",
        "languagecodes": "ka",
        "votes": 1242,
        "lastchangetime": "2022-03-28 13:23:15",
        "lastchangetime_iso8601": "2022-03-28T13:23:15Z",
        "codec": "MP3",
        "bitrate": 128,
        "hls": 0,
        "lastcheckok": 1,
        "lastchecktime": "2023-04-08 09:05:36",
        "lastchecktime_iso8601": "2023-04-08T09:05:36Z",
        "lastcheckoktime": "2023-04-08 09:05:36",
        "lastcheckoktime_iso8601": "2023-04-08T09:05:36Z",
        "lastlocalchecktime": "2023-04-07 20:29:54",
        "lastlocalchecktime_iso8601": "2023-04-07T20:29:54Z",
        "clicktimestamp": "2023-04-08 12:38:02",
        "clicktimestamp_iso8601": "2023-04-08T12:38:02Z",
        "clickcount": 58,
        "clicktrend": 4,
        "ssl_error": 0,
        "geo_lat": null,
        "geo_long": null,
        "has_extended_info": false
    },
    {
        "changeuuid": "cacc8140-e2a8-4ee1-8047-760262cebb51",
        "stationuuid": "ae185e7b-b269-4cc7-a3a4-93fd46334145",
        "serveruuid": "e60af6a8-78d5-456a-98c9-77a69ab9e68c",
        "name": "Radio Amra",
        "url": "https://streamer.radio.co/s34b5469e0/listen",
        "url_resolved": "https://streamer.radio.co/s34b5469e0/listen",
        "homepage": "",
        "favicon": "",
        "tags": "classical",
        "country": "Georgia",
        "countrycode": "GE",
        "iso_3166_2": null,
        "state": "",
        "language": "",
        "languagecodes": "",
        "votes": 1052,
        "lastchangetime": "2021-08-06 08:36:44",
        "lastchangetime_iso8601": "2021-08-06T08:36:44Z",
        "codec": "MP3",
        "bitrate": 128,
        "hls": 0,
        "lastcheckok": 1,
        "lastchecktime": "2023-04-08 00:20:10",
        "lastchecktime_iso8601": "2023-04-08T00:20:10Z",
        "lastcheckoktime": "2023-04-08 00:20:10",
        "lastcheckoktime_iso8601": "2023-04-08T00:20:10Z",
        "lastlocalchecktime": "2023-04-07 14:56:56",
        "lastlocalchecktime_iso8601": "2023-04-07T14:56:56Z",
        "clicktimestamp": "2023-04-08 10:17:21",
        "clicktimestamp_iso8601": "2023-04-08T10:17:21Z",
        "clickcount": 78,
        "clicktrend": 1,
        "ssl_error": 0,
        "geo_lat": null,
        "geo_long": null,
        "has_extended_info": false
    },
    {
        "changeuuid": "d00467ba-e932-4bf1-9a82-cba43ae0e5b6",
        "stationuuid": "0d742e8f-5ff8-11e9-a622-52543be04c81",
        "serveruuid": "9576b30c-9d12-4c75-b407-2e9c46687839",
        "name": "Hereti FM",
        "url": "http://iis.ge:8000/hereti.mp3",
        "url_resolved": "http://iis.ge:8000/hereti.mp3",
        "homepage": "http://www.heretifm.com/",
        "favicon": "https://cdn.onlineradiobox.com/img/logo/6/43916.png",
        "tags": "folk,news,pop",
        "country": "Georgia",
        "countrycode": "GE",
        "iso_3166_2": null,
        "state": "",
        "language": "georgian",
        "languagecodes": "ka",
        "votes": 868,
        "lastchangetime": "2022-03-28 12:18:13",
        "lastchangetime_iso8601": "2022-03-28T12:18:13Z",
        "codec": "MP3",
        "bitrate": 128,
        "hls": 0,
        "lastcheckok": 1,
        "lastchecktime": "2023-04-08 09:45:23",
        "lastchecktime_iso8601": "2023-04-08T09:45:23Z",
        "lastcheckoktime": "2023-04-08 09:45:23",
        "lastcheckoktime_iso8601": "2023-04-08T09:45:23Z",
        "lastlocalchecktime": "2023-04-08 09:45:23",
        "lastlocalchecktime_iso8601": "2023-04-08T09:45:23Z",
        "clicktimestamp": "2023-04-08 10:17:34",
        "clicktimestamp_iso8601": "2023-04-08T10:17:34Z",
        "clickcount": 40,
        "clicktrend": -1,
        "ssl_error": 0,
        "geo_lat": null,
        "geo_long": null,
        "has_extended_info": false
    },
    {
        "changeuuid": "b241ce93-edd2-451b-9d7f-3cb493bcbd7a",
        "stationuuid": "b399f612-7a51-11e9-aa30-52543be04c81",
        "serveruuid": "fbc67804-d29d-4020-9841-86942099de7e",
        "name": "Marneuli FM",
        "url": "http://stream.it-solutions.ge:8000/mp3-radiomarneulifm",
        "url_resolved": "http://stream.it-solutions.ge:8000/mp3-radiomarneulifm",
        "homepage": "https://www.marneulifm.ge/",
        "favicon": "https://www.marneulifm.ge//images/temp/2017/06/14/91d0264419f7bc69b396106ffac4345e.png",
        "tags": "azeri,fm,georgia,marneuli,marneulifm,radio,radiomarneuli",
        "country": "Georgia",
        "countrycode": "GE",
        "iso_3166_2": null,
        "state": "Marneuli",
        "language": "georgian",
        "languagecodes": "ka",
        "votes": 646,
        "lastchangetime": "2022-03-28 09:44:46",
        "lastchangetime_iso8601": "2022-03-28T09:44:46Z",
        "codec": "MP3",
        "bitrate": 128,
        "hls": 0,
        "lastcheckok": 1,
        "lastchecktime": "2023-04-08 01:00:32",
        "lastchecktime_iso8601": "2023-04-08T01:00:32Z",
        "lastcheckoktime": "2023-04-08 01:00:32",
        "lastcheckoktime_iso8601": "2023-04-08T01:00:32Z",
        "lastlocalchecktime": "2023-04-07 19:34:12",
        "lastlocalchecktime_iso8601": "2023-04-07T19:34:12Z",
        "clicktimestamp": "2023-04-08 10:17:39",
        "clicktimestamp_iso8601": "2023-04-08T10:17:39Z",
        "clickcount": 44,
        "clicktrend": 1,
        "ssl_error": 0,
        "geo_lat": null,
        "geo_long": null,
        "has_extended_info": false
    },
    {
        "changeuuid": "c4786e50-d00d-4da3-95a6-ab3d9770a4fb",
        "stationuuid": "bb7937c8-5ffe-11e9-a622-52543be04c81",
        "serveruuid": "9576b30c-9d12-4c75-b407-2e9c46687839",
        "name": "\u0420\u0430\u0434\u0438\u043e SK",
        "url": "http://iis.ge:8000/sk.mp3",
        "url_resolved": "http://iis.ge:8000/sk.mp3",
        "homepage": "http://sknews.ge/",
        "favicon": "http://sknews.ge//favicon.ico",
        "tags": "folk,news,pop,talk",
        "country": "Georgia",
        "countrycode": "GE",
        "iso_3166_2": null,
        "state": "",
        "language": "georgian",
        "languagecodes": "ka",
        "votes": 579,
        "lastchangetime": "2022-03-28 11:13:02",
        "lastchangetime_iso8601": "2022-03-28T11:13:02Z",
        "codec": "MP3",
        "bitrate": 152,
        "hls": 0,
        "lastcheckok": 1,
        "lastchecktime": "2023-04-08 06:50:26",
        "lastchecktime_iso8601": "2023-04-08T06:50:26Z",
        "lastcheckoktime": "2023-04-08 06:50:26",
        "lastcheckoktime_iso8601": "2023-04-08T06:50:26Z",
        "lastlocalchecktime": "2023-04-07 15:05:16",
        "lastlocalchecktime_iso8601": "2023-04-07T15:05:16Z",
        "clicktimestamp": "2023-04-08 10:17:43",
        "clicktimestamp_iso8601": "2023-04-08T10:17:43Z",
        "clickcount": 32,
        "clicktrend": 1,
        "ssl_error": 0,
        "geo_lat": null,
        "geo_long": null,
        "has_extended_info": false
    },
    {
        "changeuuid": "ce8410e9-aaf5-4a9b-82d9-b33ec335a603",
        "stationuuid": "07da769a-0953-49e6-9b69-0e4eb4b63c06",
        "serveruuid": "c8455a94-fe9a-4e82-84db-f6ceed65a2de",
        "name": "\u0413\u043e\u043b\u043e\u0441 \u0410\u0431\u0445\u0430\u0437\u0438\u0438 / Voice of Abkhazia",
        "url": "http://109.172.136.60:8081/broadwavelow.mp3",
        "url_resolved": "http://109.172.136.60:8081/broadwavelow.mp3",
        "homepage": "http://www.fmabkhazia.com/",
        "favicon": "",
        "tags": "\u043c\u0443\u0437\u044b\u043a\u0430",
        "country": "Georgia",
        "countrycode": "GE",
        "iso_3166_2": null,
        "state": "Abkhazia",
        "language": "",
        "languagecodes": "",
        "votes": 455,
        "lastchangetime": "2022-04-30 13:51:51",
        "lastchangetime_iso8601": "2022-04-30T13:51:51Z",
        "codec": "MP3",
        "bitrate": 0,
        "hls": 0,
        "lastcheckok": 1,
        "lastchecktime": "2023-04-08 09:33:00",
        "lastchecktime_iso8601": "2023-04-08T09:33:00Z",
        "lastcheckoktime": "2023-04-08 09:33:00",
        "lastcheckoktime_iso8601": "2023-04-08T09:33:00Z",
        "lastlocalchecktime": "2023-04-07 16:48:32",
        "lastlocalchecktime_iso8601": "2023-04-07T16:48:32Z",
        "clicktimestamp": "2023-04-08 10:17:46",
        "clicktimestamp_iso8601": "2023-04-08T10:17:46Z",
        "clickcount": 63,
        "clicktrend": 6,
        "ssl_error": 0,
        "geo_lat": null,
        "geo_long": null,
        "has_extended_info": false
    },
    {
        "changeuuid": "b8490667-b392-4925-829b-be21c33d0edd",
        "stationuuid": "eb3ea075-a22f-4289-bfa1-b030ae6cae9d",
        "serveruuid": "1c7b135c-8b7a-4909-a705-bc1d64c1df8c",
        "name": "  _ 101.1 RAD\u0130O TURKEY FM",
        "url": "https://canli.arabeskinmerkezi.com/9180/stream",
        "url_resolved": "https://canli.arabeskinmerkezi.com/9180/stream",
        "homepage": "https://www.arabeskinmerkezi.com/",
        "favicon": "",
        "tags": "arab,arabic music,balada pop,der dunkle parabelritter,italian pop,latin pop,m\u00fasica pop,m\u00fasica popular mexicana,pop,pop dance,pop en ingl\u00e9s,pop music,pop rock,tarab",
        "country": "Georgia",
        "countrycode": "GE",
        "iso_3166_2": null,
        "state": "Washington, DC",
        "language": "american english,bengali,british english,english,english uk,georgian,spanish",
        "languagecodes": "bn,en,es,ka",
        "votes": 378,
        "lastchangetime": "2023-02-24 03:36:58",
        "lastchangetime_iso8601": "2023-02-24T03:36:58Z",
        "codec": "MP3",
        "bitrate": 128,
        "hls": 0,
        "lastcheckok": 1,
        "lastchecktime": "2023-04-08 01:20:54",
        "lastchecktime_iso8601": "2023-04-08T01:20:54Z",
        "lastcheckoktime": "2023-04-08 01:20:54",
        "lastcheckoktime_iso8601": "2023-04-08T01:20:54Z",
        "lastlocalchecktime": "2023-04-07 19:59:30",
        "lastlocalchecktime_iso8601": "2023-04-07T19:59:30Z",
        "clicktimestamp": "2023-04-08 10:17:48",
        "clicktimestamp_iso8601": "2023-04-08T10:17:48Z",
        "clickcount": 60,
        "clicktrend": 3,
        "ssl_error": 0,
        "geo_lat": null,
        "geo_long": null,
        "has_extended_info": false
    },
    {
        "changeuuid": "f4c759dc-7f97-4149-927b-6f3422969283",
        "stationuuid": "709a7904-bc5e-459d-8b76-59192ec1a778",
        "serveruuid": "02f8daef-43bb-4c32-a732-7c4d0836bd8f",
        "name": "dardimandi",
        "url": "https://nue01-edge01.itdc.ge/fm-dardimandi-97.1/mono.m3u8",
        "url_resolved": "https://nue01-edge01.itdc.ge/fm-dardimandi-97.1/mono.m3u8",
        "homepage": "https://dardimandi.com.ge/",
        "favicon": "",
        "tags": "folk",
        "country": "Georgia",
        "countrycode": "GE",
        "iso_3166_2": null,
        "state": "Tbilisi",
        "language": "georgian",
        "languagecodes": "ka",
        "votes": 357,
        "lastchangetime": "2022-09-18 08:01:08",
        "lastchangetime_iso8601": "2022-09-18T08:01:08Z",
        "codec": "UNKNOWN",
        "bitrate": 0,
        "hls": 1,
        "lastcheckok": 1,
        "lastchecktime": "2023-04-08 10:31:09",
        "lastchecktime_iso8601": "2023-04-08T10:31:09Z",
        "lastcheckoktime": "2023-04-08 10:31:09",
        "lastcheckoktime_iso8601": "2023-04-08T10:31:09Z",
        "lastlocalchecktime": "2023-04-08 10:31:09",
        "lastlocalchecktime_iso8601": "2023-04-08T10:31:09Z",
        "clicktimestamp": "2023-04-08 10:17:53",
        "clicktimestamp_iso8601": "2023-04-08T10:17:53Z",
        "clickcount": 67,
        "clicktrend": 2,
        "ssl_error": 0,
        "geo_lat": null,
        "geo_long": null,
        "has_extended_info": false
    },
    {
        "changeuuid": "c760e9bb-d313-4c32-b17f-4fa8248d43b2",
        "stationuuid": "2b90f3d4-7198-11e9-af37-52543be04c81",
        "serveruuid": "34d0b98b-2980-418c-adb3-de5bb356321f",
        "name": "Georgia One TV",
        "url": "http://tv.cdn.xsg.ge/gpb-1tv/tracks-v1a1/mono.m3u8",
        "url_resolved": "http://tv.cdn.xsg.ge/gpb-1tv/tracks-v1a1/mono.m3u8",
        "homepage": "http://1tv.ge/",
        "favicon": "http://1tv.ge/favicon.ico",
        "tags": "",
        "country": "Georgia",
        "countrycode": "GE",
        "iso_3166_2": null,
        "state": "Tbilisi",
        "language": "georgian",
        "languagecodes": "ka",
        "votes": 265,
        "lastchangetime": "2022-12-07 14:02:01",
        "lastchangetime_iso8601": "2022-12-07T14:02:01Z",
        "codec": "UNKNOWN",
        "bitrate": 0,
        "hls": 1,
        "lastcheckok": 1,
        "lastchecktime": "2023-04-08 05:34:15",
        "lastchecktime_iso8601": "2023-04-08T05:34:15Z",
        "lastcheckoktime": "2023-04-08 05:34:15",
        "lastcheckoktime_iso8601": "2023-04-08T05:34:15Z",
        "lastlocalchecktime": "2023-04-07 20:43:39",
        "lastlocalchecktime_iso8601": "2023-04-07T20:43:39Z",
        "clicktimestamp": "2023-04-08 10:17:56",
        "clicktimestamp_iso8601": "2023-04-08T10:17:56Z",
        "clickcount": 52,
        "clicktrend": 2,
        "ssl_error": 0,
        "geo_lat": null,
        "geo_long": null,
        "has_extended_info": false
    },
    {
        "changeuuid": "8ff3c211-5fce-48e0-90a6-d996aa810113",
        "stationuuid": "cf0e3801-1a00-4a6f-8c9e-b4efb86f9366",
        "serveruuid": "560f21d7-fe12-428f-86fe-172cb2aed732",
        "name": "100.6 AZUL POP FM",
        "url": "https://azulpop.ozelip.com/8006/stream",
        "url_resolved": "https://azulpop.ozelip.com/8006/stream",
        "homepage": "https://azulradyo.com/",
        "favicon": "",
        "tags": "90's,90s,georgia,hits,mix,pop,soul",
        "country": "Georgia",
        "countrycode": "GE",
        "iso_3166_2": null,
        "state": "Georgia",
        "language": "georgian",
        "languagecodes": "ka",
        "votes": 110,
        "lastchangetime": "2023-02-24 15:20:31",
        "lastchangetime_iso8601": "2023-02-24T15:20:31Z",
        "codec": "MP3",
        "bitrate": 128,
        "hls": 0,
        "lastcheckok": 1,
        "lastchecktime": "2023-04-07 17:18:35",
        "lastchecktime_iso8601": "2023-04-07T17:18:35Z",
        "lastcheckoktime": "2023-04-07 17:18:35",
        "lastcheckoktime_iso8601": "2023-04-07T17:18:35Z",
        "lastlocalchecktime": "2023-04-07 17:18:35",
        "lastlocalchecktime_iso8601": "2023-04-07T17:18:35Z",
        "clicktimestamp": "2023-04-08 10:18:05",
        "clicktimestamp_iso8601": "2023-04-08T10:18:05Z",
        "clickcount": 43,
        "clicktrend": 1,
        "ssl_error": 0,
        "geo_lat": 42.29982851198829,
        "geo_long": 43.20556696504355,
        "has_extended_info": false
    },
    {
        "changeuuid": "9de679f4-e08b-4b0f-b6d1-cc0eaeb51f3e",
        "stationuuid": "df94cddb-b728-4cd2-a81b-34c9dc916812",
        "serveruuid": "a3946b63-9b89-4d1f-8732-dc912619a504",
        "name": "WVFJ 93.3 & 102.1 The JOY FM",
        "url": "https://rtn.cdnstream1.com/2576_96.aac?rand=81562",
        "url_resolved": "https://rtn.cdnstream1.com/2576_96.aac?rand=81562",
        "homepage": "https://georgia.thejoyfm.com/",
        "favicon": "https://www.thejoyfm.com/sites/joy/home-page/logos/joyfm_logo300x150.png",
        "tags": "",
        "country": "Georgia",
        "countrycode": "GE",
        "iso_3166_2": null,
        "state": "",
        "language": "",
        "languagecodes": "",
        "votes": 3,
        "lastchangetime": "2023-10-29 15:21:33",
        "lastchangetime_iso8601": "2023-10-29T15:21:33Z",
        "codec": "AAC+",
        "bitrate": 96,
        "hls": 0,
        "lastcheckok": 1,
        "lastchecktime": "2023-11-07 16:03:44",
        "lastchecktime_iso8601": "2023-11-07T16:03:44Z",
        "lastcheckoktime": "2023-11-07 16:03:44",
        "lastcheckoktime_iso8601": "2023-11-07T16:03:44Z",
        "lastlocalchecktime": "2023-11-07 15:42:28",
        "lastlocalchecktime_iso8601": "2023-11-07T15:42:28Z",
        "clicktimestamp": "2023-11-07 17:36:00",
        "clicktimestamp_iso8601": "2023-11-07T17:36:00Z",
        "clickcount": 26,
        "clicktrend": 2,
        "ssl_error": 0,
        "geo_lat": null,
        "geo_long": null,
        "has_extended_info": false
    },
    {
        "changeuuid": "f36fc5ad-dd9d-45f9-92b7-b4c86664877d",
        "stationuuid": "5428daee-981a-49cc-867f-f8dc17091050",
        "serveruuid": "d483e82d-9e0f-4e1d-a3a1-6286db599ad0",
        "name": "\u10e0\u10d0\u10d3\u10d8\u10dd \u10e9\u10d5\u10d4\u10dc\u10d4\u10d1\u10e3\u10e0\u10d8",
        "url": "https://radio.cdn.xsg.ge/cld9-1050/chveneburi/index.m3u8",
        "url_resolved": "https://radio.cdn.xsg.ge/cld9-1050/chveneburi/index.m3u8",
        "homepage": "https://radiochveneburi.ge/",
        "favicon": "",
        "tags": "folk,pop",
        "country": "Georgia",
        "countrycode": "GE",
        "iso_3166_2": null,
        "state": "Tbilisi",
        "language": "georgian",
        "languagecodes": "ka",
        "votes": 3,
        "lastchangetime": "2023-11-06 05:24:41",
        "lastchangetime_iso8601": "2023-11-06T05:24:41Z",
        "codec": "AAC",
        "bitrate": 290,
        "hls": 1,
        "lastcheckok": 1,
        "lastchecktime": "2023-11-07 05:46:56",
        "lastchecktime_iso8601": "2023-11-07T05:46:56Z",
        "lastcheckoktime": "2023-11-07 05:46:56",
        "lastcheckoktime_iso8601": "2023-11-07T05:46:56Z",
        "lastlocalchecktime": "2023-11-07 05:31:13",
        "lastlocalchecktime_iso8601": "2023-11-07T05:31:13Z",
        "clicktimestamp": "2023-11-07 17:36:05",
        "clicktimestamp_iso8601": "2023-11-07T17:36:05Z",
        "clickcount": 19,
        "clicktrend": -3,
        "ssl_error": 0,
        "geo_lat": null,
        "geo_long": null,
        "has_extended_info": false
    },
    {
        "changeuuid": "dab24621-2e68-49f8-a456-0fdbc9219f3a",
        "stationuuid": "41d55b9f-33cf-4a75-a4fd-335528b74348",
        "serveruuid": "6391e826-7fd6-4cef-b9af-17b6ff094d0b",
        "name": "Marneuli FM",
        "url": "http://stream.it-solutions.ge:8000/mp3-radiomarneulifm",
        "url_resolved": "http://stream.it-solutions.ge:8000/mp3-radiomarneulifm",
        "homepage": "https://marneulifm.ge/",
        "favicon": "https://marneulifm.ge//images/temp/2017/06/14/91d0264419f7bc69b396106ffac4345e.png",
        "tags": "",
        "country": "Georgia",
        "countrycode": "GE",
        "iso_3166_2": null,
        "state": "",
        "language": "",
        "languagecodes": "",
        "votes": 1,
        "lastchangetime": "2023-11-06 12:23:04",
        "lastchangetime_iso8601": "2023-11-06T12:23:04Z",
        "codec": "MP3",
        "bitrate": 128,
        "hls": 0,
        "lastcheckok": 1,
        "lastchecktime": "2023-11-07 12:28:58",
        "lastchecktime_iso8601": "2023-11-07T12:28:58Z",
        "lastcheckoktime": "2023-11-07 12:28:58",
        "lastcheckoktime_iso8601": "2023-11-07T12:28:58Z",
        "lastlocalchecktime": "2023-11-07 12:28:58",
        "lastlocalchecktime_iso8601": "2023-11-07T12:28:58Z",
        "clicktimestamp": "2023-11-07 17:36:19",
        "clicktimestamp_iso8601": "2023-11-07T17:36:19Z",
        "clickcount": 7,
        "clicktrend": -1,
        "ssl_error": 0,
        "geo_lat": null,
        "geo_long": null,
        "has_extended_info": false
    },
    {
        "changeuuid": "77e63b82-7ab1-42af-a2d0-edd66e92ca4f",
        "stationuuid": "48c265ba-4102-4b16-95c1-a4f494bb48cd",
        "serveruuid": "d35ce5bb-14e5-4a48-a7b9-f8a74f9983d8",
        "name": "\u10d0\u10e0\u10d3\u10d0\u10d8\u10d3\u10d0\u10e0\u10d3\u10dd",
        "url": "https://tv.cdn.xsg.ge/cld9-0386/ardaidardo/tracks-a1/mono.m3u8",
        "url_resolved": "https://tv.cdn.xsg.ge/cld9-0386/ardaidardo/tracks-a1/mono.m3u8",
        "homepage": "https://ardaidardo.ge/",
        "favicon": "",
        "tags": "folk,pop",
        "country": "Georgia",
        "countrycode": "GE",
        "iso_3166_2": null,
        "state": "Tbilisi",
        "language": "georgian",
        "languagecodes": "ka",
        "votes": 0,
        "lastchangetime": "2023-11-06 19:21:34",
        "lastchangetime_iso8601": "2023-11-06T19:21:34Z",
        "codec": "UNKNOWN",
        "bitrate": 0,
        "hls": 1,
        "lastcheckok": 1,
        "lastchecktime": "2023-11-06 19:21:36",
        "lastchecktime_iso8601": "2023-11-06T19:21:36Z",
        "lastcheckoktime": "2023-11-06 19:21:36",
        "lastcheckoktime_iso8601": "2023-11-06T19:21:36Z",
        "lastlocalchecktime": "2023-11-06 18:56:51",
        "lastlocalchecktime_iso8601": "2023-11-06T18:56:51Z",
        "clicktimestamp": "2023-11-07 17:36:42",
        "clicktimestamp_iso8601": "2023-11-07T17:36:42Z",
        "clickcount": 5,
        "clicktrend": 5,
        "ssl_error": 0,
        "geo_lat": null,
        "geo_long": null,
        "has_extended_info": false
    },
    {
        "changeuuid": "5c1863d0-d60e-432e-b751-bef6bd42feac",
        "stationuuid": "eee540a8-2c3f-41e8-abe2-bf23d92acc89",
        "serveruuid": "02f8daef-43bb-4c32-a732-7c4d0836bd8f",
        "name": "\u10db\u10d0\u10d4\u10e1\u10e2\u10e0\u10dd",
        "url": "https://nue01-edge01.itdc.ge/fm-maestro-94.7/index.m3u8",
        "url_resolved": "https://nue01-edge01.itdc.ge/fm-maestro-94.7/index.m3u8",
        "homepage": "http://radiomaestro.ge/",
        "favicon": "",
        "tags": "folk,news,pop",
        "country": "Georgia",
        "countrycode": "GE",
        "iso_3166_2": null,
        "state": "Tbilisi",
        "language": "georgian",
        "languagecodes": "ka",
        "votes": 0,
        "lastchangetime": "2023-11-06 19:11:20",
        "lastchangetime_iso8601": "2023-11-06T19:11:20Z",
        "codec": "AAC",
        "bitrate": 210,
        "hls": 1,
        "lastcheckok": 1,
        "lastchecktime": "2023-11-06 19:11:23",
        "lastchecktime_iso8601": "2023-11-06T19:11:23Z",
        "lastcheckoktime": "2023-11-06 19:11:23",
        "lastcheckoktime_iso8601": "2023-11-06T19:11:23Z",
        "lastlocalchecktime": "2023-11-06 19:11:23",
        "lastlocalchecktime_iso8601": "2023-11-06T19:11:23Z",
        "clicktimestamp": "2023-11-07 17:36:30",
        "clicktimestamp_iso8601": "2023-11-07T17:36:30Z",
        "clickcount": 7,
        "clicktrend": 7,
        "ssl_error": 0,
        "geo_lat": null,
        "geo_long": null,
        "has_extended_info": false
    }
]