[
    {
        "changeuuid": "d3426f11-17e6-4ff8-9c7c-86f4d1792ddc",
        "stationuuid": "2bd4cf82-d195-11e9-a861-52543be04c81",
        "serveruuid": "db25819a-4357-4587-94b0-ebf7e8206e6a",
        "name": "Guyane 1\u00e8re",
        "url": "https://guyane.ice.infomaniak.ch/guyane-128.mp3",
        "url_resolved": "https://guyane.ice.infomaniak.ch/guyane-128.mp3",
        "homepage": "https://la1ere.francetvinfo.fr/guyane/",
        "favicon": "",
        "tags": "",
        "country": "French Guiana",
        "countrycode": "GF",
        "iso_3166_2": null,
        "state": "",
        "language": "creole,french",
        "languagecodes": "fr",
        "votes": 688,
        "lastchangetime": "2022-12-08 14:23:41",
        "lastchangetime_iso8601": "2022-12-08T14:23:41Z",
        "codec": "MP3",
        "bitrate": 128,
        "hls": 0,
        "lastcheckok": 1,
        "lastchecktime": "2023-04-08 11:34:43",
        "lastchecktime_iso8601": "2023-04-08T11:34:43Z",
        "lastcheckoktime": "2023-04-08 11:34:43",
        "lastcheckoktime_iso8601": "2023-04-08T11:34:43Z",
        "lastlocalchecktime": "2023-04-08 11:34:43",
        "lastlocalchecktime_iso8601": "2023-04-08T11:34:43Z",
        "clicktimestamp": "2023-04-08 07:13:51",
        "clicktimestamp_iso8601": "2023-04-08T07:13:51Z",
        "clickcount": 27,
        "clicktrend": 5,
        "ssl_error": 0,
        "geo_lat": null,
        "geo_long": null,
        "has_extended_info": false
    },
    {
        "changeuuid": "58ff6bdd-fbbd-4ccc-9329-47c5e419f680",
        "stationuuid": "975e0a32-aee2-4aa4-9474-93867cb80f09",
        "serveruuid": "748d54d8-ef96-462f-80e8-007ab87364f5",
        "name": "M\u00e9tis FM",
        "url": "https://str0.creacast.com/metisfm.mp3",
        "url_resolved": "https://str0.creacast.com/metisfm.mp3",
        "homepage": "https://metis.fm/",
        "favicon": "https://metis.fm/uploads/media/metisfm/logo_metis_50.jpg",
        "tags": "",
        "country": "French Guiana",
        "countrycode": "GF",
        "iso_3166_2": null,
        "state": "",
        "language": "",
        "languagecodes": "",
        "votes": 173,
        "lastchangetime": "2022-03-25 18:33:40",
        "lastchangetime_iso8601": "2022-03-25T18:33:40Z",
        "codec": "MP3",
        "bitrate": 128,
        "hls": 0,
        "lastcheckok": 1,
        "lastchecktime": "2023-04-08 13:25:48",
        "lastchecktime_iso8601": "2023-04-08T13:25:48Z",
        "lastcheckoktime": "2023-04-08 13:25:48",
        "lastcheckoktime_iso8601": "2023-04-08T13:25:48Z",
        "lastlocalchecktime": "2023-04-08 13:25:48",
        "lastlocalchecktime_iso8601": "2023-04-08T13:25:48Z",
        "clicktimestamp": "2023-04-05 15:06:27",
        "clicktimestamp_iso8601": "2023-04-05T15:06:27Z",
        "clickcount": 8,
        "clicktrend": 0,
        "ssl_error": 0,
        "geo_lat": null,
        "geo_long": null,
        "has_extended_info": false
    },
    {
        "changeuuid": "1b92726f-2974-42b4-bb8a-1a9df6d41621",
        "stationuuid": "2bdf5d11-cf73-4595-a891-f6093f52ffd8",
        "serveruuid": "23314e3b-6f72-45a5-86cc-ca98996534c9",
        "name": "Ch\u00e9rie FM",
        "url": "http://cheriefmguyane.ice.infomaniak.ch/cheriefmguyane-64.aac",
        "url_resolved": "http://cheriefmguyane.ice.infomaniak.ch/cheriefmguyane-64.aac",
        "homepage": "http://www.cheriefmguyane.com/",
        "favicon": "https://i.postimg.cc/qR2cyyjq/LOGO-CHERIE-FM-RVB-AVEC-CLAIM-65.gif",
        "tags": "pop,rock",
        "country": "French Guiana",
        "countrycode": "GF",
        "iso_3166_2": null,
        "state": "",
        "language": "french",
        "languagecodes": "fr",
        "votes": 171,
        "lastchangetime": "2022-04-20 10:51:13",
        "lastchangetime_iso8601": "2022-04-20T10:51:13Z",
        "codec": "AAC",
        "bitrate": 64,
        "hls": 0,
        "lastcheckok": 1,
        "lastchecktime": "2023-04-08 01:05:36",
        "lastchecktime_iso8601": "2023-04-08T01:05:36Z",
        "lastcheckoktime": "2023-04-08 01:05:36",
        "lastcheckoktime_iso8601": "2023-04-08T01:05:36Z",
        "lastlocalchecktime": "2023-04-07 19:09:02",
        "lastlocalchecktime_iso8601": "2023-04-07T19:09:02Z",
        "clicktimestamp": "2023-04-08 07:13:58",
        "clicktimestamp_iso8601": "2023-04-08T07:13:58Z",
        "clickcount": 17,
        "clicktrend": 3,
        "ssl_error": 0,
        "geo_lat": null,
        "geo_long": null,
        "has_extended_info": false
    },
    {
        "changeuuid": "1537a12c-09c6-40b6-a569-c41232315116",
        "stationuuid": "82d9eff6-a75d-4070-9d10-42323a033cd4",
        "serveruuid": "a2cfe0a0-7245-4758-9154-e964d36dbeb8",
        "name": "chwitiweb",
        "url": "https://www.radioking.com/play/chwitiweb",
        "url_resolved": "https://listen.radioking.com/radio/190309/stream/232540",
        "homepage": "https://www.chwitiweb.com/",
        "favicon": "",
        "tags": "dub reggae,reggae,roots reggae,west indies",
        "country": "French Guiana",
        "countrycode": "GF",
        "iso_3166_2": null,
        "state": "",
        "language": "french",
        "languagecodes": "fr",
        "votes": 142,
        "lastchangetime": "2022-03-28 11:54:15",
        "lastchangetime_iso8601": "2022-03-28T11:54:15Z",
        "codec": "MP3",
        "bitrate": 128,
        "hls": 0,
        "lastcheckok": 1,
        "lastchecktime": "2023-04-08 06:40:20",
        "lastchecktime_iso8601": "2023-04-08T06:40:20Z",
        "lastcheckoktime": "2023-04-08 06:40:20",
        "lastcheckoktime_iso8601": "2023-04-08T06:40:20Z",
        "lastlocalchecktime": "2023-04-07 17:06:28",
        "lastlocalchecktime_iso8601": "2023-04-07T17:06:28Z",
        "clicktimestamp": "2023-04-08 10:33:49",
        "clicktimestamp_iso8601": "2023-04-08T10:33:49Z",
        "clickcount": 20,
        "clicktrend": 0,
        "ssl_error": 0,
        "geo_lat": null,
        "geo_long": null,
        "has_extended_info": false
    },
    {
        "changeuuid": "4808f147-dcb4-45e9-9c2e-d8a61b9737d6",
        "stationuuid": "c800eacd-c6e4-46f6-860e-71e975200882",
        "serveruuid": "0e2529db-b0af-4696-a9d5-955e6b4b2632",
        "name": "Nostalgie",
        "url": "http://2stream.dyndns.org:8000/nostalgieguy",
        "url_resolved": "http://2stream.dyndns.org:8000/nostalgieguy",
        "homepage": "http://www.nostalgiedom.fr/",
        "favicon": "",
        "tags": "kompa,retro,zouk",
        "country": "French Guiana",
        "countrycode": "GF",
        "iso_3166_2": null,
        "state": "",
        "language": "creole,french",
        "languagecodes": "fr",
        "votes": 81,
        "lastchangetime": "2023-02-07 08:22:22",
        "lastchangetime_iso8601": "2023-02-07T08:22:22Z",
        "codec": "MP3",
        "bitrate": 128,
        "hls": 0,
        "lastcheckok": 1,
        "lastchecktime": "2023-04-08 04:28:24",
        "lastchecktime_iso8601": "2023-04-08T04:28:24Z",
        "lastcheckoktime": "2023-04-08 04:28:24",
        "lastcheckoktime_iso8601": "2023-04-08T04:28:24Z",
        "lastlocalchecktime": "2023-04-07 18:02:40",
        "lastlocalchecktime_iso8601": "2023-04-07T18:02:40Z",
        "clicktimestamp": "2023-04-08 04:53:17",
        "clicktimestamp_iso8601": "2023-04-08T04:53:17Z",
        "clickcount": 25,
        "clicktrend": -1,
        "ssl_error": 0,
        "geo_lat": 4.940165641828481,
        "geo_long": -52.33194977045059,
        "has_extended_info": false
    },
    {
        "changeuuid": "e575d011-08ac-4679-8030-2238752f7381",
        "stationuuid": "8bd1b551-ca81-4f84-871c-60d049af97db",
        "serveruuid": "702ecd71-1526-47b3-982b-e7e415b69bf4",
        "name": "NRJ Guyane 97,3 FM",
        "url": "http://broadcast.infomaniak.ch/nrjguyane-64.mp3",
        "url_resolved": "http://broadcast.infomaniak.ch/nrjguyane-64.mp3",
        "homepage": "https://www.nrjguyane.fm/",
        "favicon": "https://upload.wikimedia.org/wikipedia/fr/6/6c/Nrj_guyane.png",
        "tags": "pop",
        "country": "French Guiana",
        "countrycode": "GF",
        "iso_3166_2": null,
        "state": "",
        "language": "",
        "languagecodes": "",
        "votes": 73,
        "lastchangetime": "2022-09-01 07:33:04",
        "lastchangetime_iso8601": "2022-09-01T07:33:04Z",
        "codec": "MP3",
        "bitrate": 128,
        "hls": 0,
        "lastcheckok": 1,
        "lastchecktime": "2023-04-08 10:03:12",
        "lastchecktime_iso8601": "2023-04-08T10:03:12Z",
        "lastcheckoktime": "2023-04-08 10:03:12",
        "lastcheckoktime_iso8601": "2023-04-08T10:03:12Z",
        "lastlocalchecktime": "2023-04-08 10:03:12",
        "lastlocalchecktime_iso8601": "2023-04-08T10:03:12Z",
        "clicktimestamp": "2023-04-07 12:22:50",
        "clicktimestamp_iso8601": "2023-04-07T12:22:50Z",
        "clickcount": 19,
        "clicktrend": -2,
        "ssl_error": 0,
        "geo_lat": null,
        "geo_long": null,
        "has_extended_info": false
    },
    {
        "changeuuid": "bf963fc9-6fdb-4d96-9049-a69c20634dab",
        "stationuuid": "09528142-a487-4451-8c6c-d38e17c4d2da",
        "serveruuid": "a2cfe0a0-7245-4758-9154-e964d36dbeb8",
        "name": "chwitiweb Cayenne",
        "url": "https://listen.radioking.com/radio/190309/stream/232540",
        "url_resolved": "https://listen.radioking.com/radio/190309/stream/232540",
        "homepage": "http://www.chwitiweb.com/",
        "favicon": "",
        "tags": "",
        "country": "French Guiana",
        "countrycode": "GF",
        "iso_3166_2": null,
        "state": "",
        "language": "",
        "languagecodes": "",
        "votes": 2,
        "lastchangetime": "2023-08-11 23:01:23",
        "lastchangetime_iso8601": "2023-08-11T23:01:23Z",
        "codec": "MP3",
        "bitrate": 128,
        "hls": 0,
        "lastcheckok": 1,
        "lastchecktime": "2023-09-02 23:38:45",
        "lastchecktime_iso8601": "2023-09-02T23:38:45Z",
        "lastcheckoktime": "2023-09-02 23:38:45",
        "lastcheckoktime_iso8601": "2023-09-02T23:38:45Z",
        "lastlocalchecktime": "2023-09-02 22:34:55",
        "lastlocalchecktime_iso8601": "2023-09-02T22:34:55Z",
        "clicktimestamp": "2023-09-01 01:58:33",
        "clicktimestamp_iso8601": "2023-09-01T01:58:33Z",
        "clickcount": 11,
        "clicktrend": 0,
        "ssl_error": 0,
        "geo_lat": null,
        "geo_long": null,
        "has_extended_info": false
    },
    {
        "changeuuid": "820bef04-22c7-48b9-b690-6a22a81b2eb7",
        "stationuuid": "866f1a01-0df5-4c23-bf92-3df3ee415907",
        "serveruuid": "a2cfe0a0-7245-4758-9154-e964d36dbeb8",
        "name": "chwitiweb GF stream",
        "url": "https://listen.radioking.com/radio/190309/stream/232540",
        "url_resolved": "https://listen.radioking.com/radio/190309/stream/232540",
        "homepage": "https://chwitiweb.com/",
        "favicon": "",
        "tags": "",
        "country": "French Guiana",
        "countrycode": "GF",
        "iso_3166_2": null,
        "state": "",
        "language": "",
        "languagecodes": "",
        "votes": 1,
        "lastchangetime": "2023-08-11 23:01:04",
        "lastchangetime_iso8601": "2023-08-11T23:01:04Z",
        "codec": "MP3",
        "bitrate": 128,
        "hls": 0,
        "lastcheckok": 1,
        "lastchecktime": "2023-09-03 11:38:40",
        "lastchecktime_iso8601": "2023-09-03T11:38:40Z",
        "lastcheckoktime": "2023-09-03 11:38:40",
        "lastcheckoktime_iso8601": "2023-09-03T11:38:40Z",
        "lastlocalchecktime": "2023-09-03 11:38:40",
        "lastlocalchecktime_iso8601": "2023-09-03T11:38:40Z",
        "clicktimestamp": "2023-08-29 17:47:47",
        "clicktimestamp_iso8601": "2023-08-29T17:47:47Z",
        "clickcount": 4,
        "clicktrend": 0,
        "ssl_error": 0,
        "geo_lat": null,
        "geo_long": null,
        "has_extended_info": false
    }
]