[
    {
        "changeuuid": "d5a72bcc-a3a3-42ed-9aa9-4d3bf880b3d7",
        "stationuuid": "a66ef2a7-69b0-454d-be5b-858618342fec",
        "serveruuid": "495941d8-37d2-4b1f-93fd-1b22d773778e",
        "name": "BBC Radio Guernsey",
        "url": "http://a.files.bbci.co.uk/media/live/manifesto/audio/simulcast/hls/nonuk/sbr_low/ak/bbc_radio_guernsey.m3u8",
        "url_resolved": "http://a.files.bbci.co.uk/media/live/manifesto/audio/simulcast/hls/nonuk/sbr_low/ak/bbc_radio_guernsey.m3u8",
        "homepage": "https://www.bbc.co.uk/sounds/play/live:bbc_radio_guernsey",
        "favicon": "https://static.files.bbci.co.uk/sounds/web/sounds-web/img/sounds-apple-touch-icon.ead169771d.png",
        "tags": "",
        "country": "Guernsey",
        "countrycode": "GG",
        "iso_3166_2": null,
        "state": "",
        "language": "english",
        "languagecodes": "en",
        "votes": 122,
        "lastchangetime": "2022-09-11 05:12:46",
        "lastchangetime_iso8601": "2022-09-11T05:12:46Z",
        "codec": "AAC+",
        "bitrate": 101,
        "hls": 1,
        "lastcheckok": 1,
        "lastchecktime": "2023-04-08 10:48:52",
        "lastchecktime_iso8601": "2023-04-08T10:48:52Z",
        "lastcheckoktime": "2023-04-08 10:48:52",
        "lastcheckoktime_iso8601": "2023-04-08T10:48:52Z",
        "lastlocalchecktime": "2023-04-08 10:48:52",
        "lastlocalchecktime_iso8601": "2023-04-08T10:48:52Z",
        "clicktimestamp": "2023-04-08 13:26:21",
        "clicktimestamp_iso8601": "2023-04-08T13:26:21Z",
        "clickcount": 19,
        "clicktrend": -1,
        "ssl_error": 0,
        "geo_lat": null,
        "geo_long": null,
        "has_extended_info": false
    },
    {
        "changeuuid": "a9d7023b-84c5-4c0d-8e79-81ea124bccda",
        "stationuuid": "93641447-cd25-435f-bb2e-3c7072336d0d",
        "serveruuid": "169a9243-6dc5-416b-b3e2-a3b8c753245d",
        "name": "Riduna-radio.com",
        "url": "https://stream.radio.co/sa70b464db/listen",
        "url_resolved": "https://stream.radio.co/sa70b464db/listen",
        "homepage": "https://www.riduna-radio.com/",
        "favicon": "https://www.riduna-radio.com/wp-content/uploads/go-x/apple-touch-icon.png?v=1687873577689",
        "tags": "country,local news,local radio,pop music,rock,smooth",
        "country": "Guernsey",
        "countrycode": "GG",
        "iso_3166_2": null,
        "state": "Alderney",
        "language": "",
        "languagecodes": "",
        "votes": 16,
        "lastchangetime": "2023-06-27 20:08:18",
        "lastchangetime_iso8601": "2023-06-27T20:08:18Z",
        "codec": "MP3",
        "bitrate": 128,
        "hls": 0,
        "lastcheckok": 1,
        "lastchecktime": "2023-07-08 22:08:06",
        "lastchecktime_iso8601": "2023-07-08T22:08:06Z",
        "lastcheckoktime": "2023-07-08 22:08:06",
        "lastcheckoktime_iso8601": "2023-07-08T22:08:06Z",
        "lastlocalchecktime": "2023-07-08 22:08:06",
        "lastlocalchecktime_iso8601": "2023-07-08T22:08:06Z",
        "clicktimestamp": "2023-07-08 13:23:56",
        "clicktimestamp_iso8601": "2023-07-08T13:23:56Z",
        "clickcount": 9,
        "clicktrend": -1,
        "ssl_error": 0,
        "geo_lat": 49.716072265334674,
        "geo_long": -2.2031074762344365,
        "has_extended_info": false
    }
]