[
    {
        "changeuuid": "f96987af-4bdb-4f65-968a-3aaf03ebb398",
        "stationuuid": "960de922-0601-11e8-ae97-52543be04c81",
        "serveruuid": "762f5198-815c-42cd-b2c0-dacc9341dbbc",
        "name": "Ghana Music Radio",
        "url": "http://streaming.radio.co/s92f890821/listen",
        "url_resolved": "http://streaming.radio.co/s92f890821/listen",
        "homepage": "http://www.ghanamusicradio.com/",
        "favicon": "http://www.ghanamusicradio.com/wp-content/uploads/2016/04/cropped-cropped-gmr-trans-logo-300x300-180x180.png",
        "tags": "music",
        "country": "Ghana",
        "countrycode": "GH",
        "iso_3166_2": null,
        "state": "Accra",
        "language": "english",
        "languagecodes": "en",
        "votes": 3698,
        "lastchangetime": "2023-01-20 13:03:42",
        "lastchangetime_iso8601": "2023-01-20T13:03:42Z",
        "codec": "AAC",
        "bitrate": 128,
        "hls": 0,
        "lastcheckok": 1,
        "lastchecktime": "2023-04-08 09:31:07",
        "lastchecktime_iso8601": "2023-04-08T09:31:07Z",
        "lastcheckoktime": "2023-04-08 09:31:07",
        "lastcheckoktime_iso8601": "2023-04-08T09:31:07Z",
        "lastlocalchecktime": "2023-04-08 09:31:07",
        "lastlocalchecktime_iso8601": "2023-04-08T09:31:07Z",
        "clicktimestamp": "2023-04-08 14:16:01",
        "clicktimestamp_iso8601": "2023-04-08T14:16:01Z",
        "clickcount": 191,
        "clicktrend": 6,
        "ssl_error": 0,
        "geo_lat": null,
        "geo_long": null,
        "has_extended_info": false
    },
    {
        "changeuuid": "7c28aabb-ef04-466a-bfcd-5f84d96dc185",
        "stationuuid": "57217096-4777-11e9-aa55-52543be04c81",
        "serveruuid": "6871c3a5-3903-45ea-a13d-11a932c84532",
        "name": "Okay 107.7 FM",
        "url": "http://okayfm.atunwadigital.streamguys1.com/okayfm",
        "url_resolved": "http://okayfm.atunwadigital.streamguys1.com/okayfm",
        "homepage": "http://okayfm.peacefmonline.com/radio/",
        "favicon": "",
        "tags": "",
        "country": "Ghana",
        "countrycode": "GH",
        "iso_3166_2": null,
        "state": "",
        "language": "english",
        "languagecodes": "en",
        "votes": 2921,
        "lastchangetime": "2022-03-28 09:50:03",
        "lastchangetime_iso8601": "2022-03-28T09:50:03Z",
        "codec": "MP3",
        "bitrate": 64,
        "hls": 0,
        "lastcheckok": 1,
        "lastchecktime": "2023-04-08 01:00:32",
        "lastchecktime_iso8601": "2023-04-08T01:00:32Z",
        "lastcheckoktime": "2023-04-08 01:00:32",
        "lastcheckoktime_iso8601": "2023-04-08T01:00:32Z",
        "lastlocalchecktime": "2023-04-07 16:49:20",
        "lastlocalchecktime_iso8601": "2023-04-07T16:49:20Z",
        "clicktimestamp": "2023-04-08 09:15:09",
        "clicktimestamp_iso8601": "2023-04-08T09:15:09Z",
        "clickcount": 274,
        "clicktrend": -5,
        "ssl_error": 0,
        "geo_lat": null,
        "geo_long": null,
        "has_extended_info": false
    },
    {
        "changeuuid": "9b7dba39-e52c-46f5-87dc-cb381fac609d",
        "stationuuid": "17453e45-640d-11e8-b15b-52543be04c81",
        "serveruuid": "2a9a6f92-2796-47b4-b90b-0cf9008ea2ed",
        "name": "Akomapa FM",
        "url": "http://mounthoreb1.primcast.com:8210/",
        "url_resolved": "http://mounthoreb1.primcast.com:8210/",
        "homepage": "",
        "favicon": "",
        "tags": "",
        "country": "Ghana",
        "countrycode": "GH",
        "iso_3166_2": null,
        "state": "",
        "language": "akan",
        "languagecodes": "ak",
        "votes": 1343,
        "lastchangetime": "2022-03-28 13:34:31",
        "lastchangetime_iso8601": "2022-03-28T13:34:31Z",
        "codec": "MP3",
        "bitrate": 32,
        "hls": 0,
        "lastcheckok": 1,
        "lastchecktime": "2023-04-08 12:06:33",
        "lastchecktime_iso8601": "2023-04-08T12:06:33Z",
        "lastcheckoktime": "2023-04-08 12:06:33",
        "lastcheckoktime_iso8601": "2023-04-08T12:06:33Z",
        "lastlocalchecktime": "2023-04-07 19:47:14",
        "lastlocalchecktime_iso8601": "2023-04-07T19:47:14Z",
        "clicktimestamp": "2023-04-08 09:15:06",
        "clicktimestamp_iso8601": "2023-04-08T09:15:06Z",
        "clickcount": 139,
        "clicktrend": -6,
        "ssl_error": 0,
        "geo_lat": null,
        "geo_long": null,
        "has_extended_info": false
    },
    {
        "changeuuid": "52a36f00-6f8e-48ae-b0da-2a557aacaf68",
        "stationuuid": "7cdfc65b-c686-11e8-a498-52543be04c81",
        "serveruuid": "d545bd1a-e27e-471d-8f6d-be2484c7ebe4",
        "name": "Sweet Melodies",
        "url": "http://sweetmelodies.tk/stream1",
        "url_resolved": "http://radio.sweetmelodies.tk:8000/stream1",
        "homepage": "http://sweetmelodies.tk/",
        "favicon": "",
        "tags": "",
        "country": "Ghana",
        "countrycode": "GH",
        "iso_3166_2": null,
        "state": "",
        "language": "",
        "languagecodes": "",
        "votes": 977,
        "lastchangetime": "2021-11-11 13:51:44",
        "lastchangetime_iso8601": "2021-11-11T13:51:44Z",
        "codec": "AAC+",
        "bitrate": 128,
        "hls": 0,
        "lastcheckok": 1,
        "lastchecktime": "2023-04-08 07:51:17",
        "lastchecktime_iso8601": "2023-04-08T07:51:17Z",
        "lastcheckoktime": "2023-04-08 07:51:17",
        "lastcheckoktime_iso8601": "2023-04-08T07:51:17Z",
        "lastlocalchecktime": "2023-04-07 17:36:00",
        "lastlocalchecktime_iso8601": "2023-04-07T17:36:00Z",
        "clicktimestamp": "2023-04-08 10:17:17",
        "clicktimestamp_iso8601": "2023-04-08T10:17:17Z",
        "clickcount": 67,
        "clicktrend": -2,
        "ssl_error": 0,
        "geo_lat": null,
        "geo_long": null,
        "has_extended_info": false
    },
    {
        "changeuuid": "a1a12749-3014-4102-a996-8eeb4a2c815c",
        "stationuuid": "7648efa5-304d-47b1-94e1-be6fd718cbd9",
        "serveruuid": "d1f249e6-fcad-4ec2-bb58-aaf4beaa95b4",
        "name": "ChinaGhana Fm",
        "url": "https://stream.zeno.fm/3w43axr9mg0uv",
        "url_resolved": "https://stream-054.zeno.fm/3w43axr9mg0uv?zs=m-W_Th-zTBGWrJ53Iq9LQg",
        "homepage": "https://www.chinaghana.com/",
        "favicon": "https://i.ytimg.com/vi/8_zicmfm3sy/0.jpg",
        "tags": "music",
        "country": "Ghana",
        "countrycode": "GH",
        "iso_3166_2": null,
        "state": "tarkwa",
        "language": "english",
        "languagecodes": "en",
        "votes": 431,
        "lastchangetime": "2023-03-28 23:45:36",
        "lastchangetime_iso8601": "2023-03-28T23:45:36Z",
        "codec": "MP3",
        "bitrate": 0,
        "hls": 0,
        "lastcheckok": 1,
        "lastchecktime": "2023-04-08 04:13:13",
        "lastchecktime_iso8601": "2023-04-08T04:13:13Z",
        "lastcheckoktime": "2023-04-08 04:13:13",
        "lastcheckoktime_iso8601": "2023-04-08T04:13:13Z",
        "lastlocalchecktime": "2023-04-07 18:54:16",
        "lastlocalchecktime_iso8601": "2023-04-07T18:54:16Z",
        "clicktimestamp": "2023-04-08 10:58:44",
        "clicktimestamp_iso8601": "2023-04-08T10:58:44Z",
        "clickcount": 56,
        "clicktrend": 4,
        "ssl_error": 0,
        "geo_lat": null,
        "geo_long": null,
        "has_extended_info": false
    },
    {
        "changeuuid": "1f42293d-7ad1-4ac8-a854-5cbb12fcbb02",
        "stationuuid": "a2b23571-3885-4c3c-b1ef-da1b994dae75",
        "serveruuid": "edd3252a-a1eb-41f1-8006-41688f760ec1",
        "name": "ADUM RADIO",
        "url": "http://stream.zeno.fm/dmn9atfb7ehvv",
        "url_resolved": "http://stream-061.zeno.fm/dmn9atfb7ehvv?zs=2Cpq9rhKRCSwR_m7LKVHlg",
        "homepage": "http://stream.zeno.fm/dmn9atfb7ehvv",
        "favicon": "",
        "tags": "adom,ok fm,oyerep fm",
        "country": "Ghana",
        "countrycode": "GH",
        "iso_3166_2": null,
        "state": "",
        "language": "english",
        "languagecodes": "en",
        "votes": 366,
        "lastchangetime": "2022-04-19 18:06:15",
        "lastchangetime_iso8601": "2022-04-19T18:06:15Z",
        "codec": "MP3",
        "bitrate": 0,
        "hls": 0,
        "lastcheckok": 1,
        "lastchecktime": "2023-04-08 04:13:13",
        "lastchecktime_iso8601": "2023-04-08T04:13:13Z",
        "lastcheckoktime": "2023-04-08 04:13:13",
        "lastcheckoktime_iso8601": "2023-04-08T04:13:13Z",
        "lastlocalchecktime": "2023-04-07 15:58:46",
        "lastlocalchecktime_iso8601": "2023-04-07T15:58:46Z",
        "clicktimestamp": "2023-04-08 09:14:10",
        "clicktimestamp_iso8601": "2023-04-08T09:14:10Z",
        "clickcount": 99,
        "clicktrend": -1,
        "ssl_error": 0,
        "geo_lat": null,
        "geo_long": null,
        "has_extended_info": false
    },
    {
        "changeuuid": "c6e6af7c-b362-44cb-a4e9-23825da4b483",
        "stationuuid": "da2b0cdc-57c6-4c84-81bf-33e4e165c0d4",
        "serveruuid": "8dbc23f4-c20a-4c4b-9874-5bcdef9f49fc",
        "name": "citi fm",
        "url": "https://citi973fm.radioca.st/index.html:80/;stream.mp3",
        "url_resolved": "https://citi973fm.radioca.st/index.html:80/;stream.mp3",
        "homepage": "https://citinewsroom.com/livestream/",
        "favicon": "",
        "tags": "",
        "country": "Ghana",
        "countrycode": "GH",
        "iso_3166_2": null,
        "state": "",
        "language": "",
        "languagecodes": "",
        "votes": 310,
        "lastchangetime": "2022-09-22 06:42:34",
        "lastchangetime_iso8601": "2022-09-22T06:42:34Z",
        "codec": "MP3",
        "bitrate": 80,
        "hls": 0,
        "lastcheckok": 1,
        "lastchecktime": "2023-04-07 19:09:02",
        "lastchecktime_iso8601": "2023-04-07T19:09:02Z",
        "lastcheckoktime": "2023-04-07 19:09:02",
        "lastcheckoktime_iso8601": "2023-04-07T19:09:02Z",
        "lastlocalchecktime": "2023-04-07 19:09:02",
        "lastlocalchecktime_iso8601": "2023-04-07T19:09:02Z",
        "clicktimestamp": "2023-04-08 12:20:29",
        "clicktimestamp_iso8601": "2023-04-08T12:20:29Z",
        "clickcount": 211,
        "clicktrend": -5,
        "ssl_error": 0,
        "geo_lat": 6.594760977509223,
        "geo_long": -1.40625,
        "has_extended_info": false
    },
    {
        "changeuuid": "3d73b541-46c8-4d5c-a907-bf39d4502cad",
        "stationuuid": "9ebf0e32-dfec-46da-9524-61ee0e5e5de4",
        "serveruuid": "21fdda4a-6dea-4cf1-b7bd-0f5408792de7",
        "name": "Ghana Radio",
        "url": "https://ghana.ghanalisten.com:2200/stream.mp3",
        "url_resolved": "https://ghana.ghanalisten.com:2200/stream.mp3",
        "homepage": "https://ghana.ghanalisten.com/",
        "favicon": "",
        "tags": "african,blues,church,ghana,gospel,jazz,jesus,music",
        "country": "Ghana",
        "countrycode": "GH",
        "iso_3166_2": null,
        "state": "",
        "language": "",
        "languagecodes": "",
        "votes": 293,
        "lastchangetime": "2023-01-04 08:30:00",
        "lastchangetime_iso8601": "2023-01-04T08:30:00Z",
        "codec": "MP3",
        "bitrate": 128,
        "hls": 0,
        "lastcheckok": 1,
        "lastchecktime": "2023-04-08 05:18:59",
        "lastchecktime_iso8601": "2023-04-08T05:18:59Z",
        "lastcheckoktime": "2023-04-08 05:18:59",
        "lastcheckoktime_iso8601": "2023-04-08T05:18:59Z",
        "lastlocalchecktime": "2023-04-07 15:45:09",
        "lastlocalchecktime_iso8601": "2023-04-07T15:45:09Z",
        "clicktimestamp": "2023-04-08 11:39:03",
        "clicktimestamp_iso8601": "2023-04-08T11:39:03Z",
        "clickcount": 83,
        "clicktrend": 4,
        "ssl_error": 0,
        "geo_lat": null,
        "geo_long": null,
        "has_extended_info": false
    },
    {
        "changeuuid": "983f21f9-d40a-4b51-9451-ab40bcc2fe2b",
        "stationuuid": "09cbaf81-512d-499f-a40e-3708d7d4b91e",
        "serveruuid": "09288e1d-5124-4cf3-b6aa-81fae811df4b",
        "name": "Oroko Radio",
        "url": "https://s5.radio.co/s23b8ada46/listen",
        "url_resolved": "https://s5.radio.co/s23b8ada46/listen",
        "homepage": "https://oroko.live/",
        "favicon": "",
        "tags": "",
        "country": "Ghana",
        "countrycode": "GH",
        "iso_3166_2": null,
        "state": "",
        "language": "",
        "languagecodes": "",
        "votes": 155,
        "lastchangetime": "2022-01-28 16:09:12",
        "lastchangetime_iso8601": "2022-01-28T16:09:12Z",
        "codec": "MP3",
        "bitrate": 128,
        "hls": 0,
        "lastcheckok": 1,
        "lastchecktime": "2023-04-08 06:40:20",
        "lastchecktime_iso8601": "2023-04-08T06:40:20Z",
        "lastcheckoktime": "2023-04-08 06:40:20",
        "lastcheckoktime_iso8601": "2023-04-08T06:40:20Z",
        "lastlocalchecktime": "2023-04-07 16:26:14",
        "lastlocalchecktime_iso8601": "2023-04-07T16:26:14Z",
        "clicktimestamp": "2023-04-08 07:17:44",
        "clicktimestamp_iso8601": "2023-04-08T07:17:44Z",
        "clickcount": 34,
        "clicktrend": -2,
        "ssl_error": 0,
        "geo_lat": null,
        "geo_long": null,
        "has_extended_info": false
    },
    {
        "changeuuid": "d5c67ffd-b3c5-41c9-89a4-445361a71d1f",
        "stationuuid": "24d0a361-ee85-4c80-8395-45a719ea19ee",
        "serveruuid": "54f885c2-aff2-4715-93d6-1f2b313c9ec4",
        "name": "Kingsway Radio Ghana",
        "url": "https://kingsway.ghanalisten.com:4800/stream.mp3",
        "url_resolved": "https://kingsway.ghanalisten.com:4800/stream.mp3",
        "homepage": "https://kingsway.ghanalisten.com/",
        "favicon": "https://kingsway.ghanalisten.com/kingsway.jpg",
        "tags": "african,christian,ghana,gospel,music",
        "country": "Ghana",
        "countrycode": "GH",
        "iso_3166_2": null,
        "state": "",
        "language": "",
        "languagecodes": "",
        "votes": 148,
        "lastchangetime": "2022-05-14 13:24:17",
        "lastchangetime_iso8601": "2022-05-14T13:24:17Z",
        "codec": "MP3",
        "bitrate": 128,
        "hls": 0,
        "lastcheckok": 1,
        "lastchecktime": "2023-04-08 04:38:35",
        "lastchecktime_iso8601": "2023-04-08T04:38:35Z",
        "lastcheckoktime": "2023-04-08 04:38:35",
        "lastcheckoktime_iso8601": "2023-04-08T04:38:35Z",
        "lastlocalchecktime": "2023-04-07 16:40:05",
        "lastlocalchecktime_iso8601": "2023-04-07T16:40:05Z",
        "clicktimestamp": "2023-04-08 09:13:55",
        "clicktimestamp_iso8601": "2023-04-08T09:13:55Z",
        "clickcount": 56,
        "clicktrend": 2,
        "ssl_error": 0,
        "geo_lat": null,
        "geo_long": null,
        "has_extended_info": false
    },
    {
        "changeuuid": "bed11c21-30b0-4111-88e3-e07308c9b7fe",
        "stationuuid": "67d03b1c-530f-4937-8390-fb22d8aef96f",
        "serveruuid": "bc2dc980-6ea2-4740-bd65-8c850f271258",
        "name": "GHERLA",
        "url": "http://89.39.189.52:8000/",
        "url_resolved": "http://89.39.189.52:8000/",
        "homepage": "",
        "favicon": "",
        "tags": "decades",
        "country": "Ghana",
        "countrycode": "GH",
        "iso_3166_2": null,
        "state": "",
        "language": "",
        "languagecodes": "",
        "votes": 122,
        "lastchangetime": "2021-10-22 02:03:48",
        "lastchangetime_iso8601": "2021-10-22T02:03:48Z",
        "codec": "MP3",
        "bitrate": 192,
        "hls": 0,
        "lastcheckok": 1,
        "lastchecktime": "2023-04-08 02:52:31",
        "lastchecktime_iso8601": "2023-04-08T02:52:31Z",
        "lastcheckoktime": "2023-04-08 02:52:31",
        "lastcheckoktime_iso8601": "2023-04-08T02:52:31Z",
        "lastlocalchecktime": "2023-04-07 16:04:36",
        "lastlocalchecktime_iso8601": "2023-04-07T16:04:36Z",
        "clicktimestamp": "2023-04-05 14:03:47",
        "clicktimestamp_iso8601": "2023-04-05T14:03:47Z",
        "clickcount": 33,
        "clicktrend": 0,
        "ssl_error": 0,
        "geo_lat": null,
        "geo_long": null,
        "has_extended_info": false
    },
    {
        "changeuuid": "1451d6ff-a6af-469d-963b-a37b20229965",
        "stationuuid": "84eee491-8e1c-4234-897d-f5677595ffbe",
        "serveruuid": "ba4d1039-0a27-4d61-95f0-6b5314847e3f",
        "name": "Sunshine Radio GH",
        "url": "https://sunshineradiogh.ghanalisten.com:2800/stream.mp3",
        "url_resolved": "https://sunshineradiogh.ghanalisten.com:2800/stream.mp3",
        "homepage": "https://sunshineradiogh.ghanalisten.com/",
        "favicon": "https://sunshineradiogh.ghanalisten.com/logo.jpg",
        "tags": "christian,ghana,gospel,jazz,politik",
        "country": "Ghana",
        "countrycode": "GH",
        "iso_3166_2": null,
        "state": "",
        "language": "",
        "languagecodes": "",
        "votes": 115,
        "lastchangetime": "2022-05-14 13:30:29",
        "lastchangetime_iso8601": "2022-05-14T13:30:29Z",
        "codec": "MP3",
        "bitrate": 128,
        "hls": 0,
        "lastcheckok": 1,
        "lastchecktime": "2023-04-08 09:01:22",
        "lastchecktime_iso8601": "2023-04-08T09:01:22Z",
        "lastcheckoktime": "2023-04-08 09:01:22",
        "lastcheckoktime_iso8601": "2023-04-08T09:01:22Z",
        "lastlocalchecktime": "2023-04-08 09:01:22",
        "lastlocalchecktime_iso8601": "2023-04-08T09:01:22Z",
        "clicktimestamp": "2023-04-08 12:41:34",
        "clicktimestamp_iso8601": "2023-04-08T12:41:34Z",
        "clickcount": 54,
        "clicktrend": 3,
        "ssl_error": 0,
        "geo_lat": null,
        "geo_long": null,
        "has_extended_info": false
    },
    {
        "changeuuid": "11791e1a-9d48-4730-b5ab-bad42c31141a",
        "stationuuid": "14ac5f6f-c4a3-4224-a688-4258f3b6c081",
        "serveruuid": "cfee849c-eb80-4d0f-9ede-be782e255ee0",
        "name": "Mereshena Radio",
        "url": "http://stream.zeno.fm/gms1ucq58ehvv",
        "url_resolved": "http://stream-018.zeno.fm/gms1ucq58ehvv?zs=-SCETDY5RLaTFzE654fV7w",
        "homepage": "http://stream.zeno.fm/gms1ucq58ehvv",
        "favicon": "",
        "tags": "",
        "country": "Ghana",
        "countrycode": "GH",
        "iso_3166_2": null,
        "state": "",
        "language": "english",
        "languagecodes": "en",
        "votes": 106,
        "lastchangetime": "2022-04-18 23:04:04",
        "lastchangetime_iso8601": "2022-04-18T23:04:04Z",
        "codec": "MP3",
        "bitrate": 0,
        "hls": 0,
        "lastcheckok": 1,
        "lastchecktime": "2023-04-08 02:01:36",
        "lastchecktime_iso8601": "2023-04-08T02:01:36Z",
        "lastcheckoktime": "2023-04-08 02:01:36",
        "lastcheckoktime_iso8601": "2023-04-08T02:01:36Z",
        "lastlocalchecktime": "2023-04-07 20:58:43",
        "lastlocalchecktime_iso8601": "2023-04-07T20:58:43Z",
        "clicktimestamp": "2023-04-08 07:17:48",
        "clicktimestamp_iso8601": "2023-04-08T07:17:48Z",
        "clickcount": 37,
        "clicktrend": -1,
        "ssl_error": 0,
        "geo_lat": null,
        "geo_long": null,
        "has_extended_info": false
    },
    {
        "changeuuid": "f62b25ed-132e-47d1-a589-f2d956a57876",
        "stationuuid": "fd5448b1-c37c-4547-bd08-cee719707d7f",
        "serveruuid": "3864ed56-c729-471f-8950-a179de8390d7",
        "name": "BOX : Afrofusion Gold",
        "url": "https://play.streamafrica.net/afrofusiongold",
        "url_resolved": "https://boxradio-edge-00.streamafrica.net/gold",
        "homepage": "https://boxradio.net/",
        "favicon": "https://icdn.streamafrica.net/afrofusiongold_fixed.jpg",
        "tags": "african music",
        "country": "Ghana",
        "countrycode": "GH",
        "iso_3166_2": null,
        "state": "",
        "language": "",
        "languagecodes": "",
        "votes": 80,
        "lastchangetime": "2022-09-06 10:05:52",
        "lastchangetime_iso8601": "2022-09-06T10:05:52Z",
        "codec": "MP3",
        "bitrate": 128,
        "hls": 0,
        "lastcheckok": 1,
        "lastchecktime": "2023-04-08 11:34:43",
        "lastchecktime_iso8601": "2023-04-08T11:34:43Z",
        "lastcheckoktime": "2023-04-08 11:34:43",
        "lastcheckoktime_iso8601": "2023-04-08T11:34:43Z",
        "lastlocalchecktime": "2023-04-08 11:34:43",
        "lastlocalchecktime_iso8601": "2023-04-08T11:34:43Z",
        "clicktimestamp": "2023-04-08 12:50:19",
        "clicktimestamp_iso8601": "2023-04-08T12:50:19Z",
        "clickcount": 47,
        "clicktrend": -1,
        "ssl_error": 0,
        "geo_lat": null,
        "geo_long": null,
        "has_extended_info": false
    },
    {
        "changeuuid": "e586ae66-fe39-4f05-bc11-278ef8f07799",
        "stationuuid": "87ebf013-097b-43c1-b967-c6cff2948c2d",
        "serveruuid": "eebbfd9f-4eed-47e5-a479-f21660f08831",
        "name": "Onyame Nipa Radio",
        "url": "https://onyamenipa.ghanalisten.com:3200/stream.mp3",
        "url_resolved": "https://onyamenipa.ghanalisten.com:3200/stream.mp3",
        "homepage": "https://onyamenipa.ghanalisten.com/",
        "favicon": "https://onyamenipa.ghanalisten.com/logo.jpg",
        "tags": "african,blues,christian,ghana,gospel,religios",
        "country": "Ghana",
        "countrycode": "GH",
        "iso_3166_2": null,
        "state": "",
        "language": "",
        "languagecodes": "",
        "votes": 76,
        "lastchangetime": "2022-05-15 13:51:02",
        "lastchangetime_iso8601": "2022-05-15T13:51:02Z",
        "codec": "MP3",
        "bitrate": 128,
        "hls": 0,
        "lastcheckok": 1,
        "lastchecktime": "2023-04-08 08:16:40",
        "lastchecktime_iso8601": "2023-04-08T08:16:40Z",
        "lastcheckoktime": "2023-04-08 08:16:40",
        "lastcheckoktime_iso8601": "2023-04-08T08:16:40Z",
        "lastlocalchecktime": "2023-04-08 08:16:40",
        "lastlocalchecktime_iso8601": "2023-04-08T08:16:40Z",
        "clicktimestamp": "2023-04-08 09:08:03",
        "clicktimestamp_iso8601": "2023-04-08T09:08:03Z",
        "clickcount": 58,
        "clicktrend": -1,
        "ssl_error": 0,
        "geo_lat": null,
        "geo_long": null,
        "has_extended_info": false
    },
    {
        "changeuuid": "61f069ec-ed90-4a47-9cb6-cea37201530d",
        "stationuuid": "639b6528-8aec-4e15-a701-c395b86aec7c",
        "serveruuid": "edd3252a-a1eb-41f1-8006-41688f760ec1",
        "name": "ADUM RADIO",
        "url": "http://stream.zeno.fm/dmn9atfb7ehvv",
        "url_resolved": "http://stream-031.zeno.fm/dmn9atfb7ehvv?zs=G3CjiQPUQFCyK1JkShx9pA",
        "homepage": "http://stream.zeno.fm/dmn9atfb7ehvv",
        "favicon": "",
        "tags": "adom fm,oyerepa fm",
        "country": "Ghana",
        "countrycode": "GH",
        "iso_3166_2": null,
        "state": "",
        "language": "english",
        "languagecodes": "en",
        "votes": 67,
        "lastchangetime": "2022-05-15 20:00:34",
        "lastchangetime_iso8601": "2022-05-15T20:00:34Z",
        "codec": "MP3",
        "bitrate": 0,
        "hls": 0,
        "lastcheckok": 1,
        "lastchecktime": "2023-04-08 14:11:16",
        "lastchecktime_iso8601": "2023-04-08T14:11:16Z",
        "lastcheckoktime": "2023-04-08 14:11:16",
        "lastcheckoktime_iso8601": "2023-04-08T14:11:16Z",
        "lastlocalchecktime": "2023-04-08 14:11:16",
        "lastlocalchecktime_iso8601": "2023-04-08T14:11:16Z",
        "clicktimestamp": "2023-04-08 11:54:08",
        "clicktimestamp_iso8601": "2023-04-08T11:54:08Z",
        "clickcount": 39,
        "clicktrend": 3,
        "ssl_error": 0,
        "geo_lat": null,
        "geo_long": null,
        "has_extended_info": false
    },
    {
        "changeuuid": "4120c40b-fcc4-4716-8dc0-dfd210879b19",
        "stationuuid": "68a1dafe-0938-4267-bb67-2813b8232077",
        "serveruuid": "09288e1d-5124-4cf3-b6aa-81fae811df4b",
        "name": "Oroko Radio",
        "url": "https://s5.radio.co/s23b8ada46/listen",
        "url_resolved": "https://s5.radio.co/s23b8ada46/listen",
        "homepage": "https://oroko.live/",
        "favicon": "",
        "tags": "",
        "country": "Ghana",
        "countrycode": "GH",
        "iso_3166_2": null,
        "state": "",
        "language": "",
        "languagecodes": "",
        "votes": 65,
        "lastchangetime": "2022-01-28 16:09:22",
        "lastchangetime_iso8601": "2022-01-28T16:09:22Z",
        "codec": "MP3",
        "bitrate": 128,
        "hls": 0,
        "lastcheckok": 1,
        "lastchecktime": "2023-04-08 09:12:26",
        "lastchecktime_iso8601": "2023-04-08T09:12:26Z",
        "lastcheckoktime": "2023-04-08 09:12:26",
        "lastcheckoktime_iso8601": "2023-04-08T09:12:26Z",
        "lastlocalchecktime": "2023-04-07 20:14:48",
        "lastlocalchecktime_iso8601": "2023-04-07T20:14:48Z",
        "clicktimestamp": "2023-04-08 07:17:41",
        "clicktimestamp_iso8601": "2023-04-08T07:17:41Z",
        "clickcount": 31,
        "clicktrend": 1,
        "ssl_error": 0,
        "geo_lat": null,
        "geo_long": null,
        "has_extended_info": false
    },
    {
        "changeuuid": "6c3a6a5e-b36d-46b7-903f-e61b4492a210",
        "stationuuid": "8d77559f-e5e9-4f41-8c6c-b131a5b43da8",
        "serveruuid": "edd3252a-a1eb-41f1-8006-41688f760ec1",
        "name": "ADUM RADIO",
        "url": "http://stream.zeno.fm/dmn9atfb7ehvv",
        "url_resolved": "http://stream-061.zeno.fm/dmn9atfb7ehvv?zs=qtK4ny1GTXS-NrrxCOBz1A",
        "homepage": "http://stream.zeno.fm/dmn9atfb7ehvv",
        "favicon": "",
        "tags": "adom fm,oyerepa fm",
        "country": "Ghana",
        "countrycode": "GH",
        "iso_3166_2": null,
        "state": "",
        "language": "english",
        "languagecodes": "en",
        "votes": 44,
        "lastchangetime": "2022-05-15 20:00:34",
        "lastchangetime_iso8601": "2022-05-15T20:00:34Z",
        "codec": "MP3",
        "bitrate": 0,
        "hls": 0,
        "lastcheckok": 1,
        "lastchecktime": "2023-04-08 00:55:29",
        "lastchecktime_iso8601": "2023-04-08T00:55:29Z",
        "lastcheckoktime": "2023-04-08 00:55:29",
        "lastcheckoktime_iso8601": "2023-04-08T00:55:29Z",
        "lastlocalchecktime": "2023-04-07 16:26:14",
        "lastlocalchecktime_iso8601": "2023-04-07T16:26:14Z",
        "clicktimestamp": "2023-04-07 19:47:43",
        "clicktimestamp_iso8601": "2023-04-07T19:47:43Z",
        "clickcount": 41,
        "clicktrend": -4,
        "ssl_error": 0,
        "geo_lat": null,
        "geo_long": null,
        "has_extended_info": false
    },
    {
        "changeuuid": "62a48eeb-c7c5-49f3-b3ee-5a6eba829af6",
        "stationuuid": "00094db3-9bea-4373-83bd-27f4abb6eba3",
        "serveruuid": "edd3252a-a1eb-41f1-8006-41688f760ec1",
        "name": "ADUM RADIO",
        "url": "http://stream.zeno.fm/dmn9atfb7ehvv",
        "url_resolved": "http://stream-031.zeno.fm/dmn9atfb7ehvv?zs=b66_8dakQBWeihyg2laq4Q",
        "homepage": "http://stream.zeno.fm/dmn9atfb7ehvv",
        "favicon": "",
        "tags": "adom,ok fm,oyerep fm",
        "country": "Ghana",
        "countrycode": "GH",
        "iso_3166_2": null,
        "state": "",
        "language": "english",
        "languagecodes": "en",
        "votes": 43,
        "lastchangetime": "2022-04-19 14:12:26",
        "lastchangetime_iso8601": "2022-04-19T14:12:26Z",
        "codec": "MP3",
        "bitrate": 0,
        "hls": 0,
        "lastcheckok": 1,
        "lastchecktime": "2023-04-08 13:37:31",
        "lastchecktime_iso8601": "2023-04-08T13:37:31Z",
        "lastcheckoktime": "2023-04-08 13:37:31",
        "lastcheckoktime_iso8601": "2023-04-08T13:37:31Z",
        "lastlocalchecktime": "2023-04-07 20:41:17",
        "lastlocalchecktime_iso8601": "2023-04-07T20:41:17Z",
        "clicktimestamp": "2023-04-08 07:17:59",
        "clicktimestamp_iso8601": "2023-04-08T07:17:59Z",
        "clickcount": 44,
        "clicktrend": 1,
        "ssl_error": 0,
        "geo_lat": null,
        "geo_long": null,
        "has_extended_info": false
    },
    {
        "changeuuid": "5c8f1180-8c8a-46b9-b0f5-323b57e8f073",
        "stationuuid": "974c6d5d-5c79-40df-b531-8cf5047ccce6",
        "serveruuid": "76aa5f50-06a1-4d24-ab98-10ccd8d898a5",
        "name": "BOX Radio - Afrofusion Gold",
        "url": "https://ss-edge.joeycast.com/gold.mp3",
        "url_resolved": "https://ss-edge.joeycast.com/gold.mp3",
        "homepage": "https://boxradio.net/",
        "favicon": "https://res.cloudinary.com/zeroapp/image/upload/v1663885339/afrofusiongold_fixed_rb71w1.jpg",
        "tags": "african music",
        "country": "Ghana",
        "countrycode": "GH",
        "iso_3166_2": null,
        "state": "",
        "language": "",
        "languagecodes": "",
        "votes": 14,
        "lastchangetime": "2023-06-05 16:59:43",
        "lastchangetime_iso8601": "2023-06-05T16:59:43Z",
        "codec": "MP3",
        "bitrate": 128,
        "hls": 0,
        "lastcheckok": 1,
        "lastchecktime": "2023-07-09 06:44:45",
        "lastchecktime_iso8601": "2023-07-09T06:44:45Z",
        "lastcheckoktime": "2023-07-09 06:44:45",
        "lastcheckoktime_iso8601": "2023-07-09T06:44:45Z",
        "lastlocalchecktime": "2023-07-09 06:44:45",
        "lastlocalchecktime_iso8601": "2023-07-09T06:44:45Z",
        "clicktimestamp": "2023-07-09 13:19:52",
        "clicktimestamp_iso8601": "2023-07-09T13:19:52Z",
        "clickcount": 42,
        "clicktrend": -4,
        "ssl_error": 0,
        "geo_lat": null,
        "geo_long": null,
        "has_extended_info": false
    },
    {
        "changeuuid": "8e8a3142-e076-4862-80cd-915097bc812f",
        "stationuuid": "68aabeb1-cbdb-4df8-8862-996b0f0b6ad1",
        "serveruuid": "f0e92ead-765c-4ff2-976e-d6f71d785a05",
        "name": "Happy 98.9 FM Ghana",
        "url": "http://happyfm989accra.atunwadigital.streamguys1.com/happyfm989accra",
        "url_resolved": "http://happyfm989accra.atunwadigital.streamguys1.com/happyfm989accra",
        "homepage": "https://www.happyghana.com/",
        "favicon": "https://www.happyghana.com/wp-content/uploads/2019/08/Happy-Ghana-Logo.png",
        "tags": "",
        "country": "Ghana",
        "countrycode": "GH",
        "iso_3166_2": null,
        "state": "",
        "language": "",
        "languagecodes": "",
        "votes": 21,
        "lastchangetime": "2023-08-19 14:06:06",
        "lastchangetime_iso8601": "2023-08-19T14:06:06Z",
        "codec": "MP3",
        "bitrate": 128,
        "hls": 0,
        "lastcheckok": 1,
        "lastchecktime": "2023-09-03 14:30:18",
        "lastchecktime_iso8601": "2023-09-03T14:30:18Z",
        "lastcheckoktime": "2023-09-03 14:30:18",
        "lastcheckoktime_iso8601": "2023-09-03T14:30:18Z",
        "lastlocalchecktime": "2023-09-03 07:30:20",
        "lastlocalchecktime_iso8601": "2023-09-03T07:30:20Z",
        "clicktimestamp": "2023-09-03 13:01:03",
        "clicktimestamp_iso8601": "2023-09-03T13:01:03Z",
        "clickcount": 122,
        "clicktrend": -8,
        "ssl_error": 0,
        "geo_lat": null,
        "geo_long": null,
        "has_extended_info": false
    },
    {
        "changeuuid": "b8ea394c-2195-4773-a80b-0ac471f243ca",
        "stationuuid": "2ea32555-2315-4fc2-8fc2-78bbea51b87c",
        "serveruuid": "454ae35b-ac28-4296-844e-996e6b50f9db",
        "name": "DIMusic Club Ghana \ud83c\uddec\ud83c\udded ",
        "url": "http://stream1.dimusic.club:11496/live",
        "url_resolved": "http://stream1.dimusic.club:11496/live",
        "homepage": "http://dimusic.club/",
        "favicon": "",
        "tags": "popularmusichits",
        "country": "Ghana",
        "countrycode": "GH",
        "iso_3166_2": null,
        "state": "",
        "language": "english/ espa\u00f1a/ russian /francia /italia",
        "languagecodes": "",
        "votes": 51,
        "lastchangetime": "2023-10-26 04:17:59",
        "lastchangetime_iso8601": "2023-10-26T04:17:59Z",
        "codec": "AAC+",
        "bitrate": 128,
        "hls": 0,
        "lastcheckok": 1,
        "lastchecktime": "2023-11-07 04:45:10",
        "lastchecktime_iso8601": "2023-11-07T04:45:10Z",
        "lastcheckoktime": "2023-11-07 04:45:10",
        "lastcheckoktime_iso8601": "2023-11-07T04:45:10Z",
        "lastlocalchecktime": "2023-11-07 04:45:10",
        "lastlocalchecktime_iso8601": "2023-11-07T04:45:10Z",
        "clicktimestamp": "2023-11-07 13:27:00",
        "clicktimestamp_iso8601": "2023-11-07T13:27:00Z",
        "clickcount": 50,
        "clicktrend": -4,
        "ssl_error": 0,
        "geo_lat": null,
        "geo_long": null,
        "has_extended_info": false
    },
    {
        "changeuuid": "250fd857-106d-4504-94f2-9f3bd00c4d9e",
        "stationuuid": "aa0361e1-5c17-4f07-bdee-e463bc22bbbb",
        "serveruuid": "4c20e894-123f-4652-a48c-1806c7c4d580",
        "name": "Class FM 91.3",
        "url": "https://stream-15.zeno.fm/550swtx03mzuv",
        "url_resolved": "https://stream-155.zeno.fm/550swtx03mzuv?zs=qwp6h8CCRpWO81Bp-5IxeA",
        "homepage": "https://mobile.classfmonline.com/radio/index.php",
        "favicon": "https://cdn.classfmonline.com/cfoZ41e/images/logo.png",
        "tags": "",
        "country": "Ghana",
        "countrycode": "GH",
        "iso_3166_2": null,
        "state": "",
        "language": "",
        "languagecodes": "",
        "votes": 6,
        "lastchangetime": "2023-10-31 15:58:06",
        "lastchangetime_iso8601": "2023-10-31T15:58:06Z",
        "codec": "MP3",
        "bitrate": 0,
        "hls": 0,
        "lastcheckok": 1,
        "lastchecktime": "2023-11-07 16:17:51",
        "lastchecktime_iso8601": "2023-11-07T16:17:51Z",
        "lastcheckoktime": "2023-11-07 16:17:51",
        "lastcheckoktime_iso8601": "2023-11-07T16:17:51Z",
        "lastlocalchecktime": "2023-11-07 16:17:51",
        "lastlocalchecktime_iso8601": "2023-11-07T16:17:51Z",
        "clicktimestamp": "2023-11-07 14:41:38",
        "clicktimestamp_iso8601": "2023-11-07T14:41:38Z",
        "clickcount": 91,
        "clicktrend": -12,
        "ssl_error": 0,
        "geo_lat": null,
        "geo_long": null,
        "has_extended_info": false
    }
]