[
    {
        "changeuuid": "9fb827f4-9741-4d70-a3cf-5eda23ea621a",
        "stationuuid": "96210bd3-0601-11e8-ae97-52543be04c81",
        "serveruuid": "e045fa76-555a-4550-bcb9-ecb39b471fde",
        "name": "Kalaallit Nunaata Radioa KNR 90.3 Nuuk",
        "url": "http://knr.gl/radiolivestream",
        "url_resolved": "https://i2.cdn.jetstre.am:8000/sz=knr=audio192?token=0f11b7fb0bc80d5cda26e52aef722c0d&time=64310588",
        "homepage": "http://knr.gl/kl/knr-radio",
        "favicon": "",
        "tags": "greenland,knr,nuuk,public radio",
        "country": "Greenland",
        "countrycode": "GL",
        "iso_3166_2": null,
        "state": "",
        "language": "danish,kalaallusit",
        "languagecodes": "da",
        "votes": 2152,
        "lastchangetime": "2022-08-18 22:14:03",
        "lastchangetime_iso8601": "2022-08-18T22:14:03Z",
        "codec": "MP3",
        "bitrate": 192,
        "hls": 0,
        "lastcheckok": 1,
        "lastchecktime": "2023-04-08 06:09:48",
        "lastchecktime_iso8601": "2023-04-08T06:09:48Z",
        "lastcheckoktime": "2023-04-08 06:09:48",
        "lastcheckoktime_iso8601": "2023-04-08T06:09:48Z",
        "lastlocalchecktime": "2023-04-07 17:43:28",
        "lastlocalchecktime_iso8601": "2023-04-07T17:43:28Z",
        "clicktimestamp": "2023-04-08 12:40:28",
        "clicktimestamp_iso8601": "2023-04-08T12:40:28Z",
        "clickcount": 107,
        "clicktrend": -3,
        "ssl_error": 0,
        "geo_lat": null,
        "geo_long": null,
        "has_extended_info": false
    },
    {
        "changeuuid": "de357930-6aba-4b03-84d2-8e8c9d2275f5",
        "stationuuid": "efd96088-62e3-4df5-a962-b9595ee7b6c9",
        "serveruuid": "094150ee-4840-46cc-841a-3a01565a768f",
        "name": "Nanoq FM",
        "url": "http://getnanoq.retro-radio.dk/Nanoq-TX-1",
        "url_resolved": "http://getnanoq.retro-radio.dk/Nanoq-TX-1",
        "homepage": "https://nanoqmedia.gl/da/radio/",
        "favicon": "",
        "tags": "",
        "country": "Greenland",
        "countrycode": "GL",
        "iso_3166_2": null,
        "state": "",
        "language": "",
        "languagecodes": "",
        "votes": 412,
        "lastchangetime": "2022-05-26 15:32:19",
        "lastchangetime_iso8601": "2022-05-26T15:32:19Z",
        "codec": "MP3",
        "bitrate": 192,
        "hls": 0,
        "lastcheckok": 1,
        "lastchecktime": "2023-04-08 09:28:12",
        "lastchecktime_iso8601": "2023-04-08T09:28:12Z",
        "lastcheckoktime": "2023-04-08 09:28:12",
        "lastcheckoktime_iso8601": "2023-04-08T09:28:12Z",
        "lastlocalchecktime": "2023-04-08 09:28:12",
        "lastlocalchecktime_iso8601": "2023-04-08T09:28:12Z",
        "clicktimestamp": "2023-04-08 11:37:43",
        "clicktimestamp_iso8601": "2023-04-08T11:37:43Z",
        "clickcount": 52,
        "clicktrend": 2,
        "ssl_error": 0,
        "geo_lat": null,
        "geo_long": null,
        "has_extended_info": false
    },
    {
        "changeuuid": "d031246f-2e41-4673-a6ef-fada0707e7c6",
        "stationuuid": "555211a4-3717-11ea-8dd7-52543be04c81",
        "serveruuid": "663d4754-20a4-416d-a4b3-2b7e75fe97b0",
        "name": "KNR Radio, Nuuk, 192 kbit/s Stereo",
        "url": "https://knr.gl/radiolivestream",
        "url_resolved": "https://i1.cdn.jetstre.am:8000/sz=knr=audio192?token=55652b36d0e46d0d3599aa9bfc6da76c&time=64311d1b",
        "homepage": "https://knr.gl/",
        "favicon": "",
        "tags": "",
        "country": "Greenland",
        "countrycode": "GL",
        "iso_3166_2": null,
        "state": "",
        "language": "danish,kalaallisut",
        "languagecodes": "da,kl",
        "votes": 390,
        "lastchangetime": "2022-04-18 20:14:00",
        "lastchangetime_iso8601": "2022-04-18T20:14:00Z",
        "codec": "MP3",
        "bitrate": 192,
        "hls": 0,
        "lastcheckok": 1,
        "lastchecktime": "2023-04-08 07:51:17",
        "lastchecktime_iso8601": "2023-04-08T07:51:17Z",
        "lastcheckoktime": "2023-04-08 07:51:17",
        "lastcheckoktime_iso8601": "2023-04-08T07:51:17Z",
        "lastlocalchecktime": "2023-04-07 18:41:11",
        "lastlocalchecktime_iso8601": "2023-04-07T18:41:11Z",
        "clicktimestamp": "2023-04-08 12:04:06",
        "clicktimestamp_iso8601": "2023-04-08T12:04:06Z",
        "clickcount": 75,
        "clicktrend": 1,
        "ssl_error": 0,
        "geo_lat": null,
        "geo_long": null,
        "has_extended_info": false
    },
    {
        "changeuuid": "5a5b341c-d230-450a-b089-58bc63145fe7",
        "stationuuid": "cf7861e6-bd17-11e8-aaf2-52543be04c81",
        "serveruuid": "ebe72a50-5730-46de-9d15-4e8b1dc0de47",
        "name": "Dfm rtv int160k",
        "url": "http://dfm.nu/DFM_RTV_INT_1.m3u",
        "url_resolved": "http://138.201.141.161:8205/dfm_1",
        "homepage": "http://dfm.nu/",
        "favicon": "http://dfm.nu/favico.ico",
        "tags": "",
        "country": "Greenland",
        "countrycode": "GL",
        "iso_3166_2": null,
        "state": "Netherlands",
        "language": "dutch",
        "languagecodes": "nl",
        "votes": 176,
        "lastchangetime": "2022-04-20 13:11:05",
        "lastchangetime_iso8601": "2022-04-20T13:11:05Z",
        "codec": "MP3",
        "bitrate": 0,
        "hls": 0,
        "lastcheckok": 1,
        "lastchecktime": "2023-04-08 05:13:53",
        "lastchecktime_iso8601": "2023-04-08T05:13:53Z",
        "lastcheckoktime": "2023-04-08 05:13:53",
        "lastcheckoktime_iso8601": "2023-04-08T05:13:53Z",
        "lastlocalchecktime": "2023-04-07 18:09:19",
        "lastlocalchecktime_iso8601": "2023-04-07T18:09:19Z",
        "clicktimestamp": "2023-04-08 11:25:47",
        "clicktimestamp_iso8601": "2023-04-08T11:25:47Z",
        "clickcount": 31,
        "clicktrend": -2,
        "ssl_error": 0,
        "geo_lat": null,
        "geo_long": null,
        "has_extended_info": false
    },
    {
        "changeuuid": "b3988081-367a-4f8b-abfb-f0558cf1ca44",
        "stationuuid": "4f5d2a63-f695-4acc-a28d-9965791e7227",
        "serveruuid": "8a403f7d-8862-47fb-9026-85822c2e6ab0",
        "name": "test",
        "url": "https://pub0302.101.ru:8000/stream/pro/aac/64/158?token=eyJ0eXAiOiJKV1QiLCJhbGciOiJIUzI1NiJ9.eyJpcCI6Ij",
        "url_resolved": "https://pub0302.101.ru:8000/stream/pro/aac/64/158?token=eyJ0eXAiOiJKV1QiLCJhbGciOiJIUzI1NiJ9.eyJpcCI6Ij",
        "homepage": "http://test/",
        "favicon": "",
        "tags": "",
        "country": "Greenland",
        "countrycode": "GL",
        "iso_3166_2": null,
        "state": "",
        "language": "",
        "languagecodes": "",
        "votes": 59,
        "lastchangetime": "2022-01-08 20:18:17",
        "lastchangetime_iso8601": "2022-01-08T20:18:17Z",
        "codec": "AAC+",
        "bitrate": 64,
        "hls": 0,
        "lastcheckok": 1,
        "lastchecktime": "2023-04-08 06:40:20",
        "lastchecktime_iso8601": "2023-04-08T06:40:20Z",
        "lastcheckoktime": "2023-04-08 06:40:20",
        "lastcheckoktime_iso8601": "2023-04-08T06:40:20Z",
        "lastlocalchecktime": "2023-04-07 18:29:26",
        "lastlocalchecktime_iso8601": "2023-04-07T18:29:26Z",
        "clicktimestamp": "2023-04-06 17:39:20",
        "clicktimestamp_iso8601": "2023-04-06T17:39:20Z",
        "clickcount": 19,
        "clicktrend": -2,
        "ssl_error": 0,
        "geo_lat": null,
        "geo_long": null,
        "has_extended_info": false
    },
    {
        "changeuuid": "253fb398-e6a4-4d4e-a2d5-84674b78e46c",
        "stationuuid": "a42cc8c5-2d48-4051-a074-af9fe074559a",
        "serveruuid": "454ae35b-ac28-4296-844e-996e6b50f9db",
        "name": "DIMusic Club Greenland ",
        "url": "http://stream1.dimusic.club:11496/live",
        "url_resolved": "http://stream1.dimusic.club:11496/live",
        "homepage": "http://dimusic.club/",
        "favicon": "https://firebasestorage.googleapis.com/v0/b/radiogalaxy-580f4.appspot.com/o/images%2FIMG_20230519_053119429.jpg?alt=media&token=8502cd40-077f-41b3-96e6-fe801fdfab27",
        "tags": "dance,eurodance,hits,pop,pop dance,pophits",
        "country": "Greenland",
        "countrycode": "GL",
        "iso_3166_2": null,
        "state": "",
        "language": "english/ espa\u00f1a/ russian /francia /italia",
        "languagecodes": "",
        "votes": 17,
        "lastchangetime": "2023-05-20 02:44:22",
        "lastchangetime_iso8601": "2023-05-20T02:44:22Z",
        "codec": "AAC+",
        "bitrate": 96,
        "hls": 0,
        "lastcheckok": 1,
        "lastchecktime": "2023-07-09 06:04:57",
        "lastchecktime_iso8601": "2023-07-09T06:04:57Z",
        "lastcheckoktime": "2023-07-09 06:04:57",
        "lastcheckoktime_iso8601": "2023-07-09T06:04:57Z",
        "lastlocalchecktime": "2023-07-09 06:04:57",
        "lastlocalchecktime_iso8601": "2023-07-09T06:04:57Z",
        "clicktimestamp": "2023-07-07 09:19:08",
        "clicktimestamp_iso8601": "2023-07-07T09:19:08Z",
        "clickcount": 10,
        "clicktrend": 0,
        "ssl_error": 0,
        "geo_lat": null,
        "geo_long": null,
        "has_extended_info": false
    },
    {
        "changeuuid": "4fafdb05-1c06-41cb-88ca-5a80717920ce",
        "stationuuid": "68749977-356a-4db7-8609-0edbc6234302",
        "serveruuid": "fe92fb55-1577-4dfd-8b64-8519c8bf7ee6",
        "name": "Kalaallit Nunaata Radioa (KNR) Nuuk (24 kbps MP3)",
        "url": "https://i1.cdn.jetstre.am:8000/sz=knr=audio24",
        "url_resolved": "https://i1.cdn.jetstre.am:8000/sz=knr=audio24",
        "homepage": "https://knr.gl/kl/knr-radio",
        "favicon": "https://knr.gl/themes/custom/pco_theme/prototype/source/gfx/logo.svg",
        "tags": "public radio",
        "country": "Greenland",
        "countrycode": "GL",
        "iso_3166_2": null,
        "state": "",
        "language": "danish,kalaallisut",
        "languagecodes": "da,kl",
        "votes": 8,
        "lastchangetime": "2023-08-06 05:30:46",
        "lastchangetime_iso8601": "2023-08-06T05:30:46Z",
        "codec": "MP3",
        "bitrate": 24,
        "hls": 0,
        "lastcheckok": 1,
        "lastchecktime": "2023-09-03 06:37:49",
        "lastchecktime_iso8601": "2023-09-03T06:37:49Z",
        "lastcheckoktime": "2023-09-03 06:37:49",
        "lastcheckoktime_iso8601": "2023-09-03T06:37:49Z",
        "lastlocalchecktime": "2023-09-02 22:31:42",
        "lastlocalchecktime_iso8601": "2023-09-02T22:31:42Z",
        "clicktimestamp": "2023-09-03 09:20:53",
        "clicktimestamp_iso8601": "2023-09-03T09:20:53Z",
        "clickcount": 29,
        "clicktrend": 0,
        "ssl_error": 0,
        "geo_lat": 64.17376107782799,
        "geo_long": -51.74011230468751,
        "has_extended_info": false
    },
    {
        "changeuuid": "14e50737-2d5f-4ad4-bf11-c413bd1803d6",
        "stationuuid": "dc59f6f2-d01f-4dc5-9e17-d3dae63feffc",
        "serveruuid": "15739879-c5c1-4ae2-ab70-00616a8036f8",
        "name": "Kalaallit Nunaata Radioa (KNR) Nuuk (16 kbps MP3)",
        "url": "https://i2.cdn.jetstre.am:8000/sz=knr=audio16",
        "url_resolved": "https://i2.cdn.jetstre.am:8000/sz=knr=audio16",
        "homepage": "https://knr.gl/kl/knr-radio",
        "favicon": "https://knr.gl/themes/custom/pco_theme/prototype/source/gfx/logo.svg",
        "tags": "public radio",
        "country": "Greenland",
        "countrycode": "GL",
        "iso_3166_2": null,
        "state": "",
        "language": "danish,kalaallisut",
        "languagecodes": "da,kl",
        "votes": 5,
        "lastchangetime": "2023-08-06 05:41:12",
        "lastchangetime_iso8601": "2023-08-06T05:41:12Z",
        "codec": "MP3",
        "bitrate": 16,
        "hls": 0,
        "lastcheckok": 1,
        "lastchecktime": "2023-09-03 11:13:30",
        "lastchecktime_iso8601": "2023-09-03T11:13:30Z",
        "lastcheckoktime": "2023-09-03 11:13:30",
        "lastcheckoktime_iso8601": "2023-09-03T11:13:30Z",
        "lastlocalchecktime": "2023-09-03 11:13:30",
        "lastlocalchecktime_iso8601": "2023-09-03T11:13:30Z",
        "clicktimestamp": "2023-09-01 15:37:48",
        "clicktimestamp_iso8601": "2023-09-01T15:37:48Z",
        "clickcount": 7,
        "clicktrend": -2,
        "ssl_error": 0,
        "geo_lat": 64.17660269150356,
        "geo_long": -51.73290252685547,
        "has_extended_info": false
    },
    {
        "changeuuid": "984c9065-8610-436c-8ce5-a7bd5afdb51c",
        "stationuuid": "406418ab-cac3-49b8-91cc-f7ff5f13d809",
        "serveruuid": "15739879-c5c1-4ae2-ab70-00616a8036f8",
        "name": "Kalaallit Nunaata Radioa (KNR) Nuuk (192 kbps MP3)",
        "url": "https://i2.cdn.jetstre.am:8000/sz=knr=audio192",
        "url_resolved": "https://i2.cdn.jetstre.am:8000/sz=knr=audio192",
        "homepage": "https://knr.gl/kl/knr-radio",
        "favicon": "https://knr.gl/themes/custom/pco_theme/prototype/source/gfx/logo.svg",
        "tags": "public radio",
        "country": "Greenland",
        "countrycode": "GL",
        "iso_3166_2": null,
        "state": "",
        "language": "danish,kalaallisut",
        "languagecodes": "da,kl",
        "votes": 4,
        "lastchangetime": "2023-08-06 05:25:44",
        "lastchangetime_iso8601": "2023-08-06T05:25:44Z",
        "codec": "MP3",
        "bitrate": 192,
        "hls": 0,
        "lastcheckok": 1,
        "lastchecktime": "2023-09-03 06:37:49",
        "lastchecktime_iso8601": "2023-09-03T06:37:49Z",
        "lastcheckoktime": "2023-09-03 06:37:49",
        "lastcheckoktime_iso8601": "2023-09-03T06:37:49Z",
        "lastlocalchecktime": "2023-09-03 03:39:24",
        "lastlocalchecktime_iso8601": "2023-09-03T03:39:24Z",
        "clicktimestamp": "2023-09-01 15:26:48",
        "clicktimestamp_iso8601": "2023-09-01T15:26:48Z",
        "clickcount": 6,
        "clicktrend": -1,
        "ssl_error": 0,
        "geo_lat": 64.1755558150821,
        "geo_long": -51.734619140625,
        "has_extended_info": false
    },
    {
        "changeuuid": "cbe8860d-03c3-4aa0-8e4f-5f9e3f10467c",
        "stationuuid": "aa29af0e-f598-4a5d-aeb4-d300c9179c7c",
        "serveruuid": "cd5d7ef3-91c4-4932-b3a2-04f75eadf84e",
        "name": "9Radio",
        "url": "https://radio.plan9.rocks/",
        "url_resolved": "https://radio.plan9.rocks/",
        "homepage": "https://plan9.rocks/",
        "favicon": "https://plan9.rocks/favicon.ico",
        "tags": "",
        "country": "Greenland",
        "countrycode": "GL",
        "iso_3166_2": null,
        "state": "",
        "language": "",
        "languagecodes": "",
        "votes": 3,
        "lastchangetime": "2023-10-06 19:51:23",
        "lastchangetime_iso8601": "2023-10-06T19:51:23Z",
        "codec": "OGG",
        "bitrate": 0,
        "hls": 0,
        "lastcheckok": 1,
        "lastchecktime": "2023-11-07 14:25:13",
        "lastchecktime_iso8601": "2023-11-07T14:25:13Z",
        "lastcheckoktime": "2023-11-07 14:25:13",
        "lastcheckoktime_iso8601": "2023-11-07T14:25:13Z",
        "lastlocalchecktime": "2023-11-06 20:16:10",
        "lastlocalchecktime_iso8601": "2023-11-06T20:16:10Z",
        "clicktimestamp": "2023-11-07 09:14:47",
        "clicktimestamp_iso8601": "2023-11-07T09:14:47Z",
        "clickcount": 14,
        "clicktrend": 0,
        "ssl_error": 0,
        "geo_lat": null,
        "geo_long": null,
        "has_extended_info": false
    },
    {
        "changeuuid": "8f049b96-d2ec-41a1-9d22-5a09238118b7",
        "stationuuid": "d1312b2e-2c66-4442-90cc-65ab1f2dedcb",
        "serveruuid": "cd5d7ef3-91c4-4932-b3a2-04f75eadf84e",
        "name": "9Radio",
        "url": "https://radio.plan9.rocks/",
        "url_resolved": "https://radio.plan9.rocks/",
        "homepage": "https://plan9.rocks/",
        "favicon": "",
        "tags": "agarthan,atlantian,chud,evolian,fascism,hyperborean,postmodernist,vril",
        "country": "Greenland",
        "countrycode": "GL",
        "iso_3166_2": null,
        "state": "",
        "language": "",
        "languagecodes": "",
        "votes": 1,
        "lastchangetime": "2023-10-16 20:03:54",
        "lastchangetime_iso8601": "2023-10-16T20:03:54Z",
        "codec": "OGG",
        "bitrate": 0,
        "hls": 0,
        "lastcheckok": 1,
        "lastchecktime": "2023-11-06 20:22:22",
        "lastchecktime_iso8601": "2023-11-06T20:22:22Z",
        "lastcheckoktime": "2023-11-06 20:22:22",
        "lastcheckoktime_iso8601": "2023-11-06T20:22:22Z",
        "lastlocalchecktime": "2023-11-06 20:22:22",
        "lastlocalchecktime_iso8601": "2023-11-06T20:22:22Z",
        "clicktimestamp": "2023-11-07 09:25:48",
        "clicktimestamp_iso8601": "2023-11-07T09:25:48Z",
        "clickcount": 10,
        "clicktrend": 0,
        "ssl_error": 0,
        "geo_lat": null,
        "geo_long": null,
        "has_extended_info": false
    }
]