[
    {
        "changeuuid": "bb2a9bbb-e29f-4f52-b63e-68c8e8d02e1f",
        "stationuuid": "ba41c7a6-d193-11e9-a861-52543be04c81",
        "serveruuid": "ff21c544-65d6-440e-9062-7f333692c65e",
        "name": "Guadeloupe 1\u00e8re",
        "url": "https://guadeloupe.ice.infomaniak.ch/guadeloupe-128.mp3",
        "url_resolved": "https://guadeloupe.ice.infomaniak.ch/guadeloupe-128.mp3",
        "homepage": "https://la1ere.francetvinfo.fr/guadeloupe/",
        "favicon": "",
        "tags": "",
        "country": "Guadeloupe",
        "countrycode": "GP",
        "iso_3166_2": null,
        "state": "",
        "language": "",
        "languagecodes": "",
        "votes": 1838,
        "lastchangetime": "2022-03-19 18:17:36",
        "lastchangetime_iso8601": "2022-03-19T18:17:36Z",
        "codec": "MP3",
        "bitrate": 128,
        "hls": 0,
        "lastcheckok": 1,
        "lastchecktime": "2023-04-08 04:13:13",
        "lastchecktime_iso8601": "2023-04-08T04:13:13Z",
        "lastcheckoktime": "2023-04-08 04:13:13",
        "lastcheckoktime_iso8601": "2023-04-08T04:13:13Z",
        "lastlocalchecktime": "2023-04-07 18:13:29",
        "lastlocalchecktime_iso8601": "2023-04-07T18:13:29Z",
        "clicktimestamp": "2023-04-08 11:53:58",
        "clicktimestamp_iso8601": "2023-04-08T11:53:58Z",
        "clickcount": 110,
        "clicktrend": -7,
        "ssl_error": 0,
        "geo_lat": null,
        "geo_long": null,
        "has_extended_info": false
    },
    {
        "changeuuid": "fbcb24a2-4253-431b-ac0b-7d0c864cba1b",
        "stationuuid": "73fb34bb-1ed5-49c5-9c4a-0c4baccbaae8",
        "serveruuid": "730ccfcf-5edc-4f8d-adc1-9847f63cc8b2",
        "name": "Radio Guadalupe LLallagua",
        "url": "https://ares.disfrutaenlared.com/9304/stream",
        "url_resolved": "https://ares.disfrutaenlared.com/9304/stream",
        "homepage": "http://www.radioguadalupellallagua.com/",
        "favicon": "",
        "tags": "",
        "country": "Guadeloupe",
        "countrycode": "GP",
        "iso_3166_2": null,
        "state": "",
        "language": "",
        "languagecodes": "",
        "votes": 196,
        "lastchangetime": "2022-01-06 13:37:23",
        "lastchangetime_iso8601": "2022-01-06T13:37:23Z",
        "codec": "AAC+",
        "bitrate": 64,
        "hls": 0,
        "lastcheckok": 1,
        "lastchecktime": "2023-04-08 08:26:51",
        "lastchecktime_iso8601": "2023-04-08T08:26:51Z",
        "lastcheckoktime": "2023-04-08 08:26:51",
        "lastcheckoktime_iso8601": "2023-04-08T08:26:51Z",
        "lastlocalchecktime": "2023-04-07 20:27:06",
        "lastlocalchecktime_iso8601": "2023-04-07T20:27:06Z",
        "clicktimestamp": "2023-04-07 11:01:36",
        "clicktimestamp_iso8601": "2023-04-07T11:01:36Z",
        "clickcount": 19,
        "clicktrend": -3,
        "ssl_error": 0,
        "geo_lat": null,
        "geo_long": null,
        "has_extended_info": false
    },
    {
        "changeuuid": "ffcf763a-659e-4870-86ac-5224d26ed4e2",
        "stationuuid": "8ef47b3a-1b10-4b5a-8b29-23fc2a4bde1f",
        "serveruuid": "a4c62839-0478-4afa-a7d4-9686b3c27155",
        "name": "Zouk Newz",
        "url": "https://zouknews.ice.infomaniak.ch/zouknews-192.mp3",
        "url_resolved": "https://zouknews.ice.infomaniak.ch/zouknews-192.mp3",
        "homepage": "https://www.zouknewz.com/",
        "favicon": "",
        "tags": "international",
        "country": "Guadeloupe",
        "countrycode": "GP",
        "iso_3166_2": null,
        "state": "",
        "language": "",
        "languagecodes": "",
        "votes": 134,
        "lastchangetime": "2022-08-28 10:35:45",
        "lastchangetime_iso8601": "2022-08-28T10:35:45Z",
        "codec": "MP3",
        "bitrate": 128,
        "hls": 0,
        "lastcheckok": 1,
        "lastchecktime": "2023-04-07 19:34:25",
        "lastchecktime_iso8601": "2023-04-07T19:34:25Z",
        "lastcheckoktime": "2023-04-07 19:34:25",
        "lastcheckoktime_iso8601": "2023-04-07T19:34:25Z",
        "lastlocalchecktime": "2023-04-07 16:17:55",
        "lastlocalchecktime_iso8601": "2023-04-07T16:17:55Z",
        "clicktimestamp": "2023-04-08 07:56:59",
        "clicktimestamp_iso8601": "2023-04-08T07:56:59Z",
        "clickcount": 28,
        "clicktrend": 3,
        "ssl_error": 0,
        "geo_lat": null,
        "geo_long": null,
        "has_extended_info": false
    }
]