[
    {
        "changeuuid": "bc3a27f1-1aaf-47c3-b076-f425fb2285d9",
        "stationuuid": "6577b59e-3d12-4ce2-b1e4-825599370477",
        "serveruuid": null,
        "name": "Exa FM",
        "url": "https://playerservices.streamtheworld.com/api/livestream-redirect/XHPSFMAAC.aac",
        "url_resolved": "https://26683.live.streamtheworld.com:443/XHPSFMAAC.aac",
        "homepage": "https://www.exafm.com/veracruz/",
        "favicon": "https://i.iheart.com/v3/re/new_assets/5f9883c7cde5eff19e6eabac",
        "tags": "93.3 fm,entretenimiento,espa\u00f1ol,estaci\u00f3n,exa,exa fm,fm,juvenil,la estaci\u00f3n exacta,la estaci\u00f3n naranja,moi merino,mvs,mvs noticias,mvs radio,m\u00fasica en espa\u00f1ol e ingl\u00e9s,m\u00fasica pop,ponte exa,pop,pop en espa\u00f1ol e ingl\u00e9s,pop music,pop rock,radio",
        "country": "Equatorial Guinea",
        "countrycode": "GQ",
        "iso_3166_2": null,
        "state": "",
        "language": "spanish",
        "languagecodes": "es",
        "votes": 138,
        "lastchangetime": "2022-12-12 06:02:51",
        "lastchangetime_iso8601": "2022-12-12T06:02:51Z",
        "codec": "AAC+",
        "bitrate": 48,
        "hls": 0,
        "lastcheckok": 1,
        "lastchecktime": "2023-04-08 07:55:56",
        "lastchecktime_iso8601": "2023-04-08T07:55:56Z",
        "lastcheckoktime": "2023-04-08 07:55:56",
        "lastcheckoktime_iso8601": "2023-04-08T07:55:56Z",
        "lastlocalchecktime": "2023-04-08 07:55:56",
        "lastlocalchecktime_iso8601": "2023-04-08T07:55:56Z",
        "clicktimestamp": "2023-04-08 05:44:09",
        "clicktimestamp_iso8601": "2023-04-08T05:44:09Z",
        "clickcount": 34,
        "clicktrend": -5,
        "ssl_error": 0,
        "geo_lat": null,
        "geo_long": null,
        "has_extended_info": false
    },
    {
        "changeuuid": "d5c79ab6-ccc1-4e59-9b46-56ade81f2678",
        "stationuuid": "6b9e3d33-7b48-4c0f-bd23-cbe846f05035",
        "serveruuid": "d6f9028f-83aa-444d-a000-a880357fdc15",
        "name": "Asonga Radio 107.0 Malabo",
        "url": "https://servidor15-5.brlogic.com:7058/live",
        "url_resolved": "https://servidor15-5.brlogic.com:7058/live",
        "homepage": "https://www.asongaradio.com/",
        "favicon": "https://public-rf-upload.minhawebradio.net/228031/favicon/f687cdb9f785f2ac16c9e1728fe7f6ad.jpg",
        "tags": "pop music",
        "country": "Equatorial Guinea",
        "countrycode": "GQ",
        "iso_3166_2": null,
        "state": "",
        "language": "spanish",
        "languagecodes": "es",
        "votes": 50,
        "lastchangetime": "2023-07-26 04:46:22",
        "lastchangetime_iso8601": "2023-07-26T04:46:22Z",
        "codec": "MP3",
        "bitrate": 128,
        "hls": 0,
        "lastcheckok": 1,
        "lastchecktime": "2023-09-03 06:45:15",
        "lastchecktime_iso8601": "2023-09-03T06:45:15Z",
        "lastcheckoktime": "2023-09-03 06:45:15",
        "lastcheckoktime_iso8601": "2023-09-03T06:45:15Z",
        "lastlocalchecktime": "2023-09-03 06:28:36",
        "lastlocalchecktime_iso8601": "2023-09-03T06:28:36Z",
        "clicktimestamp": "2023-09-03 04:25:18",
        "clicktimestamp_iso8601": "2023-09-03T04:25:18Z",
        "clickcount": 20,
        "clicktrend": 1,
        "ssl_error": 0,
        "geo_lat": null,
        "geo_long": null,
        "has_extended_info": false
    }
]