[
    {
        "changeuuid": "f7345bf0-9761-44d1-a4db-7eb93e974521",
        "stationuuid": "43a2e0c4-75fd-4806-9ce3-d0dbd6bb836d",
        "serveruuid": "9f58e703-54e8-4712-a14b-60d08aad7802",
        "name": "FCG Tu lugar de adoraci\u00f3n",
        "url": "http://c17.radioboss.fm:8059/stream",
        "url_resolved": "http://c17.radioboss.fm:8059/stream",
        "homepage": "https://www.fcg-familias.com/",
        "favicon": "https://www.fcg-familias.com/favicon.ico",
        "tags": "christian",
        "country": "South Georgia And The South Sandwich Islands",
        "countrycode": "GS",
        "iso_3166_2": null,
        "state": "",
        "language": "english",
        "languagecodes": "en",
        "votes": 199,
        "lastchangetime": "2022-09-06 08:42:39",
        "lastchangetime_iso8601": "2022-09-06T08:42:39Z",
        "codec": "MP3",
        "bitrate": 96,
        "hls": 0,
        "lastcheckok": 1,
        "lastchecktime": "2023-04-07 20:24:39",
        "lastchecktime_iso8601": "2023-04-07T20:24:39Z",
        "lastcheckoktime": "2023-04-07 20:24:39",
        "lastcheckoktime_iso8601": "2023-04-07T20:24:39Z",
        "lastlocalchecktime": "2023-04-07 20:24:39",
        "lastlocalchecktime_iso8601": "2023-04-07T20:24:39Z",
        "clicktimestamp": "2023-04-08 10:17:59",
        "clicktimestamp_iso8601": "2023-04-08T10:17:59Z",
        "clickcount": 25,
        "clicktrend": 0,
        "ssl_error": 0,
        "geo_lat": null,
        "geo_long": null,
        "has_extended_info": false
    }
]