[
    {
        "changeuuid": "b8e560e4-9ca1-488f-91fc-f59292a3369d",
        "stationuuid": "4bf762a7-cb07-485a-8772-4cab077a5a3c",
        "serveruuid": "cdcd5cb8-e772-4a8a-9919-3ab5216d49d2",
        "name": "Emisoras Unidas 89.7",
        "url": "https://stream.zenolive.com/z96sq8tndseuv",
        "url_resolved": "https://stream-039.zeno.fm/z96sq8tndseuv?zs=5TGvA1znScWA0H5ACzrbaA",
        "homepage": "https://emisorasunidas.com/",
        "favicon": "",
        "tags": "news",
        "country": "Guatemala",
        "countrycode": "GT",
        "iso_3166_2": null,
        "state": "",
        "language": "spanish",
        "languagecodes": "es",
        "votes": 1395,
        "lastchangetime": "2022-03-28 10:55:22",
        "lastchangetime_iso8601": "2022-03-28T10:55:22Z",
        "codec": "MP3",
        "bitrate": 0,
        "hls": 0,
        "lastcheckok": 1,
        "lastchecktime": "2023-04-08 14:22:58",
        "lastchecktime_iso8601": "2023-04-08T14:22:58Z",
        "lastcheckoktime": "2023-04-08 14:22:58",
        "lastcheckoktime_iso8601": "2023-04-08T14:22:58Z",
        "lastlocalchecktime": "2023-04-08 14:22:58",
        "lastlocalchecktime_iso8601": "2023-04-08T14:22:58Z",
        "clicktimestamp": "2023-04-08 03:51:21",
        "clicktimestamp_iso8601": "2023-04-08T03:51:21Z",
        "clickcount": 166,
        "clicktrend": 2,
        "ssl_error": 0,
        "geo_lat": null,
        "geo_long": null,
        "has_extended_info": false
    },
    {
        "changeuuid": "8e740c48-ec6a-4ae3-9cd0-b2e1f966b45b",
        "stationuuid": "145c61e1-7f23-11e8-b68b-52543be04c81",
        "serveruuid": "fd5d0d85-bb60-4caf-bbc1-c7d89a6f65a1",
        "name": "KeBuena 93.1",
        "url": "http://99.198.107.186:8536/stream.m3u",
        "url_resolved": "http://99.198.107.186:8536/stream",
        "homepage": "http://www.kebuenajutiapa.com/",
        "favicon": "",
        "tags": "noticias,pop,ranchera",
        "country": "Guatemala",
        "countrycode": "GT",
        "iso_3166_2": null,
        "state": "Jutiapa",
        "language": "spanish",
        "languagecodes": "es",
        "votes": 1029,
        "lastchangetime": "2022-03-28 12:33:57",
        "lastchangetime_iso8601": "2022-03-28T12:33:57Z",
        "codec": "AAC+",
        "bitrate": 48,
        "hls": 0,
        "lastcheckok": 1,
        "lastchecktime": "2023-04-08 12:21:10",
        "lastchecktime_iso8601": "2023-04-08T12:21:10Z",
        "lastcheckoktime": "2023-04-08 12:21:10",
        "lastcheckoktime_iso8601": "2023-04-08T12:21:10Z",
        "lastlocalchecktime": "2023-04-07 16:59:22",
        "lastlocalchecktime_iso8601": "2023-04-07T16:59:22Z",
        "clicktimestamp": "2023-04-08 03:53:39",
        "clicktimestamp_iso8601": "2023-04-08T03:53:39Z",
        "clickcount": 67,
        "clicktrend": 2,
        "ssl_error": 0,
        "geo_lat": null,
        "geo_long": null,
        "has_extended_info": false
    },
    {
        "changeuuid": "afb5e180-2453-4fa8-9213-96bbbe89b6f1",
        "stationuuid": "75186749-37df-40a9-b8bb-fb347551307a",
        "serveruuid": "a89202b9-314b-4b2a-9500-3306345999dd",
        "name": "Radio Guatemala",
        "url": "http://radioguate.com:8028/live",
        "url_resolved": "http://radioguate.com:8028/live",
        "homepage": "https://www.radioguate.com/",
        "favicon": "",
        "tags": "variety",
        "country": "Guatemala",
        "countrycode": "GT",
        "iso_3166_2": null,
        "state": "Ciudad de Guatemala",
        "language": "spanish",
        "languagecodes": "es",
        "votes": 863,
        "lastchangetime": "2022-04-20 14:59:37",
        "lastchangetime_iso8601": "2022-04-20T14:59:37Z",
        "codec": "AAC",
        "bitrate": 48,
        "hls": 0,
        "lastcheckok": 1,
        "lastchecktime": "2023-04-08 10:39:45",
        "lastchecktime_iso8601": "2023-04-08T10:39:45Z",
        "lastcheckoktime": "2023-04-08 10:39:45",
        "lastcheckoktime_iso8601": "2023-04-08T10:39:45Z",
        "lastlocalchecktime": "2023-04-07 19:00:38",
        "lastlocalchecktime_iso8601": "2023-04-07T19:00:38Z",
        "clicktimestamp": "2023-04-07 22:29:44",
        "clicktimestamp_iso8601": "2023-04-07T22:29:44Z",
        "clickcount": 60,
        "clicktrend": 0,
        "ssl_error": 0,
        "geo_lat": null,
        "geo_long": null,
        "has_extended_info": false
    },
    {
        "changeuuid": "eafb1051-c698-42a6-92b6-03fef213a7ba",
        "stationuuid": "ff888eb5-429e-42c1-8c20-087fc33184c5",
        "serveruuid": "f1b91b0d-31a3-4319-b39f-cfdd00bf364c",
        "name": "Radio Infinita",
        "url": "https://streams.radio.co/see730c7ab/listen",
        "url_resolved": "https://streams.radio.co/see730c7ab/listen",
        "homepage": "https://radioinfinita.com/",
        "favicon": "https://i1.wp.com/radioinfinita.com/wp-content/uploads/2018/04/cropped-logo-ico-1.png?fit=180%2c180&#038;ssl=1",
        "tags": "",
        "country": "Guatemala",
        "countrycode": "GT",
        "iso_3166_2": null,
        "state": "",
        "language": "english,spanish",
        "languagecodes": "en,es",
        "votes": 788,
        "lastchangetime": "2022-03-28 08:57:39",
        "lastchangetime_iso8601": "2022-03-28T08:57:39Z",
        "codec": "MP3",
        "bitrate": 128,
        "hls": 0,
        "lastcheckok": 1,
        "lastchecktime": "2023-04-07 20:38:45",
        "lastchecktime_iso8601": "2023-04-07T20:38:45Z",
        "lastcheckoktime": "2023-04-07 20:38:45",
        "lastcheckoktime_iso8601": "2023-04-07T20:38:45Z",
        "lastlocalchecktime": "2023-04-07 20:16:37",
        "lastlocalchecktime_iso8601": "2023-04-07T20:16:37Z",
        "clicktimestamp": "2023-04-08 02:44:14",
        "clicktimestamp_iso8601": "2023-04-08T02:44:14Z",
        "clickcount": 28,
        "clicktrend": 1,
        "ssl_error": 0,
        "geo_lat": null,
        "geo_long": null,
        "has_extended_info": false
    },
    {
        "changeuuid": "dc84f047-a4b0-4f87-a099-fe26ab990248",
        "stationuuid": "31c5257a-5a88-11e9-a622-52543be04c81",
        "serveruuid": "962d32c0-a9e0-4ff7-bb50-fcfc5d0b7be7",
        "name": "RADIO MARIA GUATEMALA",
        "url": "http://dreamsiteradiocp.com:8072/stream",
        "url_resolved": "http://dreamsiteradiocp.com:8072/stream",
        "homepage": "https://www.radiomaria.org.gt/",
        "favicon": "https://www.radiomaria.org.gt/favicon.ico",
        "tags": "catholic,religion",
        "country": "Guatemala",
        "countrycode": "GT",
        "iso_3166_2": null,
        "state": "",
        "language": "",
        "languagecodes": "",
        "votes": 774,
        "lastchangetime": "2023-04-04 20:45:31",
        "lastchangetime_iso8601": "2023-04-04T20:45:31Z",
        "codec": "AAC+",
        "bitrate": 32,
        "hls": 0,
        "lastcheckok": 1,
        "lastchecktime": "2023-04-08 10:27:19",
        "lastchecktime_iso8601": "2023-04-08T10:27:19Z",
        "lastcheckoktime": "2023-04-08 10:27:19",
        "lastcheckoktime_iso8601": "2023-04-08T10:27:19Z",
        "lastlocalchecktime": "2023-04-07 20:54:25",
        "lastlocalchecktime_iso8601": "2023-04-07T20:54:25Z",
        "clicktimestamp": "2023-04-08 04:29:37",
        "clicktimestamp_iso8601": "2023-04-08T04:29:37Z",
        "clickcount": 77,
        "clicktrend": -1,
        "ssl_error": 0,
        "geo_lat": null,
        "geo_long": null,
        "has_extended_info": false
    },
    {
        "changeuuid": "f72ddbe7-f14c-4167-98a8-5c75b852a270",
        "stationuuid": "c5565c93-ebc9-4abf-892a-91f9e400f6d6",
        "serveruuid": "c5557654-dd71-4422-9dd1-7b7957999334",
        "name": "palabra miel",
        "url": "http://juventudpalabramiel.org:8000/radio",
        "url_resolved": "http://juventudpalabramiel.org:8000/radio",
        "homepage": "http://juventudpalabramiel.org/",
        "favicon": "",
        "tags": "university radio",
        "country": "Guatemala",
        "countrycode": "GT",
        "iso_3166_2": null,
        "state": "",
        "language": "",
        "languagecodes": "",
        "votes": 621,
        "lastchangetime": "2021-08-06 08:36:44",
        "lastchangetime_iso8601": "2021-08-06T08:36:44Z",
        "codec": "MP3",
        "bitrate": 96,
        "hls": 0,
        "lastcheckok": 1,
        "lastchecktime": "2023-04-08 05:59:37",
        "lastchecktime_iso8601": "2023-04-08T05:59:37Z",
        "lastcheckoktime": "2023-04-08 05:59:37",
        "lastcheckoktime_iso8601": "2023-04-08T05:59:37Z",
        "lastlocalchecktime": "2023-04-07 17:08:34",
        "lastlocalchecktime_iso8601": "2023-04-07T17:08:34Z",
        "clicktimestamp": "2023-04-08 08:45:58",
        "clicktimestamp_iso8601": "2023-04-08T08:45:58Z",
        "clickcount": 65,
        "clicktrend": 1,
        "ssl_error": 0,
        "geo_lat": null,
        "geo_long": null,
        "has_extended_info": false
    },
    {
        "changeuuid": "a639a6d8-1500-43e8-9689-6622ea473ed7",
        "stationuuid": "4b8742ab-c60b-4d06-b3a5-427089353e53",
        "serveruuid": "781a1cda-4299-42ff-8bcb-05dafe1ad179",
        "name": "Cl\u00e1sica 106.5",
        "url": "https://ais-sa2.cdnstream1.com/2529_32.aac",
        "url_resolved": "https://ais-sa2.cdnstream1.com/2529_32.aac",
        "homepage": "https://www.clasica1065.com/",
        "favicon": "",
        "tags": "106.5,106.5 fm,clasicos,classics,cl\u00e1sica,cl\u00e1sicos,estaci\u00f3n,guatemala,moi merino,m\u00fasica,m\u00fasica del recuerdo,oldies,pop cl\u00e1sico,radio,recuerdo,recuerdos,retro",
        "country": "Guatemala",
        "countrycode": "GT",
        "iso_3166_2": null,
        "state": "Ciudad de Guatemala",
        "language": "spanish",
        "languagecodes": "es",
        "votes": 597,
        "lastchangetime": "2022-11-18 01:03:15",
        "lastchangetime_iso8601": "2022-11-18T01:03:15Z",
        "codec": "AAC+",
        "bitrate": 64,
        "hls": 0,
        "lastcheckok": 1,
        "lastchecktime": "2023-04-08 05:24:09",
        "lastchecktime_iso8601": "2023-04-08T05:24:09Z",
        "lastcheckoktime": "2023-04-08 05:24:09",
        "lastcheckoktime_iso8601": "2023-04-08T05:24:09Z",
        "lastlocalchecktime": "2023-04-07 19:40:51",
        "lastlocalchecktime_iso8601": "2023-04-07T19:40:51Z",
        "clicktimestamp": "2023-04-08 10:18:26",
        "clicktimestamp_iso8601": "2023-04-08T10:18:26Z",
        "clickcount": 40,
        "clicktrend": 2,
        "ssl_error": 0,
        "geo_lat": 14.624115612254098,
        "geo_long": -90.52058029803447,
        "has_extended_info": false
    },
    {
        "changeuuid": "402210fc-f571-40ab-b8cb-d9254254c668",
        "stationuuid": "1ca7d4e3-6a92-4d72-b97f-3c585c8b3195",
        "serveruuid": "5a4da78e-e3aa-4a6c-97f3-33ea928c124d",
        "name": "Kiss FM 97.7",
        "url": "https://stream.zenolive.com/1sgzkhhm8ueuv",
        "url_resolved": "https://stream-010.zeno.fm/1sgzkhhm8ueuv?zs=ri0Eja3XSr6Z4QOEFIGpNA",
        "homepage": "https://emisorasunidas.com/kiss977/",
        "favicon": "",
        "tags": "70s,80s,90s",
        "country": "Guatemala",
        "countrycode": "GT",
        "iso_3166_2": null,
        "state": "",
        "language": "spanish",
        "languagecodes": "es",
        "votes": 524,
        "lastchangetime": "2022-03-28 08:57:39",
        "lastchangetime_iso8601": "2022-03-28T08:57:39Z",
        "codec": "MP3",
        "bitrate": 0,
        "hls": 0,
        "lastcheckok": 1,
        "lastchecktime": "2023-04-07 23:34:25",
        "lastchecktime_iso8601": "2023-04-07T23:34:25Z",
        "lastcheckoktime": "2023-04-07 23:34:25",
        "lastcheckoktime_iso8601": "2023-04-07T23:34:25Z",
        "lastlocalchecktime": "2023-04-07 18:06:06",
        "lastlocalchecktime_iso8601": "2023-04-07T18:06:06Z",
        "clicktimestamp": "2023-04-08 03:55:26",
        "clicktimestamp_iso8601": "2023-04-08T03:55:26Z",
        "clickcount": 37,
        "clicktrend": -2,
        "ssl_error": 0,
        "geo_lat": null,
        "geo_long": null,
        "has_extended_info": false
    },
    {
        "changeuuid": "9f17e431-6a55-4b6c-84f3-78c90eac4a60",
        "stationuuid": "1faed943-bd77-4131-8e7b-b8fe533fb604",
        "serveruuid": "cdcd5cb8-e772-4a8a-9919-3ab5216d49d2",
        "name": "Ke Buena Guatemala",
        "url": "https://stream.zeno.fm/m5p5sfrywhhvv",
        "url_resolved": "https://stream-040.zeno.fm/m5p5sfrywhhvv?zs=QteEyvAvTFaZTrRazjW4Lg",
        "homepage": "https://www.facebook.com/kebuenagt/",
        "favicon": "https://cdn.webrad.io/images/logos/emisoras-com-gt/ke-buena.png",
        "tags": "am\u00e9rica,bachata,banda,centroam\u00e9rica,cumbia,guatemala,guatemala city,ke buena guatemala,latinoam\u00e9rica,merengue,m\u00fasica,m\u00fasica del recuerdo,m\u00fasica en espa\u00f1ol,m\u00fasica regional,m\u00fasica regional mexicana,norte\u00f1a,regional mexicana",
        "country": "Guatemala",
        "countrycode": "GT",
        "iso_3166_2": null,
        "state": "Ciudad de Guatemala",
        "language": "spanish",
        "languagecodes": "es",
        "votes": 519,
        "lastchangetime": "2022-09-17 03:15:57",
        "lastchangetime_iso8601": "2022-09-17T03:15:57Z",
        "codec": "MP3",
        "bitrate": 0,
        "hls": 0,
        "lastcheckok": 1,
        "lastchecktime": "2023-04-08 14:18:58",
        "lastchecktime_iso8601": "2023-04-08T14:18:58Z",
        "lastcheckoktime": "2023-04-08 14:18:58",
        "lastcheckoktime_iso8601": "2023-04-08T14:18:58Z",
        "lastlocalchecktime": "2023-04-08 14:18:58",
        "lastlocalchecktime_iso8601": "2023-04-08T14:18:58Z",
        "clicktimestamp": "2023-04-08 12:37:13",
        "clicktimestamp_iso8601": "2023-04-08T12:37:13Z",
        "clickcount": 132,
        "clicktrend": 2,
        "ssl_error": 0,
        "geo_lat": 14.62407667747974,
        "geo_long": -90.52021980285646,
        "has_extended_info": false
    },
    {
        "changeuuid": "96bde52b-dca7-4313-91fd-816e4db7ba23",
        "stationuuid": "1b8296e1-6561-4094-82de-df4034de2bc0",
        "serveruuid": "0ad6f70e-006f-487b-9196-a0a290f3e3d7",
        "name": "Exa FM 101.7 Guatemala",
        "url": "https://stream.zeno.fm/czdkk32qduhvv",
        "url_resolved": "https://stream-030.zeno.fm/czdkk32qduhvv?zs=aO3GiLBITdmV0JMJh6V1Sw",
        "homepage": "https://www.facebook.com/exafmguatemala/",
        "favicon": "",
        "tags": "101.7 fm,entretenimiento,estaci\u00f3n,exa,exa fm,fm,grupo alius,guatemala,juvenil,la estaci\u00f3n exacta,la estaci\u00f3n naranja,latin music,latin pop,latinoam\u00e9rica,moi merino,music,mvs,mvs radio,m\u00fasica,m\u00fasica en espa\u00f1ol,m\u00fasica pop,ponte exa,pop,pop dance,pop music,pop rock,radio,top,top 100,top 40,top 40 hits,top charts,top hits",
        "country": "Guatemala",
        "countrycode": "GT",
        "iso_3166_2": null,
        "state": "Ciudad de Guatemala",
        "language": "spanish",
        "languagecodes": "es",
        "votes": 514,
        "lastchangetime": "2022-08-31 19:03:44",
        "lastchangetime_iso8601": "2022-08-31T19:03:44Z",
        "codec": "AAC",
        "bitrate": 0,
        "hls": 0,
        "lastcheckok": 1,
        "lastchecktime": "2023-04-08 08:54:53",
        "lastchecktime_iso8601": "2023-04-08T08:54:53Z",
        "lastcheckoktime": "2023-04-08 08:54:53",
        "lastcheckoktime_iso8601": "2023-04-08T08:54:53Z",
        "lastlocalchecktime": "2023-04-08 08:54:53",
        "lastlocalchecktime_iso8601": "2023-04-08T08:54:53Z",
        "clicktimestamp": "2023-04-08 03:55:22",
        "clicktimestamp_iso8601": "2023-04-08T03:55:22Z",
        "clickcount": 38,
        "clicktrend": -2,
        "ssl_error": 0,
        "geo_lat": 14.626030940165991,
        "geo_long": -90.51652908325195,
        "has_extended_info": false
    },
    {
        "changeuuid": "55f63bb0-7e6a-431d-9d5e-fabde36c7f84",
        "stationuuid": "27f7d4dc-4a1a-11ea-9348-52543be04c81",
        "serveruuid": "fc2eebb6-cc14-43c3-9a10-0b9a2bf6a753",
        "name": "EL COMANDANTE",
        "url": "http://173.192.207.51:7038/stream",
        "url_resolved": "http://173.192.207.51:7038/stream",
        "homepage": "https://tuneliveradio.com/radio/EL-COMANDANTE-101.3",
        "favicon": "",
        "tags": "",
        "country": "Guatemala",
        "countrycode": "GT",
        "iso_3166_2": null,
        "state": "EL MERO REY",
        "language": "spanish",
        "languagecodes": "es",
        "votes": 511,
        "lastchangetime": "2022-03-28 11:32:28",
        "lastchangetime_iso8601": "2022-03-28T11:32:28Z",
        "codec": "AAC",
        "bitrate": 40,
        "hls": 0,
        "lastcheckok": 1,
        "lastchecktime": "2023-04-08 04:48:37",
        "lastchecktime_iso8601": "2023-04-08T04:48:37Z",
        "lastcheckoktime": "2023-04-08 04:48:37",
        "lastcheckoktime_iso8601": "2023-04-08T04:48:37Z",
        "lastlocalchecktime": "2023-04-07 18:27:33",
        "lastlocalchecktime_iso8601": "2023-04-07T18:27:33Z",
        "clicktimestamp": "2023-04-08 14:07:47",
        "clicktimestamp_iso8601": "2023-04-08T14:07:47Z",
        "clickcount": 28,
        "clicktrend": 5,
        "ssl_error": 0,
        "geo_lat": null,
        "geo_long": null,
        "has_extended_info": false
    },
    {
        "changeuuid": "e47e0293-f76a-4f81-bf0d-b9085515a94c",
        "stationuuid": "2d3d4b34-3201-48be-9bdb-da4bd8ec709c",
        "serveruuid": "781a1cda-4299-42ff-8bcb-05dafe1ad179",
        "name": "Globo 98.9",
        "url": "https://ais-sa2.cdnstream1.com/2531_32.aac",
        "url_resolved": "https://ais-sa2.cdnstream1.com/2531_32.aac",
        "homepage": "https://www.globo989.com/",
        "favicon": "",
        "tags": "98.9,98.9 fm,estaci\u00f3n,globo,guatemala,moi merino,m\u00fasica,m\u00fasica del recuerdo,m\u00fasica en espa\u00f1ol,radio,recuerdo,recuerdos",
        "country": "Guatemala",
        "countrycode": "GT",
        "iso_3166_2": null,
        "state": "Ciudad de Guatemala",
        "language": "spanish",
        "languagecodes": "es",
        "votes": 449,
        "lastchangetime": "2022-09-04 07:53:09",
        "lastchangetime_iso8601": "2022-09-04T07:53:09Z",
        "codec": "AAC+",
        "bitrate": 64,
        "hls": 0,
        "lastcheckok": 1,
        "lastchecktime": "2023-04-08 05:03:47",
        "lastchecktime_iso8601": "2023-04-08T05:03:47Z",
        "lastcheckoktime": "2023-04-08 05:03:47",
        "lastcheckoktime_iso8601": "2023-04-08T05:03:47Z",
        "lastlocalchecktime": "2023-04-07 17:56:32",
        "lastlocalchecktime_iso8601": "2023-04-07T17:56:32Z",
        "clicktimestamp": "2023-04-08 04:56:52",
        "clicktimestamp_iso8601": "2023-04-08T04:56:52Z",
        "clickcount": 52,
        "clicktrend": 5,
        "ssl_error": 0,
        "geo_lat": 14.625843045085196,
        "geo_long": -90.5198593181558,
        "has_extended_info": false
    },
    {
        "changeuuid": "a29098df-a3f3-4681-9888-10cfe6279873",
        "stationuuid": "7d9259c5-677f-4b75-be87-bdfc9c2dd7f0",
        "serveruuid": "2915dace-2fb8-4aa2-aa8c-001f1e8f57c2",
        "name": "Atm\u00f3sfera 96.5",
        "url": "https://stream.zenolive.com/wbqp37gm8ueuv",
        "url_resolved": "https://stream-027.zeno.fm/wbqp37gm8ueuv?zs=sHaRfTGCQkOUjtz7zt7w-Q",
        "homepage": "https://emisorasunidas.com/atmosfera965/",
        "favicon": "",
        "tags": "",
        "country": "Guatemala",
        "countrycode": "GT",
        "iso_3166_2": null,
        "state": "",
        "language": "spanish",
        "languagecodes": "es",
        "votes": 371,
        "lastchangetime": "2022-03-28 09:38:22",
        "lastchangetime_iso8601": "2022-03-28T09:38:22Z",
        "codec": "MP3",
        "bitrate": 0,
        "hls": 0,
        "lastcheckok": 1,
        "lastchecktime": "2023-04-08 01:15:46",
        "lastchecktime_iso8601": "2023-04-08T01:15:46Z",
        "lastcheckoktime": "2023-04-08 01:15:46",
        "lastcheckoktime_iso8601": "2023-04-08T01:15:46Z",
        "lastlocalchecktime": "2023-04-07 16:27:51",
        "lastlocalchecktime_iso8601": "2023-04-07T16:27:51Z",
        "clicktimestamp": "2023-04-08 12:36:54",
        "clicktimestamp_iso8601": "2023-04-08T12:36:54Z",
        "clickcount": 26,
        "clicktrend": 3,
        "ssl_error": 0,
        "geo_lat": null,
        "geo_long": null,
        "has_extended_info": false
    },
    {
        "changeuuid": "ce4009f9-93f3-4bd1-8172-b4c45df6341a",
        "stationuuid": "a07ee829-8082-40e1-be9e-a2670e7c1061",
        "serveruuid": "781a1cda-4299-42ff-8bcb-05dafe1ad179",
        "name": "M\u00eda 93.7",
        "url": "https://ais-sa2.cdnstream1.com/2526_32.aac",
        "url_resolved": "https://ais-sa2.cdnstream1.com/2526_32.aac",
        "homepage": "https://mia937.com/",
        "favicon": "https://mia937.com/favicon.ico",
        "tags": "93.7,93.7 fm,centroam\u00e9rica,estaci\u00f3n,feminism,feminist,feminista,fm,guatemala,moi merino,mujer,musica romantica,m\u00eda,m\u00fasica,m\u00fasica en espa\u00f1ol,radio,romantic,romantic music,romantica,rom\u00e1nticas",
        "country": "Guatemala",
        "countrycode": "GT",
        "iso_3166_2": null,
        "state": "Ciudad de Guatemala",
        "language": "spanish",
        "languagecodes": "es",
        "votes": 320,
        "lastchangetime": "2022-08-28 07:31:51",
        "lastchangetime_iso8601": "2022-08-28T07:31:51Z",
        "codec": "AAC+",
        "bitrate": 64,
        "hls": 0,
        "lastcheckok": 1,
        "lastchecktime": "2023-04-08 05:59:37",
        "lastchecktime_iso8601": "2023-04-08T05:59:37Z",
        "lastcheckoktime": "2023-04-08 05:59:37",
        "lastcheckoktime_iso8601": "2023-04-08T05:59:37Z",
        "lastlocalchecktime": "2023-04-07 15:51:57",
        "lastlocalchecktime_iso8601": "2023-04-07T15:51:57Z",
        "clicktimestamp": "2023-04-08 03:55:21",
        "clicktimestamp_iso8601": "2023-04-08T03:55:21Z",
        "clickcount": 35,
        "clicktrend": -1,
        "ssl_error": 0,
        "geo_lat": 14.630493760956329,
        "geo_long": -90.5243225139566,
        "has_extended_info": false
    },
    {
        "changeuuid": "5d0a6a8f-0be2-43f2-aa05-7db554da40df",
        "stationuuid": "56e4395a-b5f4-4af8-85f9-6d2032b886d9",
        "serveruuid": "f094779d-822c-4096-a3a8-dc5faedd47b9",
        "name": "La Voz del Hogar 96.7 ",
        "url": "https://servidor34.brlogic.com:7230/live",
        "url_resolved": "https://servidor34.brlogic.com:7230/live",
        "homepage": "https://lavozdelhogar.webradiosite.com/",
        "favicon": "https://www.facebook.com/La.Voz.del.Hogar.96.7",
        "tags": "",
        "country": "Guatemala",
        "countrycode": "GT",
        "iso_3166_2": null,
        "state": "Antigua Guatemala ",
        "language": "spanish",
        "languagecodes": "es",
        "votes": 281,
        "lastchangetime": "2022-07-07 18:11:51",
        "lastchangetime_iso8601": "2022-07-07T18:11:51Z",
        "codec": "MP3",
        "bitrate": 96,
        "hls": 0,
        "lastcheckok": 1,
        "lastchecktime": "2023-04-08 09:50:47",
        "lastchecktime_iso8601": "2023-04-08T09:50:47Z",
        "lastcheckoktime": "2023-04-08 09:50:47",
        "lastcheckoktime_iso8601": "2023-04-08T09:50:47Z",
        "lastlocalchecktime": "2023-04-07 18:58:46",
        "lastlocalchecktime_iso8601": "2023-04-07T18:58:46Z",
        "clicktimestamp": "2023-04-08 09:33:46",
        "clicktimestamp_iso8601": "2023-04-08T09:33:46Z",
        "clickcount": 35,
        "clicktrend": 1,
        "ssl_error": 0,
        "geo_lat": 14.5453561143168,
        "geo_long": -90.72920408583742,
        "has_extended_info": false
    },
    {
        "changeuuid": "ab2d7429-2270-4402-9857-cf4bbc2c0329",
        "stationuuid": "9b64520a-ae4e-4f41-aaeb-9fc3f635bd4a",
        "serveruuid": "d8f63e21-3009-432e-85f9-9d673198f340",
        "name": "Radio Actitud",
        "url": "https://ss.redradios.net:8002/stream?type=.mp3",
        "url_resolved": "https://ss.redradios.net:8002/stream?type=.mp3",
        "homepage": "https://actitud.fm/",
        "favicon": "",
        "tags": "christian music",
        "country": "Guatemala",
        "countrycode": "GT",
        "iso_3166_2": null,
        "state": "",
        "language": "english,spanish",
        "languagecodes": "en,es",
        "votes": 276,
        "lastchangetime": "2023-04-07 17:15:27",
        "lastchangetime_iso8601": "2023-04-07T17:15:27Z",
        "codec": "MP3",
        "bitrate": 128,
        "hls": 0,
        "lastcheckok": 1,
        "lastchecktime": "2023-04-07 23:44:32",
        "lastchecktime_iso8601": "2023-04-07T23:44:32Z",
        "lastcheckoktime": "2023-04-07 23:44:32",
        "lastcheckoktime_iso8601": "2023-04-07T23:44:32Z",
        "lastlocalchecktime": "2023-04-07 17:15:28",
        "lastlocalchecktime_iso8601": "2023-04-07T17:15:28Z",
        "clicktimestamp": "2023-04-08 01:56:16",
        "clicktimestamp_iso8601": "2023-04-08T01:56:16Z",
        "clickcount": 21,
        "clicktrend": -2,
        "ssl_error": 0,
        "geo_lat": 14.510775054300057,
        "geo_long": -90.48063576221467,
        "has_extended_info": false
    },
    {
        "changeuuid": "c7d2cc0a-e6ee-4d27-9399-22c6f53d1cc5",
        "stationuuid": "5e24cb0b-858a-4c8a-8604-e49b4eab8536",
        "serveruuid": "2a18e079-94b5-460c-a04e-cc4d89571bb7",
        "name": "EMAUS RADIO",
        "url": "https://sh2.radioonlinehd.com:8141/;",
        "url_resolved": "https://sh2.radioonlinehd.com:8141/;",
        "homepage": "https://emausradio.net/",
        "favicon": "",
        "tags": "catholic,christian",
        "country": "Guatemala",
        "countrycode": "GT",
        "iso_3166_2": null,
        "state": "",
        "language": "",
        "languagecodes": "",
        "votes": 245,
        "lastchangetime": "2021-11-29 18:33:08",
        "lastchangetime_iso8601": "2021-11-29T18:33:08Z",
        "codec": "AAC",
        "bitrate": 48,
        "hls": 0,
        "lastcheckok": 1,
        "lastchecktime": "2023-04-08 08:28:21",
        "lastchecktime_iso8601": "2023-04-08T08:28:21Z",
        "lastcheckoktime": "2023-04-08 08:28:21",
        "lastcheckoktime_iso8601": "2023-04-08T08:28:21Z",
        "lastlocalchecktime": "2023-04-08 08:28:21",
        "lastlocalchecktime_iso8601": "2023-04-08T08:28:21Z",
        "clicktimestamp": "2023-04-08 13:43:37",
        "clicktimestamp_iso8601": "2023-04-08T13:43:37Z",
        "clickcount": 17,
        "clicktrend": 1,
        "ssl_error": 0,
        "geo_lat": null,
        "geo_long": null,
        "has_extended_info": false
    },
    {
        "changeuuid": "4aa8c332-bdb0-4920-86fc-03732f8338f3",
        "stationuuid": "7c3d2db3-cdd6-43f5-aa23-ba2e8c2d334d",
        "serveruuid": "bc0494e0-8a45-42eb-a4df-63cc292ff1c3",
        "name": "Panamericana Internacional",
        "url": "http://5.79.86.14:8011/live",
        "url_resolved": "http://5.79.86.14:8011/live",
        "homepage": "http://www.panamericanadeguatemala.com/",
        "favicon": "",
        "tags": "centroam\u00e9rica,estaci\u00f3n,guatemala,instrumental,instrumental hits radio,instrumental music,internacional,moi merino,online,online only,panamericana internacional,radio,radio online",
        "country": "Guatemala",
        "countrycode": "GT",
        "iso_3166_2": null,
        "state": "Ciudad de Guatemala",
        "language": "spanish",
        "languagecodes": "es",
        "votes": 226,
        "lastchangetime": "2022-09-16 09:20:55",
        "lastchangetime_iso8601": "2022-09-16T09:20:55Z",
        "codec": "MP3",
        "bitrate": 128,
        "hls": 0,
        "lastcheckok": 1,
        "lastchecktime": "2023-04-07 22:53:40",
        "lastchecktime_iso8601": "2023-04-07T22:53:40Z",
        "lastcheckoktime": "2023-04-07 22:53:40",
        "lastcheckoktime_iso8601": "2023-04-07T22:53:40Z",
        "lastlocalchecktime": "2023-04-07 18:18:19",
        "lastlocalchecktime_iso8601": "2023-04-07T18:18:19Z",
        "clicktimestamp": "2023-04-08 02:44:31",
        "clicktimestamp_iso8601": "2023-04-08T02:44:31Z",
        "clickcount": 23,
        "clicktrend": 2,
        "ssl_error": 0,
        "geo_lat": 14.626573852031443,
        "geo_long": -90.5217132589314,
        "has_extended_info": false
    },
    {
        "changeuuid": "0da2c409-24c4-4d60-9a09-185333d10c1d",
        "stationuuid": "d140f8b2-0316-44e0-8988-6290cda26345",
        "serveruuid": "079128e0-f278-4d3c-b27b-53694b243d6c",
        "name": "Exa FM Guatemala",
        "url": "https://stream.zeno.fm/czdkk32qduhvv",
        "url_resolved": "https://stream-030.zeno.fm/czdkk32qduhvv?zs=sIEVmh-YQuuWo_7Ksxy3nQ",
        "homepage": "https://exafm.com/guatemala/",
        "favicon": "https://i.ibb.co/Wsr8kn2/Exa-FM-Guatemala.jpg",
        "tags": "101.7 fm,centroam\u00e9rica,contemporary hits,contemporary hits radio,entretenimiento,espa\u00f1ol,estaci\u00f3n,exa,exa fm,fm,grupo alius,guatemala,juvenil,la estaci\u00f3n exacta,la estaci\u00f3n naranja,latin music,latin pop,latinoam\u00e9rica,moi merino,music,mvs,mvs radio,m\u00fasica,m\u00fasica en espa\u00f1ol,m\u00fasica pop,ponte exa,pop,pop dance,pop music,pop rock,radio,top,top 100,top 40,top 40 hits,top charts,top hits",
        "country": "Guatemala",
        "countrycode": "GT",
        "iso_3166_2": null,
        "state": "Ciudad de Guatemala",
        "language": "spanish",
        "languagecodes": "es",
        "votes": 213,
        "lastchangetime": "2022-09-04 22:56:13",
        "lastchangetime_iso8601": "2022-09-04T22:56:13Z",
        "codec": "AAC",
        "bitrate": 0,
        "hls": 0,
        "lastcheckok": 1,
        "lastchecktime": "2023-04-08 13:19:49",
        "lastchecktime_iso8601": "2023-04-08T13:19:49Z",
        "lastcheckoktime": "2023-04-08 13:19:49",
        "lastcheckoktime_iso8601": "2023-04-08T13:19:49Z",
        "lastlocalchecktime": "2023-04-08 13:19:49",
        "lastlocalchecktime_iso8601": "2023-04-08T13:19:49Z",
        "clicktimestamp": "2023-04-08 11:41:00",
        "clicktimestamp_iso8601": "2023-04-08T11:41:00Z",
        "clickcount": 55,
        "clicktrend": 2,
        "ssl_error": 0,
        "geo_lat": 14.625953081427514,
        "geo_long": -90.52425384521486,
        "has_extended_info": false
    },
    {
        "changeuuid": "dbe3eb24-a1ba-42ee-a1bf-f1e4d7f7a3d5",
        "stationuuid": "b7bf596f-3d82-4887-8d69-07fe6131a06f",
        "serveruuid": "c25b4d3a-1d2e-4d23-9a19-397d0d0ccc57",
        "name": "TGW",
        "url": "https://usa3.lhdserver.es:8225/stream",
        "url_resolved": "https://usa3.lhdserver.es:8225/stream",
        "homepage": "https://radiotgw.gob.gt/",
        "favicon": "",
        "tags": "",
        "country": "Guatemala",
        "countrycode": "GT",
        "iso_3166_2": null,
        "state": "",
        "language": "spanish",
        "languagecodes": "es",
        "votes": 184,
        "lastchangetime": "2022-08-20 02:52:09",
        "lastchangetime_iso8601": "2022-08-20T02:52:09Z",
        "codec": "MP3",
        "bitrate": 128,
        "hls": 0,
        "lastcheckok": 1,
        "lastchecktime": "2023-04-08 07:05:34",
        "lastchecktime_iso8601": "2023-04-08T07:05:34Z",
        "lastcheckoktime": "2023-04-08 07:05:34",
        "lastcheckoktime_iso8601": "2023-04-08T07:05:34Z",
        "lastlocalchecktime": "2023-04-07 18:23:56",
        "lastlocalchecktime_iso8601": "2023-04-07T18:23:56Z",
        "clicktimestamp": "2023-04-08 04:57:10",
        "clicktimestamp_iso8601": "2023-04-08T04:57:10Z",
        "clickcount": 21,
        "clicktrend": 4,
        "ssl_error": 0,
        "geo_lat": 14.601923501953085,
        "geo_long": -90.53489685058597,
        "has_extended_info": false
    },
    {
        "changeuuid": "f2b5fea1-848c-4f3b-8e0c-765ae2e1a5b7",
        "stationuuid": "5951ec48-9bc6-4efb-a6eb-f12325a123ca",
        "serveruuid": "2d550eaf-2b24-430c-b3af-9dfdd8f9a220",
        "name": "Radio Alegria",
        "url": "http://radio.produccionescasaverde.com:8713/stream",
        "url_resolved": "http://radio.produccionescasaverde.com:8713/stream",
        "homepage": "https://radioalegria975fm.com/",
        "favicon": "",
        "tags": "christian,cristiano",
        "country": "Guatemala",
        "countrycode": "GT",
        "iso_3166_2": null,
        "state": "",
        "language": "spanish",
        "languagecodes": "es",
        "votes": 151,
        "lastchangetime": "2022-06-28 14:36:17",
        "lastchangetime_iso8601": "2022-06-28T14:36:17Z",
        "codec": "MP3",
        "bitrate": 128,
        "hls": 0,
        "lastcheckok": 1,
        "lastchecktime": "2023-04-08 06:50:26",
        "lastchecktime_iso8601": "2023-04-08T06:50:26Z",
        "lastcheckoktime": "2023-04-08 06:50:26",
        "lastcheckoktime_iso8601": "2023-04-08T06:50:26Z",
        "lastlocalchecktime": "2023-04-07 17:32:15",
        "lastlocalchecktime_iso8601": "2023-04-07T17:32:15Z",
        "clicktimestamp": "2023-04-08 02:44:10",
        "clicktimestamp_iso8601": "2023-04-08T02:44:10Z",
        "clickcount": 27,
        "clicktrend": 0,
        "ssl_error": 0,
        "geo_lat": null,
        "geo_long": null,
        "has_extended_info": false
    },
    {
        "changeuuid": "ec287b14-c562-4c3f-b778-b9c04424d3cb",
        "stationuuid": "8267a007-29f2-4714-a369-10051e59092a",
        "serveruuid": "91f57661-0d59-4f51-bbab-c82cb1a0edce",
        "name": "RADIO ESLA",
        "url": "http://stream.zeno.fm/wdr15uyuezzuv",
        "url_resolved": "http://stream-053.zeno.fm/wdr15uyuezzuv?zs=fjrAkl2gRbCB3dUWK_SIeQ",
        "homepage": "http://radio-esla.blogspot.com/",
        "favicon": "",
        "tags": "",
        "country": "Guatemala",
        "countrycode": "GT",
        "iso_3166_2": null,
        "state": "Quetzaltenango",
        "language": "",
        "languagecodes": "",
        "votes": 105,
        "lastchangetime": "2022-09-10 00:47:15",
        "lastchangetime_iso8601": "2022-09-10T00:47:15Z",
        "codec": "AAC",
        "bitrate": 0,
        "hls": 0,
        "lastcheckok": 1,
        "lastchecktime": "2023-04-08 03:02:35",
        "lastchecktime_iso8601": "2023-04-08T03:02:35Z",
        "lastcheckoktime": "2023-04-08 03:02:35",
        "lastcheckoktime_iso8601": "2023-04-08T03:02:35Z",
        "lastlocalchecktime": "2023-04-07 17:32:15",
        "lastlocalchecktime_iso8601": "2023-04-07T17:32:15Z",
        "clicktimestamp": "2023-04-08 03:54:33",
        "clicktimestamp_iso8601": "2023-04-08T03:54:33Z",
        "clickcount": 15,
        "clicktrend": 1,
        "ssl_error": 0,
        "geo_lat": null,
        "geo_long": null,
        "has_extended_info": false
    },
    {
        "changeuuid": "f57ad9ae-81a0-4e66-97f7-c61a5a4e3f2f",
        "stationuuid": "ddd0e8ef-9f17-4b6a-9719-0a73da1518c6",
        "serveruuid": "a3536296-3e72-4d31-97c6-eb26ef0aa486",
        "name": "Radical Radiogt",
        "url": "https://cdn4.onstream.audio/proxy/radical/stream",
        "url_resolved": "https://cdn4.onstream.audio/proxy/radical/stream",
        "homepage": "https://www.radicalradio-gt.com/",
        "favicon": "https://www.radicalradio-gt.com/favicon.ico",
        "tags": "",
        "country": "Guatemala",
        "countrycode": "GT",
        "iso_3166_2": null,
        "state": "Guatemala city",
        "language": "",
        "languagecodes": "",
        "votes": 98,
        "lastchangetime": "2023-01-05 17:27:45",
        "lastchangetime_iso8601": "2023-01-05T17:27:45Z",
        "codec": "MP3",
        "bitrate": 128,
        "hls": 0,
        "lastcheckok": 1,
        "lastchecktime": "2023-04-08 12:21:10",
        "lastchecktime_iso8601": "2023-04-08T12:21:10Z",
        "lastcheckoktime": "2023-04-08 12:21:10",
        "lastcheckoktime_iso8601": "2023-04-08T12:21:10Z",
        "lastlocalchecktime": "2023-04-07 15:55:57",
        "lastlocalchecktime_iso8601": "2023-04-07T15:55:57Z",
        "clicktimestamp": "2023-04-08 01:57:02",
        "clicktimestamp_iso8601": "2023-04-08T01:57:02Z",
        "clickcount": 12,
        "clicktrend": -1,
        "ssl_error": 0,
        "geo_lat": null,
        "geo_long": null,
        "has_extended_info": false
    },
    {
        "changeuuid": "ad209b2f-df36-4269-b925-390c9b074606",
        "stationuuid": "4fb79462-bddb-42f6-92a2-c9102b91470b",
        "serveruuid": "560f21d7-fe12-428f-86fe-172cb2aed732",
        "name": "103.8 AZUL POP FM (LOS 40 H\u0130TS)",
        "url": "https://azulpop.ozelip.com/8006/stream",
        "url_resolved": "https://azulpop.ozelip.com/8006/stream",
        "homepage": "https://azulradyo.com/",
        "favicon": "",
        "tags": "balada pop,greek pop,guatemala,guatemala city,ke buena guatemala,latin pop,m\u00fasica pop,new york public radio,pop,pop dance,pop rock popular,radio music rock pop,t\u00fcrk pop,t\u00fcrk pop m\u00fczi\u011fi",
        "country": "Guatemala",
        "countrycode": "GT",
        "iso_3166_2": null,
        "state": "Guatemala city",
        "language": "espanish,espa\u00f1ol argentina,espa\u00f1ol chile,espa\u00f1ol internacional,espa\u00f1ol mexico,spanish",
        "languagecodes": "es",
        "votes": 74,
        "lastchangetime": "2023-02-24 01:10:37",
        "lastchangetime_iso8601": "2023-02-24T01:10:37Z",
        "codec": "MP3",
        "bitrate": 128,
        "hls": 0,
        "lastcheckok": 1,
        "lastchecktime": "2023-04-08 13:19:50",
        "lastchecktime_iso8601": "2023-04-08T13:19:50Z",
        "lastcheckoktime": "2023-04-08 13:19:50",
        "lastcheckoktime_iso8601": "2023-04-08T13:19:50Z",
        "lastlocalchecktime": "2023-04-08 13:19:50",
        "lastlocalchecktime_iso8601": "2023-04-08T13:19:50Z",
        "clicktimestamp": "2023-04-08 04:58:42",
        "clicktimestamp_iso8601": "2023-04-08T04:58:42Z",
        "clickcount": 26,
        "clicktrend": 1,
        "ssl_error": 0,
        "geo_lat": 14.42869540669544,
        "geo_long": -90.57128872722387,
        "has_extended_info": false
    },
    {
        "changeuuid": "ad677bfb-d391-4536-8bac-0d2d85a2364b",
        "stationuuid": "9d916ff8-09c9-4b8c-a0ce-7b257620d17d",
        "serveruuid": "0d752766-74e0-45fc-8c53-31f663b9e57d",
        "name": "Radio S\u00faper Cat\u00f3lica",
        "url": "https://sc10.conectarhosting.com/proxy/sc_super?mp=/stream",
        "url_resolved": "https://sc10.conectarhosting.com/proxy/sc_super?mp=/stream",
        "homepage": "https://radiosupercatolicafm.com/",
        "favicon": "https://webradiodirectory.com/wp-content/uploads/2021/01/b5b108d125f7c3e9cd7e0e124cd026c0.jpg",
        "tags": "catholic,catolica,cristiana",
        "country": "Guatemala",
        "countrycode": "GT",
        "iso_3166_2": null,
        "state": "Ciudad de Guatemala",
        "language": "spanish",
        "languagecodes": "es",
        "votes": 60,
        "lastchangetime": "2022-12-25 22:09:36",
        "lastchangetime_iso8601": "2022-12-25T22:09:36Z",
        "codec": "AAC+",
        "bitrate": 28,
        "hls": 0,
        "lastcheckok": 1,
        "lastchecktime": "2023-04-08 04:58:43",
        "lastchecktime_iso8601": "2023-04-08T04:58:43Z",
        "lastcheckoktime": "2023-04-08 04:58:43",
        "lastcheckoktime_iso8601": "2023-04-08T04:58:43Z",
        "lastlocalchecktime": "2023-04-07 15:12:10",
        "lastlocalchecktime_iso8601": "2023-04-07T15:12:10Z",
        "clicktimestamp": "2023-04-08 02:55:20",
        "clicktimestamp_iso8601": "2023-04-08T02:55:20Z",
        "clickcount": 43,
        "clicktrend": 0,
        "ssl_error": 0,
        "geo_lat": 14.891082643927792,
        "geo_long": -91.4158630371094,
        "has_extended_info": false
    },
    {
        "changeuuid": "58ec165b-9464-4134-bbe5-f54a1e60906b",
        "stationuuid": "a1691212-fd7c-4624-8cae-23112938a335",
        "serveruuid": "f094779d-822c-4096-a3a8-dc5faedd47b9",
        "name": "La Voz del Hogar 96.7 ",
        "url": "https://servidor34.brlogic.com:7230/live",
        "url_resolved": "https://servidor34.brlogic.com:7230/live",
        "homepage": "https://lavozdelhogar.webradiosite.com/",
        "favicon": "https://www.facebook.com/La.Voz.del.Hogar.96.7",
        "tags": "musical",
        "country": "Guatemala",
        "countrycode": "GT",
        "iso_3166_2": null,
        "state": "Sacatep\u00e9quez ",
        "language": "spanish",
        "languagecodes": "es",
        "votes": 59,
        "lastchangetime": "2022-07-06 18:04:42",
        "lastchangetime_iso8601": "2022-07-06T18:04:42Z",
        "codec": "MP3",
        "bitrate": 96,
        "hls": 0,
        "lastcheckok": 1,
        "lastchecktime": "2023-04-08 11:59:36",
        "lastchecktime_iso8601": "2023-04-08T11:59:36Z",
        "lastcheckoktime": "2023-04-08 11:59:36",
        "lastcheckoktime_iso8601": "2023-04-08T11:59:36Z",
        "lastlocalchecktime": "2023-04-07 19:44:45",
        "lastlocalchecktime_iso8601": "2023-04-07T19:44:45Z",
        "clicktimestamp": "2023-04-08 09:28:47",
        "clicktimestamp_iso8601": "2023-04-08T09:28:47Z",
        "clickcount": 19,
        "clicktrend": 0,
        "ssl_error": 0,
        "geo_lat": 14.49265073738762,
        "geo_long": -90.71355700487403,
        "has_extended_info": false
    },
    {
        "changeuuid": "e0fc27bb-1531-4e3e-a429-7646e4df27c2",
        "stationuuid": "2328b1fd-5e78-466c-8d0f-0be0cfccf042",
        "serveruuid": "f094779d-822c-4096-a3a8-dc5faedd47b9",
        "name": "Rabito Valle",
        "url": "https://servidor34.brlogic.com:7230/live",
        "url_resolved": "https://servidor34.brlogic.com:7230/live",
        "homepage": "https://lavozdelhogar.webradiosite.com/",
        "favicon": "",
        "tags": "music,musical",
        "country": "Guatemala",
        "countrycode": "GT",
        "iso_3166_2": null,
        "state": "Sacatep\u00e9quez ",
        "language": "spanish",
        "languagecodes": "es",
        "votes": 54,
        "lastchangetime": "2022-09-22 08:31:13",
        "lastchangetime_iso8601": "2022-09-22T08:31:13Z",
        "codec": "MP3",
        "bitrate": 96,
        "hls": 0,
        "lastcheckok": 1,
        "lastchecktime": "2023-04-08 10:33:30",
        "lastchecktime_iso8601": "2023-04-08T10:33:30Z",
        "lastcheckoktime": "2023-04-08 10:33:30",
        "lastcheckoktime_iso8601": "2023-04-08T10:33:30Z",
        "lastlocalchecktime": "2023-04-07 17:46:11",
        "lastlocalchecktime_iso8601": "2023-04-07T17:46:11Z",
        "clicktimestamp": "2023-04-08 09:16:48",
        "clicktimestamp_iso8601": "2023-04-08T09:16:48Z",
        "clickcount": 9,
        "clicktrend": 0,
        "ssl_error": 0,
        "geo_lat": 14.492605708862625,
        "geo_long": -90.71347415450876,
        "has_extended_info": false
    },
    {
        "changeuuid": "d3e076a2-a52d-4a10-ace6-3959c6ddc8ab",
        "stationuuid": "232d21ef-424c-4e8d-8835-9580253c7c9f",
        "serveruuid": "d2cb31ba-91d3-4f81-b547-1b914bd0c908",
        "name": "FeLove Biblia en Quich\u00e9",
        "url": "http://radio.produccionescasaverde.com:8788/autodj",
        "url_resolved": "http://radio.produccionescasaverde.com:8788/autodj",
        "homepage": "https://radiofelove.com/",
        "favicon": "",
        "tags": "bibel,biblia,christian",
        "country": "Guatemala",
        "countrycode": "GT",
        "iso_3166_2": null,
        "state": "Santa Cruz",
        "language": "quich\u00e9",
        "languagecodes": "",
        "votes": 49,
        "lastchangetime": "2022-11-29 18:03:27",
        "lastchangetime_iso8601": "2022-11-29T18:03:27Z",
        "codec": "MP3",
        "bitrate": 128,
        "hls": 0,
        "lastcheckok": 1,
        "lastchecktime": "2023-04-08 13:34:44",
        "lastchecktime_iso8601": "2023-04-08T13:34:44Z",
        "lastcheckoktime": "2023-04-08 13:34:44",
        "lastcheckoktime_iso8601": "2023-04-08T13:34:44Z",
        "lastlocalchecktime": "2023-04-08 13:34:44",
        "lastlocalchecktime_iso8601": "2023-04-08T13:34:44Z",
        "clicktimestamp": "2023-04-08 03:54:37",
        "clicktimestamp_iso8601": "2023-04-08T03:54:37Z",
        "clickcount": 12,
        "clicktrend": 1,
        "ssl_error": 0,
        "geo_lat": null,
        "geo_long": null,
        "has_extended_info": false
    },
    {
        "changeuuid": "99e016f0-ace4-4df9-b787-faaf99f7fa5d",
        "stationuuid": "5b60fc18-851d-4e70-b644-05b98a7c7e91",
        "serveruuid": "de7bc742-3fa4-4b16-910f-90673c2f7974",
        "name": "Radio Planeta Guatemala",
        "url": "https://cast.az-streamingserver.com/proxy/lhufblaq?mp=/stream",
        "url_resolved": "https://cast.az-streamingserver.com/proxy/lhufblaq?mp=/stream",
        "homepage": "https://www.radioplanetagt.net/",
        "favicon": "https://salachat.radioplanetagt.net/img/rpg.ico",
        "tags": "",
        "country": "Guatemala",
        "countrycode": "GT",
        "iso_3166_2": null,
        "state": "Ciudad de Guatemala",
        "language": "",
        "languagecodes": "",
        "votes": 32,
        "lastchangetime": "2023-01-25 20:36:56",
        "lastchangetime_iso8601": "2023-01-25T20:36:56Z",
        "codec": "MP3",
        "bitrate": 64,
        "hls": 0,
        "lastcheckok": 1,
        "lastchecktime": "2023-04-08 01:41:11",
        "lastchecktime_iso8601": "2023-04-08T01:41:11Z",
        "lastcheckoktime": "2023-04-08 01:41:11",
        "lastcheckoktime_iso8601": "2023-04-08T01:41:11Z",
        "lastlocalchecktime": "2023-04-07 19:54:17",
        "lastlocalchecktime_iso8601": "2023-04-07T19:54:17Z",
        "clicktimestamp": "2023-04-08 03:54:44",
        "clicktimestamp_iso8601": "2023-04-08T03:54:44Z",
        "clickcount": 18,
        "clicktrend": 2,
        "ssl_error": 0,
        "geo_lat": null,
        "geo_long": null,
        "has_extended_info": false
    },
    {
        "changeuuid": "bbff1fb3-3daa-4713-97be-90bdda25a8ce",
        "stationuuid": "bbd0f827-5c8b-4723-b6b0-fb72a6918c9e",
        "serveruuid": "f094779d-822c-4096-a3a8-dc5faedd47b9",
        "name": "La Voz del Hogar 96.7 ",
        "url": "https://servidor34.brlogic.com:7230/live",
        "url_resolved": "https://servidor34.brlogic.com:7230/live",
        "homepage": "https://lavozdelhogar.webradiosite.com/",
        "favicon": "",
        "tags": "international",
        "country": "Guatemala",
        "countrycode": "GT",
        "iso_3166_2": null,
        "state": "",
        "language": "",
        "languagecodes": "",
        "votes": 22,
        "lastchangetime": "2022-10-26 19:20:46",
        "lastchangetime_iso8601": "2022-10-26T19:20:46Z",
        "codec": "MP3",
        "bitrate": 96,
        "hls": 0,
        "lastcheckok": 1,
        "lastchecktime": "2023-04-08 01:51:26",
        "lastchecktime_iso8601": "2023-04-08T01:51:26Z",
        "lastcheckoktime": "2023-04-08 01:51:26",
        "lastcheckoktime_iso8601": "2023-04-08T01:51:26Z",
        "lastlocalchecktime": "2023-04-07 17:50:22",
        "lastlocalchecktime_iso8601": "2023-04-07T17:50:22Z",
        "clicktimestamp": "2023-04-08 10:02:58",
        "clicktimestamp_iso8601": "2023-04-08T10:02:58Z",
        "clickcount": 20,
        "clicktrend": 1,
        "ssl_error": 0,
        "geo_lat": null,
        "geo_long": null,
        "has_extended_info": false
    },
    {
        "changeuuid": "65c89cd7-b6ce-441d-b670-1d4990b3985f",
        "stationuuid": "417ec629-5af1-4739-8d0b-05f0cb4432b1",
        "serveruuid": "70053ec2-44f7-49cd-8d7a-d1a63d7d12f8",
        "name": "Xtrema ",
        "url": "https://d3nqeldtv052dy.cloudfront.net/xtrema.m3u8",
        "url_resolved": "https://d3nqeldtv052dy.cloudfront.net/xtrema.m3u8",
        "homepage": "https://emisoras.com.gt/#xtrema-1013",
        "favicon": "https://cdn.webrad.io/images/brand/icon_192x192.png",
        "tags": "dj mixes",
        "country": "Guatemala",
        "countrycode": "GT",
        "iso_3166_2": null,
        "state": "",
        "language": "",
        "languagecodes": "",
        "votes": 128,
        "lastchangetime": "2023-04-12 14:29:10",
        "lastchangetime_iso8601": "2023-04-12T14:29:10Z",
        "codec": "UNKNOWN",
        "bitrate": 0,
        "hls": 1,
        "lastcheckok": 1,
        "lastchecktime": "2023-07-09 07:09:49",
        "lastchecktime_iso8601": "2023-07-09T07:09:49Z",
        "lastcheckoktime": "2023-07-09 07:09:49",
        "lastcheckoktime_iso8601": "2023-07-09T07:09:49Z",
        "lastlocalchecktime": "2023-07-09 07:09:49",
        "lastlocalchecktime_iso8601": "2023-07-09T07:09:49Z",
        "clicktimestamp": "2023-07-09 06:14:15",
        "clicktimestamp_iso8601": "2023-07-09T06:14:15Z",
        "clickcount": 89,
        "clicktrend": -12,
        "ssl_error": 0,
        "geo_lat": 15.401389804730872,
        "geo_long": -90.37353515625,
        "has_extended_info": false
    },
    {
        "changeuuid": "cc3b4759-70bc-46db-bade-dcaaa286c58e",
        "stationuuid": "d7412031-beba-49b8-9d9b-41a0ab8b2b5f",
        "serveruuid": "adae3e60-c829-4558-a0ca-aafec38df8a7",
        "name": "Hacker por Cristo Network",
        "url": "https://radio.forensedigital.gt:8010/stream",
        "url_resolved": "https://radio.forensedigital.gt:8010/stream",
        "homepage": "https://hxcn.org/",
        "favicon": "https://hxcn.org/favicon.ico",
        "tags": "christian-gospel,gospel,gospel music",
        "country": "Guatemala",
        "countrycode": "GT",
        "iso_3166_2": null,
        "state": "Antigua Guatemala ",
        "language": "spanish",
        "languagecodes": "es",
        "votes": 36,
        "lastchangetime": "2023-04-27 21:54:48",
        "lastchangetime_iso8601": "2023-04-27T21:54:48Z",
        "codec": "AAC",
        "bitrate": 64,
        "hls": 0,
        "lastcheckok": 1,
        "lastchecktime": "2023-07-08 23:59:38",
        "lastchecktime_iso8601": "2023-07-08T23:59:38Z",
        "lastcheckoktime": "2023-07-08 23:59:38",
        "lastcheckoktime_iso8601": "2023-07-08T23:59:38Z",
        "lastlocalchecktime": "2023-07-08 23:04:44",
        "lastlocalchecktime_iso8601": "2023-07-08T23:04:44Z",
        "clicktimestamp": "2023-07-09 00:55:01",
        "clicktimestamp_iso8601": "2023-07-09T00:55:01Z",
        "clickcount": 13,
        "clicktrend": 0,
        "ssl_error": 0,
        "geo_lat": 14.59172370799103,
        "geo_long": -90.49987792968751,
        "has_extended_info": false
    },
    {
        "changeuuid": "b70056ea-3ece-47a7-8af2-3a7f67508c2b",
        "stationuuid": "6cda59fb-cfec-4126-9cc7-4abbe42ea806",
        "serveruuid": "5144edc0-3b25-4720-86b8-a342f26714b1",
        "name": "Radio Cultural - Guatemala",
        "url": "https://play10.tikast.com/proxy/tgnonline?mp=/stream",
        "url_resolved": "https://play10.tikast.com/proxy/tgnonline?mp=/stream",
        "homepage": "https://www.radioculturaltgn.tv/",
        "favicon": "",
        "tags": "",
        "country": "Guatemala",
        "countrycode": "GT",
        "iso_3166_2": null,
        "state": "Ciudad de Guatemala",
        "language": "",
        "languagecodes": "",
        "votes": 32,
        "lastchangetime": "2023-06-05 04:00:42",
        "lastchangetime_iso8601": "2023-06-05T04:00:42Z",
        "codec": "AAC+",
        "bitrate": 48,
        "hls": 0,
        "lastcheckok": 1,
        "lastchecktime": "2023-07-09 04:43:57",
        "lastchecktime_iso8601": "2023-07-09T04:43:57Z",
        "lastcheckoktime": "2023-07-09 04:43:57",
        "lastcheckoktime_iso8601": "2023-07-09T04:43:57Z",
        "lastlocalchecktime": "2023-07-08 20:32:57",
        "lastlocalchecktime_iso8601": "2023-07-08T20:32:57Z",
        "clicktimestamp": "2023-07-09 06:39:59",
        "clicktimestamp_iso8601": "2023-07-09T06:39:59Z",
        "clickcount": 58,
        "clicktrend": -6,
        "ssl_error": 0,
        "geo_lat": null,
        "geo_long": null,
        "has_extended_info": false
    },
    {
        "changeuuid": "4fcf52a3-7cf0-4824-9b96-7d7c920ef3ce",
        "stationuuid": "962cf738-1146-4426-8d46-3af2cef7ca21",
        "serveruuid": "dadbad99-1a1d-4024-a46f-9b9d942c15eb",
        "name": "La Voz de La Buena Nueva 91.9FM",
        "url": "http://stream.zeno.fm/gtxcmw2851zuv",
        "url_resolved": "http://stream-152.zeno.fm/gtxcmw2851zuv?zs=3iZy7VEVTBu5Att7lOxnqA",
        "homepage": "https://labuenanueva.net/",
        "favicon": "https://labuenanueva.net/favicon.ico",
        "tags": "",
        "country": "Guatemala",
        "countrycode": "GT",
        "iso_3166_2": null,
        "state": "Teclee una selecci\u00f3n abajo ...",
        "language": "",
        "languagecodes": "",
        "votes": 24,
        "lastchangetime": "2023-06-04 14:35:33",
        "lastchangetime_iso8601": "2023-06-04T14:35:33Z",
        "codec": "MP3",
        "bitrate": 0,
        "hls": 0,
        "lastcheckok": 1,
        "lastchecktime": "2023-07-09 05:30:23",
        "lastchecktime_iso8601": "2023-07-09T05:30:23Z",
        "lastcheckoktime": "2023-07-08 15:49:19",
        "lastcheckoktime_iso8601": "2023-07-08T15:49:19Z",
        "lastlocalchecktime": "2023-07-09 05:30:23",
        "lastlocalchecktime_iso8601": "2023-07-09T05:30:23Z",
        "clicktimestamp": "2023-07-07 20:33:21",
        "clicktimestamp_iso8601": "2023-07-07T20:33:21Z",
        "clickcount": 12,
        "clicktrend": -1,
        "ssl_error": 0,
        "geo_lat": 14.966369360291546,
        "geo_long": -91.79078085528585,
        "has_extended_info": false
    },
    {
        "changeuuid": "ab8332e3-4cd4-4c1f-a8bc-6d3fcae0c6d8",
        "stationuuid": "9542987b-24c1-46fe-9e9b-6713766c8f10",
        "serveruuid": "47f3b309-3110-465b-9714-27c452b98ba5",
        "name": "Computer Forensic Radio",
        "url": "https://radio.forensedigital.gt:8020/stream",
        "url_resolved": "https://radio.forensedigital.gt:8020/stream",
        "homepage": "https://www.forensedigital.gt/",
        "favicon": "https://www.forensedigital.gt/favicon.ico",
        "tags": "tecno",
        "country": "Guatemala",
        "countrycode": "GT",
        "iso_3166_2": null,
        "state": "Ciudad de Guatemala",
        "language": "spanish",
        "languagecodes": "es",
        "votes": 22,
        "lastchangetime": "2023-05-23 23:03:22",
        "lastchangetime_iso8601": "2023-05-23T23:03:22Z",
        "codec": "AAC",
        "bitrate": 64,
        "hls": 0,
        "lastcheckok": 1,
        "lastchecktime": "2023-07-08 23:34:44",
        "lastchecktime_iso8601": "2023-07-08T23:34:44Z",
        "lastcheckoktime": "2023-07-08 23:34:44",
        "lastcheckoktime_iso8601": "2023-07-08T23:34:44Z",
        "lastlocalchecktime": "2023-07-08 19:48:51",
        "lastlocalchecktime_iso8601": "2023-07-08T19:48:51Z",
        "clicktimestamp": "2023-07-09 05:03:53",
        "clicktimestamp_iso8601": "2023-07-09T05:03:53Z",
        "clickcount": 16,
        "clicktrend": 2,
        "ssl_error": 0,
        "geo_lat": 14.55982548717068,
        "geo_long": -90.4888916015625,
        "has_extended_info": false
    },
    {
        "changeuuid": "90121fe1-df6c-423f-8789-9ca68f64350f",
        "stationuuid": "65461925-13fd-4045-82cd-966fefd31134",
        "serveruuid": "1e073630-eaec-479f-b08b-1f057c68736d",
        "name": "TGSM San Marcos",
        "url": "https://usa3.lhdserver.es:8227/stream",
        "url_resolved": "https://usa3.lhdserver.es:8227/stream",
        "homepage": "https://radiotgw.gob.gt/",
        "favicon": "https://radiotgw.gob.gt/logosradio/sanmarcos.png",
        "tags": "",
        "country": "Guatemala",
        "countrycode": "GT",
        "iso_3166_2": null,
        "state": "",
        "language": "spanish",
        "languagecodes": "es",
        "votes": 20,
        "lastchangetime": "2023-06-21 14:56:00",
        "lastchangetime_iso8601": "2023-06-21T14:56:00Z",
        "codec": "MP3",
        "bitrate": 96,
        "hls": 0,
        "lastcheckok": 1,
        "lastchecktime": "2023-07-09 05:48:49",
        "lastchecktime_iso8601": "2023-07-09T05:48:49Z",
        "lastcheckoktime": "2023-07-09 05:48:49",
        "lastcheckoktime_iso8601": "2023-07-09T05:48:49Z",
        "lastlocalchecktime": "2023-07-09 05:48:49",
        "lastlocalchecktime_iso8601": "2023-07-09T05:48:49Z",
        "clicktimestamp": "2023-07-08 10:30:59",
        "clicktimestamp_iso8601": "2023-07-08T10:30:59Z",
        "clickcount": 11,
        "clicktrend": -3,
        "ssl_error": 0,
        "geo_lat": null,
        "geo_long": null,
        "has_extended_info": false
    },
    {
        "changeuuid": "6bb099b8-963a-4221-98d4-91a023363605",
        "stationuuid": "988f3181-576c-4cca-b09e-e9e52afa81ce",
        "serveruuid": "18dc21fb-aaba-49c1-a954-854b0d85735e",
        "name": "Observatorio OGDI",
        "url": "https://radio.forensedigital.gt:8000/stream",
        "url_resolved": "https://radio.forensedigital.gt:8000/stream",
        "homepage": "https://ogdi.org/",
        "favicon": "https://delitosciberneticos.org/OGDIlogo.png",
        "tags": "christian-gospel,gospel",
        "country": "Guatemala",
        "countrycode": "GT",
        "iso_3166_2": null,
        "state": "select for US & CA",
        "language": "espa\u00f1ol internacional",
        "languagecodes": "",
        "votes": 17,
        "lastchangetime": "2023-04-25 21:51:21",
        "lastchangetime_iso8601": "2023-04-25T21:51:21Z",
        "codec": "AAC",
        "bitrate": 64,
        "hls": 0,
        "lastcheckok": 1,
        "lastchecktime": "2023-07-09 06:55:17",
        "lastchecktime_iso8601": "2023-07-09T06:55:17Z",
        "lastcheckoktime": "2023-07-09 06:55:17",
        "lastcheckoktime_iso8601": "2023-07-09T06:55:17Z",
        "lastlocalchecktime": "2023-07-09 06:55:17",
        "lastlocalchecktime_iso8601": "2023-07-09T06:55:17Z",
        "clicktimestamp": "2023-07-09 11:02:30",
        "clicktimestamp_iso8601": "2023-07-09T11:02:30Z",
        "clickcount": 12,
        "clicktrend": 2,
        "ssl_error": 0,
        "geo_lat": 14.472247835488975,
        "geo_long": -90.494384765625,
        "has_extended_info": false
    },
    {
        "changeuuid": "fa370852-0fbb-4968-b8e4-1f9c6738d349",
        "stationuuid": "83f9c7c3-6da5-41d9-a77c-2f9c5f68277a",
        "serveruuid": "adbac006-bd95-408d-85c9-4e6b2652972a",
        "name": "La Voz de La Buena Nueva",
        "url": "http://stream-150.zeno.fm/gtxcmw2851zuv?zs=iS5CzxAFQ1ugzhDTJgY8fg",
        "url_resolved": "http://stream-150.zeno.fm/gtxcmw2851zuv?zs=iS5CzxAFQ1ugzhDTJgY8fg",
        "homepage": "http://labuenanueva.net/",
        "favicon": "http://labuenanueva.net/favicon.ico",
        "tags": "",
        "country": "Guatemala",
        "countrycode": "GT",
        "iso_3166_2": null,
        "state": "san Marcos, Guatemala",
        "language": "",
        "languagecodes": "",
        "votes": 7,
        "lastchangetime": "2023-06-21 14:08:29",
        "lastchangetime_iso8601": "2023-06-21T14:08:29Z",
        "codec": "MP3",
        "bitrate": 0,
        "hls": 0,
        "lastcheckok": 1,
        "lastchecktime": "2023-07-08 19:18:27",
        "lastchecktime_iso8601": "2023-07-08T19:18:27Z",
        "lastcheckoktime": "2023-07-08 19:18:27",
        "lastcheckoktime_iso8601": "2023-07-08T19:18:27Z",
        "lastlocalchecktime": "2023-07-08 19:18:27",
        "lastlocalchecktime_iso8601": "2023-07-08T19:18:27Z",
        "clicktimestamp": "2023-07-09 05:08:25",
        "clicktimestamp_iso8601": "2023-07-09T05:08:25Z",
        "clickcount": 9,
        "clicktrend": -1,
        "ssl_error": 0,
        "geo_lat": 14.966733302863172,
        "geo_long": -91.79110420753548,
        "has_extended_info": false
    },
    {
        "changeuuid": "2bd6d563-afbf-4d5a-8163-6a111388bc47",
        "stationuuid": "cbc70d7d-1a4b-4e4d-9a64-66d1c9e81521",
        "serveruuid": "65a95ae8-2688-43d1-a9c6-2de156051825",
        "name": "TGQ Quetzaltenango",
        "url": "https://usa3.lhdserver.es:8231/stream",
        "url_resolved": "https://usa3.lhdserver.es:8231/stream",
        "homepage": "https://radiotgw.gob.gt/",
        "favicon": "https://radiotgw.gob.gt/logosradio/quetzaltenango.png",
        "tags": "",
        "country": "Guatemala",
        "countrycode": "GT",
        "iso_3166_2": null,
        "state": "",
        "language": "spanish",
        "languagecodes": "es",
        "votes": 6,
        "lastchangetime": "2023-06-21 00:55:38",
        "lastchangetime_iso8601": "2023-06-21T00:55:38Z",
        "codec": "AAC",
        "bitrate": 48,
        "hls": 0,
        "lastcheckok": 1,
        "lastchecktime": "2023-07-09 01:10:39",
        "lastchecktime_iso8601": "2023-07-09T01:10:39Z",
        "lastcheckoktime": "2023-07-09 01:10:39",
        "lastcheckoktime_iso8601": "2023-07-09T01:10:39Z",
        "lastlocalchecktime": "2023-07-08 19:18:27",
        "lastlocalchecktime_iso8601": "2023-07-08T19:18:27Z",
        "clicktimestamp": "2023-07-08 13:55:24",
        "clicktimestamp_iso8601": "2023-07-08T13:55:24Z",
        "clickcount": 22,
        "clicktrend": -7,
        "ssl_error": 0,
        "geo_lat": null,
        "geo_long": null,
        "has_extended_info": false
    },
    {
        "changeuuid": "4ec626f3-f357-41a1-b0d0-a5fc118f8357",
        "stationuuid": "249e1399-3a3a-425d-a302-fc7696542428",
        "serveruuid": "adbac006-bd95-408d-85c9-4e6b2652972a",
        "name": "La Voz de La Buena Nueva 91.9 FM",
        "url": "http://stream-150.zeno.fm/gtxcmw2851zuv?zs=iS5CzxAFQ1ugzhDTJgY8fg",
        "url_resolved": "http://stream-150.zeno.fm/gtxcmw2851zuv?zs=iS5CzxAFQ1ugzhDTJgY8fg",
        "homepage": "http://labuenanueva.net/",
        "favicon": "https://labuenanueva.net/wp-content/uploads/2020/10/logo-alta-resolucion-1024x1024.jpg",
        "tags": "",
        "country": "Guatemala",
        "countrycode": "GT",
        "iso_3166_2": null,
        "state": "san Marcos, Guatemala",
        "language": "",
        "languagecodes": "",
        "votes": 3,
        "lastchangetime": "2023-06-21 17:39:11",
        "lastchangetime_iso8601": "2023-06-21T17:39:11Z",
        "codec": "MP3",
        "bitrate": 0,
        "hls": 0,
        "lastcheckok": 1,
        "lastchecktime": "2023-07-08 21:33:49",
        "lastchecktime_iso8601": "2023-07-08T21:33:49Z",
        "lastcheckoktime": "2023-07-08 21:33:49",
        "lastcheckoktime_iso8601": "2023-07-08T21:33:49Z",
        "lastlocalchecktime": "2023-07-08 21:33:49",
        "lastlocalchecktime_iso8601": "2023-07-08T21:33:49Z",
        "clicktimestamp": "2023-07-08 23:18:44",
        "clicktimestamp_iso8601": "2023-07-08T23:18:44Z",
        "clickcount": 21,
        "clicktrend": -2,
        "ssl_error": 0,
        "geo_lat": 14.966189454250056,
        "geo_long": -91.79127939771546,
        "has_extended_info": false
    },
    {
        "changeuuid": "d34a37ae-2676-4904-ae62-82d3a4433a3f",
        "stationuuid": "c0b82fd1-da58-4110-81c3-cb15e4f18855",
        "serveruuid": "ce4b9056-6abe-468b-a785-b5c2b92ee425",
        "name": "TGFP Peten",
        "url": "https://usa3.lhdserver.es:8229/stream",
        "url_resolved": "https://usa3.lhdserver.es:8229/stream",
        "homepage": "https://radiotgw.gob.gt/",
        "favicon": "https://radiotgw.gob.gt/logosradio/peten.png",
        "tags": "",
        "country": "Guatemala",
        "countrycode": "GT",
        "iso_3166_2": null,
        "state": "",
        "language": "spanish",
        "languagecodes": "es",
        "votes": 2,
        "lastchangetime": "2023-06-21 14:56:00",
        "lastchangetime_iso8601": "2023-06-21T14:56:00Z",
        "codec": "AAC",
        "bitrate": 96,
        "hls": 0,
        "lastcheckok": 1,
        "lastchecktime": "2023-07-08 23:44:19",
        "lastchecktime_iso8601": "2023-07-08T23:44:19Z",
        "lastcheckoktime": "2023-07-08 23:44:19",
        "lastcheckoktime_iso8601": "2023-07-08T23:44:19Z",
        "lastlocalchecktime": "2023-07-08 23:44:19",
        "lastlocalchecktime_iso8601": "2023-07-08T23:44:19Z",
        "clicktimestamp": "2023-07-08 10:39:59",
        "clicktimestamp_iso8601": "2023-07-08T10:39:59Z",
        "clickcount": 7,
        "clicktrend": -2,
        "ssl_error": 0,
        "geo_lat": null,
        "geo_long": null,
        "has_extended_info": false
    },
    {
        "changeuuid": "f4049d49-0b4f-4d05-9e3f-eaa8c275e628",
        "stationuuid": "856ae265-7b8a-4b2f-90fa-e1e83882d812",
        "serveruuid": "5e2aa5ca-81ea-4ce1-927f-f5e75a1a1e23",
        "name": "TGTU Totonicapan",
        "url": "https://usa3.lhdserver.es:8233/stream",
        "url_resolved": "https://usa3.lhdserver.es:8233/stream",
        "homepage": "https://radiotgw.gob.gt/",
        "favicon": "https://radiotgw.gob.gt/logosradio/totonicapan.png",
        "tags": "",
        "country": "Guatemala",
        "countrycode": "GT",
        "iso_3166_2": null,
        "state": "",
        "language": "",
        "languagecodes": "",
        "votes": 1,
        "lastchangetime": "2023-06-21 14:54:27",
        "lastchangetime_iso8601": "2023-06-21T14:54:27Z",
        "codec": "MP3",
        "bitrate": 128,
        "hls": 0,
        "lastcheckok": 1,
        "lastchecktime": "2023-07-09 07:48:06",
        "lastchecktime_iso8601": "2023-07-09T07:48:06Z",
        "lastcheckoktime": "2023-07-09 07:48:06",
        "lastcheckoktime_iso8601": "2023-07-09T07:48:06Z",
        "lastlocalchecktime": "2023-07-09 07:48:06",
        "lastlocalchecktime_iso8601": "2023-07-09T07:48:06Z",
        "clicktimestamp": "2023-07-08 10:39:59",
        "clicktimestamp_iso8601": "2023-07-08T10:39:59Z",
        "clickcount": 11,
        "clicktrend": -2,
        "ssl_error": 0,
        "geo_lat": null,
        "geo_long": null,
        "has_extended_info": false
    },
    {
        "changeuuid": "4f6a7486-e7f9-4769-a140-91903bf7185c",
        "stationuuid": "d3730653-a412-4935-a74c-382279d114ca",
        "serveruuid": "9dceaee0-a9b5-4bc6-8ba3-cd0014c43e80",
        "name": "Stereo 100, Quetzaltenango",
        "url": "https://sh1.radioonlinehd.com:8056/stream?type=.mp3",
        "url_resolved": "https://sh1.radioonlinehd.com:8056/stream?type=.mp3",
        "homepage": "https://stereo100.com.gt/",
        "favicon": "https://stereo100.com.gt/wp-content/uploads/2018/11/cropped-stereo-100-logo-180x180.png",
        "tags": "latin pop,local news,traditional music",
        "country": "Guatemala",
        "countrycode": "GT",
        "iso_3166_2": null,
        "state": "Quetzaltenango",
        "language": "spanish",
        "languagecodes": "es",
        "votes": 28,
        "lastchangetime": "2023-07-27 13:09:37",
        "lastchangetime_iso8601": "2023-07-27T13:09:37Z",
        "codec": "AAC",
        "bitrate": 64,
        "hls": 0,
        "lastcheckok": 1,
        "lastchecktime": "2023-09-03 14:30:18",
        "lastchecktime_iso8601": "2023-09-03T14:30:18Z",
        "lastcheckoktime": "2023-09-03 14:30:18",
        "lastcheckoktime_iso8601": "2023-09-03T14:30:18Z",
        "lastlocalchecktime": "2023-09-03 05:12:08",
        "lastlocalchecktime_iso8601": "2023-09-03T05:12:08Z",
        "clicktimestamp": "2023-09-03 13:25:38",
        "clicktimestamp_iso8601": "2023-09-03T13:25:38Z",
        "clickcount": 48,
        "clicktrend": -2,
        "ssl_error": 0,
        "geo_lat": 14.840470035326694,
        "geo_long": -91.5211140551115,
        "has_extended_info": false
    },
    {
        "changeuuid": "83aa2bc5-485d-4a02-85c7-025377b862d2",
        "stationuuid": "c1dfe460-7a11-454d-adf4-cd650388750b",
        "serveruuid": "c25b4d3a-1d2e-4d23-9a19-397d0d0ccc57",
        "name": "Radio Nacional Guatemala - La Voz de Guatemala",
        "url": "https://usa3.lhdserver.es:8225/stream",
        "url_resolved": "https://usa3.lhdserver.es:8225/stream",
        "homepage": "https://radiotgw.gob.gt/radio-tgw-en-linea/",
        "favicon": "",
        "tags": "",
        "country": "Guatemala",
        "countrycode": "GT",
        "iso_3166_2": null,
        "state": "",
        "language": "",
        "languagecodes": "",
        "votes": 22,
        "lastchangetime": "2023-08-08 21:46:05",
        "lastchangetime_iso8601": "2023-08-08T21:46:05Z",
        "codec": "MP3",
        "bitrate": 128,
        "hls": 0,
        "lastcheckok": 1,
        "lastchecktime": "2023-09-03 07:50:53",
        "lastchecktime_iso8601": "2023-09-03T07:50:53Z",
        "lastcheckoktime": "2023-09-03 07:50:53",
        "lastcheckoktime_iso8601": "2023-09-03T07:50:53Z",
        "lastlocalchecktime": "2023-09-03 07:50:53",
        "lastlocalchecktime_iso8601": "2023-09-03T07:50:53Z",
        "clicktimestamp": "2023-09-03 08:03:59",
        "clicktimestamp_iso8601": "2023-09-03T08:03:59Z",
        "clickcount": 13,
        "clicktrend": 0,
        "ssl_error": 0,
        "geo_lat": null,
        "geo_long": null,
        "has_extended_info": false
    },
    {
        "changeuuid": "cef23d1e-bcf0-4691-98dd-173331f08455",
        "stationuuid": "a010c3c2-bcac-4fdf-8028-bcd5ca17a858",
        "serveruuid": "4821a185-8d54-445d-984d-a7754858028a",
        "name": "Radio Camino Santidad",
        "url": "http://audio.livecastnet.com:1290/stream",
        "url_resolved": "http://audio.livecastnet.com:1290/stream",
        "homepage": "https://www.radiocaminodesantidad.com/",
        "favicon": "https://www.radiocaminodesantidad.com/favicon.ico",
        "tags": "catholic radio",
        "country": "Guatemala",
        "countrycode": "GT",
        "iso_3166_2": null,
        "state": "",
        "language": "spanish",
        "languagecodes": "es",
        "votes": 16,
        "lastchangetime": "2023-08-31 09:09:57",
        "lastchangetime_iso8601": "2023-08-31T09:09:57Z",
        "codec": "MP3",
        "bitrate": 128,
        "hls": 0,
        "lastcheckok": 1,
        "lastchecktime": "2023-09-03 09:32:10",
        "lastchecktime_iso8601": "2023-09-03T09:32:10Z",
        "lastcheckoktime": "2023-09-03 09:32:10",
        "lastcheckoktime_iso8601": "2023-09-03T09:32:10Z",
        "lastlocalchecktime": "2023-09-03 09:32:10",
        "lastlocalchecktime_iso8601": "2023-09-03T09:32:10Z",
        "clicktimestamp": "2023-09-03 13:34:56",
        "clicktimestamp_iso8601": "2023-09-03T13:34:56Z",
        "clickcount": 26,
        "clicktrend": 6,
        "ssl_error": 0,
        "geo_lat": null,
        "geo_long": null,
        "has_extended_info": false
    },
    {
        "changeuuid": "ab4e1a70-4119-4958-a436-b0ff40c5308f",
        "stationuuid": "0dfd56ad-b0a8-4426-a7a0-7662fe47c55d",
        "serveruuid": null,
        "name": "Globo 98.9 Guatemala",
        "url": "https://playerservices.streamtheworld.com/api/livestream-redirect/GLOBO_989AAC.aac",
        "url_resolved": "https://19303.live.streamtheworld.com:443/GLOBO_989AAC.aac",
        "homepage": "https://globo989.com/",
        "favicon": "https://i.ibb.co/vJ3cKFT/Globo.png",
        "tags": "98.9 fm,am\u00e9rica,centroam\u00e9rica,entretenimiento,estaci\u00f3n,fm,globo,guatemala,guatemala city,latinoam\u00e9rica,moi merino,music,m\u00fasica,m\u00fasica del recuerdo,m\u00fasica en espa\u00f1ol,m\u00fasica variada,radio",
        "country": "Guatemala",
        "countrycode": "GT",
        "iso_3166_2": null,
        "state": "Ciudad de Guatemala",
        "language": "spanish",
        "languagecodes": "es",
        "votes": 9,
        "lastchangetime": "2023-08-28 01:21:57",
        "lastchangetime_iso8601": "2023-08-28T01:21:57Z",
        "codec": "AAC+",
        "bitrate": 64,
        "hls": 0,
        "lastcheckok": 1,
        "lastchecktime": "2023-09-03 01:44:14",
        "lastchecktime_iso8601": "2023-09-03T01:44:14Z",
        "lastcheckoktime": "2023-09-03 01:44:14",
        "lastcheckoktime_iso8601": "2023-09-03T01:44:14Z",
        "lastlocalchecktime": "2023-09-03 01:44:14",
        "lastlocalchecktime_iso8601": "2023-09-03T01:44:14Z",
        "clicktimestamp": "2023-09-03 02:06:33",
        "clicktimestamp_iso8601": "2023-09-03T02:06:33Z",
        "clickcount": 50,
        "clicktrend": 0,
        "ssl_error": 0,
        "geo_lat": 14.64334344236646,
        "geo_long": -90.5130100250244,
        "has_extended_info": false
    },
    {
        "changeuuid": "8f6521c3-3c2a-434b-a99d-176f7f923046",
        "stationuuid": "e921cb91-b058-47e5-9191-e1cda817f358",
        "serveruuid": "95c4079e-8ab6-43f4-9f0c-e9eafc366f58",
        "name": "Radio Fabulosa 88.9 FM",
        "url": "http://s4.voscast.com:8908/Fabulosa_Capital",
        "url_resolved": "http://s4.voscast.com:8908/Fabulosa_Capital",
        "homepage": "https://www.nuevomundo.gt/",
        "favicon": "https://www.nuevomundo.gt/images/logo-grupo-nuevo-mundo.png",
        "tags": "pop music local news",
        "country": "Guatemala",
        "countrycode": "GT",
        "iso_3166_2": null,
        "state": "Ciudad de Guatemala",
        "language": "",
        "languagecodes": "",
        "votes": 6,
        "lastchangetime": "2023-08-21 16:01:13",
        "lastchangetime_iso8601": "2023-08-21T16:01:13Z",
        "codec": "MP3",
        "bitrate": 128,
        "hls": 0,
        "lastcheckok": 1,
        "lastchecktime": "2023-09-03 11:54:23",
        "lastchecktime_iso8601": "2023-09-03T11:54:23Z",
        "lastcheckoktime": "2023-09-03 11:54:23",
        "lastcheckoktime_iso8601": "2023-09-03T11:54:23Z",
        "lastlocalchecktime": "2023-09-03 11:54:23",
        "lastlocalchecktime_iso8601": "2023-09-03T11:54:23Z",
        "clicktimestamp": "2023-09-03 13:21:54",
        "clicktimestamp_iso8601": "2023-09-03T13:21:54Z",
        "clickcount": 49,
        "clicktrend": 0,
        "ssl_error": 0,
        "geo_lat": 14.596341929782408,
        "geo_long": -90.52610271613474,
        "has_extended_info": false
    },
    {
        "changeuuid": "b2251adf-c3b9-40fd-997a-a951a3367a2b",
        "stationuuid": "d16da107-3487-46bb-959f-8788876a0c83",
        "serveruuid": null,
        "name": "M\u00eda 93.7 Guatemala",
        "url": "https://playerservices.streamtheworld.com/api/livestream-redirect/MIAAAC.aac",
        "url_resolved": "https://19303.live.streamtheworld.com:443/MIAAAC.aac",
        "homepage": "https://mia937.com/",
        "favicon": "https://i.ibb.co/Pc82M33/Mia.png",
        "tags": "93.7 fm,am\u00e9rica,centroam\u00e9rica,entretenimiento,estaci\u00f3n,feminista,fm,guatemala,guatemala city,latinoam\u00e9rica,moi merino,mujer,music,m\u00eda,m\u00fasica,m\u00fasica en espa\u00f1ol,m\u00fasica rom\u00e1ntica,radio,rom\u00e1ntica y femenina",
        "country": "Guatemala",
        "countrycode": "GT",
        "iso_3166_2": null,
        "state": "Ciudad de Guatemala",
        "language": "spanish",
        "languagecodes": "es",
        "votes": 6,
        "lastchangetime": "2023-08-28 06:20:18",
        "lastchangetime_iso8601": "2023-08-28T06:20:18Z",
        "codec": "AAC+",
        "bitrate": 64,
        "hls": 0,
        "lastcheckok": 1,
        "lastchecktime": "2023-09-03 07:05:13",
        "lastchecktime_iso8601": "2023-09-03T07:05:13Z",
        "lastcheckoktime": "2023-09-03 07:05:13",
        "lastcheckoktime_iso8601": "2023-09-03T07:05:13Z",
        "lastlocalchecktime": "2023-09-03 07:05:13",
        "lastlocalchecktime_iso8601": "2023-09-03T07:05:13Z",
        "clicktimestamp": "2023-09-03 12:21:22",
        "clicktimestamp_iso8601": "2023-09-03T12:21:22Z",
        "clickcount": 30,
        "clicktrend": 2,
        "ssl_error": 0,
        "geo_lat": 14.64344594824172,
        "geo_long": -90.51416873931886,
        "has_extended_info": false
    },
    {
        "changeuuid": "f7a327e8-64c1-4859-9032-441ca0863a39",
        "stationuuid": "7567754c-e4e1-45c6-bd92-c41dc58ef78c",
        "serveruuid": null,
        "name": "Cl\u00e1sica 102.5 Guatemala",
        "url": "https://playerservices.streamtheworld.com/api/livestream-redirect/CLASICA_1065AAC.aac",
        "url_resolved": "https://17513.live.streamtheworld.com:443/CLASICA_1065AAC.aac",
        "homepage": "https://clasica1025.com/",
        "favicon": "https://i.ibb.co/bHs5wkd/Clasica.webp",
        "tags": "102.5 fm,am\u00e9rica,centroam\u00e9rica,classic hits,classics,cl\u00e1sica,cl\u00e1sicos,entretenimiento,estaci\u00f3n,fm,guatemala,guatemala city,latinoam\u00e9rica,moi merino,music,m\u00fasica,m\u00fasica del recuerdo,oldies,pop cl\u00e1sico,radio,retro",
        "country": "Guatemala",
        "countrycode": "GT",
        "iso_3166_2": null,
        "state": "Ciudad de Guatemala",
        "language": "spanish",
        "languagecodes": "es",
        "votes": 5,
        "lastchangetime": "2023-08-28 07:50:53",
        "lastchangetime_iso8601": "2023-08-28T07:50:53Z",
        "codec": "AAC+",
        "bitrate": 64,
        "hls": 0,
        "lastcheckok": 1,
        "lastchecktime": "2023-09-03 08:20:54",
        "lastchecktime_iso8601": "2023-09-03T08:20:54Z",
        "lastcheckoktime": "2023-09-03 08:20:54",
        "lastcheckoktime_iso8601": "2023-09-03T08:20:54Z",
        "lastlocalchecktime": "2023-09-03 08:20:54",
        "lastlocalchecktime_iso8601": "2023-09-03T08:20:54Z",
        "clicktimestamp": "2023-09-03 07:17:28",
        "clicktimestamp_iso8601": "2023-09-03T07:17:28Z",
        "clickcount": 39,
        "clicktrend": -4,
        "ssl_error": 0,
        "geo_lat": 14.643509527811169,
        "geo_long": -90.51180839538576,
        "has_extended_info": false
    },
    {
        "changeuuid": "d8fb28a3-404b-4a32-b8e6-f50e76af0749",
        "stationuuid": "eb4104dd-2832-4669-a087-8152a272f8bb",
        "serveruuid": null,
        "name": "La Red 106.1 Guatemala",
        "url": "https://playerservices.streamtheworld.com/api/livestream-redirect/LA_REDAAC.aac",
        "url_resolved": "https://17513.live.streamtheworld.com:443/LA_REDAAC.aac",
        "homepage": "https://www.lared1061.com/",
        "favicon": "https://i.ibb.co/n1nByrC/La-Voz.webp",
        "tags": "106.1 fm,am\u00e9rica,centroam\u00e9rica,deportes,entretenimiento,estaci\u00f3n,fm,guatemala,guatemala city,la red,latinoam\u00e9rica,moi merino,news,noticias,noticias en espa\u00f1ol,noticias locales,noticias nacionales e internacionales,noticias y comentarios,radio,radio hablada,sports,talk",
        "country": "Guatemala",
        "countrycode": "GT",
        "iso_3166_2": null,
        "state": "Ciudad de Guatemala",
        "language": "spanish",
        "languagecodes": "es",
        "votes": 4,
        "lastchangetime": "2023-08-28 08:42:30",
        "lastchangetime_iso8601": "2023-08-28T08:42:30Z",
        "codec": "AAC+",
        "bitrate": 64,
        "hls": 0,
        "lastcheckok": 1,
        "lastchecktime": "2023-09-03 09:14:35",
        "lastchecktime_iso8601": "2023-09-03T09:14:35Z",
        "lastcheckoktime": "2023-09-03 09:14:35",
        "lastcheckoktime_iso8601": "2023-09-03T09:14:35Z",
        "lastlocalchecktime": "2023-09-03 09:14:35",
        "lastlocalchecktime_iso8601": "2023-09-03T09:14:35Z",
        "clicktimestamp": "2023-09-02 20:30:19",
        "clicktimestamp_iso8601": "2023-09-02T20:30:19Z",
        "clickcount": 24,
        "clicktrend": -1,
        "ssl_error": 0,
        "geo_lat": 14.644672122401682,
        "geo_long": -90.5123233795166,
        "has_extended_info": false
    },
    {
        "changeuuid": "8d74dac4-e8a3-4346-b181-dd8c3ef9a0ac",
        "stationuuid": "7774f01e-17ed-45b5-8464-682e08437e8f",
        "serveruuid": "fd58c44d-38f8-4537-a79b-c81a1522e915",
        "name": "Radio Cat\u00f3lica",
        "url": "https://diocesisdeescuintla.com/RadioCatolica",
        "url_resolved": "https://diocesisdeescuintla.com/RadioCatolica",
        "homepage": "https://diocesisdeescuintla.com/",
        "favicon": "https://diocesisdeescuintla.com/favicon.ico",
        "tags": "catholic,music,talk & speech",
        "country": "Guatemala",
        "countrycode": "GT",
        "iso_3166_2": null,
        "state": "Escuintla",
        "language": "spanish",
        "languagecodes": "es",
        "votes": 15,
        "lastchangetime": "2023-11-05 04:01:00",
        "lastchangetime_iso8601": "2023-11-05T04:01:00Z",
        "codec": "OGG",
        "bitrate": 96,
        "hls": 0,
        "lastcheckok": 1,
        "lastchecktime": "2023-11-07 05:06:03",
        "lastchecktime_iso8601": "2023-11-07T05:06:03Z",
        "lastcheckoktime": "2023-11-07 05:06:03",
        "lastcheckoktime_iso8601": "2023-11-07T05:06:03Z",
        "lastlocalchecktime": "2023-11-06 22:33:53",
        "lastlocalchecktime_iso8601": "2023-11-06T22:33:53Z",
        "clicktimestamp": "2023-11-07 16:21:30",
        "clicktimestamp_iso8601": "2023-11-07T16:21:30Z",
        "clickcount": 30,
        "clicktrend": -1,
        "ssl_error": 0,
        "geo_lat": 14.302524029555425,
        "geo_long": -90.78187465667726,
        "has_extended_info": false
    },
    {
        "changeuuid": "4a3fd398-a872-4d7c-8b41-3950f97f76ac",
        "stationuuid": "6d8ecd31-9028-4af1-bf56-7f479725f76c",
        "serveruuid": "f8565c99-0c8d-4fa7-8f4c-1651bf155281",
        "name": "Radio Universidad",
        "url": "https://stream.zeno.fm/xqbz7b86a0quv",
        "url_resolved": "https://stream-162.zeno.fm/xqbz7b86a0quv?zs=xg0q0sUPT3Oa2m4ocs9R6g",
        "homepage": "https://radiou.usac.edu.gt/",
        "favicon": "",
        "tags": "",
        "country": "Guatemala",
        "countrycode": "GT",
        "iso_3166_2": null,
        "state": "",
        "language": "spanish",
        "languagecodes": "es",
        "votes": 13,
        "lastchangetime": "2023-11-05 04:57:35",
        "lastchangetime_iso8601": "2023-11-05T04:57:35Z",
        "codec": "MP3",
        "bitrate": 0,
        "hls": 0,
        "lastcheckok": 1,
        "lastchecktime": "2023-11-07 16:24:37",
        "lastchecktime_iso8601": "2023-11-07T16:24:37Z",
        "lastcheckoktime": "2023-11-07 16:24:37",
        "lastcheckoktime_iso8601": "2023-11-07T16:24:37Z",
        "lastlocalchecktime": "2023-11-07 16:24:37",
        "lastlocalchecktime_iso8601": "2023-11-07T16:24:37Z",
        "clicktimestamp": "2023-11-05 16:00:59",
        "clicktimestamp_iso8601": "2023-11-05T16:00:59Z",
        "clickcount": 12,
        "clicktrend": 0,
        "ssl_error": 0,
        "geo_lat": 14.586224916109924,
        "geo_long": -90.55326461791994,
        "has_extended_info": false
    },
    {
        "changeuuid": "104622bf-72e2-4233-9e48-a259b71e5782",
        "stationuuid": "9038777d-df11-4e57-a0bb-5f190fc8afbc",
        "serveruuid": "d8f63e21-3009-432e-85f9-9d673198f340",
        "name": "Actitud 100.9",
        "url": "https://ss.redradios.net:8002/stream?type=.mp3",
        "url_resolved": "https://ss.redradios.net:8002/stream?type=.mp3",
        "homepage": "https://actitud.fm/",
        "favicon": "https://yt3.googleusercontent.com/ytc/APkrFKbGOrZMbz2DoH0SGUd1pe2xLQ4R1IQeX5VG7RJ0Bg=s176-c-k-c0x00ffffff-no-rj",
        "tags": "\\,christian,christian music,christian praise&worship",
        "country": "Guatemala",
        "countrycode": "GT",
        "iso_3166_2": null,
        "state": "Guatemala city",
        "language": "english,spanish",
        "languagecodes": "en,es",
        "votes": 5,
        "lastchangetime": "2023-11-04 23:19:56",
        "lastchangetime_iso8601": "2023-11-04T23:19:56Z",
        "codec": "MP3",
        "bitrate": 128,
        "hls": 0,
        "lastcheckok": 1,
        "lastchecktime": "2023-11-07 17:40:23",
        "lastchecktime_iso8601": "2023-11-07T17:40:23Z",
        "lastcheckoktime": "2023-11-07 17:40:23",
        "lastcheckoktime_iso8601": "2023-11-07T17:40:23Z",
        "lastlocalchecktime": "2023-11-07 17:40:23",
        "lastlocalchecktime_iso8601": "2023-11-07T17:40:23Z",
        "clicktimestamp": "2023-11-07 04:38:47",
        "clicktimestamp_iso8601": "2023-11-07T04:38:47Z",
        "clickcount": 10,
        "clicktrend": -1,
        "ssl_error": 0,
        "geo_lat": null,
        "geo_long": null,
        "has_extended_info": false
    }
]