[
    {
        "changeuuid": "c7f03a55-dd8c-4e1f-9406-7a6b09f5ebea",
        "stationuuid": "963490c6-0601-11e8-ae97-52543be04c81",
        "serveruuid": "ee12a91f-9df5-45e9-81eb-f92258aef043",
        "name": "KRPG 89.3 FM Public Radio Guam",
        "url": "http://peridot.streamguys.com:5090/live",
        "url_resolved": "http://peridot.streamguys.com:5090/live",
        "homepage": "http://www.kprgfm.com/main/index.php",
        "favicon": "",
        "tags": "community,news,npr,public",
        "country": "Guam",
        "countrycode": "GU",
        "iso_3166_2": null,
        "state": "Guam",
        "language": "english",
        "languagecodes": "en",
        "votes": 792,
        "lastchangetime": "2022-03-28 10:43:36",
        "lastchangetime_iso8601": "2022-03-28T10:43:36Z",
        "codec": "MP3",
        "bitrate": 75,
        "hls": 0,
        "lastcheckok": 1,
        "lastchecktime": "2023-04-08 06:40:20",
        "lastchecktime_iso8601": "2023-04-08T06:40:20Z",
        "lastcheckoktime": "2023-04-08 06:40:20",
        "lastcheckoktime_iso8601": "2023-04-08T06:40:20Z",
        "lastlocalchecktime": "2023-04-07 17:46:11",
        "lastlocalchecktime_iso8601": "2023-04-07T17:46:11Z",
        "clicktimestamp": "2023-04-08 03:20:41",
        "clicktimestamp_iso8601": "2023-04-08T03:20:41Z",
        "clickcount": 18,
        "clicktrend": 0,
        "ssl_error": 0,
        "geo_lat": null,
        "geo_long": null,
        "has_extended_info": false
    },
    {
        "changeuuid": "c537566e-77e6-41ff-8c5c-ae264bf333b6",
        "stationuuid": "963ac20a-0601-11e8-ae97-52543be04c81",
        "serveruuid": "6f26a7b1-80f0-43f1-8716-3b65d432b38e",
        "name": "KUAM-AM 630 \"Isla 63\" Hagatna",
        "url": "http://www.ophanim.net:9010/",
        "url_resolved": "http://www.ophanim.net:9010/",
        "homepage": "http://www.kuam.com/story/11095354/isla63-am-your-island-pride-station",
        "favicon": "http://KUAM.images.worldnow.com/images/285058_G.JPG",
        "tags": "community,haga\u030at\u00f1a,local music,pacific",
        "country": "Guam",
        "countrycode": "GU",
        "iso_3166_2": null,
        "state": "Guam",
        "language": "",
        "languagecodes": "",
        "votes": 170,
        "lastchangetime": "2021-11-09 23:39:57",
        "lastchangetime_iso8601": "2021-11-09T23:39:57Z",
        "codec": "MP3",
        "bitrate": 64,
        "hls": 0,
        "lastcheckok": 1,
        "lastchecktime": "2023-04-08 13:29:24",
        "lastchecktime_iso8601": "2023-04-08T13:29:24Z",
        "lastcheckoktime": "2023-04-08 13:29:24",
        "lastcheckoktime_iso8601": "2023-04-08T13:29:24Z",
        "lastlocalchecktime": "2023-04-08 13:29:24",
        "lastlocalchecktime_iso8601": "2023-04-08T13:29:24Z",
        "clicktimestamp": "2023-04-08 08:50:25",
        "clicktimestamp_iso8601": "2023-04-08T08:50:25Z",
        "clickcount": 42,
        "clicktrend": 1,
        "ssl_error": 0,
        "geo_lat": null,
        "geo_long": null,
        "has_extended_info": false
    },
    {
        "changeuuid": "a42a9af2-864a-44a7-b3aa-8fe98bf9d8d0",
        "stationuuid": "6a759ad8-330e-11e9-8f31-52543be04c81",
        "serveruuid": "8b3d263c-b413-4e5e-90a9-a34ed1c7f042",
        "name": "KUSG",
        "url": "https://ice10.securenetsystems.net/KUSG",
        "url_resolved": "https://ice10.securenetsystems.net/KUSG",
        "homepage": "http://thepoint.gu/",
        "favicon": "http://thepoint.gu/images/favicon/apple-touch-icon.png",
        "tags": "news,talk",
        "country": "Guam",
        "countrycode": "GU",
        "iso_3166_2": null,
        "state": "",
        "language": "english",
        "languagecodes": "en",
        "votes": 147,
        "lastchangetime": "2022-09-07 09:40:10",
        "lastchangetime_iso8601": "2022-09-07T09:40:10Z",
        "codec": "AAC+",
        "bitrate": 32,
        "hls": 0,
        "lastcheckok": 1,
        "lastchecktime": "2023-04-08 11:59:36",
        "lastchecktime_iso8601": "2023-04-08T11:59:36Z",
        "lastcheckoktime": "2023-04-08 11:59:36",
        "lastcheckoktime_iso8601": "2023-04-08T11:59:36Z",
        "lastlocalchecktime": "2023-04-08 09:10:32",
        "lastlocalchecktime_iso8601": "2023-04-08T09:10:32Z",
        "clicktimestamp": "2023-04-08 08:50:28",
        "clicktimestamp_iso8601": "2023-04-08T08:50:28Z",
        "clickcount": 17,
        "clicktrend": 1,
        "ssl_error": 0,
        "geo_lat": null,
        "geo_long": null,
        "has_extended_info": false
    },
    {
        "changeuuid": "6b613894-22a0-4cac-be17-60651bd3208e",
        "stationuuid": "d1466267-42e2-4c2a-ad29-3a261c419ab2",
        "serveruuid": "607d46d4-a2ef-43cf-bdb8-dc150c1bb8d3",
        "name": "TFC Guam",
        "url": "https://tfcguam-abscbn-ono.amagi.tv/index.m3u8",
        "url_resolved": "https://tfcguam-abscbn-ono.amagi.tv/index.m3u8",
        "homepage": "https://mytfc.com/",
        "favicon": "https://img.mytfc.com/abscms/abscms/media/mytfctv/ui/content/img_logo-tfc.png",
        "tags": "filipino",
        "country": "Guam",
        "countrycode": "GU",
        "iso_3166_2": null,
        "state": "",
        "language": "",
        "languagecodes": "",
        "votes": 4,
        "lastchangetime": "2023-08-27 21:28:39",
        "lastchangetime_iso8601": "2023-08-27T21:28:39Z",
        "codec": "AAC",
        "bitrate": 1872,
        "hls": 1,
        "lastcheckok": 1,
        "lastchecktime": "2023-09-03 11:04:31",
        "lastchecktime_iso8601": "2023-09-03T11:04:31Z",
        "lastcheckoktime": "2023-09-03 11:04:31",
        "lastcheckoktime_iso8601": "2023-09-03T11:04:31Z",
        "lastlocalchecktime": "2023-09-03 09:46:37",
        "lastlocalchecktime_iso8601": "2023-09-03T09:46:37Z",
        "clicktimestamp": "2023-08-29 12:35:35",
        "clicktimestamp_iso8601": "2023-08-29T12:35:35Z",
        "clickcount": 5,
        "clicktrend": 0,
        "ssl_error": 0,
        "geo_lat": null,
        "geo_long": null,
        "has_extended_info": false
    },
    {
        "changeuuid": "094f3cda-a8cb-4ed1-8bd4-a66e2c60ff91",
        "stationuuid": "02ae07e9-f5e2-4d6b-b86c-dd54f02f1e57",
        "serveruuid": "8b3d263c-b413-4e5e-90a9-a34ed1c7f042",
        "name": "104.3 Boss FM",
        "url": "https://ice10.securenetsystems.net/KIJI",
        "url_resolved": "https://ice10.securenetsystems.net/KIJI",
        "homepage": "https://boss104.gu/",
        "favicon": "https://kiji-fm.linkedupradio.com/assets/images/logo/logo.png",
        "tags": "",
        "country": "Guam",
        "countrycode": "GU",
        "iso_3166_2": null,
        "state": "",
        "language": "",
        "languagecodes": "",
        "votes": 1,
        "lastchangetime": "2023-10-24 09:41:38",
        "lastchangetime_iso8601": "2023-10-24T09:41:38Z",
        "codec": "AAC+",
        "bitrate": 32,
        "hls": 0,
        "lastcheckok": 1,
        "lastchecktime": "2023-11-07 18:12:31",
        "lastchecktime_iso8601": "2023-11-07T18:12:31Z",
        "lastcheckoktime": "2023-11-07 18:12:31",
        "lastcheckoktime_iso8601": "2023-11-07T18:12:31Z",
        "lastlocalchecktime": "2023-11-07 13:56:21",
        "lastlocalchecktime_iso8601": "2023-11-07T13:56:21Z",
        "clicktimestamp": "2023-11-06 11:47:46",
        "clicktimestamp_iso8601": "2023-11-06T11:47:46Z",
        "clickcount": 10,
        "clicktrend": -2,
        "ssl_error": 0,
        "geo_lat": null,
        "geo_long": null,
        "has_extended_info": false
    }
]