[
    {
        "changeuuid": "a58a1698-6fa9-4917-8932-6d1f3ce12412",
        "stationuuid": "961d0d6b-0601-11e8-ae97-52543be04c81",
        "serveruuid": "aa744fcb-aade-4953-a65f-7b7d273e86f5",
        "name": "HJ94.1 Boom FM Georgetown",
        "url": "http://192.99.8.192:3630/stream",
        "url_resolved": "http://192.99.8.192:3630/stream",
        "homepage": "http://www.hj941.com/",
        "favicon": "",
        "tags": "bollywood,caribbean music,local music",
        "country": "Guyana",
        "countrycode": "GY",
        "iso_3166_2": null,
        "state": "",
        "language": "english",
        "languagecodes": "en",
        "votes": 2017,
        "lastchangetime": "2022-03-28 11:25:48",
        "lastchangetime_iso8601": "2022-03-28T11:25:48Z",
        "codec": "MP3",
        "bitrate": 192,
        "hls": 0,
        "lastcheckok": 1,
        "lastchecktime": "2023-04-08 10:07:40",
        "lastchecktime_iso8601": "2023-04-08T10:07:40Z",
        "lastcheckoktime": "2023-04-08 10:07:40",
        "lastcheckoktime_iso8601": "2023-04-08T10:07:40Z",
        "lastlocalchecktime": "2023-04-07 20:09:22",
        "lastlocalchecktime_iso8601": "2023-04-07T20:09:22Z",
        "clicktimestamp": "2023-04-08 13:12:32",
        "clicktimestamp_iso8601": "2023-04-08T13:12:32Z",
        "clickcount": 151,
        "clicktrend": 6,
        "ssl_error": 0,
        "geo_lat": null,
        "geo_long": null,
        "has_extended_info": false
    },
    {
        "changeuuid": "a541c972-0bd8-4ffa-a2bc-f7d82c9a2166",
        "stationuuid": "96486b05-0601-11e8-ae97-52543be04c81",
        "serveruuid": "09e0eaf4-95ea-4193-a4e8-701c1599845d",
        "name": "NTN Radio 89.1 Georgetown",
        "url": "http://auds1.intacs.com/ntnradio",
        "url_resolved": "http://auds1.intacs.com/ntnradio",
        "homepage": "http://ntntv-radio.com/",
        "favicon": "",
        "tags": "bollywood,georgetown,south asian music",
        "country": "Guyana",
        "countrycode": "GY",
        "iso_3166_2": null,
        "state": "",
        "language": "english",
        "languagecodes": "en",
        "votes": 895,
        "lastchangetime": "2022-08-17 23:02:12",
        "lastchangetime_iso8601": "2022-08-17T23:02:12Z",
        "codec": "MP3",
        "bitrate": 128,
        "hls": 0,
        "lastcheckok": 1,
        "lastchecktime": "2023-04-08 07:00:34",
        "lastchecktime_iso8601": "2023-04-08T07:00:34Z",
        "lastcheckoktime": "2023-04-08 07:00:34",
        "lastcheckoktime_iso8601": "2023-04-08T07:00:34Z",
        "lastlocalchecktime": "2023-04-07 16:17:55",
        "lastlocalchecktime_iso8601": "2023-04-07T16:17:55Z",
        "clicktimestamp": "2023-04-07 22:58:04",
        "clicktimestamp_iso8601": "2023-04-07T22:58:04Z",
        "clickcount": 32,
        "clicktrend": -2,
        "ssl_error": 0,
        "geo_lat": null,
        "geo_long": null,
        "has_extended_info": false
    },
    {
        "changeuuid": "46adb291-0efe-4df9-9dbe-d1a449253357",
        "stationuuid": "4fecec89-df93-4bc7-ac73-5506ed313128",
        "serveruuid": "169a9243-6dc5-416b-b3e2-a3b8c753245d",
        "name": "Radio Guyana Inc - Georgetown 89.5 FM | Essequibo 89.3 FM | Berbice 89.7 FM",
        "url": "https://stream.radio.co/s9668e2ab5/listen",
        "url_resolved": "https://stream.radio.co/s9668e2ab5/listen",
        "homepage": "https://rgi89fm.com/",
        "favicon": "https://img.radios.com.br/radio/xl/radio24950_1594994893.jpg",
        "tags": "89.3 fm,89.5 fm,89.7 fm,berbice,essequibo,estaci\u00f3n,fm,georgetown,guyana,moi merino,radio,radio guyana inc,suram\u00e9rica",
        "country": "Guyana",
        "countrycode": "GY",
        "iso_3166_2": null,
        "state": "Georgetown",
        "language": "english",
        "languagecodes": "en",
        "votes": 357,
        "lastchangetime": "2022-07-02 07:37:18",
        "lastchangetime_iso8601": "2022-07-02T07:37:18Z",
        "codec": "MP3",
        "bitrate": 128,
        "hls": 0,
        "lastcheckok": 1,
        "lastchecktime": "2023-04-08 11:11:10",
        "lastchecktime_iso8601": "2023-04-08T11:11:10Z",
        "lastcheckoktime": "2023-04-08 11:11:10",
        "lastcheckoktime_iso8601": "2023-04-08T11:11:10Z",
        "lastlocalchecktime": "2023-04-08 11:11:10",
        "lastlocalchecktime_iso8601": "2023-04-08T11:11:10Z",
        "clicktimestamp": "2023-04-08 08:40:47",
        "clicktimestamp_iso8601": "2023-04-08T08:40:47Z",
        "clickcount": 38,
        "clicktrend": -1,
        "ssl_error": 0,
        "geo_lat": 6.816290186796732,
        "geo_long": -58.16222190856934,
        "has_extended_info": false
    }
]