[
    {
        "changeuuid": "22696103-f5a3-45e0-8594-d5f1bbdbd258",
        "stationuuid": "2be788be-a558-428b-93b1-6cc6e4a768ff",
        "serveruuid": "556e8bb8-6fc6-478b-83d5-4c82f337eb5a",
        "name": "RTHK Radio 2",
        "url": "http://stm2.rthk.hk/radio2",
        "url_resolved": "http://stm2.rthk.hk/radio2",
        "homepage": "https://www.rthk.hk/",
        "favicon": "https://www.rthk.hk/img/apple-icon-114x114.png",
        "tags": "entertainment,pop",
        "country": "Hong Kong",
        "countrycode": "HK",
        "iso_3166_2": null,
        "state": "",
        "language": "",
        "languagecodes": "",
        "votes": 2544,
        "lastchangetime": "2022-10-13 00:20:32",
        "lastchangetime_iso8601": "2022-10-13T00:20:32Z",
        "codec": "MP3",
        "bitrate": 0,
        "hls": 0,
        "lastcheckok": 1,
        "lastchecktime": "2023-04-08 11:15:09",
        "lastchecktime_iso8601": "2023-04-08T11:15:09Z",
        "lastcheckoktime": "2023-04-07 20:27:06",
        "lastcheckoktime_iso8601": "2023-04-07T20:27:06Z",
        "lastlocalchecktime": "2023-04-07 20:27:06",
        "lastlocalchecktime_iso8601": "2023-04-07T20:27:06Z",
        "clicktimestamp": "2023-04-08 13:20:56",
        "clicktimestamp_iso8601": "2023-04-08T13:20:56Z",
        "clickcount": 60,
        "clicktrend": -3,
        "ssl_error": 0,
        "geo_lat": null,
        "geo_long": null,
        "has_extended_info": false
    },
    {
        "changeuuid": "c192e0b2-3b19-4ce4-a6b3-1483ab410c2b",
        "stationuuid": "0e495b97-0a3d-49cf-9476-8814450b4cd0",
        "serveruuid": "361bf5da-d55b-4d56-86f6-b76d180d37b7",
        "name": "RTHK Radio 1",
        "url": "http://stm1.rthk.hk/radio1",
        "url_resolved": "http://stm1.rthk.hk/radio1",
        "homepage": "https://www.rthk.hk/",
        "favicon": "https://www.rthk.hk/img/apple-icon-114x114.png",
        "tags": "educational,entertainment,news",
        "country": "Hong Kong",
        "countrycode": "HK",
        "iso_3166_2": null,
        "state": "",
        "language": "",
        "languagecodes": "",
        "votes": 2227,
        "lastchangetime": "2022-10-13 09:51:22",
        "lastchangetime_iso8601": "2022-10-13T09:51:22Z",
        "codec": "MP3",
        "bitrate": 0,
        "hls": 0,
        "lastcheckok": 1,
        "lastchecktime": "2023-04-08 09:33:00",
        "lastchecktime_iso8601": "2023-04-08T09:33:00Z",
        "lastcheckoktime": "2023-04-08 09:33:00",
        "lastcheckoktime_iso8601": "2023-04-08T09:33:00Z",
        "lastlocalchecktime": "2023-04-07 15:47:02",
        "lastlocalchecktime_iso8601": "2023-04-07T15:47:02Z",
        "clicktimestamp": "2023-04-08 13:20:59",
        "clicktimestamp_iso8601": "2023-04-08T13:20:59Z",
        "clickcount": 34,
        "clicktrend": 1,
        "ssl_error": 0,
        "geo_lat": null,
        "geo_long": null,
        "has_extended_info": false
    },
    {
        "changeuuid": "ec8780a2-d678-42a7-aa09-251d53e7a769",
        "stationuuid": "c5a87eaf-c961-11e9-8502-52543be04c81",
        "serveruuid": "3c80b421-aa54-483b-a9d3-ed9804d5acf3",
        "name": "Apple-FM.net",
        "url": "http://sc7b.apple-fm.net:8188/listen.pls",
        "url_resolved": "http://sc7b.apple-fm.net:8188/",
        "homepage": "http://www.apple-fm.net/",
        "favicon": "",
        "tags": "oldies",
        "country": "Hong Kong",
        "countrycode": "HK",
        "iso_3166_2": null,
        "state": "",
        "language": "",
        "languagecodes": "",
        "votes": 836,
        "lastchangetime": "2022-04-22 10:55:54",
        "lastchangetime_iso8601": "2022-04-22T10:55:54Z",
        "codec": "AAC+",
        "bitrate": 48,
        "hls": 0,
        "lastcheckok": 1,
        "lastchecktime": "2023-04-08 07:56:20",
        "lastchecktime_iso8601": "2023-04-08T07:56:20Z",
        "lastcheckoktime": "2023-04-08 07:56:20",
        "lastcheckoktime_iso8601": "2023-04-08T07:56:20Z",
        "lastlocalchecktime": "2023-04-07 19:52:53",
        "lastlocalchecktime_iso8601": "2023-04-07T19:52:53Z",
        "clicktimestamp": "2023-04-08 13:08:19",
        "clicktimestamp_iso8601": "2023-04-08T13:08:19Z",
        "clickcount": 30,
        "clicktrend": 1,
        "ssl_error": 0,
        "geo_lat": null,
        "geo_long": null,
        "has_extended_info": false
    },
    {
        "changeuuid": "733badb9-bc37-4f26-83b1-41905cefa585",
        "stationuuid": "67238017-50b9-444b-8f6c-ae17d008f5e4",
        "serveruuid": "520f4ccb-9687-49c1-8ab5-87ff3f3a8d37",
        "name": "Fing Radio",
        "url": "https://bluesfan.stream.laut.fm/bluesfan?t302=2020-11-06_13-46-59&uuid=28a2f040-51e1-44fe-899f-3519cbd5d4e9",
        "url_resolved": "https://bluesfan.stream.laut.fm/bluesfan?t302=2020-11-06_13-46-59&uuid=28a2f040-51e1-44fe-899f-3519cbd5d4e9",
        "homepage": "https://onlineradiobox.com/",
        "favicon": "https://cdn.onlineradiobox.com/img/apple-touch-icon-120x120.png",
        "tags": "news,pop,talk",
        "country": "Hong Kong",
        "countrycode": "HK",
        "iso_3166_2": null,
        "state": "",
        "language": "",
        "languagecodes": "",
        "votes": 534,
        "lastchangetime": "2021-11-10 23:21:48",
        "lastchangetime_iso8601": "2021-11-10T23:21:48Z",
        "codec": "MP3",
        "bitrate": 128,
        "hls": 0,
        "lastcheckok": 1,
        "lastchecktime": "2023-04-08 04:38:35",
        "lastchecktime_iso8601": "2023-04-08T04:38:35Z",
        "lastcheckoktime": "2023-04-08 04:38:35",
        "lastcheckoktime_iso8601": "2023-04-08T04:38:35Z",
        "lastlocalchecktime": "2023-04-07 18:51:54",
        "lastlocalchecktime_iso8601": "2023-04-07T18:51:54Z",
        "clicktimestamp": "2023-04-08 13:08:24",
        "clicktimestamp_iso8601": "2023-04-08T13:08:24Z",
        "clickcount": 14,
        "clicktrend": 0,
        "ssl_error": 0,
        "geo_lat": null,
        "geo_long": null,
        "has_extended_info": false
    },
    {
        "changeuuid": "7f6f000d-6c2b-47e4-a81d-cb9a21e00baf",
        "stationuuid": "1c999a35-cbc8-45e8-98d0-20b664b44c34",
        "serveruuid": "d7c996d6-e82e-431c-8530-a5588894d839",
        "name": "RTHK Radio 1",
        "url": "https://rthkaudio1-lh.akamaihd.net/i/radio1_1@355864/index_56_a-p.m3u8",
        "url_resolved": "https://rthkradio1-live.akamaized.net/hls/live/2035313/radio1/master.m3u8",
        "homepage": "http://www.rthk.org.hk/channel/radio1/",
        "favicon": "https://cdn.webrad.io/images/logos/radios-hk/rthk-1.png",
        "tags": "information,news",
        "country": "Hong Kong",
        "countrycode": "HK",
        "iso_3166_2": null,
        "state": "",
        "language": "cantonese",
        "languagecodes": "yue",
        "votes": 472,
        "lastchangetime": "2022-03-28 11:18:58",
        "lastchangetime_iso8601": "2022-03-28T11:18:58Z",
        "codec": "AAC",
        "bitrate": 70,
        "hls": 1,
        "lastcheckok": 1,
        "lastchecktime": "2023-04-08 04:23:20",
        "lastchecktime_iso8601": "2023-04-08T04:23:20Z",
        "lastcheckoktime": "2023-04-08 04:23:20",
        "lastcheckoktime_iso8601": "2023-04-08T04:23:20Z",
        "lastlocalchecktime": "2023-04-07 15:31:26",
        "lastlocalchecktime_iso8601": "2023-04-07T15:31:26Z",
        "clicktimestamp": "2023-04-08 13:08:30",
        "clicktimestamp_iso8601": "2023-04-08T13:08:30Z",
        "clickcount": 59,
        "clicktrend": 0,
        "ssl_error": 0,
        "geo_lat": null,
        "geo_long": null,
        "has_extended_info": false
    },
    {
        "changeuuid": "047f5f82-8f12-43dc-98f7-c28f2b6f64f2",
        "stationuuid": "95e777ab-4a50-11e9-a4d7-52543be04c81",
        "serveruuid": "e60af6a8-78d5-456a-98c9-77a69ab9e68c",
        "name": "Fauve Radio",
        "url": "https://streamer.radio.co/sde68d7e6b/listen",
        "url_resolved": "https://streamer.radio.co/sde68d7e6b/listen",
        "homepage": "https://www.fauveradio.com/",
        "favicon": "https://www.fauveradio.com/uploads/1/1/2/9/112920849/editor/mixcloud-logo-fauve-radio-horizontal_1.png",
        "tags": "community radio,dj sets,hong kong,independent,underground",
        "country": "Hong Kong",
        "countrycode": "HK",
        "iso_3166_2": null,
        "state": "",
        "language": "",
        "languagecodes": "",
        "votes": 452,
        "lastchangetime": "2022-10-15 21:25:38",
        "lastchangetime_iso8601": "2022-10-15T21:25:38Z",
        "codec": "MP3",
        "bitrate": 192,
        "hls": 0,
        "lastcheckok": 1,
        "lastchecktime": "2023-04-08 10:39:45",
        "lastchecktime_iso8601": "2023-04-08T10:39:45Z",
        "lastcheckoktime": "2023-04-08 10:39:45",
        "lastcheckoktime_iso8601": "2023-04-08T10:39:45Z",
        "lastlocalchecktime": "2023-04-07 20:18:59",
        "lastlocalchecktime_iso8601": "2023-04-07T20:18:59Z",
        "clicktimestamp": "2023-04-08 13:08:36",
        "clicktimestamp_iso8601": "2023-04-08T13:08:36Z",
        "clickcount": 13,
        "clicktrend": 0,
        "ssl_error": 0,
        "geo_lat": null,
        "geo_long": null,
        "has_extended_info": false
    },
    {
        "changeuuid": "d92e7601-12a7-4c3c-bc92-64995e286af8",
        "stationuuid": "d4a4ca27-d864-4f0c-ac3a-4dd9d273cbb9",
        "serveruuid": "64a3aee5-71ad-4c43-ac7c-658f263fce50",
        "name": "AXR Hong Kong",
        "url": "http://hongkongstream.axr.online/",
        "url_resolved": "https://23743.live.streamtheworld.com:443/AXR_HONGKONGAAC.aac",
        "homepage": "http://axr.co/",
        "favicon": "",
        "tags": "news,sport",
        "country": "Hong Kong",
        "countrycode": "HK",
        "iso_3166_2": null,
        "state": "",
        "language": "english",
        "languagecodes": "en",
        "votes": 420,
        "lastchangetime": "2022-03-28 13:51:41",
        "lastchangetime_iso8601": "2022-03-28T13:51:41Z",
        "codec": "AAC+",
        "bitrate": 64,
        "hls": 0,
        "lastcheckok": 1,
        "lastchecktime": "2023-04-08 11:21:00",
        "lastchecktime_iso8601": "2023-04-08T11:21:00Z",
        "lastcheckoktime": "2023-04-08 11:21:00",
        "lastcheckoktime_iso8601": "2023-04-08T11:21:00Z",
        "lastlocalchecktime": "2023-04-07 16:35:00",
        "lastlocalchecktime_iso8601": "2023-04-07T16:35:00Z",
        "clicktimestamp": "2023-04-08 13:38:26",
        "clicktimestamp_iso8601": "2023-04-08T13:38:26Z",
        "clickcount": 25,
        "clicktrend": 5,
        "ssl_error": 0,
        "geo_lat": null,
        "geo_long": null,
        "has_extended_info": false
    },
    {
        "changeuuid": "dd972290-d25d-4e1d-9de4-796d96c1a787",
        "stationuuid": "357fbb15-05ba-4219-968a-0c0408ec8dbf",
        "serveruuid": "b89f518b-1a4d-4f14-8d0b-49a7d704050b",
        "name": "\u591c\u7a7a\u50b3\u60c5",
        "url": "http://procyon.shoutca.st:8492/listen.mp3",
        "url_resolved": "http://procyon.shoutca.st:8492/listen.mp3",
        "homepage": "https://open.spotify.com/show/08hLUNwvOdIXJjlXHiWm1r",
        "favicon": "https://liveonlineradio.net/wp-content/uploads/2021/04/sunnys-music-show-220x108.jpg",
        "tags": "music",
        "country": "Hong Kong",
        "countrycode": "HK",
        "iso_3166_2": null,
        "state": "",
        "language": "cantonese",
        "languagecodes": "yue",
        "votes": 309,
        "lastchangetime": "2022-03-28 10:43:36",
        "lastchangetime_iso8601": "2022-03-28T10:43:36Z",
        "codec": "MP3",
        "bitrate": 160,
        "hls": 0,
        "lastcheckok": 1,
        "lastchecktime": "2023-04-08 10:20:51",
        "lastchecktime_iso8601": "2023-04-08T10:20:51Z",
        "lastcheckoktime": "2023-04-08 10:20:51",
        "lastcheckoktime_iso8601": "2023-04-08T10:20:51Z",
        "lastlocalchecktime": "2023-04-07 17:27:54",
        "lastlocalchecktime_iso8601": "2023-04-07T17:27:54Z",
        "clicktimestamp": "2023-04-08 13:08:54",
        "clicktimestamp_iso8601": "2023-04-08T13:08:54Z",
        "clickcount": 22,
        "clicktrend": 1,
        "ssl_error": 0,
        "geo_lat": null,
        "geo_long": null,
        "has_extended_info": false
    },
    {
        "changeuuid": "88b8a917-5062-4c5c-8d28-44cdd370dc6b",
        "stationuuid": "5b253a02-28ed-48a7-a972-2aef5b114036",
        "serveruuid": "24e0bb33-b148-4245-95bc-99460a330bad",
        "name": "Apple FM",
        "url": "http://sc.apple-fm.net:9020/listen.pls",
        "url_resolved": "http://sc.apple-fm.net:9020/",
        "homepage": "",
        "favicon": "",
        "tags": "news",
        "country": "Hong Kong",
        "countrycode": "HK",
        "iso_3166_2": null,
        "state": "",
        "language": "",
        "languagecodes": "",
        "votes": 303,
        "lastchangetime": "2021-08-06 08:36:44",
        "lastchangetime_iso8601": "2021-08-06T08:36:44Z",
        "codec": "MP3",
        "bitrate": 64,
        "hls": 0,
        "lastcheckok": 1,
        "lastchecktime": "2023-04-08 13:11:15",
        "lastchecktime_iso8601": "2023-04-08T13:11:15Z",
        "lastcheckoktime": "2023-04-08 13:11:15",
        "lastcheckoktime_iso8601": "2023-04-08T13:11:15Z",
        "lastlocalchecktime": "2023-04-08 13:11:15",
        "lastlocalchecktime_iso8601": "2023-04-08T13:11:15Z",
        "clicktimestamp": "2023-04-08 13:08:59",
        "clicktimestamp_iso8601": "2023-04-08T13:08:59Z",
        "clickcount": 28,
        "clicktrend": 1,
        "ssl_error": 0,
        "geo_lat": null,
        "geo_long": null,
        "has_extended_info": false
    },
    {
        "changeuuid": "1551236f-dff9-44f3-a513-5db37d1d00a7",
        "stationuuid": "5d6f4010-91b7-11e9-a6c6-52543be04c81",
        "serveruuid": "5ecbe2d9-6488-4212-a90c-b00fed226a6b",
        "name": "\u9999\u6e2f\u666e\u901a\u8bdd\u53f0",
        "url": "https://rthkaudio6-lh.akamaihd.net/i/radiopth_1@355869/master.m3u8",
        "url_resolved": "https://rthkradiopth-live.akamaized.net/hls/live/2040082/radiopth/master.m3u8",
        "homepage": "https://www.rthk.hk/radio/pth",
        "favicon": "https://www.rthk.hk/img/apple-icon-114x114.png",
        "tags": "",
        "country": "Hong Kong",
        "countrycode": "HK",
        "iso_3166_2": null,
        "state": "",
        "language": "",
        "languagecodes": "",
        "votes": 285,
        "lastchangetime": "2022-10-14 01:08:25",
        "lastchangetime_iso8601": "2022-10-14T01:08:25Z",
        "codec": "AAC",
        "bitrate": 70,
        "hls": 1,
        "lastcheckok": 1,
        "lastchecktime": "2023-04-08 10:51:43",
        "lastchecktime_iso8601": "2023-04-08T10:51:43Z",
        "lastcheckoktime": "2023-04-08 10:51:43",
        "lastcheckoktime_iso8601": "2023-04-08T10:51:43Z",
        "lastlocalchecktime": "2023-04-08 09:28:12",
        "lastlocalchecktime_iso8601": "2023-04-08T09:28:12Z",
        "clicktimestamp": "2023-04-08 13:21:21",
        "clicktimestamp_iso8601": "2023-04-08T13:21:21Z",
        "clickcount": 26,
        "clicktrend": -2,
        "ssl_error": 0,
        "geo_lat": null,
        "geo_long": null,
        "has_extended_info": false
    },
    {
        "changeuuid": "27172742-315b-4698-9797-df445dfd0a6b",
        "stationuuid": "78d75aa7-0d27-4333-a410-d9c82e37cf8f",
        "serveruuid": "18dd6473-1e44-4adb-b15d-4e9c2664dc48",
        "name": "\u5b97\u6559_\u826f\u53cb\u7535\u53f0 \u7b2c\u4e00\u53f0",
        "url": "https://listen.729ly.net:8001/ly729_a",
        "url_resolved": "https://listen.729ly.net:8001/ly729_a",
        "homepage": "",
        "favicon": "",
        "tags": "",
        "country": "Hong Kong",
        "countrycode": "HK",
        "iso_3166_2": null,
        "state": "",
        "language": "",
        "languagecodes": "",
        "votes": 223,
        "lastchangetime": "2021-08-06 08:36:45",
        "lastchangetime_iso8601": "2021-08-06T08:36:45Z",
        "codec": "MP3",
        "bitrate": 64,
        "hls": 0,
        "lastcheckok": 1,
        "lastchecktime": "2023-04-08 11:18:38",
        "lastchecktime_iso8601": "2023-04-08T11:18:38Z",
        "lastcheckoktime": "2023-04-08 11:18:38",
        "lastcheckoktime_iso8601": "2023-04-08T11:18:38Z",
        "lastlocalchecktime": "2023-04-08 11:18:38",
        "lastlocalchecktime_iso8601": "2023-04-08T11:18:38Z",
        "clicktimestamp": "2023-04-08 13:24:22",
        "clicktimestamp_iso8601": "2023-04-08T13:24:22Z",
        "clickcount": 20,
        "clicktrend": 0,
        "ssl_error": 0,
        "geo_lat": null,
        "geo_long": null,
        "has_extended_info": false
    },
    {
        "changeuuid": "506e18f6-9fc1-4684-ac28-d892d35b974a",
        "stationuuid": "d4f6816f-af39-4bc0-a604-8bbc7fac190d",
        "serveruuid": "95b66fc3-9927-438d-a193-27a32c014940",
        "name": "\u508d\u665a\u65b0\u805e\u5929\u5730 18:30\u00a0",
        "url": "https://rthkaod3-vh.akamaihd.net/i/m4a/radio/archive/radio1/6oclocknews/m4a/20220113.m4a/master.m3u8?callback=jQuery112409800777413835493_1642074777532&_=1642074777533",
        "url_resolved": "https://rthkaod2022.akamaized.net/m4a/radio/archive/radio1/6oclocknews/m4a/20220113.m4a/master.m3u8?callback=jQuery112409800777413835493_1642074777532&_=1642074777533",
        "homepage": "https://www.rthk.hk/radio/radio1/programme/6oclocknews",
        "favicon": "",
        "tags": "",
        "country": "Hong Kong",
        "countrycode": "HK",
        "iso_3166_2": null,
        "state": "",
        "language": "1",
        "languagecodes": "",
        "votes": 206,
        "lastchangetime": "2022-04-19 17:22:08",
        "lastchangetime_iso8601": "2022-04-19T17:22:08Z",
        "codec": "AAC",
        "bitrate": 64,
        "hls": 1,
        "lastcheckok": 1,
        "lastchecktime": "2023-04-08 01:25:57",
        "lastchecktime_iso8601": "2023-04-08T01:25:57Z",
        "lastcheckoktime": "2023-04-08 01:25:57",
        "lastcheckoktime_iso8601": "2023-04-08T01:25:57Z",
        "lastlocalchecktime": "2023-04-07 17:10:24",
        "lastlocalchecktime_iso8601": "2023-04-07T17:10:24Z",
        "clicktimestamp": "2023-04-08 13:09:22",
        "clicktimestamp_iso8601": "2023-04-08T13:09:22Z",
        "clickcount": 74,
        "clicktrend": 4,
        "ssl_error": 0,
        "geo_lat": null,
        "geo_long": null,
        "has_extended_info": false
    },
    {
        "changeuuid": "7ef84dd6-a7c0-482c-9db6-c4ace32b4c85",
        "stationuuid": "79df9a3d-b72a-43fa-adcc-0f36bc29dbb4",
        "serveruuid": "4bf8e858-303c-475e-b9ac-877071441c76",
        "name": "Hong Kong Community Radio",
        "url": "https://hkcr.live/audio/index.m3u8",
        "url_resolved": "https://hkcr.live/audio/index.m3u8",
        "homepage": "https://hkcr.live/",
        "favicon": "https://d1fdloi71mui9q.cloudfront.net/rhH1TajxR6W14nh49MWU_TWLU83zUK3ogqB3d",
        "tags": "alternative,avant-garde,electronic,experimental,hiphop,indie,instrumental,techno,variety,various",
        "country": "Hong Kong",
        "countrycode": "HK",
        "iso_3166_2": null,
        "state": "Wan Chai",
        "language": "cantonese,chinese,english",
        "languagecodes": "en,yue,zh",
        "votes": 194,
        "lastchangetime": "2022-04-25 02:59:44",
        "lastchangetime_iso8601": "2022-04-25T02:59:44Z",
        "codec": "UNKNOWN",
        "bitrate": 0,
        "hls": 1,
        "lastcheckok": 1,
        "lastchecktime": "2023-04-08 08:41:45",
        "lastchecktime_iso8601": "2023-04-08T08:41:45Z",
        "lastcheckoktime": "2023-04-08 08:41:45",
        "lastcheckoktime_iso8601": "2023-04-08T08:41:45Z",
        "lastlocalchecktime": "2023-04-08 08:41:45",
        "lastlocalchecktime_iso8601": "2023-04-08T08:41:45Z",
        "clicktimestamp": "2023-04-08 13:37:09",
        "clicktimestamp_iso8601": "2023-04-08T13:37:09Z",
        "clickcount": 37,
        "clicktrend": -1,
        "ssl_error": 0,
        "geo_lat": null,
        "geo_long": null,
        "has_extended_info": false
    },
    {
        "changeuuid": "e1897e85-4518-4a5b-9b3a-db4c1792e826",
        "stationuuid": "5f9d4def-f46f-4f69-86f4-93e8168e6ab2",
        "serveruuid": "5da53f46-da16-49ec-86ec-61818ac2beca",
        "name": "\u7b2c\u56db\u53f0",
        "url": "https://rthkaudio4-lh.akamaihd.net/i/radio4_1@355867/master.m3u8",
        "url_resolved": "https://rthkradio4-live.akamaized.net/hls/live/2040080/radio4/master.m3u8",
        "homepage": "https://www.rthk.hk/radio/radio4/",
        "favicon": "https://www.rthk.hk/img/apple-icon-114x114.png",
        "tags": "",
        "country": "Hong Kong",
        "countrycode": "HK",
        "iso_3166_2": null,
        "state": "",
        "language": "1",
        "languagecodes": "",
        "votes": 166,
        "lastchangetime": "2022-10-13 10:14:10",
        "lastchangetime_iso8601": "2022-10-13T10:14:10Z",
        "codec": "AAC",
        "bitrate": 70,
        "hls": 1,
        "lastcheckok": 1,
        "lastchecktime": "2023-04-07 17:04:31",
        "lastchecktime_iso8601": "2023-04-07T17:04:31Z",
        "lastcheckoktime": "2023-04-07 17:04:31",
        "lastcheckoktime_iso8601": "2023-04-07T17:04:31Z",
        "lastlocalchecktime": "2023-04-07 17:04:31",
        "lastlocalchecktime_iso8601": "2023-04-07T17:04:31Z",
        "clicktimestamp": "2023-04-08 14:22:17",
        "clicktimestamp_iso8601": "2023-04-08T14:22:17Z",
        "clickcount": 66,
        "clicktrend": 3,
        "ssl_error": 0,
        "geo_lat": null,
        "geo_long": null,
        "has_extended_info": false
    },
    {
        "changeuuid": "0d93d711-8a9b-4f2f-9e38-30c5ac5e4f79",
        "stationuuid": "f27f962c-b42a-4674-9b50-30216165b108",
        "serveruuid": "375bb327-1b08-46fe-b85c-e02ef360d04e",
        "name": "RTHK Radio 5",
        "url": "https://rthkaudio5-lh.akamaihd.net/i/radio5_1@355868/index_56_a-p.m3u8",
        "url_resolved": "https://rthkradio5-live.akamaized.net/hls/live/2040081/radio5/master.m3u8",
        "homepage": "https://news.rthk.hk/rthk/en/",
        "favicon": "https://static.wikia.nocookie.net/hkradio/images/f/f8/RTHKRadio5_logo.gif/revision/latest?cb=20131022130417&path-prefix=zh",
        "tags": "education,educational,news,public radio",
        "country": "Hong Kong",
        "countrycode": "HK",
        "iso_3166_2": null,
        "state": "",
        "language": "cantonese",
        "languagecodes": "yue",
        "votes": 147,
        "lastchangetime": "2022-03-28 13:23:15",
        "lastchangetime_iso8601": "2022-03-28T13:23:15Z",
        "codec": "AAC",
        "bitrate": 70,
        "hls": 1,
        "lastcheckok": 1,
        "lastchecktime": "2023-04-08 13:54:55",
        "lastchecktime_iso8601": "2023-04-08T13:54:55Z",
        "lastcheckoktime": "2023-04-08 13:54:55",
        "lastcheckoktime_iso8601": "2023-04-08T13:54:55Z",
        "lastlocalchecktime": "2023-04-07 19:19:11",
        "lastlocalchecktime_iso8601": "2023-04-07T19:19:11Z",
        "clicktimestamp": "2023-04-08 14:25:23",
        "clicktimestamp_iso8601": "2023-04-08T14:25:23Z",
        "clickcount": 23,
        "clicktrend": 1,
        "ssl_error": 0,
        "geo_lat": null,
        "geo_long": null,
        "has_extended_info": false
    },
    {
        "changeuuid": "a115b1e5-be9f-4a96-9484-a559b6d1ff71",
        "stationuuid": "adcae25f-4823-4668-87ac-18aadbf02f38",
        "serveruuid": "78ed6df5-602e-4f62-ac30-a4e209ce47f2",
        "name": "Originalradio",
        "url": "https://stream.zeno.fm/rzwzgu0dd8zuv",
        "url_resolved": "https://stream-055.zeno.fm/rzwzgu0dd8zuv?zs=EF51ifrsStakRCmk5BJ38Q",
        "homepage": "https://originalradio.org/",
        "favicon": "",
        "tags": "variety",
        "country": "Hong Kong",
        "countrycode": "HK",
        "iso_3166_2": null,
        "state": "",
        "language": "",
        "languagecodes": "",
        "votes": 146,
        "lastchangetime": "2021-08-06 08:36:45",
        "lastchangetime_iso8601": "2021-08-06T08:36:45Z",
        "codec": "MP3",
        "bitrate": 0,
        "hls": 0,
        "lastcheckok": 1,
        "lastchecktime": "2023-04-08 10:02:20",
        "lastchecktime_iso8601": "2023-04-08T10:02:20Z",
        "lastcheckoktime": "2023-04-08 10:02:20",
        "lastcheckoktime_iso8601": "2023-04-08T10:02:20Z",
        "lastlocalchecktime": "2023-04-07 18:34:00",
        "lastlocalchecktime_iso8601": "2023-04-07T18:34:00Z",
        "clicktimestamp": "2023-04-08 13:09:49",
        "clicktimestamp_iso8601": "2023-04-08T13:09:49Z",
        "clickcount": 9,
        "clicktrend": 2,
        "ssl_error": 0,
        "geo_lat": null,
        "geo_long": null,
        "has_extended_info": false
    },
    {
        "changeuuid": "be91408e-e6f9-4af4-971f-24dee0c19cb9",
        "stationuuid": "3fb37778-628e-4799-bb76-cd2813a85464",
        "serveruuid": "139349f0-8a64-469f-a248-1ae926ccc567",
        "name": "RTHK radio 3",
        "url": "https://rthkaudio3-lh.akamaihd.net/i/radio3_1@355866/index_56_a-p.m3u8",
        "url_resolved": "https://rthkradio3-live.akamaized.net/hls/live/2040079/radio3/master.m3u8",
        "homepage": "http://www.rthk.org.hk/channel/radio3/",
        "favicon": "",
        "tags": "news,public radio",
        "country": "Hong Kong",
        "countrycode": "HK",
        "iso_3166_2": null,
        "state": "",
        "language": "english",
        "languagecodes": "en",
        "votes": 142,
        "lastchangetime": "2022-09-08 18:25:35",
        "lastchangetime_iso8601": "2022-09-08T18:25:35Z",
        "codec": "AAC",
        "bitrate": 70,
        "hls": 1,
        "lastcheckok": 1,
        "lastchecktime": "2023-04-07 22:48:38",
        "lastchecktime_iso8601": "2023-04-07T22:48:38Z",
        "lastcheckoktime": "2023-04-07 22:48:38",
        "lastcheckoktime_iso8601": "2023-04-07T22:48:38Z",
        "lastlocalchecktime": "2023-04-07 15:29:30",
        "lastlocalchecktime_iso8601": "2023-04-07T15:29:30Z",
        "clicktimestamp": "2023-04-08 13:09:56",
        "clicktimestamp_iso8601": "2023-04-08T13:09:56Z",
        "clickcount": 41,
        "clicktrend": -2,
        "ssl_error": 0,
        "geo_lat": null,
        "geo_long": null,
        "has_extended_info": false
    },
    {
        "changeuuid": "3a2ca6b7-ca49-4487-99ef-73ff57ca575d",
        "stationuuid": "7c6d8cee-8c48-4895-b960-8103f6373508",
        "serveruuid": "5ecbe2d9-6488-4212-a90c-b00fed226a6b",
        "name": "\u9999\u6e2f\u666e\u901a\u8bdd\u53f0",
        "url": "https://rthkradiopth-live.akamaized.net/hls/live/2040082/radiopth/master.m3u8",
        "url_resolved": "https://rthkradiopth-live.akamaized.net/hls/live/2040082/radiopth/master.m3u8",
        "homepage": "https://www.rthk.hk/radio/pth",
        "favicon": "https://www.rthk.hk/img/apple-icon-114x114.png",
        "tags": "information,news,public radio",
        "country": "Hong Kong",
        "countrycode": "HK",
        "iso_3166_2": null,
        "state": "",
        "language": "chinese",
        "languagecodes": "zh",
        "votes": 127,
        "lastchangetime": "2022-10-14 07:10:54",
        "lastchangetime_iso8601": "2022-10-14T07:10:54Z",
        "codec": "AAC",
        "bitrate": 70,
        "hls": 1,
        "lastcheckok": 1,
        "lastchecktime": "2023-04-08 10:25:23",
        "lastchecktime_iso8601": "2023-04-08T10:25:23Z",
        "lastcheckoktime": "2023-04-08 10:25:23",
        "lastcheckoktime_iso8601": "2023-04-08T10:25:23Z",
        "lastlocalchecktime": "2023-04-08 10:25:23",
        "lastlocalchecktime_iso8601": "2023-04-08T10:25:23Z",
        "clicktimestamp": "2023-04-08 13:10:01",
        "clicktimestamp_iso8601": "2023-04-08T13:10:01Z",
        "clickcount": 15,
        "clicktrend": 2,
        "ssl_error": 0,
        "geo_lat": null,
        "geo_long": null,
        "has_extended_info": false
    },
    {
        "changeuuid": "676d7328-0ca4-4682-b9d6-d521d83d9c42",
        "stationuuid": "fd88f043-118a-4b6f-8b1d-2a4cce984f06",
        "serveruuid": "a2cfe0a0-7245-4758-9154-e964d36dbeb8",
        "name": "La French Radio Honk-Kong et Macao",
        "url": "https://listen.radioking.com/radio/333865/stream/382282",
        "url_resolved": "https://listen.radioking.com/radio/333865/stream/382282",
        "homepage": "https://onlineradiobox.com/",
        "favicon": "https://cdn.onlineradiobox.com/img/apple-touch-icon-120x120.png",
        "tags": "",
        "country": "Hong Kong",
        "countrycode": "HK",
        "iso_3166_2": null,
        "state": "",
        "language": "",
        "languagecodes": "",
        "votes": 126,
        "lastchangetime": "2021-11-10 20:42:27",
        "lastchangetime_iso8601": "2021-11-10T20:42:27Z",
        "codec": "MP3",
        "bitrate": 128,
        "hls": 0,
        "lastcheckok": 1,
        "lastchecktime": "2023-04-08 11:15:09",
        "lastchecktime_iso8601": "2023-04-08T11:15:09Z",
        "lastcheckoktime": "2023-04-08 11:15:09",
        "lastcheckoktime_iso8601": "2023-04-08T11:15:09Z",
        "lastlocalchecktime": "2023-04-07 18:57:58",
        "lastlocalchecktime_iso8601": "2023-04-07T18:57:58Z",
        "clicktimestamp": "2023-04-08 13:10:05",
        "clicktimestamp_iso8601": "2023-04-08T13:10:05Z",
        "clickcount": 14,
        "clicktrend": 1,
        "ssl_error": 0,
        "geo_lat": null,
        "geo_long": null,
        "has_extended_info": false
    },
    {
        "changeuuid": "9cbf6031-a08d-472f-861d-d311c5f5a95a",
        "stationuuid": "9b982004-2ea5-49cc-a82d-bd65ae8ebd5e",
        "serveruuid": "da61e9ed-56c0-4db6-a9a4-48a41bb78e31",
        "name": "Digital Radio Hong Kong",
        "url": "http://ice.digitalradiohk.net:8000/drhk",
        "url_resolved": "http://ice.digitalradiohk.net:8000/drhk",
        "homepage": "http://digitalradiohk.net/",
        "favicon": "http://digitalradiohk.net/images/favicon.png",
        "tags": "cantonese,internet radio,music,oldies",
        "country": "Hong Kong",
        "countrycode": "HK",
        "iso_3166_2": null,
        "state": "",
        "language": "cantonese",
        "languagecodes": "yue",
        "votes": 121,
        "lastchangetime": "2022-10-07 06:06:38",
        "lastchangetime_iso8601": "2022-10-07T06:06:38Z",
        "codec": "AAC+",
        "bitrate": 128,
        "hls": 0,
        "lastcheckok": 1,
        "lastchecktime": "2023-04-07 20:27:18",
        "lastchecktime_iso8601": "2023-04-07T20:27:18Z",
        "lastcheckoktime": "2023-04-07 20:27:18",
        "lastcheckoktime_iso8601": "2023-04-07T20:27:18Z",
        "lastlocalchecktime": "2023-04-07 18:25:31",
        "lastlocalchecktime_iso8601": "2023-04-07T18:25:31Z",
        "clicktimestamp": "2023-04-08 13:36:45",
        "clicktimestamp_iso8601": "2023-04-08T13:36:45Z",
        "clickcount": 30,
        "clicktrend": 3,
        "ssl_error": 0,
        "geo_lat": null,
        "geo_long": null,
        "has_extended_info": false
    },
    {
        "changeuuid": "c68df2c9-137e-4e7f-a29f-d650c33370c5",
        "stationuuid": "dcb41dc2-63bc-415f-8a6e-c44eb6aae64b",
        "serveruuid": "d7a048f1-8ace-40c9-a91a-a5fb35cc9fa5",
        "name": "\u65b0\u57ce\u77e5\u8a0a\u53f0",
        "url": "https://1931121536.rsc.cdn77.org/1931121536/tracks-a1/mono.m3u8?audio",
        "url_resolved": "https://1931121536.rsc.cdn77.org/1931121536/tracks-a1/mono.m3u8?audio",
        "homepage": "https://www.metroradio.com.hk/MetroInfo/",
        "favicon": "",
        "tags": "information,news",
        "country": "Hong Kong",
        "countrycode": "HK",
        "iso_3166_2": null,
        "state": "",
        "language": "cantonese",
        "languagecodes": "yue",
        "votes": 102,
        "lastchangetime": "2022-12-21 09:52:56",
        "lastchangetime_iso8601": "2022-12-21T09:52:56Z",
        "codec": "UNKNOWN",
        "bitrate": 0,
        "hls": 1,
        "lastcheckok": 1,
        "lastchecktime": "2023-04-08 10:46:43",
        "lastchecktime_iso8601": "2023-04-08T10:46:43Z",
        "lastcheckoktime": "2023-04-08 10:46:43",
        "lastcheckoktime_iso8601": "2023-04-08T10:46:43Z",
        "lastlocalchecktime": "2023-04-08 10:46:43",
        "lastlocalchecktime_iso8601": "2023-04-08T10:46:43Z",
        "clicktimestamp": "2023-04-08 13:21:36",
        "clicktimestamp_iso8601": "2023-04-08T13:21:36Z",
        "clickcount": 26,
        "clicktrend": -3,
        "ssl_error": 0,
        "geo_lat": null,
        "geo_long": null,
        "has_extended_info": false
    },
    {
        "changeuuid": "1b7d0cde-57db-4aec-8bc2-4c9e41e75daa",
        "stationuuid": "b1525153-24ca-460d-aca7-0fca45841169",
        "serveruuid": "2c421ce9-40d4-4f71-8ba6-f823ab83712b",
        "name": "\u65b0\u57ce\u8ca1\u7d93\u53f0",
        "url": "https://1295896862.rsc.cdn77.org/1295896862/tracks-a1/mono.m3u8?audio",
        "url_resolved": "https://1295896862.rsc.cdn77.org/1295896862/tracks-a1/mono.m3u8?audio",
        "homepage": "https://www.metroradio.com.hk/",
        "favicon": "",
        "tags": "economics",
        "country": "Hong Kong",
        "countrycode": "HK",
        "iso_3166_2": null,
        "state": "",
        "language": "cantonese",
        "languagecodes": "yue",
        "votes": 78,
        "lastchangetime": "2022-12-21 16:39:29",
        "lastchangetime_iso8601": "2022-12-21T16:39:29Z",
        "codec": "UNKNOWN",
        "bitrate": 0,
        "hls": 1,
        "lastcheckok": 1,
        "lastchecktime": "2023-04-08 10:31:09",
        "lastchecktime_iso8601": "2023-04-08T10:31:09Z",
        "lastcheckoktime": "2023-04-08 10:31:09",
        "lastcheckoktime_iso8601": "2023-04-08T10:31:09Z",
        "lastlocalchecktime": "2023-04-08 10:31:09",
        "lastlocalchecktime_iso8601": "2023-04-08T10:31:09Z",
        "clicktimestamp": "2023-04-08 13:23:37",
        "clicktimestamp_iso8601": "2023-04-08T13:23:37Z",
        "clickcount": 41,
        "clicktrend": 2,
        "ssl_error": 0,
        "geo_lat": null,
        "geo_long": null,
        "has_extended_info": false
    },
    {
        "changeuuid": "6357610c-9116-4bbe-b736-6f68fae27c83",
        "stationuuid": "2da259ce-c76a-4996-8a89-23f200f6ac1c",
        "serveruuid": "3d0d54b8-32f0-478a-b81d-8f1fbcce2276",
        "name": "RTHK radio 2",
        "url": "https://rthkaudio2-lh.akamaihd.net/i/radio2_1@355865/index_56_a-p.m3u8",
        "url_resolved": "https://rthkradio2-live.akamaized.net/hls/live/2040078/radio2/master.m3u8",
        "homepage": "http://www.rthk.org.hk/channel/radio2/",
        "favicon": "",
        "tags": "entertainment,information",
        "country": "Hong Kong",
        "countrycode": "HK",
        "iso_3166_2": null,
        "state": "",
        "language": "cantonese",
        "languagecodes": "yue",
        "votes": 68,
        "lastchangetime": "2022-09-06 01:27:01",
        "lastchangetime_iso8601": "2022-09-06T01:27:01Z",
        "codec": "AAC",
        "bitrate": 70,
        "hls": 1,
        "lastcheckok": 1,
        "lastchecktime": "2023-04-08 08:59:50",
        "lastchecktime_iso8601": "2023-04-08T08:59:50Z",
        "lastcheckoktime": "2023-04-08 08:59:50",
        "lastcheckoktime_iso8601": "2023-04-08T08:59:50Z",
        "lastlocalchecktime": "2023-04-07 16:58:36",
        "lastlocalchecktime_iso8601": "2023-04-07T16:58:36Z",
        "clicktimestamp": "2023-04-08 12:55:04",
        "clicktimestamp_iso8601": "2023-04-08T12:55:04Z",
        "clickcount": 18,
        "clicktrend": 0,
        "ssl_error": 0,
        "geo_lat": null,
        "geo_long": null,
        "has_extended_info": false
    },
    {
        "changeuuid": "c34c1015-bc59-4432-8669-1661f942534a",
        "stationuuid": "cb5b8578-166b-4b78-98a3-804adf69b99b",
        "serveruuid": "5da53f46-da16-49ec-86ec-61818ac2beca",
        "name": "\u7b2c\u56db\u53f0",
        "url": "https://rthkaudio4-lh.akamaihd.net/i/radio4_1@355867/master.m3u8",
        "url_resolved": "https://rthkradio4-live.akamaized.net/hls/live/2040080/radio4/master.m3u8",
        "homepage": "https://www.rthk.hk/radio/radio4/",
        "favicon": "https://www.rthk.hk/img/apple-icon-114x114.png",
        "tags": "",
        "country": "Hong Kong",
        "countrycode": "HK",
        "iso_3166_2": null,
        "state": "",
        "language": "1",
        "languagecodes": "",
        "votes": 58,
        "lastchangetime": "2022-10-13 21:19:28",
        "lastchangetime_iso8601": "2022-10-13T21:19:28Z",
        "codec": "AAC",
        "bitrate": 70,
        "hls": 1,
        "lastcheckok": 1,
        "lastchecktime": "2023-04-08 10:57:36",
        "lastchecktime_iso8601": "2023-04-08T10:57:36Z",
        "lastcheckoktime": "2023-04-08 10:57:36",
        "lastcheckoktime_iso8601": "2023-04-08T10:57:36Z",
        "lastlocalchecktime": "2023-04-07 15:05:16",
        "lastlocalchecktime_iso8601": "2023-04-07T15:05:16Z",
        "clicktimestamp": "2023-04-08 10:16:59",
        "clicktimestamp_iso8601": "2023-04-08T10:16:59Z",
        "clickcount": 21,
        "clicktrend": 0,
        "ssl_error": 0,
        "geo_lat": null,
        "geo_long": null,
        "has_extended_info": false
    },
    {
        "changeuuid": "4b23aa17-7aee-4847-a8b5-a4be2e005d46",
        "stationuuid": "df485b29-376b-446e-9427-e88c4aefe364",
        "serveruuid": "139349f0-8a64-469f-a248-1ae926ccc567",
        "name": "RTHK Radio-3",
        "url": "https://rthkaudio3-lh.akamaihd.net/i/radio3_1@355866/master.m3u8",
        "url_resolved": "https://rthkradio3-live.akamaized.net/hls/live/2040079/radio3/master.m3u8",
        "homepage": "https://www.rthk.hk/radio/radio3?lang=en",
        "favicon": "https://www.rthk.hk/img/apple-icon-114x114.png",
        "tags": "",
        "country": "Hong Kong",
        "countrycode": "HK",
        "iso_3166_2": null,
        "state": "",
        "language": "",
        "languagecodes": "",
        "votes": 56,
        "lastchangetime": "2022-10-14 06:32:03",
        "lastchangetime_iso8601": "2022-10-14T06:32:03Z",
        "codec": "AAC",
        "bitrate": 70,
        "hls": 1,
        "lastcheckok": 1,
        "lastchecktime": "2023-04-08 13:55:48",
        "lastchecktime_iso8601": "2023-04-08T13:55:48Z",
        "lastcheckoktime": "2023-04-08 13:55:48",
        "lastcheckoktime_iso8601": "2023-04-08T13:55:48Z",
        "lastlocalchecktime": "2023-04-08 13:55:48",
        "lastlocalchecktime_iso8601": "2023-04-08T13:55:48Z",
        "clicktimestamp": "2023-04-06 11:05:40",
        "clicktimestamp_iso8601": "2023-04-06T11:05:40Z",
        "clickcount": 6,
        "clicktrend": 0,
        "ssl_error": 0,
        "geo_lat": null,
        "geo_long": null,
        "has_extended_info": false
    },
    {
        "changeuuid": "b261165c-e0a4-42f8-9ee8-584587b8c50d",
        "stationuuid": "0925faae-a728-4160-943c-b5ed5e34b7ca",
        "serveruuid": "95b66fc3-9927-438d-a193-27a32c014940",
        "name": "\u508d\u665a\u65b0\u805e\u5929\u5730 18:30 ",
        "url": "https://rthkaod3-vh.akamaihd.net/i/m4a/radio/archive/radio1/6oclocknews/m4a/20220113.m4a/master.m3u8?callback=jQuery112409800777413835493_1642074777532&_=1642074777533",
        "url_resolved": "https://rthkaod2022.akamaized.net/m4a/radio/archive/radio1/6oclocknews/m4a/20220113.m4a/master.m3u8?callback=jQuery112409800777413835493_1642074777532&_=1642074777533",
        "homepage": "https://www.rthk.hk/radio/radio1/programme/6oclocknews",
        "favicon": "",
        "tags": "",
        "country": "Hong Kong",
        "countrycode": "HK",
        "iso_3166_2": null,
        "state": "",
        "language": "1",
        "languagecodes": "",
        "votes": 52,
        "lastchangetime": "2022-04-18 20:19:45",
        "lastchangetime_iso8601": "2022-04-18T20:19:45Z",
        "codec": "AAC",
        "bitrate": 64,
        "hls": 1,
        "lastcheckok": 1,
        "lastchecktime": "2023-04-08 09:33:00",
        "lastchecktime_iso8601": "2023-04-08T09:33:00Z",
        "lastcheckoktime": "2023-04-08 09:33:00",
        "lastcheckoktime_iso8601": "2023-04-08T09:33:00Z",
        "lastlocalchecktime": "2023-04-07 19:55:46",
        "lastlocalchecktime_iso8601": "2023-04-07T19:55:46Z",
        "clicktimestamp": "2023-04-08 11:42:18",
        "clicktimestamp_iso8601": "2023-04-08T11:42:18Z",
        "clickcount": 40,
        "clicktrend": 5,
        "ssl_error": 0,
        "geo_lat": null,
        "geo_long": null,
        "has_extended_info": false
    },
    {
        "changeuuid": "4df773d2-d3c4-4cad-bb10-5ca688f2b0e5",
        "stationuuid": "2930da9c-7279-4c16-8574-080074ddf763",
        "serveruuid": "5ecbe2d9-6488-4212-a90c-b00fed226a6b",
        "name": "\u9999\u6e2f\u666e\u901a\u8bdd\u53f0",
        "url": "https://rthkaudio6-lh.akamaihd.net/i/radiopth_1@355869/index_56_a-p.m3u8",
        "url_resolved": "https://rthkradiopth-live.akamaized.net/hls/live/2040082/radiopth/master.m3u8",
        "homepage": "https://www.rthk.hk/radio/pth",
        "favicon": "https://www.rthk.hk/img/apple-icon-114x114.png",
        "tags": "information,news,public radio",
        "country": "Hong Kong",
        "countrycode": "HK",
        "iso_3166_2": null,
        "state": "",
        "language": "chinese",
        "languagecodes": "zh",
        "votes": 47,
        "lastchangetime": "2022-10-13 10:57:44",
        "lastchangetime_iso8601": "2022-10-13T10:57:44Z",
        "codec": "AAC",
        "bitrate": 70,
        "hls": 1,
        "lastcheckok": 1,
        "lastchecktime": "2023-04-07 17:03:20",
        "lastchecktime_iso8601": "2023-04-07T17:03:20Z",
        "lastcheckoktime": "2023-04-07 17:03:20",
        "lastcheckoktime_iso8601": "2023-04-07T17:03:20Z",
        "lastlocalchecktime": "2023-04-07 17:03:20",
        "lastlocalchecktime_iso8601": "2023-04-07T17:03:20Z",
        "clicktimestamp": "2023-04-08 09:32:32",
        "clicktimestamp_iso8601": "2023-04-08T09:32:32Z",
        "clickcount": 16,
        "clicktrend": 4,
        "ssl_error": 0,
        "geo_lat": null,
        "geo_long": null,
        "has_extended_info": false
    },
    {
        "changeuuid": "7e47b9c9-8a1a-469e-85aa-69ad0a9b2125",
        "stationuuid": "ff98b8d3-f26a-4801-8c02-6759c15f0003",
        "serveruuid": "5da53f46-da16-49ec-86ec-61818ac2beca",
        "name": "RTHK Radio 4",
        "url": "https://rthkradio4-live.akamaized.net/hls/live/2040080/radio4/master.m3u8",
        "url_resolved": "https://rthkradio4-live.akamaized.net/hls/live/2040080/radio4/master.m3u8",
        "homepage": "http://www.rthk.org.hk/",
        "favicon": "https://cdn.sao.fm/wp-content/uploads/20220923022431863.jpg",
        "tags": "97.6,97.6 fm,classical",
        "country": "Hong Kong",
        "countrycode": "HK",
        "iso_3166_2": null,
        "state": "",
        "language": "cantonese,english",
        "languagecodes": "en,yue",
        "votes": 43,
        "lastchangetime": "2022-10-24 07:35:23",
        "lastchangetime_iso8601": "2022-10-24T07:35:23Z",
        "codec": "AAC",
        "bitrate": 70,
        "hls": 1,
        "lastcheckok": 1,
        "lastchecktime": "2023-04-07 17:17:33",
        "lastchecktime_iso8601": "2023-04-07T17:17:33Z",
        "lastcheckoktime": "2023-04-07 17:17:33",
        "lastcheckoktime_iso8601": "2023-04-07T17:17:33Z",
        "lastlocalchecktime": "2023-04-07 17:17:33",
        "lastlocalchecktime_iso8601": "2023-04-07T17:17:33Z",
        "clicktimestamp": "2023-04-08 10:18:49",
        "clicktimestamp_iso8601": "2023-04-08T10:18:49Z",
        "clickcount": 13,
        "clicktrend": -2,
        "ssl_error": 0,
        "geo_lat": null,
        "geo_long": null,
        "has_extended_info": false
    },
    {
        "changeuuid": "2c93866e-9c0c-4d02-b163-47b41bf7f7e8",
        "stationuuid": "624c3e91-f945-4580-ae12-3de47b331236",
        "serveruuid": "13130cca-0508-465a-99a2-806d022b6144",
        "name": "\u65b0\u57ce\u91c7\u8a0a\u53f0",
        "url": "https://1435271937.rsc.cdn77.org/1435271937/tracks-a1/mono.m3u8?audio",
        "url_resolved": "https://1435271937.rsc.cdn77.org/1435271937/tracks-a1/mono.m3u8?audio",
        "homepage": "https://www.metroradio.com.hk/MetroInfo/",
        "favicon": "",
        "tags": "information",
        "country": "Hong Kong",
        "countrycode": "HK",
        "iso_3166_2": null,
        "state": "",
        "language": "cantonese",
        "languagecodes": "yue",
        "votes": 42,
        "lastchangetime": "2022-12-21 11:15:56",
        "lastchangetime_iso8601": "2022-12-21T11:15:56Z",
        "codec": "UNKNOWN",
        "bitrate": 0,
        "hls": 1,
        "lastcheckok": 1,
        "lastchecktime": "2023-04-07 20:28:55",
        "lastchecktime_iso8601": "2023-04-07T20:28:55Z",
        "lastcheckoktime": "2023-04-07 20:28:55",
        "lastcheckoktime_iso8601": "2023-04-07T20:28:55Z",
        "lastlocalchecktime": "2023-04-07 20:28:55",
        "lastlocalchecktime_iso8601": "2023-04-07T20:28:55Z",
        "clicktimestamp": "2023-04-07 06:59:00",
        "clicktimestamp_iso8601": "2023-04-07T06:59:00Z",
        "clickcount": 18,
        "clicktrend": -4,
        "ssl_error": 0,
        "geo_lat": null,
        "geo_long": null,
        "has_extended_info": false
    },
    {
        "changeuuid": "2813cc58-6acf-42b9-b9a2-4156e080f53d",
        "stationuuid": "4e1d0a24-9b0c-49d9-978e-35bbf92f27c1",
        "serveruuid": "95b66fc3-9927-438d-a193-27a32c014940",
        "name": "\u508d\u665a\u65b0\u805e\u5929\u5730 18:30 ",
        "url": "https://rthkaod3-vh.akamaihd.net/i/m4a/radio/archive/radio1/6oclocknews/m4a/20220113.m4a/master.m3u8?callback=jQuery112409800777413835493_1642074777532&_=1642074777533",
        "url_resolved": "https://rthkaod2022.akamaized.net/m4a/radio/archive/radio1/6oclocknews/m4a/20220113.m4a/master.m3u8?callback=jQuery112409800777413835493_1642074777532&_=1642074777533",
        "homepage": "https://www.rthk.hk/radio/radio1/programme/6oclocknews",
        "favicon": "",
        "tags": "",
        "country": "Hong Kong",
        "countrycode": "HK",
        "iso_3166_2": null,
        "state": "",
        "language": "1",
        "languagecodes": "",
        "votes": 41,
        "lastchangetime": "2022-04-19 19:04:44",
        "lastchangetime_iso8601": "2022-04-19T19:04:44Z",
        "codec": "AAC",
        "bitrate": 64,
        "hls": 1,
        "lastcheckok": 1,
        "lastchecktime": "2023-04-08 08:33:00",
        "lastchecktime_iso8601": "2023-04-08T08:33:00Z",
        "lastcheckoktime": "2023-04-08 08:33:00",
        "lastcheckoktime_iso8601": "2023-04-08T08:33:00Z",
        "lastlocalchecktime": "2023-04-07 17:58:10",
        "lastlocalchecktime_iso8601": "2023-04-07T17:58:10Z",
        "clicktimestamp": "2023-04-08 11:28:25",
        "clicktimestamp_iso8601": "2023-04-08T11:28:25Z",
        "clickcount": 21,
        "clicktrend": 0,
        "ssl_error": 0,
        "geo_lat": null,
        "geo_long": null,
        "has_extended_info": false
    },
    {
        "changeuuid": "09b3458f-0566-478d-b225-012c8a79c09c",
        "stationuuid": "6c079185-c003-4f5e-9f84-3cd15cd7264a",
        "serveruuid": "95b66fc3-9927-438d-a193-27a32c014940",
        "name": "\u508d\u665a\u65b0\u805e\u5929\u5730 18:30 ",
        "url": "https://rthkaod3-vh.akamaihd.net/i/m4a/radio/archive/radio1/6oclocknews/m4a/20220113.m4a/master.m3u8?callback=jQuery112409800777413835493_1642074777532&_=1642074777533",
        "url_resolved": "https://rthkaod2022.akamaized.net/m4a/radio/archive/radio1/6oclocknews/m4a/20220113.m4a/master.m3u8?callback=jQuery112409800777413835493_1642074777532&_=1642074777533",
        "homepage": "https://www.rthk.hk/radio/radio1/programme/6oclocknews",
        "favicon": "",
        "tags": "",
        "country": "Hong Kong",
        "countrycode": "HK",
        "iso_3166_2": null,
        "state": "",
        "language": "1",
        "languagecodes": "",
        "votes": 40,
        "lastchangetime": "2022-04-19 18:42:50",
        "lastchangetime_iso8601": "2022-04-19T18:42:50Z",
        "codec": "AAC",
        "bitrate": 64,
        "hls": 1,
        "lastcheckok": 1,
        "lastchecktime": "2023-04-08 11:15:09",
        "lastchecktime_iso8601": "2023-04-08T11:15:09Z",
        "lastcheckoktime": "2023-04-08 11:15:09",
        "lastcheckoktime_iso8601": "2023-04-08T11:15:09Z",
        "lastlocalchecktime": "2023-04-07 16:46:50",
        "lastlocalchecktime_iso8601": "2023-04-07T16:46:50Z",
        "clicktimestamp": "2023-04-08 11:28:32",
        "clicktimestamp_iso8601": "2023-04-08T11:28:32Z",
        "clickcount": 18,
        "clicktrend": 1,
        "ssl_error": 0,
        "geo_lat": null,
        "geo_long": null,
        "has_extended_info": false
    },
    {
        "changeuuid": "cef1cdee-3613-48d5-a58c-b30f3b3ae1df",
        "stationuuid": "3e7ad9d1-17e6-4b74-a5b7-9d5654c20d3c",
        "serveruuid": "cedac27f-0d1c-4870-87f4-2ba49768b328",
        "name": "RTHK Radio 6 \u592e\u5ee3\u9999\u6e2f\u4e4b\u8072",
        "url": "https://rthkradiocnrhk-live.akamaized.net/hls/live/2046111/radiocnrhk/master.m3u8",
        "url_resolved": "https://rthkradiocnrhk-live.akamaized.net/hls/live/2046111/radiocnrhk/master.m3u8",
        "homepage": "http://www.cnr.cn/",
        "favicon": "",
        "tags": "public radio",
        "country": "Hong Kong",
        "countrycode": "HK",
        "iso_3166_2": null,
        "state": "",
        "language": "cantonese",
        "languagecodes": "yue",
        "votes": 36,
        "lastchangetime": "2022-11-20 09:44:20",
        "lastchangetime_iso8601": "2022-11-20T09:44:20Z",
        "codec": "AAC",
        "bitrate": 70,
        "hls": 1,
        "lastcheckok": 1,
        "lastchecktime": "2023-04-07 19:36:48",
        "lastchecktime_iso8601": "2023-04-07T19:36:48Z",
        "lastcheckoktime": "2023-04-07 19:36:48",
        "lastcheckoktime_iso8601": "2023-04-07T19:36:48Z",
        "lastlocalchecktime": "2023-04-07 19:36:48",
        "lastlocalchecktime_iso8601": "2023-04-07T19:36:48Z",
        "clicktimestamp": "2023-04-08 12:05:07",
        "clicktimestamp_iso8601": "2023-04-08T12:05:07Z",
        "clickcount": 9,
        "clicktrend": 2,
        "ssl_error": 0,
        "geo_lat": null,
        "geo_long": null,
        "has_extended_info": false
    },
    {
        "changeuuid": "80b5509e-ba85-4e01-8847-f107de8a0c9c",
        "stationuuid": "3a5b3c97-1204-4a47-bf97-6bc08eba38b9",
        "serveruuid": "629ff71e-91f3-470d-87b0-390ec5122923",
        "name": "RTHK Radio 8 \u592e\u5ee3\u7cb5\u6e2f\u6fb3\u5927\u7063\u5340\u4e4b\u8072",
        "url": "https://rthkradiocmgrgb-live.akamaized.net/hls/live/2046112/radiocmgrgb/master.m3u8",
        "url_resolved": "https://rthkradiocmgrgb-live.akamaized.net/hls/live/2046112/radiocmgrgb/master.m3u8",
        "homepage": "http://www.cnr.cn/",
        "favicon": "",
        "tags": "102.8,102.8 fm,public radio",
        "country": "Hong Kong",
        "countrycode": "HK",
        "iso_3166_2": null,
        "state": "",
        "language": "cantonese",
        "languagecodes": "yue",
        "votes": 34,
        "lastchangetime": "2022-11-20 10:13:59",
        "lastchangetime_iso8601": "2022-11-20T10:13:59Z",
        "codec": "AAC",
        "bitrate": 70,
        "hls": 1,
        "lastcheckok": 1,
        "lastchecktime": "2023-04-07 19:29:18",
        "lastchecktime_iso8601": "2023-04-07T19:29:18Z",
        "lastcheckoktime": "2023-04-07 19:29:18",
        "lastcheckoktime_iso8601": "2023-04-07T19:29:18Z",
        "lastlocalchecktime": "2023-04-07 18:25:31",
        "lastlocalchecktime_iso8601": "2023-04-07T18:25:31Z",
        "clicktimestamp": "2023-04-08 13:22:02",
        "clicktimestamp_iso8601": "2023-04-08T13:22:02Z",
        "clickcount": 12,
        "clicktrend": 3,
        "ssl_error": 0,
        "geo_lat": null,
        "geo_long": null,
        "has_extended_info": false
    },
    {
        "changeuuid": "a67eb0f8-119c-4e4d-b5da-033dfb5bde2b",
        "stationuuid": "186b2887-e1bb-4e1f-8ffe-c17b7b501c96",
        "serveruuid": "d7c996d6-e82e-431c-8530-a5588894d839",
        "name": "radio 1",
        "url": "https://rthkaudio1-lh.akamaihd.net/i/radio1_1@355864/index_56_a-p.m3u8",
        "url_resolved": "https://rthkradio1-live.akamaized.net/hls/live/2035313/radio1/master.m3u8",
        "homepage": "https://www.rthk.hk/",
        "favicon": "https://www.rthk.hk/img/apple-icon-114x114.png",
        "tags": "",
        "country": "Hong Kong",
        "countrycode": "HK",
        "iso_3166_2": null,
        "state": "",
        "language": "english",
        "languagecodes": "en",
        "votes": 33,
        "lastchangetime": "2022-10-13 10:37:57",
        "lastchangetime_iso8601": "2022-10-13T10:37:57Z",
        "codec": "AAC",
        "bitrate": 70,
        "hls": 1,
        "lastcheckok": 1,
        "lastchecktime": "2023-04-07 21:47:43",
        "lastchecktime_iso8601": "2023-04-07T21:47:43Z",
        "lastcheckoktime": "2023-04-07 21:47:43",
        "lastcheckoktime_iso8601": "2023-04-07T21:47:43Z",
        "lastlocalchecktime": "2023-04-07 18:43:08",
        "lastlocalchecktime_iso8601": "2023-04-07T18:43:08Z",
        "clicktimestamp": "2023-04-07 02:58:34",
        "clicktimestamp_iso8601": "2023-04-07T02:58:34Z",
        "clickcount": 12,
        "clicktrend": -1,
        "ssl_error": 0,
        "geo_lat": null,
        "geo_long": null,
        "has_extended_info": false
    },
    {
        "changeuuid": "e0547102-13db-4fd8-b419-75717605e077",
        "stationuuid": "140cbc06-7365-40c8-b81e-564f55e7f290",
        "serveruuid": "375bb327-1b08-46fe-b85c-e02ef360d04e",
        "name": "RTHK Radio 5",
        "url": "https://rthkradio5-live.akamaized.net/hls/live/2040081/radio5/master.m3u8",
        "url_resolved": "https://rthkradio5-live.akamaized.net/hls/live/2040081/radio5/master.m3u8",
        "homepage": "http://www.rthk.org.hk/",
        "favicon": "https://cdn.sao.fm/wp-content/uploads/20220923022500897.jpg",
        "tags": "am783,education,educational,information,public radio",
        "country": "Hong Kong",
        "countrycode": "HK",
        "iso_3166_2": null,
        "state": "",
        "language": "cantonese",
        "languagecodes": "yue",
        "votes": 32,
        "lastchangetime": "2022-10-20 23:18:01",
        "lastchangetime_iso8601": "2022-10-20T23:18:01Z",
        "codec": "AAC",
        "bitrate": 70,
        "hls": 1,
        "lastcheckok": 1,
        "lastchecktime": "2023-04-08 12:35:06",
        "lastchecktime_iso8601": "2023-04-08T12:35:06Z",
        "lastcheckoktime": "2023-04-08 12:35:06",
        "lastcheckoktime_iso8601": "2023-04-08T12:35:06Z",
        "lastlocalchecktime": "2023-04-07 20:46:13",
        "lastlocalchecktime_iso8601": "2023-04-07T20:46:13Z",
        "clicktimestamp": "2023-04-07 21:15:13",
        "clicktimestamp_iso8601": "2023-04-07T21:15:13Z",
        "clickcount": 25,
        "clicktrend": 0,
        "ssl_error": 0,
        "geo_lat": null,
        "geo_long": null,
        "has_extended_info": false
    },
    {
        "changeuuid": "00c6660d-951c-4455-8554-cfe24e4f4943",
        "stationuuid": "43441d30-a39d-492e-87f3-c30d7fd47863",
        "serveruuid": "464f07d2-e516-4c6b-ab02-610f3c4c07b2",
        "name": "\u9762\u5305\u53f0",
        "url": "https://video.bread-tv.com:8091/hls-live24/online/index.m3u8",
        "url_resolved": "https://video.bread-tv.com:8091/hls-live24/online/index.m3u8",
        "homepage": "http://bread-tv.com/",
        "favicon": "",
        "tags": "news",
        "country": "Hong Kong",
        "countrycode": "HK",
        "iso_3166_2": null,
        "state": "",
        "language": "cantonese",
        "languagecodes": "yue",
        "votes": 27,
        "lastchangetime": "2022-10-15 08:24:55",
        "lastchangetime_iso8601": "2022-10-15T08:24:55Z",
        "codec": "UNKNOWN",
        "bitrate": 0,
        "hls": 1,
        "lastcheckok": 1,
        "lastchecktime": "2023-04-07 18:02:53",
        "lastchecktime_iso8601": "2023-04-07T18:02:53Z",
        "lastcheckoktime": "2023-04-07 18:02:53",
        "lastcheckoktime_iso8601": "2023-04-07T18:02:53Z",
        "lastlocalchecktime": "2023-04-07 15:58:46",
        "lastlocalchecktime_iso8601": "2023-04-07T15:58:46Z",
        "clicktimestamp": "2023-04-07 07:23:28",
        "clicktimestamp_iso8601": "2023-04-07T07:23:28Z",
        "clickcount": 12,
        "clicktrend": -2,
        "ssl_error": 0,
        "geo_lat": null,
        "geo_long": null,
        "has_extended_info": false
    },
    {
        "changeuuid": "9f770177-dc1b-46d9-93db-59261f7a7ddd",
        "stationuuid": "49db0ea2-0e18-49c3-9f85-bc3fdb163811",
        "serveruuid": "4bf8e858-303c-475e-b9ac-877071441c76",
        "name": "Hong Kong Community Radio",
        "url": "https://hkcr.live/audio/index.m3u8",
        "url_resolved": "https://hkcr.live/audio/index.m3u8",
        "homepage": "https://hkcr.live/",
        "favicon": "",
        "tags": "alternative,electronic,underground",
        "country": "Hong Kong",
        "countrycode": "HK",
        "iso_3166_2": null,
        "state": "",
        "language": "chinese,english",
        "languagecodes": "en,zh",
        "votes": 26,
        "lastchangetime": "2022-05-17 20:05:04",
        "lastchangetime_iso8601": "2022-05-17T20:05:04Z",
        "codec": "UNKNOWN",
        "bitrate": 0,
        "hls": 1,
        "lastcheckok": 1,
        "lastchecktime": "2023-04-08 11:33:56",
        "lastchecktime_iso8601": "2023-04-08T11:33:56Z",
        "lastcheckoktime": "2023-04-08 11:33:56",
        "lastcheckoktime_iso8601": "2023-04-08T11:33:56Z",
        "lastlocalchecktime": "2023-04-07 17:55:03",
        "lastlocalchecktime_iso8601": "2023-04-07T17:55:03Z",
        "clicktimestamp": "2023-04-08 08:15:47",
        "clicktimestamp_iso8601": "2023-04-08T08:15:47Z",
        "clickcount": 10,
        "clicktrend": -1,
        "ssl_error": 0,
        "geo_lat": null,
        "geo_long": null,
        "has_extended_info": false
    },
    {
        "changeuuid": "4f432e23-2577-48fa-a89c-653db2bb967e",
        "stationuuid": "1875ea38-6f79-4277-b4d5-8db900077100",
        "serveruuid": "139349f0-8a64-469f-a248-1ae926ccc567",
        "name": "RTHK Radio 3",
        "url": "https://rthkradio3-live.akamaized.net/hls/live/2040079/radio3/master.m3u8",
        "url_resolved": "https://rthkradio3-live.akamaized.net/hls/live/2040079/radio3/master.m3u8",
        "homepage": "http://www.rthk.org.hk/",
        "favicon": "https://cdn.sao.fm/wp-content/uploads/20220923022328301.jpg",
        "tags": "english,information,news",
        "country": "Hong Kong",
        "countrycode": "HK",
        "iso_3166_2": null,
        "state": "",
        "language": "english",
        "languagecodes": "en",
        "votes": 25,
        "lastchangetime": "2022-10-20 23:12:55",
        "lastchangetime_iso8601": "2022-10-20T23:12:55Z",
        "codec": "AAC",
        "bitrate": 70,
        "hls": 1,
        "lastcheckok": 1,
        "lastchecktime": "2023-04-08 12:35:06",
        "lastchecktime_iso8601": "2023-04-08T12:35:06Z",
        "lastcheckoktime": "2023-04-08 12:35:06",
        "lastcheckoktime_iso8601": "2023-04-08T12:35:06Z",
        "lastlocalchecktime": "2023-04-07 18:52:49",
        "lastlocalchecktime_iso8601": "2023-04-07T18:52:49Z",
        "clicktimestamp": "2023-04-07 03:19:44",
        "clicktimestamp_iso8601": "2023-04-07T03:19:44Z",
        "clickcount": 8,
        "clicktrend": -1,
        "ssl_error": 0,
        "geo_lat": null,
        "geo_long": null,
        "has_extended_info": false
    },
    {
        "changeuuid": "2e276901-6bb7-4a3f-93a1-c9b0765209ff",
        "stationuuid": "b52583a4-0da1-4c32-b917-a229f9d3a122",
        "serveruuid": "d7c996d6-e82e-431c-8530-a5588894d839",
        "name": "RTHK Radio 1",
        "url": "https://rthkradio1-live.akamaized.net/hls/live/2035313/radio1/master.m3u8",
        "url_resolved": "https://rthkradio1-live.akamaized.net/hls/live/2035313/radio1/master.m3u8",
        "homepage": "http://www.rthk.org.hk/",
        "favicon": "https://cdn.sao.fm/wp-content/uploads/20220923022119993.jpg",
        "tags": "news,public radio",
        "country": "Hong Kong",
        "countrycode": "HK",
        "iso_3166_2": null,
        "state": "",
        "language": "cantonese",
        "languagecodes": "yue",
        "votes": 22,
        "lastchangetime": "2022-10-20 15:26:36",
        "lastchangetime_iso8601": "2022-10-20T15:26:36Z",
        "codec": "AAC",
        "bitrate": 70,
        "hls": 1,
        "lastcheckok": 1,
        "lastchecktime": "2023-04-08 02:32:09",
        "lastchecktime_iso8601": "2023-04-08T02:32:09Z",
        "lastcheckoktime": "2023-04-08 02:32:09",
        "lastcheckoktime_iso8601": "2023-04-08T02:32:09Z",
        "lastlocalchecktime": "2023-04-07 18:12:27",
        "lastlocalchecktime_iso8601": "2023-04-07T18:12:27Z",
        "clicktimestamp": "2023-04-07 17:14:50",
        "clicktimestamp_iso8601": "2023-04-07T17:14:50Z",
        "clickcount": 11,
        "clicktrend": 1,
        "ssl_error": 0,
        "geo_lat": null,
        "geo_long": null,
        "has_extended_info": false
    },
    {
        "changeuuid": "ef3b09ad-4bc8-4252-9ac6-4a51937bda89",
        "stationuuid": "d299c56f-11f4-4bf9-b465-4d53689e1c6d",
        "serveruuid": "de5b353e-f38c-4d82-8178-cc863511afb5",
        "name": "CMC\u52a0\u5dde\u97f3\u4e50",
        "url": "https://cmc-ono.amagi.tv/playlist720_p.m3u8",
        "url_resolved": "https://cmc-ono.amagi.tv/playlist720_p.m3u8",
        "homepage": "https://www.brtv.org.cn/",
        "favicon": "",
        "tags": "",
        "country": "Hong Kong",
        "countrycode": "HK",
        "iso_3166_2": null,
        "state": "",
        "language": "",
        "languagecodes": "",
        "votes": 21,
        "lastchangetime": "2022-11-02 14:26:24",
        "lastchangetime_iso8601": "2022-11-02T14:26:24Z",
        "codec": "UNKNOWN",
        "bitrate": 0,
        "hls": 1,
        "lastcheckok": 1,
        "lastchecktime": "2023-04-07 20:55:08",
        "lastchecktime_iso8601": "2023-04-07T20:55:08Z",
        "lastcheckoktime": "2023-04-07 20:55:08",
        "lastcheckoktime_iso8601": "2023-04-07T20:55:08Z",
        "lastlocalchecktime": "2023-04-07 18:34:44",
        "lastlocalchecktime_iso8601": "2023-04-07T18:34:44Z",
        "clicktimestamp": "2023-04-07 15:28:59",
        "clicktimestamp_iso8601": "2023-04-07T15:28:59Z",
        "clickcount": 5,
        "clicktrend": 1,
        "ssl_error": 0,
        "geo_lat": null,
        "geo_long": null,
        "has_extended_info": false
    },
    {
        "changeuuid": "4577a8dd-3db1-4b5e-9ac3-b3801248d23b",
        "stationuuid": "adb40af2-1bfe-4d43-8122-08b7e0b799a1",
        "serveruuid": "3d0d54b8-32f0-478a-b81d-8f1fbcce2276",
        "name": "RTHK Radio 2",
        "url": "https://rthkradio2-live.akamaized.net/hls/live/2040078/radio2/index_64_a.m3u8",
        "url_resolved": "https://rthkradio2-live.akamaized.net/hls/live/2040078/radio2/index_64_a.m3u8",
        "homepage": "http://www.rthk.org.hk/",
        "favicon": "https://cdn.sao.fm/wp-content/uploads/20220923022252356.jpg",
        "tags": "94.8,94.8 fm,entertainment",
        "country": "Hong Kong",
        "countrycode": "HK",
        "iso_3166_2": null,
        "state": "",
        "language": "cantonese",
        "languagecodes": "yue",
        "votes": 21,
        "lastchangetime": "2022-10-20 23:18:01",
        "lastchangetime_iso8601": "2022-10-20T23:18:01Z",
        "codec": "UNKNOWN",
        "bitrate": 0,
        "hls": 1,
        "lastcheckok": 1,
        "lastchecktime": "2023-04-08 10:51:43",
        "lastchecktime_iso8601": "2023-04-08T10:51:43Z",
        "lastcheckoktime": "2023-04-08 10:51:43",
        "lastcheckoktime_iso8601": "2023-04-08T10:51:43Z",
        "lastlocalchecktime": "2023-04-07 17:27:54",
        "lastlocalchecktime_iso8601": "2023-04-07T17:27:54Z",
        "clicktimestamp": "2023-04-08 07:48:48",
        "clicktimestamp_iso8601": "2023-04-08T07:48:48Z",
        "clickcount": 15,
        "clicktrend": 2,
        "ssl_error": 0,
        "geo_lat": null,
        "geo_long": null,
        "has_extended_info": false
    },
    {
        "changeuuid": "6c8570e8-a987-4607-a43f-c54b4654d26b",
        "stationuuid": "c3158b2d-5570-4fd4-ab76-55a44467ad7a",
        "serveruuid": "525d129c-7a9f-43dd-84fd-9f2f5538ccf1",
        "name": "RTHK Radio 7 \u666e\u901a\u8bdd\u53f0",
        "url": "http://202.177.192.119/radiopth",
        "url_resolved": "http://202.177.192.119/radiopth",
        "homepage": "https://m.rthk.hk/",
        "favicon": "https://cdn-radiotime-logos.tunein.com/s14481d.png",
        "tags": "chinese,information,music",
        "country": "Hong Kong",
        "countrycode": "HK",
        "iso_3166_2": null,
        "state": "",
        "language": "chinese",
        "languagecodes": "zh",
        "votes": 20,
        "lastchangetime": "2023-02-12 06:17:10",
        "lastchangetime_iso8601": "2023-02-12T06:17:10Z",
        "codec": "MP3",
        "bitrate": 0,
        "hls": 0,
        "lastcheckok": 1,
        "lastchecktime": "2023-04-08 08:40:02",
        "lastchecktime_iso8601": "2023-04-08T08:40:02Z",
        "lastcheckoktime": "2023-04-08 08:40:02",
        "lastcheckoktime_iso8601": "2023-04-08T08:40:02Z",
        "lastlocalchecktime": "2023-04-07 17:51:19",
        "lastlocalchecktime_iso8601": "2023-04-07T17:51:19Z",
        "clicktimestamp": "2023-04-08 12:04:58",
        "clicktimestamp_iso8601": "2023-04-08T12:04:58Z",
        "clickcount": 21,
        "clicktrend": 4,
        "ssl_error": 0,
        "geo_lat": null,
        "geo_long": null,
        "has_extended_info": false
    },
    {
        "changeuuid": "1140a575-5bea-4b65-98a5-7762a62f5a67",
        "stationuuid": "b5eea176-4a21-4287-990f-46c30ee306dc",
        "serveruuid": "d7c996d6-e82e-431c-8530-a5588894d839",
        "name": "Radio 1111",
        "url": "https://rthkaudio1-lh.akamaihd.net/i/radio1_1@355864/index_56_a-p.m3u8",
        "url_resolved": "https://rthkradio1-live.akamaized.net/hls/live/2035313/radio1/master.m3u8",
        "homepage": "https://www.rthk.hk/",
        "favicon": "https://www.rthk.hk/img/apple-icon-114x114.png",
        "tags": "",
        "country": "Hong Kong",
        "countrycode": "HK",
        "iso_3166_2": null,
        "state": "",
        "language": "english",
        "languagecodes": "en",
        "votes": 15,
        "lastchangetime": "2022-10-13 09:53:01",
        "lastchangetime_iso8601": "2022-10-13T09:53:01Z",
        "codec": "AAC",
        "bitrate": 70,
        "hls": 1,
        "lastcheckok": 1,
        "lastchecktime": "2023-04-08 01:10:40",
        "lastchecktime_iso8601": "2023-04-08T01:10:40Z",
        "lastcheckoktime": "2023-04-08 01:10:40",
        "lastcheckoktime_iso8601": "2023-04-08T01:10:40Z",
        "lastlocalchecktime": "2023-04-07 14:56:56",
        "lastlocalchecktime_iso8601": "2023-04-07T14:56:56Z",
        "clicktimestamp": "2023-04-08 03:29:24",
        "clicktimestamp_iso8601": "2023-04-08T03:29:24Z",
        "clickcount": 7,
        "clicktrend": 1,
        "ssl_error": 0,
        "geo_lat": null,
        "geo_long": null,
        "has_extended_info": false
    },
    {
        "changeuuid": "33b30d91-005f-4787-8f1a-f762ee4947aa",
        "stationuuid": "897d3142-8c40-40f1-8b65-eff7d66ec7bd",
        "serveruuid": "5da53f46-da16-49ec-86ec-61818ac2beca",
        "name": "Radio 4444",
        "url": "https://rthkaudio4-lh.akamaihd.net/i/radio4_1@355867/master.m3u8",
        "url_resolved": "https://rthkradio4-live.akamaized.net/hls/live/2040080/radio4/master.m3u8",
        "homepage": "http://www.rthk.hk/",
        "favicon": "",
        "tags": "",
        "country": "Hong Kong",
        "countrycode": "HK",
        "iso_3166_2": null,
        "state": "",
        "language": "english",
        "languagecodes": "en",
        "votes": 14,
        "lastchangetime": "2022-08-30 16:51:35",
        "lastchangetime_iso8601": "2022-08-30T16:51:35Z",
        "codec": "AAC",
        "bitrate": 70,
        "hls": 1,
        "lastcheckok": 1,
        "lastchecktime": "2023-04-08 14:09:02",
        "lastchecktime_iso8601": "2023-04-08T14:09:02Z",
        "lastcheckoktime": "2023-04-08 14:09:02",
        "lastcheckoktime_iso8601": "2023-04-08T14:09:02Z",
        "lastlocalchecktime": "2023-04-08 14:09:02",
        "lastlocalchecktime_iso8601": "2023-04-08T14:09:02Z",
        "clicktimestamp": "2023-04-07 11:53:17",
        "clicktimestamp_iso8601": "2023-04-07T11:53:17Z",
        "clickcount": 7,
        "clicktrend": -1,
        "ssl_error": 0,
        "geo_lat": null,
        "geo_long": null,
        "has_extended_info": false
    },
    {
        "changeuuid": "6a78c822-4eb9-48fa-bcac-5154358b79ef",
        "stationuuid": "6e54fe80-269e-4238-8ee2-c226c031d4bd",
        "serveruuid": "d7c996d6-e82e-431c-8530-a5588894d839",
        "name": "RTHK Radio 1",
        "url": "https://rthkaudio1-lh.akamaihd.net/i/radio1_1@355864/index_56_a-p.m3u8",
        "url_resolved": "https://rthkradio1-live.akamaized.net/hls/live/2035313/radio1/master.m3u8",
        "homepage": "https://rthkaudio1-lh.akamaihd.net/i/radio1_1@355864/index_56_a-p.m3u8",
        "favicon": "",
        "tags": "",
        "country": "Hong Kong",
        "countrycode": "HK",
        "iso_3166_2": null,
        "state": "",
        "language": "english",
        "languagecodes": "en",
        "votes": 12,
        "lastchangetime": "2022-04-19 12:40:17",
        "lastchangetime_iso8601": "2022-04-19T12:40:17Z",
        "codec": "AAC",
        "bitrate": 70,
        "hls": 1,
        "lastcheckok": 1,
        "lastchecktime": "2023-04-08 02:27:05",
        "lastchecktime_iso8601": "2023-04-08T02:27:05Z",
        "lastcheckoktime": "2023-04-08 02:27:05",
        "lastcheckoktime_iso8601": "2023-04-08T02:27:05Z",
        "lastlocalchecktime": "2023-04-07 17:01:15",
        "lastlocalchecktime_iso8601": "2023-04-07T17:01:15Z",
        "clicktimestamp": "2023-04-08 09:18:25",
        "clicktimestamp_iso8601": "2023-04-08T09:18:25Z",
        "clickcount": 10,
        "clicktrend": 4,
        "ssl_error": 0,
        "geo_lat": null,
        "geo_long": null,
        "has_extended_info": false
    },
    {
        "changeuuid": "d9e7510e-af89-4be0-8aed-09f340becd40",
        "stationuuid": "ba2c1f66-629c-49e0-b73c-c7bc67c4c6d8",
        "serveruuid": "d7c996d6-e82e-431c-8530-a5588894d839",
        "name": "RTHK Radio 1",
        "url": "https://rthkaudio1-lh.akamaihd.net/i/radio1_1@355864/index_56_a-p.m3u8",
        "url_resolved": "https://rthkradio1-live.akamaized.net/hls/live/2035313/radio1/master.m3u8",
        "homepage": "https://rthkaudio1-lh.akamaihd.net/i/radio1_1@355864/index_56_a-p.m3u8",
        "favicon": "",
        "tags": "",
        "country": "Hong Kong",
        "countrycode": "HK",
        "iso_3166_2": null,
        "state": "",
        "language": "english",
        "languagecodes": "en",
        "votes": 11,
        "lastchangetime": "2022-04-19 17:55:34",
        "lastchangetime_iso8601": "2022-04-19T17:55:34Z",
        "codec": "AAC",
        "bitrate": 70,
        "hls": 1,
        "lastcheckok": 1,
        "lastchecktime": "2023-04-08 12:59:45",
        "lastchecktime_iso8601": "2023-04-08T12:59:45Z",
        "lastcheckoktime": "2023-04-08 12:59:45",
        "lastcheckoktime_iso8601": "2023-04-08T12:59:45Z",
        "lastlocalchecktime": "2023-04-08 12:59:45",
        "lastlocalchecktime_iso8601": "2023-04-08T12:59:45Z",
        "clicktimestamp": "2023-04-07 20:14:47",
        "clicktimestamp_iso8601": "2023-04-07T20:14:47Z",
        "clickcount": 7,
        "clicktrend": 2,
        "ssl_error": 0,
        "geo_lat": null,
        "geo_long": null,
        "has_extended_info": false
    },
    {
        "changeuuid": "b92bfa1b-5f40-4633-aa07-15ffeb6aa573",
        "stationuuid": "413742fe-3b3e-4d6e-a864-c623a0eb597f",
        "serveruuid": "d8f84966-11df-4476-8f52-b76dc6b9aab6",
        "name": "Radio Lantau",
        "url": "https://radio.dripfeed.net/listen/radiolantau/radio.mp3",
        "url_resolved": "https://radio.dripfeed.net/listen/radiolantau/radio.mp3",
        "homepage": "https://www.radiolantau.com/",
        "favicon": "https://i.ibb.co/gTHCg8L/lantau.jpg",
        "tags": "alternative rock,instro,jazz,oldies,powerpop funk,punk,soul,surf",
        "country": "Hong Kong",
        "countrycode": "HK",
        "iso_3166_2": null,
        "state": "",
        "language": "chinese,english",
        "languagecodes": "en,zh",
        "votes": 10,
        "lastchangetime": "2023-01-07 17:56:17",
        "lastchangetime_iso8601": "2023-01-07T17:56:17Z",
        "codec": "MP3",
        "bitrate": 128,
        "hls": 0,
        "lastcheckok": 1,
        "lastchecktime": "2023-04-07 23:54:42",
        "lastchecktime_iso8601": "2023-04-07T23:54:42Z",
        "lastcheckoktime": "2023-04-07 23:54:42",
        "lastcheckoktime_iso8601": "2023-04-07T23:54:42Z",
        "lastlocalchecktime": "2023-04-07 16:49:20",
        "lastlocalchecktime_iso8601": "2023-04-07T16:49:20Z",
        "clicktimestamp": "2023-04-08 05:14:22",
        "clicktimestamp_iso8601": "2023-04-08T05:14:22Z",
        "clickcount": 13,
        "clicktrend": 1,
        "ssl_error": 0,
        "geo_lat": null,
        "geo_long": null,
        "has_extended_info": false
    },
    {
        "changeuuid": "5cc859dc-909c-4dd8-9f29-984b9941bf63",
        "stationuuid": "70f7500f-e484-4783-8948-069dfc86f969",
        "serveruuid": null,
        "name": "AXR",
        "url": "https://hongkongstream.axr.online/",
        "url_resolved": "https://23733.live.streamtheworld.com:443/AXR_HONGKONGAAC.aac",
        "homepage": "https://www.axr.online/",
        "favicon": "",
        "tags": "",
        "country": "Hong Kong",
        "countrycode": "HK",
        "iso_3166_2": null,
        "state": "",
        "language": "",
        "languagecodes": "",
        "votes": 8,
        "lastchangetime": "2022-12-19 05:11:11",
        "lastchangetime_iso8601": "2022-12-19T05:11:11Z",
        "codec": "AAC+",
        "bitrate": 64,
        "hls": 0,
        "lastcheckok": 1,
        "lastchecktime": "2023-04-07 16:55:50",
        "lastchecktime_iso8601": "2023-04-07T16:55:50Z",
        "lastcheckoktime": "2023-04-07 15:51:57",
        "lastcheckoktime_iso8601": "2023-04-07T15:51:57Z",
        "lastlocalchecktime": "2023-04-07 15:51:57",
        "lastlocalchecktime_iso8601": "2023-04-07T15:51:57Z",
        "clicktimestamp": "2023-04-06 11:03:51",
        "clicktimestamp_iso8601": "2023-04-06T11:03:51Z",
        "clickcount": 6,
        "clicktrend": 0,
        "ssl_error": 0,
        "geo_lat": 1.326941322024912,
        "geo_long": 103.82629763334992,
        "has_extended_info": false
    },
    {
        "changeuuid": "13b587c7-635a-4d3d-9362-cbd323655011",
        "stationuuid": "9de7cf57-00f2-4995-b3b2-c380245ac710",
        "serveruuid": "e7b2a589-ab61-4a70-9857-4f0e49e318c2",
        "name": "\u71b1\u8840\u6642\u5831",
        "url": "https://ptmirror3.passiontimes.hk/hls3/stream.m3u8",
        "url_resolved": "https://ptmirror3.passiontimes.hk/hls3/stream.m3u8",
        "homepage": "http://passiontimes.hk/4.0/index.php",
        "favicon": "http://nettvpro.xyz/uploads/allimg/21/1-2102051619560-L.jpg",
        "tags": "internet radio",
        "country": "Hong Kong",
        "countrycode": "HK",
        "iso_3166_2": null,
        "state": "",
        "language": "cantonese",
        "languagecodes": "yue",
        "votes": 11,
        "lastchangetime": "2023-06-07 08:13:32",
        "lastchangetime_iso8601": "2023-06-07T08:13:32Z",
        "codec": "AAC,H.264",
        "bitrate": 582,
        "hls": 1,
        "lastcheckok": 1,
        "lastchecktime": "2023-07-09 08:45:00",
        "lastchecktime_iso8601": "2023-07-09T08:45:00Z",
        "lastcheckoktime": "2023-07-09 08:45:00",
        "lastcheckoktime_iso8601": "2023-07-09T08:45:00Z",
        "lastlocalchecktime": "2023-07-09 01:17:48",
        "lastlocalchecktime_iso8601": "2023-07-09T01:17:48Z",
        "clicktimestamp": "2023-07-09 07:36:49",
        "clicktimestamp_iso8601": "2023-07-09T07:36:49Z",
        "clickcount": 17,
        "clicktrend": 3,
        "ssl_error": 0,
        "geo_lat": null,
        "geo_long": null,
        "has_extended_info": false
    },
    {
        "changeuuid": "b1e4d254-5954-4d6f-8e66-87a1ee5928d5",
        "stationuuid": "38ee7cba-f235-4e89-ba9a-60e588af2b82",
        "serveruuid": "238e4b84-4882-44b2-8b3c-bfbf325d347a",
        "name": "\u51e4\u51f0\u536b\u89c6\u4e2d\u6587\u53f0",
        "url": "http://playtv-live.ifeng.com/live/06OLEGEGM4G_audio.m3u8",
        "url_resolved": "http://playtv-live.ifeng.com/live/06OLEGEGM4G_audio.m3u8",
        "homepage": "https://www.ifeng.com/",
        "favicon": "https://y1.ifengimg.com/index/72x72_2520ifeng.png",
        "tags": "news,talk",
        "country": "Hong Kong",
        "countrycode": "HK",
        "iso_3166_2": null,
        "state": "",
        "language": "chinese",
        "languagecodes": "zh",
        "votes": 4,
        "lastchangetime": "2023-11-05 01:49:34",
        "lastchangetime_iso8601": "2023-11-05T01:49:34Z",
        "codec": "UNKNOWN",
        "bitrate": 0,
        "hls": 1,
        "lastcheckok": 1,
        "lastchecktime": "2023-11-07 01:56:44",
        "lastchecktime_iso8601": "2023-11-07T01:56:44Z",
        "lastcheckoktime": "2023-11-07 01:56:44",
        "lastcheckoktime_iso8601": "2023-11-07T01:56:44Z",
        "lastlocalchecktime": "2023-11-07 01:56:44",
        "lastlocalchecktime_iso8601": "2023-11-07T01:56:44Z",
        "clicktimestamp": "2023-11-06 14:16:25",
        "clicktimestamp_iso8601": "2023-11-06T14:16:25Z",
        "clickcount": 17,
        "clicktrend": -3,
        "ssl_error": 0,
        "geo_lat": null,
        "geo_long": null,
        "has_extended_info": false
    }
]