[
    {
        "changeuuid": "98db8d81-5005-46d9-8689-78870e24f820",
        "stationuuid": "96499bea-0601-11e8-ae97-52543be04c81",
        "serveruuid": "7e35b274-496c-4d57-a558-e2ac439994e2",
        "name": "Stereo Exitos 88.1 Tegucigalpa",
        "url": "http://ice42.securenetsystems.net/EXITOS",
        "url_resolved": "http://ice42.securenetsystems.net/EXITOS",
        "homepage": "http://stereoexitos.hn/",
        "favicon": "",
        "tags": "tegucigalpa,variedad",
        "country": "Honduras",
        "countrycode": "HN",
        "iso_3166_2": null,
        "state": "",
        "language": "spanish",
        "languagecodes": "es",
        "votes": 2096,
        "lastchangetime": "2022-05-17 22:42:55",
        "lastchangetime_iso8601": "2022-05-17T22:42:55Z",
        "codec": "MP3",
        "bitrate": 64,
        "hls": 0,
        "lastcheckok": 1,
        "lastchecktime": "2023-04-08 10:14:10",
        "lastchecktime_iso8601": "2023-04-08T10:14:10Z",
        "lastcheckoktime": "2023-04-08 10:14:10",
        "lastcheckoktime_iso8601": "2023-04-08T10:14:10Z",
        "lastlocalchecktime": "2023-04-07 19:32:12",
        "lastlocalchecktime_iso8601": "2023-04-07T19:32:12Z",
        "clicktimestamp": "2023-04-08 12:48:48",
        "clicktimestamp_iso8601": "2023-04-08T12:48:48Z",
        "clickcount": 61,
        "clicktrend": 0,
        "ssl_error": 0,
        "geo_lat": null,
        "geo_long": null,
        "has_extended_info": false
    },
    {
        "changeuuid": "9e652d59-726e-4b27-8adb-4f1f5347d9a3",
        "stationuuid": "4e9c7844-5451-4a54-8bad-1174baba92fa",
        "serveruuid": "c8963d73-8659-40d7-84db-8d039f7dcde3",
        "name": "Radio HRN La Voz de Honduras",
        "url": "https://ice42.securenetsystems.net/HRN",
        "url_resolved": "https://ice42.securenetsystems.net/HRN",
        "homepage": "https://radiohrn.hn/",
        "favicon": "",
        "tags": "information,news,talk radio",
        "country": "Honduras",
        "countrycode": "HN",
        "iso_3166_2": null,
        "state": "Tegucigalpa",
        "language": "spanish",
        "languagecodes": "es",
        "votes": 1969,
        "lastchangetime": "2022-03-28 08:52:35",
        "lastchangetime_iso8601": "2022-03-28T08:52:35Z",
        "codec": "AAC+",
        "bitrate": 32,
        "hls": 0,
        "lastcheckok": 1,
        "lastchecktime": "2023-04-07 23:39:29",
        "lastchecktime_iso8601": "2023-04-07T23:39:29Z",
        "lastcheckoktime": "2023-04-07 23:39:29",
        "lastcheckoktime_iso8601": "2023-04-07T23:39:29Z",
        "lastlocalchecktime": "2023-04-07 17:34:02",
        "lastlocalchecktime_iso8601": "2023-04-07T17:34:02Z",
        "clicktimestamp": "2023-04-08 13:21:18",
        "clicktimestamp_iso8601": "2023-04-08T13:21:18Z",
        "clickcount": 146,
        "clicktrend": 1,
        "ssl_error": 0,
        "geo_lat": null,
        "geo_long": null,
        "has_extended_info": false
    },
    {
        "changeuuid": "759b76ea-66f4-4a7e-b16e-4fd6e69e2882",
        "stationuuid": "964857c9-0601-11e8-ae97-52543be04c81",
        "serveruuid": "5cef8c5f-e48c-4afe-bdde-14c3294dbd8d",
        "name": "Radio America  94.7 Tegucigalpa",
        "url": "http://provisioning.streamtheworld.com/pls/AMERICA.pls",
        "url_resolved": "http://26643.live.streamtheworld.com:3690/AMERICA_SC",
        "homepage": "http://radioamericahn.net/",
        "favicon": "https://www.radioamerica.hn/imag/2018/07/cropped-favico-192x192.png",
        "tags": "noticias,tegucigalpa",
        "country": "Honduras",
        "countrycode": "HN",
        "iso_3166_2": null,
        "state": "",
        "language": "spanish",
        "languagecodes": "es",
        "votes": 1723,
        "lastchangetime": "2022-08-30 06:42:17",
        "lastchangetime_iso8601": "2022-08-30T06:42:17Z",
        "codec": "MP3",
        "bitrate": 48,
        "hls": 0,
        "lastcheckok": 1,
        "lastchecktime": "2023-04-08 03:22:51",
        "lastchecktime_iso8601": "2023-04-08T03:22:51Z",
        "lastcheckoktime": "2023-04-08 03:22:51",
        "lastcheckoktime_iso8601": "2023-04-08T03:22:51Z",
        "lastlocalchecktime": "2023-04-07 17:31:40",
        "lastlocalchecktime_iso8601": "2023-04-07T17:31:40Z",
        "clicktimestamp": "2023-04-08 12:52:36",
        "clicktimestamp_iso8601": "2023-04-08T12:52:36Z",
        "clickcount": 95,
        "clicktrend": -8,
        "ssl_error": 0,
        "geo_lat": null,
        "geo_long": null,
        "has_extended_info": false
    },
    {
        "changeuuid": "61e2abe9-ccf5-46a0-bcd9-a29733cfbd93",
        "stationuuid": "96450d28-0601-11e8-ae97-52543be04c81",
        "serveruuid": "5cef8c5f-e48c-4afe-bdde-14c3294dbd8d",
        "name": "Stereo Ceiba 99.9 - La Ceiba",
        "url": "http://provisioning.streamtheworld.com/pls/RADIO_CEIBAAAC.pls",
        "url_resolved": "http://21933.live.streamtheworld.com/RADIO_CEIBAAAC_SC",
        "homepage": "http://www.stereoceiba.net/",
        "favicon": "",
        "tags": "80s,90s,la ceiba,latin music,sports news",
        "country": "Honduras",
        "countrycode": "HN",
        "iso_3166_2": null,
        "state": "",
        "language": "spanish",
        "languagecodes": "es",
        "votes": 1459,
        "lastchangetime": "2022-03-28 09:18:14",
        "lastchangetime_iso8601": "2022-03-28T09:18:14Z",
        "codec": "AAC+",
        "bitrate": 64,
        "hls": 0,
        "lastcheckok": 1,
        "lastchecktime": "2023-04-08 01:51:26",
        "lastchecktime_iso8601": "2023-04-08T01:51:26Z",
        "lastcheckoktime": "2023-04-08 01:51:26",
        "lastcheckoktime_iso8601": "2023-04-08T01:51:26Z",
        "lastlocalchecktime": "2023-04-07 17:52:52",
        "lastlocalchecktime_iso8601": "2023-04-07T17:52:52Z",
        "clicktimestamp": "2023-04-07 14:59:59",
        "clicktimestamp_iso8601": "2023-04-07T14:59:59Z",
        "clickcount": 50,
        "clicktrend": -3,
        "ssl_error": 0,
        "geo_lat": null,
        "geo_long": null,
        "has_extended_info": false
    },
    {
        "changeuuid": "e331c81c-e768-4acf-98d0-0f2b267786c4",
        "stationuuid": "962ad25a-0601-11e8-ae97-52543be04c81",
        "serveruuid": "7e35b274-496c-4d57-a558-e2ac439994e2",
        "name": "XY 90.5 FM Tegucigalpa",
        "url": "http://ice42.securenetsystems.net/XY905",
        "url_resolved": "http://ice42.securenetsystems.net/XY905",
        "homepage": "http://radioxy.hn/",
        "favicon": "http://radioxy.hn/favicon.ico",
        "tags": "pop,top 40",
        "country": "Honduras",
        "countrycode": "HN",
        "iso_3166_2": null,
        "state": "Tegucigalpa",
        "language": "spanish",
        "languagecodes": "es",
        "votes": 1440,
        "lastchangetime": "2022-08-27 19:03:22",
        "lastchangetime_iso8601": "2022-08-27T19:03:22Z",
        "codec": "MP3",
        "bitrate": 64,
        "hls": 0,
        "lastcheckok": 1,
        "lastchecktime": "2023-04-08 08:53:47",
        "lastchecktime_iso8601": "2023-04-08T08:53:47Z",
        "lastcheckoktime": "2023-04-08 08:53:47",
        "lastcheckoktime_iso8601": "2023-04-08T08:53:47Z",
        "lastlocalchecktime": "2023-04-07 19:59:30",
        "lastlocalchecktime_iso8601": "2023-04-07T19:59:30Z",
        "clicktimestamp": "2023-04-08 12:48:20",
        "clicktimestamp_iso8601": "2023-04-08T12:48:20Z",
        "clickcount": 97,
        "clicktrend": 0,
        "ssl_error": 0,
        "geo_lat": null,
        "geo_long": null,
        "has_extended_info": false
    },
    {
        "changeuuid": "6285d2e5-439e-4415-a07b-e52a2d158214",
        "stationuuid": "96484eec-0601-11e8-ae97-52543be04c81",
        "serveruuid": "9b5d7afb-a16e-4606-8359-ed2185e48d33",
        "name": "Conga FM 103.7 San Pedro Sula",
        "url": "http://tupropiaradio.net:8002/;",
        "url_resolved": "http://tupropiaradio.net:8002/;",
        "homepage": "http://congafm.com/",
        "favicon": "",
        "tags": "ranchera,san pedro sula",
        "country": "Honduras",
        "countrycode": "HN",
        "iso_3166_2": null,
        "state": "",
        "language": "spanish",
        "languagecodes": "es",
        "votes": 1367,
        "lastchangetime": "2022-09-24 21:08:21",
        "lastchangetime_iso8601": "2022-09-24T21:08:21Z",
        "codec": "AAC",
        "bitrate": 16,
        "hls": 0,
        "lastcheckok": 1,
        "lastchecktime": "2023-04-08 05:29:11",
        "lastchecktime_iso8601": "2023-04-08T05:29:11Z",
        "lastcheckoktime": "2023-04-07 20:51:20",
        "lastcheckoktime_iso8601": "2023-04-07T20:51:20Z",
        "lastlocalchecktime": "2023-04-07 20:51:20",
        "lastlocalchecktime_iso8601": "2023-04-07T20:51:20Z",
        "clicktimestamp": "2023-04-08 10:40:12",
        "clicktimestamp_iso8601": "2023-04-08T10:40:12Z",
        "clickcount": 68,
        "clicktrend": -2,
        "ssl_error": 0,
        "geo_lat": null,
        "geo_long": null,
        "has_extended_info": false
    },
    {
        "changeuuid": "424f7431-d75e-4cf8-82a4-d76e04e85a0f",
        "stationuuid": "964998e7-0601-11e8-ae97-52543be04c81",
        "serveruuid": "7e35b274-496c-4d57-a558-e2ac439994e2",
        "name": "Suave FM 102.5 Tegucigalpa",
        "url": "http://ice42.securenetsystems.net/SUAVE",
        "url_resolved": "http://ice42.securenetsystems.net/SUAVE",
        "homepage": "http://www.suave.hn/",
        "favicon": "",
        "tags": "pop,tegucigalpa,top 40",
        "country": "Honduras",
        "countrycode": "HN",
        "iso_3166_2": null,
        "state": "",
        "language": "spanish",
        "languagecodes": "es",
        "votes": 1275,
        "lastchangetime": "2022-03-28 17:19:57",
        "lastchangetime_iso8601": "2022-03-28T17:19:57Z",
        "codec": "MP3",
        "bitrate": 64,
        "hls": 0,
        "lastcheckok": 1,
        "lastchecktime": "2023-04-07 21:01:33",
        "lastchecktime_iso8601": "2023-04-07T21:01:33Z",
        "lastcheckoktime": "2023-04-07 21:01:33",
        "lastcheckoktime_iso8601": "2023-04-07T21:01:33Z",
        "lastlocalchecktime": "2023-04-07 20:52:28",
        "lastlocalchecktime_iso8601": "2023-04-07T20:52:28Z",
        "clicktimestamp": "2023-04-07 04:45:11",
        "clicktimestamp_iso8601": "2023-04-07T04:45:11Z",
        "clickcount": 30,
        "clicktrend": -1,
        "ssl_error": 0,
        "geo_lat": null,
        "geo_long": null,
        "has_extended_info": false
    },
    {
        "changeuuid": "4b2a417d-2055-40e4-a537-13c7834f02aa",
        "stationuuid": "96499a6c-0601-11e8-ae97-52543be04c81",
        "serveruuid": "7e35b274-496c-4d57-a558-e2ac439994e2",
        "name": "94 SU FM 94.1 Tegucigalpa",
        "url": "http://ice42.securenetsystems.net/94SUFM",
        "url_resolved": "http://ice42.securenetsystems.net/94SUFM",
        "homepage": "http://www.94sufm.hn/",
        "favicon": "",
        "tags": "70s,80s,90s,tegucigalpa",
        "country": "Honduras",
        "countrycode": "HN",
        "iso_3166_2": null,
        "state": "",
        "language": "spanish",
        "languagecodes": "es",
        "votes": 1204,
        "lastchangetime": "2022-03-28 11:18:59",
        "lastchangetime_iso8601": "2022-03-28T11:18:59Z",
        "codec": "MP3",
        "bitrate": 64,
        "hls": 0,
        "lastcheckok": 1,
        "lastchecktime": "2023-04-08 09:57:15",
        "lastchecktime_iso8601": "2023-04-08T09:57:15Z",
        "lastcheckoktime": "2023-04-08 09:57:15",
        "lastcheckoktime_iso8601": "2023-04-08T09:57:15Z",
        "lastlocalchecktime": "2023-04-08 09:57:15",
        "lastlocalchecktime_iso8601": "2023-04-08T09:57:15Z",
        "clicktimestamp": "2023-04-07 08:51:02",
        "clicktimestamp_iso8601": "2023-04-07T08:51:02Z",
        "clickcount": 64,
        "clicktrend": -4,
        "ssl_error": 0,
        "geo_lat": null,
        "geo_long": null,
        "has_extended_info": false
    },
    {
        "changeuuid": "2dbc3533-420a-416e-a24c-138db6dede93",
        "stationuuid": "964a1a80-0601-11e8-ae97-52543be04c81",
        "serveruuid": "b43b7440-8281-486e-88dd-3e17e90e166d",
        "name": "Radio Moderna",
        "url": "http://provisioning.streamtheworld.com/pls/MODERNAAAC.pls",
        "url_resolved": "http://20833.live.streamtheworld.com:3690/MODERNAAAC_SC",
        "homepage": "http://www.americamultimedios.net/",
        "favicon": "",
        "tags": "baladas,musica romantica",
        "country": "Honduras",
        "countrycode": "HN",
        "iso_3166_2": null,
        "state": "",
        "language": "spanish",
        "languagecodes": "es",
        "votes": 966,
        "lastchangetime": "2022-03-28 13:09:44",
        "lastchangetime_iso8601": "2022-03-28T13:09:44Z",
        "codec": "AAC+",
        "bitrate": 64,
        "hls": 0,
        "lastcheckok": 1,
        "lastchecktime": "2023-04-08 11:26:45",
        "lastchecktime_iso8601": "2023-04-08T11:26:45Z",
        "lastcheckoktime": "2023-04-08 11:26:45",
        "lastcheckoktime_iso8601": "2023-04-08T11:26:45Z",
        "lastlocalchecktime": "2023-04-07 15:55:57",
        "lastlocalchecktime_iso8601": "2023-04-07T15:55:57Z",
        "clicktimestamp": "2023-04-08 12:48:32",
        "clicktimestamp_iso8601": "2023-04-08T12:48:32Z",
        "clickcount": 83,
        "clicktrend": 2,
        "ssl_error": 0,
        "geo_lat": null,
        "geo_long": null,
        "has_extended_info": false
    },
    {
        "changeuuid": "f0a795e0-36e8-4f72-b9d2-4e1fbba2f5eb",
        "stationuuid": "9617d9b0-0601-11e8-ae97-52543be04c81",
        "serveruuid": "80db5144-6094-429b-8559-04d8eb2e81ea",
        "name": "Super 100 Tegucigalpa 100.1",
        "url": "http://provisioning.streamtheworld.com/pls/SUPER100.pls",
        "url_resolved": "http://26523.live.streamtheworld.com/SUPER100_SC",
        "homepage": "http://www.super100hn.net/",
        "favicon": "",
        "tags": "adult contemporary",
        "country": "Honduras",
        "countrycode": "HN",
        "iso_3166_2": null,
        "state": "",
        "language": "spanish",
        "languagecodes": "es",
        "votes": 929,
        "lastchangetime": "2022-03-28 14:38:46",
        "lastchangetime_iso8601": "2022-03-28T14:38:46Z",
        "codec": "MP3",
        "bitrate": 64,
        "hls": 0,
        "lastcheckok": 1,
        "lastchecktime": "2023-04-08 11:38:25",
        "lastchecktime_iso8601": "2023-04-08T11:38:25Z",
        "lastcheckoktime": "2023-04-08 11:38:25",
        "lastcheckoktime_iso8601": "2023-04-08T11:38:25Z",
        "lastlocalchecktime": "2023-04-08 11:38:25",
        "lastlocalchecktime_iso8601": "2023-04-08T11:38:25Z",
        "clicktimestamp": "2023-04-08 05:25:12",
        "clicktimestamp_iso8601": "2023-04-08T05:25:12Z",
        "clickcount": 43,
        "clicktrend": 0,
        "ssl_error": 0,
        "geo_lat": null,
        "geo_long": null,
        "has_extended_info": false
    },
    {
        "changeuuid": "bbbe8794-a89e-4e66-8711-54e8ac5a822a",
        "stationuuid": "f8a206ac-7546-460e-8751-d66a2a3ff6b6",
        "serveruuid": "c8963d73-8659-40d7-84db-8d039f7dcde3",
        "name": "VOX FM",
        "url": "https://ice42.securenetsystems.net/VOXFM",
        "url_resolved": "https://ice42.securenetsystems.net/VOXFM",
        "homepage": "https://streamdb3web.securenetsystems.net/cirrusencore/VOXFM",
        "favicon": "",
        "tags": "pop",
        "country": "Honduras",
        "countrycode": "HN",
        "iso_3166_2": null,
        "state": "",
        "language": "",
        "languagecodes": "",
        "votes": 779,
        "lastchangetime": "2022-03-18 13:14:47",
        "lastchangetime_iso8601": "2022-03-18T13:14:47Z",
        "codec": "MP3",
        "bitrate": 64,
        "hls": 0,
        "lastcheckok": 1,
        "lastchecktime": "2023-04-08 07:56:20",
        "lastchecktime_iso8601": "2023-04-08T07:56:20Z",
        "lastcheckoktime": "2023-04-08 07:56:20",
        "lastcheckoktime_iso8601": "2023-04-08T07:56:20Z",
        "lastlocalchecktime": "2023-04-07 20:04:20",
        "lastlocalchecktime_iso8601": "2023-04-07T20:04:20Z",
        "clicktimestamp": "2023-04-08 07:21:59",
        "clicktimestamp_iso8601": "2023-04-08T07:21:59Z",
        "clickcount": 39,
        "clicktrend": 0,
        "ssl_error": 0,
        "geo_lat": null,
        "geo_long": null,
        "has_extended_info": false
    },
    {
        "changeuuid": "9a1cf113-efa9-4e98-85b3-1e6c89a448d0",
        "stationuuid": "0b91262a-e19d-4357-9186-1a8d0a009a22",
        "serveruuid": "852e82f9-599e-4752-8f33-7a93bbc9a3dd",
        "name": "Radio Globo Honduras",
        "url": "https://stream.radiosmundiales.com/6009/stream",
        "url_resolved": "https://stream.radiosmundiales.com/6009/stream",
        "homepage": "https://www.radioglobohonduras.com/",
        "favicon": "https://cdn-profiles.tunein.com/s113411/images/logod.png",
        "tags": "88.5,88.5 fm,estaci\u00f3n,fm,honduras,m\u00fasica,m\u00fasica y noticias,radio,radio globo,tegucigalpa",
        "country": "Honduras",
        "countrycode": "HN",
        "iso_3166_2": null,
        "state": "Tegucigalpa",
        "language": "spanish",
        "languagecodes": "es",
        "votes": 745,
        "lastchangetime": "2022-05-15 20:00:34",
        "lastchangetime_iso8601": "2022-05-15T20:00:34Z",
        "codec": "MP3",
        "bitrate": 128,
        "hls": 0,
        "lastcheckok": 1,
        "lastchecktime": "2023-04-08 11:40:45",
        "lastchecktime_iso8601": "2023-04-08T11:40:45Z",
        "lastcheckoktime": "2023-04-08 11:40:45",
        "lastcheckoktime_iso8601": "2023-04-08T11:40:45Z",
        "lastlocalchecktime": "2023-04-07 20:06:22",
        "lastlocalchecktime_iso8601": "2023-04-07T20:06:22Z",
        "clicktimestamp": "2023-04-07 14:59:48",
        "clicktimestamp_iso8601": "2023-04-07T14:59:48Z",
        "clickcount": 77,
        "clicktrend": -2,
        "ssl_error": 0,
        "geo_lat": 14.106676961922387,
        "geo_long": -87.20253753766883,
        "has_extended_info": false
    },
    {
        "changeuuid": "d42dd038-e02d-44d9-8bca-333456bee456",
        "stationuuid": "b424be26-51c4-48cf-b113-9fc29a923701",
        "serveruuid": "493d09e4-3a45-43f8-92c6-d9ddb9ecafc2",
        "name": "Radio Activa Honduras",
        "url": "https://stream.zeno.fm/6n7fp9t2pceuv",
        "url_resolved": "https://stream-057.zeno.fm/6n7fp9t2pceuv?zs=bCS6eCgyRVyBKMPP1fbEwg",
        "homepage": "https://radios.hn/radio-activa/",
        "favicon": "https://cdn.webrad.io/images/brand/icon_192x192.png",
        "tags": "",
        "country": "Honduras",
        "countrycode": "HN",
        "iso_3166_2": null,
        "state": "",
        "language": "",
        "languagecodes": "",
        "votes": 714,
        "lastchangetime": "2022-08-31 04:04:16",
        "lastchangetime_iso8601": "2022-08-31T04:04:16Z",
        "codec": "MP3",
        "bitrate": 0,
        "hls": 0,
        "lastcheckok": 1,
        "lastchecktime": "2023-04-08 11:26:45",
        "lastchecktime_iso8601": "2023-04-08T11:26:45Z",
        "lastcheckoktime": "2023-04-08 11:26:45",
        "lastcheckoktime_iso8601": "2023-04-08T11:26:45Z",
        "lastlocalchecktime": "2023-04-08 10:53:01",
        "lastlocalchecktime_iso8601": "2023-04-08T10:53:01Z",
        "clicktimestamp": "2023-04-07 21:21:27",
        "clicktimestamp_iso8601": "2023-04-07T21:21:27Z",
        "clickcount": 97,
        "clicktrend": -3,
        "ssl_error": 0,
        "geo_lat": 15.505825115447845,
        "geo_long": -88.02932739257812,
        "has_extended_info": false
    },
    {
        "changeuuid": "4f84d94a-3f03-4491-8de6-deca7fd7af73",
        "stationuuid": "9649a324-0601-11e8-ae97-52543be04c81",
        "serveruuid": "ef5a25d7-5c85-45b4-afc5-d3ceb185f228",
        "name": "Radio W107 107.3 Tegucigalpa",
        "url": "http://ic.streann.com:8000/w107",
        "url_resolved": "http://ic.streann.com:8000/w107",
        "homepage": "http://radiow107.com/",
        "favicon": "http://radiow107.com/images/ic.png",
        "tags": "reggaeton,tegucigalpa",
        "country": "Honduras",
        "countrycode": "HN",
        "iso_3166_2": null,
        "state": "",
        "language": "spanish",
        "languagecodes": "es",
        "votes": 711,
        "lastchangetime": "2022-10-03 08:57:26",
        "lastchangetime_iso8601": "2022-10-03T08:57:26Z",
        "codec": "MP3",
        "bitrate": 192,
        "hls": 0,
        "lastcheckok": 1,
        "lastchecktime": "2023-04-07 20:27:18",
        "lastchecktime_iso8601": "2023-04-07T20:27:18Z",
        "lastcheckoktime": "2023-04-07 20:27:18",
        "lastcheckoktime_iso8601": "2023-04-07T20:27:18Z",
        "lastlocalchecktime": "2023-04-07 20:24:39",
        "lastlocalchecktime_iso8601": "2023-04-07T20:24:39Z",
        "clicktimestamp": "2023-04-08 11:51:59",
        "clicktimestamp_iso8601": "2023-04-08T11:51:59Z",
        "clickcount": 33,
        "clicktrend": 1,
        "ssl_error": 0,
        "geo_lat": null,
        "geo_long": null,
        "has_extended_info": false
    },
    {
        "changeuuid": "46887de9-cf5a-46c3-878e-0674f65c7cb0",
        "stationuuid": "fbe82907-cfb0-4fd8-b54d-0074ccda7ea1",
        "serveruuid": "c8963d73-8659-40d7-84db-8d039f7dcde3",
        "name": "ROCK N' POP",
        "url": "https://ice42.securenetsystems.net/ROCKNPOP",
        "url_resolved": "https://ice42.securenetsystems.net/ROCKNPOP",
        "homepage": "https://streamdb3web.securenetsystems.net/cirrusencore/ROCKNPOP",
        "favicon": "",
        "tags": "pop",
        "country": "Honduras",
        "countrycode": "HN",
        "iso_3166_2": null,
        "state": "",
        "language": "",
        "languagecodes": "",
        "votes": 497,
        "lastchangetime": "2022-03-18 20:51:54",
        "lastchangetime_iso8601": "2022-03-18T20:51:54Z",
        "codec": "MP3",
        "bitrate": 64,
        "hls": 0,
        "lastcheckok": 1,
        "lastchecktime": "2023-04-08 08:40:02",
        "lastchecktime_iso8601": "2023-04-08T08:40:02Z",
        "lastcheckoktime": "2023-04-08 08:40:02",
        "lastcheckoktime_iso8601": "2023-04-08T08:40:02Z",
        "lastlocalchecktime": "2023-04-07 15:15:49",
        "lastlocalchecktime_iso8601": "2023-04-07T15:15:49Z",
        "clicktimestamp": "2023-04-08 07:45:59",
        "clicktimestamp_iso8601": "2023-04-08T07:45:59Z",
        "clickcount": 23,
        "clicktrend": 0,
        "ssl_error": 0,
        "geo_lat": null,
        "geo_long": null,
        "has_extended_info": false
    },
    {
        "changeuuid": "23d0d7e2-8ef2-4c1f-9293-f3e490fce1d3",
        "stationuuid": "01aa71b0-7643-11ea-b1cf-52543be04c81",
        "serveruuid": "40bc3030-bbc0-4452-853b-0dd6ba6d97e5",
        "name": "DCR Difusora Cristiana de Radio 103.1 FM",
        "url": "http://stream.playerlive.info:8165/",
        "url_resolved": "http://stream.playerlive.info:8165/",
        "homepage": "http://dcr103.net/dcr/",
        "favicon": "",
        "tags": "christian music,radio cristiana",
        "country": "Honduras",
        "countrycode": "HN",
        "iso_3166_2": null,
        "state": "",
        "language": "english,spanish",
        "languagecodes": "en,es",
        "votes": 491,
        "lastchangetime": "2023-03-17 02:33:33",
        "lastchangetime_iso8601": "2023-03-17T02:33:33Z",
        "codec": "AAC+",
        "bitrate": 32,
        "hls": 0,
        "lastcheckok": 1,
        "lastchecktime": "2023-04-08 07:56:20",
        "lastchecktime_iso8601": "2023-04-08T07:56:20Z",
        "lastcheckoktime": "2023-04-08 07:56:20",
        "lastcheckoktime_iso8601": "2023-04-08T07:56:20Z",
        "lastlocalchecktime": "2023-04-07 15:55:57",
        "lastlocalchecktime_iso8601": "2023-04-07T15:55:57Z",
        "clicktimestamp": "2023-04-08 05:05:30",
        "clicktimestamp_iso8601": "2023-04-08T05:05:30Z",
        "clickcount": 31,
        "clicktrend": -1,
        "ssl_error": 0,
        "geo_lat": null,
        "geo_long": null,
        "has_extended_info": false
    },
    {
        "changeuuid": "178dfb57-8fbd-4a3f-bbe2-8d0a3fdb6099",
        "stationuuid": "43cd2de8-9122-4b0b-9c67-03346dbb2d0e",
        "serveruuid": "c4e034bd-8835-4c7f-afcf-1edbed1ef794",
        "name": "La Top - 107.7 FM - Grupo Invosa - Tegucigalpa, Honduras",
        "url": "https://6019dcac4147f.streamlock.net:9443/latop/Invosa/playlist.m3u8",
        "url_resolved": "https://6019dcac4147f.streamlock.net:9443/latop/Invosa/playlist.m3u8",
        "homepage": "https://www.latop.hn/",
        "favicon": "https://cdn-profiles.tunein.com/s155986/images/logod.png",
        "tags": "107.7,107.7 fm,bachata,estaci\u00f3n,fm,grupo invosa,honduras,juvenil,la top,moi merino,m\u00fasica,m\u00fasica en espa\u00f1ol,m\u00fasica pop,m\u00fasica urbana,pop,radio,reggaeton,reggaet\u00f3n,tegucigalpa",
        "country": "Honduras",
        "countrycode": "HN",
        "iso_3166_2": null,
        "state": "Tegucigalpa",
        "language": "spanish",
        "languagecodes": "es",
        "votes": 287,
        "lastchangetime": "2022-05-15 20:00:34",
        "lastchangetime_iso8601": "2022-05-15T20:00:34Z",
        "codec": "AAC",
        "bitrate": 2531,
        "hls": 1,
        "lastcheckok": 1,
        "lastchecktime": "2023-04-07 22:48:38",
        "lastchecktime_iso8601": "2023-04-07T22:48:38Z",
        "lastcheckoktime": "2023-04-07 22:48:38",
        "lastcheckoktime_iso8601": "2023-04-07T22:48:38Z",
        "lastlocalchecktime": "2023-04-07 19:34:12",
        "lastlocalchecktime_iso8601": "2023-04-07T19:34:12Z",
        "clicktimestamp": "2023-04-08 00:08:36",
        "clicktimestamp_iso8601": "2023-04-08T00:08:36Z",
        "clickcount": 51,
        "clicktrend": -1,
        "ssl_error": 0,
        "geo_lat": 14.109673610778854,
        "geo_long": -87.20329280477019,
        "has_extended_info": false
    },
    {
        "changeuuid": "cd29948c-c6a6-4de8-a099-ff2e1be43007",
        "stationuuid": "09b1f979-a307-4fdd-bacd-ffdaabe23921",
        "serveruuid": "5e69e8f9-33ce-4d1a-b328-ee3150e997c5",
        "name": "GD Dubai",
        "url": "https://streaming.exclusive.radio/er/gratefuldead/icecast.audio",
        "url_resolved": "https://streaming.exclusive.radio/er/gratefuldead/icecast.audio",
        "homepage": "https://exclusive.radio/how-to-listen/",
        "favicon": "",
        "tags": "",
        "country": "Honduras",
        "countrycode": "HN",
        "iso_3166_2": null,
        "state": "Just Dubai",
        "language": "",
        "languagecodes": "",
        "votes": 241,
        "lastchangetime": "2022-09-22 02:46:01",
        "lastchangetime_iso8601": "2022-09-22T02:46:01Z",
        "codec": "MP3",
        "bitrate": 0,
        "hls": 0,
        "lastcheckok": 1,
        "lastchecktime": "2023-04-07 21:32:31",
        "lastchecktime_iso8601": "2023-04-07T21:32:31Z",
        "lastcheckoktime": "2023-04-07 21:32:31",
        "lastcheckoktime_iso8601": "2023-04-07T21:32:31Z",
        "lastlocalchecktime": "2023-04-07 17:36:42",
        "lastlocalchecktime_iso8601": "2023-04-07T17:36:42Z",
        "clicktimestamp": "2023-04-07 04:46:19",
        "clicktimestamp_iso8601": "2023-04-07T04:46:19Z",
        "clickcount": 18,
        "clicktrend": -2,
        "ssl_error": 0,
        "geo_lat": 37.771148980863856,
        "geo_long": -122.44503021240236,
        "has_extended_info": false
    },
    {
        "changeuuid": "0a1e6024-cd8c-499f-bee2-e1af436e53d2",
        "stationuuid": "7a035642-951a-43a4-9a24-3a1382088242",
        "serveruuid": "ba96650f-ddd6-4986-a460-5fe1ac2b6765",
        "name": "La 92",
        "url": "http://173.82.227.173:8041/la92_live",
        "url_resolved": "http://173.82.227.173:8041/la92_live",
        "homepage": "",
        "favicon": "",
        "tags": "pop",
        "country": "Honduras",
        "countrycode": "HN",
        "iso_3166_2": null,
        "state": "",
        "language": "",
        "languagecodes": "",
        "votes": 218,
        "lastchangetime": "2022-09-01 01:05:30",
        "lastchangetime_iso8601": "2022-09-01T01:05:30Z",
        "codec": "MP3",
        "bitrate": 96,
        "hls": 0,
        "lastcheckok": 1,
        "lastchecktime": "2023-04-08 07:54:02",
        "lastchecktime_iso8601": "2023-04-08T07:54:02Z",
        "lastcheckoktime": "2023-04-08 07:54:02",
        "lastcheckoktime_iso8601": "2023-04-08T07:54:02Z",
        "lastlocalchecktime": "2023-04-08 07:54:02",
        "lastlocalchecktime_iso8601": "2023-04-08T07:54:02Z",
        "clicktimestamp": "2023-04-08 10:49:59",
        "clicktimestamp_iso8601": "2023-04-08T10:49:59Z",
        "clickcount": 23,
        "clicktrend": -2,
        "ssl_error": 0,
        "geo_lat": null,
        "geo_long": null,
        "has_extended_info": false
    },
    {
        "changeuuid": "25bd10ac-41d9-45eb-a71b-a9f94392381b",
        "stationuuid": "afb1cdef-15ba-41a4-ae0a-fe04b6ad45b7",
        "serveruuid": "0dede508-6f59-49af-ab77-31b2cdf59b98",
        "name": "Estereo Clase",
        "url": "http://s8.voscast.com:9434/stream",
        "url_resolved": "http://s8.voscast.com:9434/stream",
        "homepage": "http://estereoclase.com/",
        "favicon": "https://cdn-profiles.tunein.com/s244912/images/logog.png?t=1649056793000",
        "tags": "00s,80's,90's,pop",
        "country": "Honduras",
        "countrycode": "HN",
        "iso_3166_2": null,
        "state": "Cortes",
        "language": "",
        "languagecodes": "",
        "votes": 209,
        "lastchangetime": "2022-04-25 18:12:50",
        "lastchangetime_iso8601": "2022-04-25T18:12:50Z",
        "codec": "MP3",
        "bitrate": 120,
        "hls": 0,
        "lastcheckok": 1,
        "lastchecktime": "2023-04-08 10:45:53",
        "lastchecktime_iso8601": "2023-04-08T10:45:53Z",
        "lastcheckoktime": "2023-04-08 10:45:53",
        "lastcheckoktime_iso8601": "2023-04-08T10:45:53Z",
        "lastlocalchecktime": "2023-04-07 16:49:20",
        "lastlocalchecktime_iso8601": "2023-04-07T16:49:20Z",
        "clicktimestamp": "2023-04-07 04:45:38",
        "clicktimestamp_iso8601": "2023-04-07T04:45:38Z",
        "clickcount": 22,
        "clicktrend": -1,
        "ssl_error": 0,
        "geo_lat": 15.50197780309294,
        "geo_long": -88.0273747444153,
        "has_extended_info": false
    },
    {
        "changeuuid": "1d43f464-74a3-4938-9d44-33dadaf3b47e",
        "stationuuid": "9648fd95-0601-11e8-ae97-52543be04c81",
        "serveruuid": "7e52089d-5c5e-4001-bb3c-7f50948d700c",
        "name": "HRYW 95.9 Radio Panamericana - Tegucigalpa",
        "url": "http://online.radiodifusion.net:1935/panam-hn/panam.stream/master.m3u8",
        "url_resolved": "http://online.radiodifusion.net:1935/panam-hn/panam.stream/master.m3u8",
        "homepage": "http://www.panamericanafm.com/",
        "favicon": "http://www.panamericanafm.com/favicon.ico",
        "tags": "noticias,tegucigalpa",
        "country": "Honduras",
        "countrycode": "HN",
        "iso_3166_2": null,
        "state": "",
        "language": "spanish",
        "languagecodes": "es",
        "votes": 197,
        "lastchangetime": "2022-03-28 12:54:43",
        "lastchangetime_iso8601": "2022-03-28T12:54:43Z",
        "codec": "AAC",
        "bitrate": 32,
        "hls": 1,
        "lastcheckok": 1,
        "lastchecktime": "2023-04-08 13:02:31",
        "lastchecktime_iso8601": "2023-04-08T13:02:31Z",
        "lastcheckoktime": "2023-04-08 13:02:31",
        "lastcheckoktime_iso8601": "2023-04-08T13:02:31Z",
        "lastlocalchecktime": "2023-04-08 13:02:31",
        "lastlocalchecktime_iso8601": "2023-04-08T13:02:31Z",
        "clicktimestamp": "2023-04-07 04:45:53",
        "clicktimestamp_iso8601": "2023-04-07T04:45:53Z",
        "clickcount": 15,
        "clicktrend": -1,
        "ssl_error": 0,
        "geo_lat": null,
        "geo_long": null,
        "has_extended_info": false
    },
    {
        "changeuuid": "2aaa2c49-1cf0-4286-9013-e1e2555a7cf9",
        "stationuuid": "9912b3cc-85af-4b31-800d-40dcdc41bcb3",
        "serveruuid": "1b927b09-5f3e-45e5-91c7-cbefa2e9e2f9",
        "name": "Exa FM Honduras",
        "url": "https://stream.zeno.fm/0n4tnx3wd5zuv",
        "url_resolved": "https://stream-020.zeno.fm/0n4tnx3wd5zuv?zs=efz1mGjCQk2Vo5P32x5mfA",
        "homepage": "https://exafm.com/honduras/",
        "favicon": "https://exafm.com/honduras/wp-content/themes/exa/dist/images/favicon.png",
        "tags": "entretenimiento,espa\u00f1ol,estaci\u00f3n,exa,exa fm,fm,honduras,juvenil,la estaci\u00f3n exacta,la estaci\u00f3n naranja,latin pop,moi merino,mvs,mvs radio,m\u00fasica,m\u00fasica en espa\u00f1ol,m\u00fasica pop,m\u00fasica urbana,ponte exa,pop,pop music,radio",
        "country": "Honduras",
        "countrycode": "HN",
        "iso_3166_2": null,
        "state": "",
        "language": "spanish",
        "languagecodes": "es",
        "votes": 183,
        "lastchangetime": "2022-10-06 04:07:41",
        "lastchangetime_iso8601": "2022-10-06T04:07:41Z",
        "codec": "AAC",
        "bitrate": 0,
        "hls": 0,
        "lastcheckok": 1,
        "lastchecktime": "2023-04-07 20:01:26",
        "lastchecktime_iso8601": "2023-04-07T20:01:26Z",
        "lastcheckoktime": "2023-04-07 20:01:26",
        "lastcheckoktime_iso8601": "2023-04-07T20:01:26Z",
        "lastlocalchecktime": "2023-04-07 20:01:26",
        "lastlocalchecktime_iso8601": "2023-04-07T20:01:26Z",
        "clicktimestamp": "2023-04-08 00:06:49",
        "clicktimestamp_iso8601": "2023-04-08T00:06:49Z",
        "clickcount": 47,
        "clicktrend": -1,
        "ssl_error": 0,
        "geo_lat": null,
        "geo_long": null,
        "has_extended_info": false
    },
    {
        "changeuuid": "1b0b9a78-1989-4942-814a-b699526f147b",
        "stationuuid": "dc060293-548a-4ffd-ba45-895fdd84edb9",
        "serveruuid": "2bbd33ec-79dd-4b42-a803-475fd8a4f9cf",
        "name": "RADIO X HN",
        "url": "https://stream-44.zeno.fm/e0yxr95bdd0uv?zs=yKZfLL24Q56_J0PIbVq0xw",
        "url_resolved": "https://stream-014.zeno.fm/e0yxr95bdd0uv?zs=l0ToQaJXSRinaQuhaw7dBA",
        "homepage": "https://www.facebook.com/Radio-X-HN-101027254834192/",
        "favicon": "",
        "tags": "international",
        "country": "Honduras",
        "countrycode": "HN",
        "iso_3166_2": null,
        "state": "",
        "language": "",
        "languagecodes": "",
        "votes": 180,
        "lastchangetime": "2022-11-12 14:38:04",
        "lastchangetime_iso8601": "2022-11-12T14:38:04Z",
        "codec": "MP3",
        "bitrate": 0,
        "hls": 0,
        "lastcheckok": 1,
        "lastchecktime": "2023-04-08 11:59:36",
        "lastchecktime_iso8601": "2023-04-08T11:59:36Z",
        "lastcheckoktime": "2023-04-08 11:59:36",
        "lastcheckoktime_iso8601": "2023-04-08T11:59:36Z",
        "lastlocalchecktime": "2023-04-07 16:51:47",
        "lastlocalchecktime_iso8601": "2023-04-07T16:51:47Z",
        "clicktimestamp": "2023-04-07 04:46:00",
        "clicktimestamp_iso8601": "2023-04-07T04:46:00Z",
        "clickcount": 12,
        "clicktrend": -2,
        "ssl_error": 0,
        "geo_lat": null,
        "geo_long": null,
        "has_extended_info": false
    },
    {
        "changeuuid": "321461e9-3be2-4fba-a60b-b28ca5d5187e",
        "stationuuid": "3b737c6d-dadf-465f-b87e-05fe5ef1e087",
        "serveruuid": "c8963d73-8659-40d7-84db-8d039f7dcde3",
        "name": "Vox FM Honduras",
        "url": "https://ice42.securenetsystems.net/VOXFM",
        "url_resolved": "https://ice42.securenetsystems.net/VOXFM",
        "homepage": "https://emisorasunidas.hn/",
        "favicon": "",
        "tags": "101.7 fm,106.1 fm,centroam\u00e9rica,contemporary hits,estaci\u00f3n,fm,hits,honduras,juvenil,latinoam\u00e9rica,moi merino,m\u00fasica,m\u00fasica en ingl\u00e9s,m\u00fasica pop,pop,pop en ingl\u00e9s,pop music,pop rock,radio,san pedro sula,spanish contemporary hits,tegucigalpa,top charts,top hits,vox,vox fm",
        "country": "Honduras",
        "countrycode": "HN",
        "iso_3166_2": null,
        "state": "Tegucigalpa",
        "language": "spanish",
        "languagecodes": "es",
        "votes": 150,
        "lastchangetime": "2022-11-29 16:19:29",
        "lastchangetime_iso8601": "2022-11-29T16:19:29Z",
        "codec": "MP3",
        "bitrate": 64,
        "hls": 0,
        "lastcheckok": 1,
        "lastchecktime": "2023-04-07 20:27:06",
        "lastchecktime_iso8601": "2023-04-07T20:27:06Z",
        "lastcheckoktime": "2023-04-07 20:27:06",
        "lastcheckoktime_iso8601": "2023-04-07T20:27:06Z",
        "lastlocalchecktime": "2023-04-07 20:27:06",
        "lastlocalchecktime_iso8601": "2023-04-07T20:27:06Z",
        "clicktimestamp": "2023-04-07 01:59:01",
        "clicktimestamp_iso8601": "2023-04-07T01:59:01Z",
        "clickcount": 29,
        "clicktrend": -3,
        "ssl_error": 0,
        "geo_lat": 14.109529035962057,
        "geo_long": -87.2062110900879,
        "has_extended_info": false
    },
    {
        "changeuuid": "20c6e6a9-65ef-4564-a8c8-114ac9c93b6a",
        "stationuuid": "634a1315-9f4f-4d13-be60-a78574f7935b",
        "serveruuid": "17873598-119c-403a-b29c-05ed22bf40ef",
        "name": "Metrodigital Radio",
        "url": "https://stream.zeno.fm/z9ugz9vsqfhvv",
        "url_resolved": "https://stream-061.zeno.fm/z9ugz9vsqfhvv?zs=uaa5KcMLRuO1--k-FMt8JA",
        "homepage": "https://stream.zeno.fm/z9ugz9vsqfhvv",
        "favicon": "",
        "tags": "",
        "country": "Honduras",
        "countrycode": "HN",
        "iso_3166_2": null,
        "state": "Tegucigalpa",
        "language": "espa\u00f1ol internacional",
        "languagecodes": "",
        "votes": 55,
        "lastchangetime": "2022-10-22 17:46:50",
        "lastchangetime_iso8601": "2022-10-22T17:46:50Z",
        "codec": "MP3",
        "bitrate": 0,
        "hls": 0,
        "lastcheckok": 1,
        "lastchecktime": "2023-04-08 02:06:42",
        "lastchecktime_iso8601": "2023-04-08T02:06:42Z",
        "lastcheckoktime": "2023-04-08 02:06:42",
        "lastcheckoktime_iso8601": "2023-04-08T02:06:42Z",
        "lastlocalchecktime": "2023-04-07 19:54:17",
        "lastlocalchecktime_iso8601": "2023-04-07T19:54:17Z",
        "clicktimestamp": "2023-04-07 04:46:03",
        "clicktimestamp_iso8601": "2023-04-07T04:46:03Z",
        "clickcount": 18,
        "clicktrend": -1,
        "ssl_error": 0,
        "geo_lat": 14.0806372712239,
        "geo_long": -87.13394165039062,
        "has_extended_info": false
    },
    {
        "changeuuid": "21110a59-d057-46c7-a0a7-c9ed152849dd",
        "stationuuid": "e21eaa22-4005-4f1e-a21c-a29abac1874b",
        "serveruuid": "2bbd33ec-79dd-4b42-a803-475fd8a4f9cf",
        "name": "RADIO X HN",
        "url": "https://stream-44.zeno.fm/e0yxr95bdd0uv?zs=yKZfLL24Q56_J0PIbVq0xw",
        "url_resolved": "https://stream-44.zeno.fm/e0yxr95bdd0uv?zs=yKZfLL24Q56_J0PIbVq0xw",
        "homepage": "https://www.facebook.com/Radio-X-HN-101027254834192/",
        "favicon": "",
        "tags": "classical",
        "country": "Honduras",
        "countrycode": "HN",
        "iso_3166_2": null,
        "state": "",
        "language": "",
        "languagecodes": "",
        "votes": 54,
        "lastchangetime": "2022-10-01 06:13:54",
        "lastchangetime_iso8601": "2022-10-01T06:13:54Z",
        "codec": "MP3",
        "bitrate": 0,
        "hls": 0,
        "lastcheckok": 1,
        "lastchecktime": "2023-04-08 11:45:59",
        "lastchecktime_iso8601": "2023-04-08T11:45:59Z",
        "lastcheckoktime": "2023-04-08 11:45:59",
        "lastcheckoktime_iso8601": "2023-04-08T11:45:59Z",
        "lastlocalchecktime": "2023-04-08 11:31:05",
        "lastlocalchecktime_iso8601": "2023-04-08T11:31:05Z",
        "clicktimestamp": "2023-04-07 04:46:51",
        "clicktimestamp_iso8601": "2023-04-07T04:46:51Z",
        "clickcount": 27,
        "clicktrend": -3,
        "ssl_error": 0,
        "geo_lat": null,
        "geo_long": null,
        "has_extended_info": false
    },
    {
        "changeuuid": "6373c589-6077-4f7a-9b85-e8450ba0f34e",
        "stationuuid": "29789fc3-c024-400f-88a3-8e53ddc44cbc",
        "serveruuid": "afd209a1-75af-4a3b-8d29-0b2c87f63b65",
        "name": "RADIO X HN",
        "url": "https://stream-44.zeno.fm/e0yxr95bdd0uv?zs=yKZfLL24Q56_J0PIbVq0xw",
        "url_resolved": "https://stream-44.zeno.fm/e0yxr95bdd0uv?zs=yKZfLL24Q56_J0PIbVq0xw",
        "homepage": "https://radioxhnonline.wixsite.com/radio",
        "favicon": "https://www.facebook.com/101027254834192/posts/547549666848613/?substory_index=0&app=fbl",
        "tags": "",
        "country": "Honduras",
        "countrycode": "HN",
        "iso_3166_2": null,
        "state": "Valle",
        "language": "",
        "languagecodes": "",
        "votes": 49,
        "lastchangetime": "2022-10-03 18:22:08",
        "lastchangetime_iso8601": "2022-10-03T18:22:08Z",
        "codec": "MP3",
        "bitrate": 0,
        "hls": 0,
        "lastcheckok": 1,
        "lastchecktime": "2023-04-08 02:27:05",
        "lastchecktime_iso8601": "2023-04-08T02:27:05Z",
        "lastcheckoktime": "2023-04-08 02:27:05",
        "lastcheckoktime_iso8601": "2023-04-08T02:27:05Z",
        "lastlocalchecktime": "2023-04-07 15:39:38",
        "lastlocalchecktime_iso8601": "2023-04-07T15:39:38Z",
        "clicktimestamp": "2023-04-08 01:47:29",
        "clicktimestamp_iso8601": "2023-04-08T01:47:29Z",
        "clickcount": 24,
        "clicktrend": -1,
        "ssl_error": 0,
        "geo_lat": 13.619729009822152,
        "geo_long": -87.65253067016603,
        "has_extended_info": false
    },
    {
        "changeuuid": "740c262a-c00f-40ce-b1fc-e0905c231265",
        "stationuuid": "8b45f0d6-f982-4115-afe5-78edf0868436",
        "serveruuid": "af67ef79-8690-4f72-bf99-fe74642b0485",
        "name": "Musiquera 93.3 FM",
        "url": "https://stream.zeno.fm/nsa6t0hzaphvv",
        "url_resolved": "https://stream-155.zeno.fm/nsa6t0hzaphvv?zs=Iw2hd5pCTlmP_-d_yAFcww",
        "homepage": "http://musiquera.com/",
        "favicon": "",
        "tags": "international",
        "country": "Honduras",
        "countrycode": "HN",
        "iso_3166_2": null,
        "state": "",
        "language": "",
        "languagecodes": "",
        "votes": 29,
        "lastchangetime": "2023-10-10 21:48:08",
        "lastchangetime_iso8601": "2023-10-10T21:48:08Z",
        "codec": "MP3",
        "bitrate": 0,
        "hls": 0,
        "lastcheckok": 1,
        "lastchecktime": "2023-10-20 22:02:34",
        "lastchecktime_iso8601": "2023-10-20T22:02:34Z",
        "lastcheckoktime": "2023-10-20 22:02:34",
        "lastcheckoktime_iso8601": "2023-10-20T22:02:34Z",
        "lastlocalchecktime": "2023-10-20 21:54:28",
        "lastlocalchecktime_iso8601": "2023-10-20T21:54:28Z",
        "clicktimestamp": "2023-10-21 05:40:26",
        "clicktimestamp_iso8601": "2023-10-21T05:40:26Z",
        "clickcount": 93,
        "clicktrend": -3,
        "ssl_error": 0,
        "geo_lat": null,
        "geo_long": null,
        "has_extended_info": false
    },
    {
        "changeuuid": "2d77e4a6-42e9-4d8f-8e87-8d3280ed7285",
        "stationuuid": "ec5345c0-b4b5-437d-86f1-183f7527405f",
        "serveruuid": "b9ffe309-23ce-4b28-abb5-2341c6be6168",
        "name": "DCR Difusora Cristiana de Radio 103.9 FM",
        "url": "https://stream.playerlive.info:8083/",
        "url_resolved": "https://stream.playerlive.info:8083/",
        "homepage": "https://www.dcrradio.net/index.html",
        "favicon": "",
        "tags": "christmas music",
        "country": "Honduras",
        "countrycode": "HN",
        "iso_3166_2": null,
        "state": "",
        "language": "english,spanish",
        "languagecodes": "en,es",
        "votes": 2,
        "lastchangetime": "2023-11-05 08:13:46",
        "lastchangetime_iso8601": "2023-11-05T08:13:46Z",
        "codec": "AAC+",
        "bitrate": 32,
        "hls": 0,
        "lastcheckok": 1,
        "lastchecktime": "2023-11-07 08:21:21",
        "lastchecktime_iso8601": "2023-11-07T08:21:21Z",
        "lastcheckoktime": "2023-11-07 08:21:21",
        "lastcheckoktime_iso8601": "2023-11-07T08:21:21Z",
        "lastlocalchecktime": "2023-11-07 08:21:21",
        "lastlocalchecktime_iso8601": "2023-11-07T08:21:21Z",
        "clicktimestamp": "2023-11-07 17:15:28",
        "clicktimestamp_iso8601": "2023-11-07T17:15:28Z",
        "clickcount": 7,
        "clicktrend": -2,
        "ssl_error": 0,
        "geo_lat": 15.754192004573676,
        "geo_long": -86.77001953125001,
        "has_extended_info": false
    }
]