[
    {
        "changeuuid": "a77fbafb-b2c4-421b-ad39-3b279edc4765",
        "stationuuid": "962f5513-0601-11e8-ae97-52543be04c81",
        "serveruuid": "ebdd442a-6113-42f3-b7c2-f230ca5574d6",
        "name": "Radio Vision 2000 - 99.3 - Port-au-Prince",
        "url": "http://162.220.59.26:9062/;",
        "url_resolved": "http://162.220.59.26:9062/;",
        "homepage": "http://radiotelevision2000.com/home/",
        "favicon": "https://i2.wp.com/radiotelevision2000.com/home/wp-content/uploads/2020/01/cropped-logo-1-1.png?fit=180%2c180&#038;ssl=1",
        "tags": "jazz",
        "country": "Haiti",
        "countrycode": "HT",
        "iso_3166_2": null,
        "state": "Port-au-Prince",
        "language": "french",
        "languagecodes": "fr",
        "votes": 1131,
        "lastchangetime": "2022-03-28 13:40:05",
        "lastchangetime_iso8601": "2022-03-28T13:40:05Z",
        "codec": "AAC+",
        "bitrate": 64,
        "hls": 0,
        "lastcheckok": 1,
        "lastchecktime": "2023-04-08 09:33:00",
        "lastchecktime_iso8601": "2023-04-08T09:33:00Z",
        "lastcheckoktime": "2023-04-07 14:27:47",
        "lastcheckoktime_iso8601": "2023-04-07T14:27:47Z",
        "lastlocalchecktime": "2023-04-07 14:27:47",
        "lastlocalchecktime_iso8601": "2023-04-07T14:27:47Z",
        "clicktimestamp": "2023-04-08 11:36:59",
        "clicktimestamp_iso8601": "2023-04-08T11:36:59Z",
        "clickcount": 72,
        "clicktrend": 1,
        "ssl_error": 0,
        "geo_lat": null,
        "geo_long": null,
        "has_extended_info": false
    },
    {
        "changeuuid": "2bc05975-431e-424c-ba1a-ffe9a1526ba0",
        "stationuuid": "9627163a-0601-11e8-ae97-52543be04c81",
        "serveruuid": "b7f2827f-93f0-47da-9496-e938a2cadbec",
        "name": "Trace FM Haiti",
        "url": "http://stream.trace.tv/trace_fm_haiti-midfi.aac",
        "url_resolved": "http://stream.trace.tv/trace_fm_haiti-midfi.aac",
        "homepage": "http://ht.trace.fm/",
        "favicon": "http://ht.trace.fm/wp-content/uploads/sites/36/2017/02/cropped-favicon-192x192.png",
        "tags": "",
        "country": "Haiti",
        "countrycode": "HT",
        "iso_3166_2": null,
        "state": "",
        "language": "",
        "languagecodes": "",
        "votes": 1002,
        "lastchangetime": "2022-08-30 22:56:30",
        "lastchangetime_iso8601": "2022-08-30T22:56:30Z",
        "codec": "AAC+",
        "bitrate": 128,
        "hls": 0,
        "lastcheckok": 1,
        "lastchecktime": "2023-04-07 23:39:29",
        "lastchecktime_iso8601": "2023-04-07T23:39:29Z",
        "lastcheckoktime": "2023-04-07 23:39:29",
        "lastcheckoktime_iso8601": "2023-04-07T23:39:29Z",
        "lastlocalchecktime": "2023-04-07 14:44:46",
        "lastlocalchecktime_iso8601": "2023-04-07T14:44:46Z",
        "clicktimestamp": "2023-04-08 12:24:44",
        "clicktimestamp_iso8601": "2023-04-08T12:24:44Z",
        "clickcount": 98,
        "clicktrend": 8,
        "ssl_error": 0,
        "geo_lat": null,
        "geo_long": null,
        "has_extended_info": false
    },
    {
        "changeuuid": "3158ae42-3421-4b35-b529-4582a505d86d",
        "stationuuid": "3fb39881-cf61-11e8-a54a-52543be04c81",
        "serveruuid": "4bd86c07-4e4a-498c-9d22-4aa3b8413b5d",
        "name": "KONPA MIX RADIO!",
        "url": "http://streaming.live365.com/a15951",
        "url_resolved": "http://ais-edge102-live365-dal02.cdnstream.com/a15951",
        "homepage": "http://konpamix.com/",
        "favicon": "",
        "tags": "",
        "country": "Haiti",
        "countrycode": "HT",
        "iso_3166_2": null,
        "state": "Croix-des-Bouquets",
        "language": "creole",
        "languagecodes": "",
        "votes": 609,
        "lastchangetime": "2022-01-24 00:04:46",
        "lastchangetime_iso8601": "2022-01-24T00:04:46Z",
        "codec": "MP3",
        "bitrate": 128,
        "hls": 0,
        "lastcheckok": 1,
        "lastchecktime": "2023-04-08 08:53:47",
        "lastchecktime_iso8601": "2023-04-08T08:53:47Z",
        "lastcheckoktime": "2023-04-08 08:53:47",
        "lastcheckoktime_iso8601": "2023-04-08T08:53:47Z",
        "lastlocalchecktime": "2023-04-07 20:47:30",
        "lastlocalchecktime_iso8601": "2023-04-07T20:47:30Z",
        "clicktimestamp": "2023-04-08 11:34:33",
        "clicktimestamp_iso8601": "2023-04-08T11:34:33Z",
        "clickcount": 62,
        "clicktrend": 5,
        "ssl_error": 0,
        "geo_lat": null,
        "geo_long": null,
        "has_extended_info": false
    },
    {
        "changeuuid": "05d99618-382a-4a8c-aed9-cb1b22369ec3",
        "stationuuid": "6b0c6c56-9f8e-49dd-a921-23dfe98c4bfc",
        "serveruuid": "db11e437-808e-479c-9cdf-8641119318b8",
        "name": "RADIO BBC NEWS HAITI",
        "url": "http://stream.zeno.fm/hpdayz31vd0uv",
        "url_resolved": "http://stream-035.zeno.fm/hpdayz31vd0uv?zs=95zq5kr5S_iy-WzuImKSAQ",
        "homepage": "http://www.bbcnewshaiti.com/",
        "favicon": "",
        "tags": "musuc,news",
        "country": "Haiti",
        "countrycode": "HT",
        "iso_3166_2": null,
        "state": "p aup",
        "language": "haitian creole",
        "languagecodes": "",
        "votes": 421,
        "lastchangetime": "2022-08-30 04:29:33",
        "lastchangetime_iso8601": "2022-08-30T04:29:33Z",
        "codec": "AAC",
        "bitrate": 0,
        "hls": 0,
        "lastcheckok": 1,
        "lastchecktime": "2023-04-08 07:00:34",
        "lastchecktime_iso8601": "2023-04-08T07:00:34Z",
        "lastcheckoktime": "2023-04-08 07:00:34",
        "lastcheckoktime_iso8601": "2023-04-08T07:00:34Z",
        "lastlocalchecktime": "2023-04-07 15:58:46",
        "lastlocalchecktime_iso8601": "2023-04-07T15:58:46Z",
        "clicktimestamp": "2023-04-08 13:22:36",
        "clicktimestamp_iso8601": "2023-04-08T13:22:36Z",
        "clickcount": 42,
        "clicktrend": 9,
        "ssl_error": 0,
        "geo_lat": null,
        "geo_long": null,
        "has_extended_info": false
    },
    {
        "changeuuid": "b27abdaa-d510-4fd0-86fe-f84eefdc4b7c",
        "stationuuid": "784881e9-0835-4f41-8487-d5da19c709b9",
        "serveruuid": "7c00dc24-9ee7-416e-9d27-303a65dbfb2e",
        "name": "Radio St Charles FM",
        "url": "http://stream.zeno.fm/fd9kyc28dchvv",
        "url_resolved": "http://stream-011.zeno.fm/fd9kyc28dchvv?zs=jqE5OGfqSxCR8pX8zTX5tA",
        "homepage": "http://lejournaliste.centerblog.net/",
        "favicon": "https://c.sd1.fr/favicon.png",
        "tags": "",
        "country": "Haiti",
        "countrycode": "HT",
        "iso_3166_2": null,
        "state": "",
        "language": "",
        "languagecodes": "",
        "votes": 139,
        "lastchangetime": "2022-04-18 21:12:33",
        "lastchangetime_iso8601": "2022-04-18T21:12:33Z",
        "codec": "MP3",
        "bitrate": 0,
        "hls": 0,
        "lastcheckok": 1,
        "lastchecktime": "2023-04-08 11:26:45",
        "lastchecktime_iso8601": "2023-04-08T11:26:45Z",
        "lastcheckoktime": "2023-04-08 11:26:45",
        "lastcheckoktime_iso8601": "2023-04-08T11:26:45Z",
        "lastlocalchecktime": "2023-04-07 18:32:44",
        "lastlocalchecktime_iso8601": "2023-04-07T18:32:44Z",
        "clicktimestamp": "2023-04-08 12:25:39",
        "clicktimestamp_iso8601": "2023-04-08T12:25:39Z",
        "clickcount": 47,
        "clicktrend": 6,
        "ssl_error": 0,
        "geo_lat": 18.692787436285652,
        "geo_long": -72.33270764350893,
        "has_extended_info": false
    },
    {
        "changeuuid": "29dd6c5b-bdd0-41b0-9684-487214e2c4dd",
        "stationuuid": "fb69a751-dbbc-48a1-a5d7-676eccb2d549",
        "serveruuid": "174599b8-bdc4-4128-88bd-c61480648af1",
        "name": "Love a Child Radio International",
        "url": "https://ctntv.getstreamhosting.com:8026/english",
        "url_resolved": "https://ctntv.getstreamhosting.com:8026/english",
        "homepage": "https://loveachild.com/media/christian-radio-station-haiti/",
        "favicon": "https://cdn.loveachild.com/wp-content/uploads/2018/05/cropped-favicon-1-192x192.png",
        "tags": "christian",
        "country": "Haiti",
        "countrycode": "HT",
        "iso_3166_2": null,
        "state": "",
        "language": "english",
        "languagecodes": "en",
        "votes": 98,
        "lastchangetime": "2022-10-14 11:07:28",
        "lastchangetime_iso8601": "2022-10-14T11:07:28Z",
        "codec": "MP3",
        "bitrate": 128,
        "hls": 0,
        "lastcheckok": 1,
        "lastchecktime": "2023-04-08 13:05:48",
        "lastchecktime_iso8601": "2023-04-08T13:05:48Z",
        "lastcheckoktime": "2023-04-08 13:05:48",
        "lastcheckoktime_iso8601": "2023-04-08T13:05:48Z",
        "lastlocalchecktime": "2023-04-08 13:05:48",
        "lastlocalchecktime_iso8601": "2023-04-08T13:05:48Z",
        "clicktimestamp": "2023-04-08 12:25:35",
        "clicktimestamp_iso8601": "2023-04-08T12:25:35Z",
        "clickcount": 46,
        "clicktrend": 7,
        "ssl_error": 0,
        "geo_lat": null,
        "geo_long": null,
        "has_extended_info": false
    },
    {
        "changeuuid": "e9e29384-569e-4fca-80ae-a712d79aefcb",
        "stationuuid": "07990ba9-401a-4059-b0fc-a01e873ba85c",
        "serveruuid": "bd5573c3-9aab-465e-b500-38c7433f8447",
        "name": "Radio Television Supreme (RTVS)",
        "url": "https://stream.zeno.fm/bdkwbv3rt98uv",
        "url_resolved": "https://stream-018.zeno.fm/bdkwbv3rt98uv?zs=uLnMDZDMTuqC5vWq6jMYoQ",
        "homepage": "https://www.zeno.fm/radio/radio-television-supreme/",
        "favicon": "https://zeno.fm/static/icons/apple-icon-120x120.png",
        "tags": "",
        "country": "Haiti",
        "countrycode": "HT",
        "iso_3166_2": null,
        "state": "Port-au-Prince",
        "language": "",
        "languagecodes": "",
        "votes": 79,
        "lastchangetime": "2022-05-22 15:27:36",
        "lastchangetime_iso8601": "2022-05-22T15:27:36Z",
        "codec": "MP3",
        "bitrate": 0,
        "hls": 0,
        "lastcheckok": 1,
        "lastchecktime": "2023-04-08 09:39:55",
        "lastchecktime_iso8601": "2023-04-08T09:39:55Z",
        "lastcheckoktime": "2023-04-08 09:39:55",
        "lastcheckoktime_iso8601": "2023-04-08T09:39:55Z",
        "lastlocalchecktime": "2023-04-08 09:39:55",
        "lastlocalchecktime_iso8601": "2023-04-08T09:39:55Z",
        "clicktimestamp": "2023-04-08 12:26:07",
        "clicktimestamp_iso8601": "2023-04-08T12:26:07Z",
        "clickcount": 39,
        "clicktrend": -1,
        "ssl_error": 0,
        "geo_lat": null,
        "geo_long": null,
        "has_extended_info": false
    },
    {
        "changeuuid": "bf822aab-616d-4bfb-9d6d-26e458993a24",
        "stationuuid": "fc59ecca-be7b-4f1a-b316-9b3136e0bd70",
        "serveruuid": "9e6e7ac7-9d1b-4d3b-8795-1481ad2498ff",
        "name": "Love a Child FM",
        "url": "https://ctntv.getstreamhosting.com:8028/creole",
        "url_resolved": "https://ctntv.getstreamhosting.com:8028/creole",
        "homepage": "https://loveachild.com/media/christian-radio-station-haiti/",
        "favicon": "https://loveachild.com/wp-content/uploads/2018/05/cropped-favicon-1-180x180.png",
        "tags": "christian",
        "country": "Haiti",
        "countrycode": "HT",
        "iso_3166_2": null,
        "state": "",
        "language": "creole",
        "languagecodes": "",
        "votes": 61,
        "lastchangetime": "2023-03-20 20:38:30",
        "lastchangetime_iso8601": "2023-03-20T20:38:30Z",
        "codec": "MP3",
        "bitrate": 128,
        "hls": 0,
        "lastcheckok": 1,
        "lastchecktime": "2023-04-08 14:15:37",
        "lastchecktime_iso8601": "2023-04-08T14:15:37Z",
        "lastcheckoktime": "2023-04-08 14:15:37",
        "lastcheckoktime_iso8601": "2023-04-08T14:15:37Z",
        "lastlocalchecktime": "2023-04-08 14:15:37",
        "lastlocalchecktime_iso8601": "2023-04-08T14:15:37Z",
        "clicktimestamp": "2023-04-06 23:30:51",
        "clicktimestamp_iso8601": "2023-04-06T23:30:51Z",
        "clickcount": 24,
        "clicktrend": -1,
        "ssl_error": 0,
        "geo_lat": null,
        "geo_long": null,
        "has_extended_info": false
    },
    {
        "changeuuid": "f6b27207-53fc-4c23-888c-a1efe1e3c005",
        "stationuuid": "bf6d4aec-27d6-4ae8-845e-00449488d947",
        "serveruuid": "da7bcb94-30ab-419f-b885-682727a02df7",
        "name": "Radio Vision 2000 Sud Est 90.9 FM",
        "url": "http://stream.zeno.fm/xmyroy1iu80uv",
        "url_resolved": "http://stream-060.zeno.fm/xmyroy1iu80uv?zs=eFUEzlGDTbGwbfJUWix-JA",
        "homepage": "https://www.radiovision2000sudest.com/",
        "favicon": "",
        "tags": "music variety",
        "country": "Haiti",
        "countrycode": "HT",
        "iso_3166_2": null,
        "state": "jacmel ",
        "language": "haitian creole",
        "languagecodes": "",
        "votes": 10,
        "lastchangetime": "2023-03-21 15:33:28",
        "lastchangetime_iso8601": "2023-03-21T15:33:28Z",
        "codec": "MP3",
        "bitrate": 0,
        "hls": 0,
        "lastcheckok": 1,
        "lastchecktime": "2023-04-08 10:28:27",
        "lastchecktime_iso8601": "2023-04-08T10:28:27Z",
        "lastcheckoktime": "2023-04-08 10:28:27",
        "lastcheckoktime_iso8601": "2023-04-08T10:28:27Z",
        "lastlocalchecktime": "2023-04-08 10:28:27",
        "lastlocalchecktime_iso8601": "2023-04-08T10:28:27Z",
        "clicktimestamp": "2023-04-07 17:46:02",
        "clicktimestamp_iso8601": "2023-04-07T17:46:02Z",
        "clickcount": 54,
        "clicktrend": -1,
        "ssl_error": 0,
        "geo_lat": null,
        "geo_long": null,
        "has_extended_info": false
    },
    {
        "changeuuid": "1fc60fe5-07ec-448a-a3b4-3e924d75b3ae",
        "stationuuid": "323fa0d3-3329-4d2b-b18b-8c3078862209",
        "serveruuid": "16e358e5-8876-4c30-9bac-cc20d2e30de4",
        "name": "Radio Haiti Tropical",
        "url": "http://zafemradio.com:9934/",
        "url_resolved": "http://zafemradio.com:9934/",
        "homepage": "https://www.radiohaititropical.com/",
        "favicon": "",
        "tags": "hits,top40",
        "country": "Haiti",
        "countrycode": "HT",
        "iso_3166_2": null,
        "state": "",
        "language": "english",
        "languagecodes": "en",
        "votes": 50,
        "lastchangetime": "2023-05-14 21:19:26",
        "lastchangetime_iso8601": "2023-05-14T21:19:26Z",
        "codec": "MP3",
        "bitrate": 128,
        "hls": 0,
        "lastcheckok": 1,
        "lastchecktime": "2023-07-09 07:05:13",
        "lastchecktime_iso8601": "2023-07-09T07:05:13Z",
        "lastcheckoktime": "2023-07-09 07:05:13",
        "lastcheckoktime_iso8601": "2023-07-09T07:05:13Z",
        "lastlocalchecktime": "2023-07-09 07:05:13",
        "lastlocalchecktime_iso8601": "2023-07-09T07:05:13Z",
        "clicktimestamp": "2023-07-09 08:17:47",
        "clicktimestamp_iso8601": "2023-07-09T08:17:47Z",
        "clickcount": 41,
        "clicktrend": -9,
        "ssl_error": 0,
        "geo_lat": null,
        "geo_long": null,
        "has_extended_info": false
    },
    {
        "changeuuid": "d2b82d99-2408-4594-b510-4008cff4dd3c",
        "stationuuid": "64f7fd84-fd02-4a27-acaa-98e264211d4a",
        "serveruuid": "dadbad99-1a1d-4024-a46f-9b9d942c15eb",
        "name": "Radio Jamesen Show",
        "url": "http://stream.zeno.fm/aparrwtkwyzuv",
        "url_resolved": "http://stream-152.zeno.fm/aparrwtkwyzuv?zs=USBTeyg8Q4mN4-BZCKChEg",
        "homepage": "https://www.facebook.com/JamesenShow",
        "favicon": "https://www.facebook.com/JamesenShow",
        "tags": "variety",
        "country": "Haiti",
        "countrycode": "HT",
        "iso_3166_2": null,
        "state": "Port-au-Prince",
        "language": "french",
        "languagecodes": "fr",
        "votes": 3,
        "lastchangetime": "2023-05-26 03:03:13",
        "lastchangetime_iso8601": "2023-05-26T03:03:13Z",
        "codec": "MP3",
        "bitrate": 0,
        "hls": 0,
        "lastcheckok": 1,
        "lastchecktime": "2023-07-09 03:55:03",
        "lastchecktime_iso8601": "2023-07-09T03:55:03Z",
        "lastcheckoktime": "2023-07-09 03:55:03",
        "lastcheckoktime_iso8601": "2023-07-09T03:55:03Z",
        "lastlocalchecktime": "2023-07-09 01:14:30",
        "lastlocalchecktime_iso8601": "2023-07-09T01:14:30Z",
        "clicktimestamp": "2023-07-08 18:38:01",
        "clicktimestamp_iso8601": "2023-07-08T18:38:01Z",
        "clickcount": 12,
        "clicktrend": -1,
        "ssl_error": 0,
        "geo_lat": 18.547294392905957,
        "geo_long": -72.34173842123711,
        "has_extended_info": false
    },
    {
        "changeuuid": "5a0e817c-f668-42a5-94c0-189534ea511b",
        "stationuuid": "48e1242a-45f8-4263-86bf-21d4886e42ab",
        "serveruuid": "28d1b1ae-8571-4da3-a5a3-cb2664b6f897",
        "name": "Radio Jeanvonvon",
        "url": "https://stream-152.zeno.fm/28zya4hubwzuv?zs=KHC-EIFRRNCzl-jbVyJyjg",
        "url_resolved": "https://stream-152.zeno.fm/28zya4hubwzuv?zs=KHC-EIFRRNCzl-jbVyJyjg",
        "homepage": "https://onlineradiobox.com/ht/jeanvonvon/",
        "favicon": "https://cdn.onlineradiobox.com/img/apple-touch-icon-120x120.png",
        "tags": "ht creole",
        "country": "Haiti",
        "countrycode": "HT",
        "iso_3166_2": null,
        "state": "",
        "language": "haitian creole",
        "languagecodes": "",
        "votes": 14,
        "lastchangetime": "2023-10-23 14:14:19",
        "lastchangetime_iso8601": "2023-10-23T14:14:19Z",
        "codec": "MP3",
        "bitrate": 0,
        "hls": 0,
        "lastcheckok": 1,
        "lastchecktime": "2023-11-07 17:02:24",
        "lastchecktime_iso8601": "2023-11-07T17:02:24Z",
        "lastcheckoktime": "2023-11-07 17:02:24",
        "lastcheckoktime_iso8601": "2023-11-07T17:02:24Z",
        "lastlocalchecktime": "2023-11-07 16:37:35",
        "lastlocalchecktime_iso8601": "2023-11-07T16:37:35Z",
        "clicktimestamp": "2023-11-07 18:15:47",
        "clicktimestamp_iso8601": "2023-11-07T18:15:47Z",
        "clickcount": 19,
        "clicktrend": 2,
        "ssl_error": 0,
        "geo_lat": null,
        "geo_long": null,
        "has_extended_info": false
    },
    {
        "changeuuid": "1a685923-c070-413c-87cc-6345a3f96617",
        "stationuuid": "f288200c-0093-4a5f-8aac-9e043879b7d9",
        "serveruuid": "28d1b1ae-8571-4da3-a5a3-cb2664b6f897",
        "name": "Radio Humilite",
        "url": "https://stream.zeno.fm/qhlllaz21cmuv",
        "url_resolved": "https://stream-152.zeno.fm/qhlllaz21cmuv?zs=lfw2OeJLQIGDJJq0PUfGRw",
        "homepage": "https://radio-humilite-2-3-4.e-monsite.com/",
        "favicon": "",
        "tags": "cultural news,gospel music,sports news",
        "country": "Haiti",
        "countrycode": "HT",
        "iso_3166_2": null,
        "state": "carrefour",
        "language": "american english",
        "languagecodes": "",
        "votes": 3,
        "lastchangetime": "2023-10-31 20:38:56",
        "lastchangetime_iso8601": "2023-10-31T20:38:56Z",
        "codec": "AAC",
        "bitrate": 0,
        "hls": 0,
        "lastcheckok": 1,
        "lastchecktime": "2023-11-07 02:57:06",
        "lastchecktime_iso8601": "2023-11-07T02:57:06Z",
        "lastcheckoktime": "2023-11-07 02:57:06",
        "lastcheckoktime_iso8601": "2023-11-07T02:57:06Z",
        "lastlocalchecktime": "2023-11-06 20:32:25",
        "lastlocalchecktime_iso8601": "2023-11-06T20:32:25Z",
        "clicktimestamp": "2023-11-07 04:40:41",
        "clicktimestamp_iso8601": "2023-11-07T04:40:41Z",
        "clickcount": 21,
        "clicktrend": 0,
        "ssl_error": 0,
        "geo_lat": -85.01911790297841,
        "geo_long": -65.07408142089845,
        "has_extended_info": false
    }
]