[
    {
        "changeuuid": "b2ad3766-a54f-4732-b580-3018aea663a8",
        "stationuuid": "9647b07f-0601-11e8-ae97-52543be04c81",
        "serveruuid": "4326fe9a-fcda-422d-b9ff-0d9d5c99871f",
        "name": "Alive - Live Music Radio around the clock (24h Blues, Rock, Pop)",
        "url": "http://stream.laut.fm/alive",
        "url_resolved": "http://alive.stream.laut.fm/alive?t302=2023-04-08_12-24-03&uuid=cba4db7f-5bfd-4343-8773-c4ec22c16c95",
        "homepage": "http://laut.fm/alive",
        "favicon": "",
        "tags": "blues rock,classic rock,live concert,rock",
        "country": "Isle Of Man",
        "countrycode": "IM",
        "iso_3166_2": null,
        "state": "",
        "language": "english",
        "languagecodes": "en",
        "votes": 744,
        "lastchangetime": "2022-03-28 11:54:15",
        "lastchangetime_iso8601": "2022-03-28T11:54:15Z",
        "codec": "MP3",
        "bitrate": 128,
        "hls": 0,
        "lastcheckok": 1,
        "lastchecktime": "2023-04-08 10:27:19",
        "lastchecktime_iso8601": "2023-04-08T10:27:19Z",
        "lastcheckoktime": "2023-04-08 10:27:19",
        "lastcheckoktime_iso8601": "2023-04-08T10:27:19Z",
        "lastlocalchecktime": "2023-04-08 08:10:38",
        "lastlocalchecktime_iso8601": "2023-04-08T08:10:38Z",
        "clicktimestamp": "2023-04-08 08:35:48",
        "clicktimestamp_iso8601": "2023-04-08T08:35:48Z",
        "clickcount": 38,
        "clicktrend": -3,
        "ssl_error": 0,
        "geo_lat": null,
        "geo_long": null,
        "has_extended_info": false
    },
    {
        "changeuuid": "96967f50-1ba7-4b5d-96bd-0b140bef0edd",
        "stationuuid": "a1b1993f-49b1-11e8-b1b0-52543be04c81",
        "serveruuid": "95726b38-59dd-45c4-a53a-64c1a35dcd3e",
        "name": "Manx Radio FM",
        "url": "http://tx.sharp-stream.com/http_live.php?i=manxradiofm.aac",
        "url_resolved": "http://edge-audio-03-gos2.sharp-stream.com/manxradiofm.aac?",
        "homepage": "http://www.manxradio.com/",
        "favicon": "https://platform.aiircdn.com/sitelogos/147-T9L9fKDrZLR6Boqmmu5h.png",
        "tags": "",
        "country": "Isle Of Man",
        "countrycode": "IM",
        "iso_3166_2": null,
        "state": "",
        "language": "english,manx",
        "languagecodes": "en,gv",
        "votes": 310,
        "lastchangetime": "2022-04-20 09:40:49",
        "lastchangetime_iso8601": "2022-04-20T09:40:49Z",
        "codec": "AAC+",
        "bitrate": 96,
        "hls": 0,
        "lastcheckok": 1,
        "lastchecktime": "2023-04-08 00:40:25",
        "lastchecktime_iso8601": "2023-04-08T00:40:25Z",
        "lastcheckoktime": "2023-04-08 00:40:25",
        "lastcheckoktime_iso8601": "2023-04-08T00:40:25Z",
        "lastlocalchecktime": "2023-04-07 20:00:39",
        "lastlocalchecktime_iso8601": "2023-04-07T20:00:39Z",
        "clicktimestamp": "2023-04-08 01:29:56",
        "clicktimestamp_iso8601": "2023-04-08T01:29:56Z",
        "clickcount": 23,
        "clicktrend": -1,
        "ssl_error": 0,
        "geo_lat": null,
        "geo_long": null,
        "has_extended_info": false
    }
]