[
    {
        "changeuuid": "32418cb4-b972-4179-9e89-446324fb1970",
        "stationuuid": "96489b93-0601-11e8-ae97-52543be04c81",
        "serveruuid": "5c847756-3f7d-4327-bafa-9adb4947fe8c",
        "name": "Monte Carlo Doualiya",
        "url": "http://live02.mc-doualiya.com/mc-doualiya.mp3",
        "url_resolved": "http://live02.mc-doualiya.com/mc-doualiya.mp3",
        "homepage": "http://www.mc-doualiya.com/",
        "favicon": "http://www.mc-doualiya.com/apple-touch-icon.png",
        "tags": "",
        "country": "Iraq",
        "countrycode": "IQ",
        "iso_3166_2": null,
        "state": "Baghdad",
        "language": "arabic",
        "languagecodes": "ar",
        "votes": 6845,
        "lastchangetime": "2022-08-28 22:43:11",
        "lastchangetime_iso8601": "2022-08-28T22:43:11Z",
        "codec": "MP3",
        "bitrate": 128,
        "hls": 0,
        "lastcheckok": 1,
        "lastchecktime": "2023-04-08 08:40:02",
        "lastchecktime_iso8601": "2023-04-08T08:40:02Z",
        "lastcheckoktime": "2023-04-08 08:40:02",
        "lastcheckoktime_iso8601": "2023-04-08T08:40:02Z",
        "lastlocalchecktime": "2023-04-07 18:26:11",
        "lastlocalchecktime_iso8601": "2023-04-07T18:26:11Z",
        "clicktimestamp": "2023-04-08 13:24:28",
        "clicktimestamp_iso8601": "2023-04-08T13:24:28Z",
        "clickcount": 249,
        "clicktrend": 6,
        "ssl_error": 0,
        "geo_lat": null,
        "geo_long": null,
        "has_extended_info": false
    },
    {
        "changeuuid": "513a3c8d-aa61-4a49-94d6-a9547df7ca6c",
        "stationuuid": "96489664-0601-11e8-ae97-52543be04c81",
        "serveruuid": "cd078b55-1305-4eb4-acc9-5bb166f1482e",
        "name": "Radio Sawa",
        "url": "http://mbn-channel-05.akacast.akamaistream.net/7/25/233454/v1/ibb.akacast.akamaistream.net/mbn_channel_05",
        "url_resolved": "http://n12.radiojar.com/t9h51xwr92quv?rj-ttl=5&rj-tok=AAABh2AbQhwA_vCGBm7clbg90Q",
        "homepage": "http://www.radiosawa.com/",
        "favicon": "",
        "tags": "",
        "country": "Iraq",
        "countrycode": "IQ",
        "iso_3166_2": null,
        "state": "Baghdad",
        "language": "arabic",
        "languagecodes": "ar",
        "votes": 4513,
        "lastchangetime": "2022-08-28 20:49:26",
        "lastchangetime_iso8601": "2022-08-28T20:49:26Z",
        "codec": "MP3",
        "bitrate": 0,
        "hls": 0,
        "lastcheckok": 1,
        "lastchecktime": "2023-04-08 08:59:50",
        "lastchecktime_iso8601": "2023-04-08T08:59:50Z",
        "lastcheckoktime": "2023-04-08 08:59:50",
        "lastcheckoktime_iso8601": "2023-04-08T08:59:50Z",
        "lastlocalchecktime": "2023-04-07 17:47:51",
        "lastlocalchecktime_iso8601": "2023-04-07T17:47:51Z",
        "clicktimestamp": "2023-04-08 13:23:02",
        "clicktimestamp_iso8601": "2023-04-08T13:23:02Z",
        "clickcount": 163,
        "clicktrend": 0,
        "ssl_error": 0,
        "geo_lat": null,
        "geo_long": null,
        "has_extended_info": false
    },
    {
        "changeuuid": "1ce32c6b-ed14-4eaa-9108-e5958f7817d5",
        "stationuuid": "37a3b4fd-5e76-4b34-9a2a-e22e2c5e7e29",
        "serveruuid": "243c517f-22e0-4a01-bbb5-c9882858666e",
        "name": "Dengi Kurdsat",
        "url": "http://uk3.internet-radio.com:8011/stream?type=http&nocache=74",
        "url_resolved": "http://uk3.internet-radio.com:8011/stream?type=http&nocache=74",
        "homepage": "https://www.kurdsat.tv/",
        "favicon": "https://www.kurdsat.tv/images/fm.jpg",
        "tags": "kurd,kurdish songs,kurdistan,music,news,song,sport",
        "country": "Iraq",
        "countrycode": "IQ",
        "iso_3166_2": null,
        "state": "Kurdistan",
        "language": "kurdish",
        "languagecodes": "ku",
        "votes": 2133,
        "lastchangetime": "2022-05-15 20:00:34",
        "lastchangetime_iso8601": "2022-05-15T20:00:34Z",
        "codec": "MP3",
        "bitrate": 128,
        "hls": 0,
        "lastcheckok": 1,
        "lastchecktime": "2023-04-08 10:03:12",
        "lastchecktime_iso8601": "2023-04-08T10:03:12Z",
        "lastcheckoktime": "2023-04-08 10:03:12",
        "lastcheckoktime_iso8601": "2023-04-08T10:03:12Z",
        "lastlocalchecktime": "2023-04-08 10:03:12",
        "lastlocalchecktime_iso8601": "2023-04-08T10:03:12Z",
        "clicktimestamp": "2023-04-08 13:23:30",
        "clicktimestamp_iso8601": "2023-04-08T13:23:30Z",
        "clickcount": 147,
        "clicktrend": 4,
        "ssl_error": 0,
        "geo_lat": 35.5973086624791,
        "geo_long": 45.456055017131334,
        "has_extended_info": false
    },
    {
        "changeuuid": "c1b33b38-9687-49a7-a9fa-8ce22fe48f95",
        "stationuuid": "92c7a022-f425-4076-b24c-d1a79555c8da",
        "serveruuid": "ee389eb4-90e7-4755-82b5-27fe55ca608c",
        "name": "VOA Kurdish",
        "url": "https://n06.radiojar.com/gt792vas92quv?rj-ttl=5&rj-tok=AAABgDatPpQAmtfEqOpXq3bq1Q",
        "url_resolved": "https://n04.radiojar.com/gt792vas92quv?rj-ttl=5&rj-tok=AAABh2BoejUA8RxPdiOLC-CD-w",
        "homepage": "https://www.dengiamerika.com/",
        "favicon": "https://www.dengiamerika.com/content/responsive/voa/img/webapp/ico-128x128.png",
        "tags": "kurdish,kurdistan,music,news,song",
        "country": "Iraq",
        "countrycode": "IQ",
        "iso_3166_2": null,
        "state": "Kurdistan",
        "language": "english,kurdi,kurdish",
        "languagecodes": "en,ku",
        "votes": 1742,
        "lastchangetime": "2022-08-26 12:43:53",
        "lastchangetime_iso8601": "2022-08-26T12:43:53Z",
        "codec": "MP3",
        "bitrate": 0,
        "hls": 0,
        "lastcheckok": 1,
        "lastchecktime": "2023-04-08 10:19:01",
        "lastchecktime_iso8601": "2023-04-08T10:19:01Z",
        "lastcheckoktime": "2023-04-08 10:19:01",
        "lastcheckoktime_iso8601": "2023-04-08T10:19:01Z",
        "lastlocalchecktime": "2023-04-08 10:19:01",
        "lastlocalchecktime_iso8601": "2023-04-08T10:19:01Z",
        "clicktimestamp": "2023-04-08 12:10:15",
        "clicktimestamp_iso8601": "2023-04-08T12:10:15Z",
        "clickcount": 94,
        "clicktrend": 5,
        "ssl_error": 0,
        "geo_lat": 36.18721281473179,
        "geo_long": 44.00874178688482,
        "has_extended_info": false
    },
    {
        "changeuuid": "595931cd-1387-48a0-93a9-d7c45a1e7465",
        "stationuuid": "0db8e0ea-1d49-11e9-a80b-52543be04c81",
        "serveruuid": "1ea1b290-597f-49a8-be64-6af55113c515",
        "name": "Rudaw TV",
        "url": "http://svs.itworkscdn.net/rudawlive/rudawlive.smil/chunklist_b2000000.m3u8",
        "url_resolved": "http://svs.itworkscdn.net/rudawlive/rudawlive.smil/chunklist_b2000000.m3u8",
        "homepage": "http://www.rudaw.net/",
        "favicon": "http://nettv.live/uploads/19/1-1Z121105031229.jpg",
        "tags": "",
        "country": "Iraq",
        "countrycode": "IQ",
        "iso_3166_2": null,
        "state": "Erbil",
        "language": "kurdish",
        "languagecodes": "ku",
        "votes": 1428,
        "lastchangetime": "2022-03-28 14:09:15",
        "lastchangetime_iso8601": "2022-03-28T14:09:15Z",
        "codec": "AAC",
        "bitrate": 3036,
        "hls": 1,
        "lastcheckok": 1,
        "lastchecktime": "2023-04-08 12:44:12",
        "lastchecktime_iso8601": "2023-04-08T12:44:12Z",
        "lastcheckoktime": "2023-04-08 12:44:12",
        "lastcheckoktime_iso8601": "2023-04-08T12:44:12Z",
        "lastlocalchecktime": "2023-04-08 12:44:12",
        "lastlocalchecktime_iso8601": "2023-04-08T12:44:12Z",
        "clicktimestamp": "2023-04-08 12:09:09",
        "clicktimestamp_iso8601": "2023-04-08T12:09:09Z",
        "clickcount": 99,
        "clicktrend": 7,
        "ssl_error": 0,
        "geo_lat": null,
        "geo_long": null,
        "has_extended_info": false
    },
    {
        "changeuuid": "882fa908-39b8-423f-a571-8fe6d029d1c8",
        "stationuuid": "4d30a650-8f35-4482-beeb-b79773798468",
        "serveruuid": "37b891f2-8361-41c1-bcad-07f9080be966",
        "name": "Duhok Radio FM 88.5",
        "url": "https://radioduhok.radioca.st/live",
        "url_resolved": "https://radioduhok.radioca.st/live",
        "homepage": "https://www.radioduhok.com/",
        "favicon": "https://www.radioduhok.com/wp-content/themes/multinews/apple-touch-icon-precomposed.png",
        "tags": "",
        "country": "Iraq",
        "countrycode": "IQ",
        "iso_3166_2": null,
        "state": "Kurdistan",
        "language": "kurdi,kurdish",
        "languagecodes": "ku",
        "votes": 1364,
        "lastchangetime": "2022-10-08 08:33:11",
        "lastchangetime_iso8601": "2022-10-08T08:33:11Z",
        "codec": "MP3",
        "bitrate": 128,
        "hls": 0,
        "lastcheckok": 1,
        "lastchecktime": "2023-04-08 10:51:43",
        "lastchecktime_iso8601": "2023-04-08T10:51:43Z",
        "lastcheckoktime": "2023-04-08 10:51:43",
        "lastcheckoktime_iso8601": "2023-04-08T10:51:43Z",
        "lastlocalchecktime": "2023-04-07 18:41:11",
        "lastlocalchecktime_iso8601": "2023-04-07T18:41:11Z",
        "clicktimestamp": "2023-04-08 11:15:30",
        "clicktimestamp_iso8601": "2023-04-08T11:15:30Z",
        "clickcount": 108,
        "clicktrend": -6,
        "ssl_error": 0,
        "geo_lat": null,
        "geo_long": null,
        "has_extended_info": false
    },
    {
        "changeuuid": "049fdf22-e652-4673-aad2-9ae49cd8cd52",
        "stationuuid": "f0d68df6-4a17-4373-adee-1cbc034cb80b",
        "serveruuid": "8cacaf33-d43e-4660-972b-0a135f8703a1",
        "name": "Waar Radio",
        "url": "http://streaming.radionomy.com/JamendoLounge",
        "url_resolved": "http://streaming.radionomy.com/JamendoLounge",
        "homepage": "https://waarmedia.com/",
        "favicon": "https://waarmedia.com/assets/apple-touch-icon.png",
        "tags": "folk music,news",
        "country": "Iraq",
        "countrycode": "IQ",
        "iso_3166_2": null,
        "state": "",
        "language": "kurdish",
        "languagecodes": "ku",
        "votes": 1069,
        "lastchangetime": "2023-03-19 02:31:49",
        "lastchangetime_iso8601": "2023-03-19T02:31:49Z",
        "codec": "MP3",
        "bitrate": 128,
        "hls": 0,
        "lastcheckok": 1,
        "lastchecktime": "2023-04-07 22:53:40",
        "lastchecktime_iso8601": "2023-04-07T22:53:40Z",
        "lastcheckoktime": "2023-04-07 22:53:40",
        "lastcheckoktime_iso8601": "2023-04-07T22:53:40Z",
        "lastlocalchecktime": "2023-04-07 18:49:42",
        "lastlocalchecktime_iso8601": "2023-04-07T18:49:42Z",
        "clicktimestamp": "2023-04-08 12:10:06",
        "clicktimestamp_iso8601": "2023-04-08T12:10:06Z",
        "clickcount": 72,
        "clicktrend": -1,
        "ssl_error": 0,
        "geo_lat": null,
        "geo_long": null,
        "has_extended_info": false
    },
    {
        "changeuuid": "c12b8ad1-8ea0-4b24-9862-2d496a48c827",
        "stationuuid": "e1393f04-f2eb-42d0-961f-e4de13a489b4",
        "serveruuid": "d46d6ab1-0775-4ec7-aab1-f496e6bd0bb9",
        "name": "radio maria iraq",
        "url": "http://dreamsiteradiocp4.com:8046/stream",
        "url_resolved": "http://dreamsiteradiocp4.com:8046/stream",
        "homepage": "http://dreamsiteradiocp4.com:8046/stream",
        "favicon": "http://dreamsiteradiocp4.com:8046/stream",
        "tags": "",
        "country": "Iraq",
        "countrycode": "IQ",
        "iso_3166_2": null,
        "state": "\u0627\u0631\u0628\u064a\u0644",
        "language": "\u0627\u0644\u0639\u0631\u0628\u064a\u0629",
        "languagecodes": "",
        "votes": 890,
        "lastchangetime": "2022-11-03 07:22:35",
        "lastchangetime_iso8601": "2022-11-03T07:22:35Z",
        "codec": "AAC+",
        "bitrate": 64,
        "hls": 0,
        "lastcheckok": 1,
        "lastchecktime": "2023-04-07 18:02:53",
        "lastchecktime_iso8601": "2023-04-07T18:02:53Z",
        "lastcheckoktime": "2023-04-07 18:02:53",
        "lastcheckoktime_iso8601": "2023-04-07T18:02:53Z",
        "lastlocalchecktime": "2023-04-07 17:59:18",
        "lastlocalchecktime_iso8601": "2023-04-07T17:59:18Z",
        "clicktimestamp": "2023-04-08 12:59:31",
        "clicktimestamp_iso8601": "2023-04-08T12:59:31Z",
        "clickcount": 91,
        "clicktrend": 5,
        "ssl_error": 0,
        "geo_lat": 36.2025772891184,
        "geo_long": 43.95546434754289,
        "has_extended_info": false
    },
    {
        "changeuuid": "83b1ddc5-44f9-4bfc-a9c8-e8a961c3f14d",
        "stationuuid": "84e746a9-e2d3-42ff-b09f-e788660fdf28",
        "serveruuid": "699ff652-a2fb-48e5-9d33-d7c0c6e7b03e",
        "name": ". Al quran radio ",
        "url": "https://n0a.radiojar.com/0tpy1h0kxtzuv?rj-ttl=5&rj-tok=AAABhdgGORQA-2acfyF3_4WY2g",
        "url_resolved": "http://n10.radiojar.com/0tpy1h0kxtzuv?rj-ttl=5&rj-tok=AAABh2EkkzgAWvbQbj4UKANB6g",
        "homepage": "",
        "favicon": "",
        "tags": "classical",
        "country": "Iraq",
        "countrycode": "IQ",
        "iso_3166_2": null,
        "state": "",
        "language": "",
        "languagecodes": "",
        "votes": 420,
        "lastchangetime": "2023-01-23 07:04:23",
        "lastchangetime_iso8601": "2023-01-23T07:04:23Z",
        "codec": "MP3",
        "bitrate": 0,
        "hls": 0,
        "lastcheckok": 1,
        "lastchecktime": "2023-04-08 13:48:53",
        "lastchecktime_iso8601": "2023-04-08T13:48:53Z",
        "lastcheckoktime": "2023-04-08 13:48:53",
        "lastcheckoktime_iso8601": "2023-04-08T13:48:53Z",
        "lastlocalchecktime": "2023-04-07 19:41:50",
        "lastlocalchecktime_iso8601": "2023-04-07T19:41:50Z",
        "clicktimestamp": "2023-04-08 12:27:23",
        "clicktimestamp_iso8601": "2023-04-08T12:27:23Z",
        "clickcount": 87,
        "clicktrend": 0,
        "ssl_error": 0,
        "geo_lat": null,
        "geo_long": null,
        "has_extended_info": false
    },
    {
        "changeuuid": "f669c5c1-67e2-46d7-807b-489f36a879a9",
        "stationuuid": "2d7d377c-5146-4784-9014-b01f17069bde",
        "serveruuid": "23d8178f-4867-4d3b-ad10-8599a46ec7bb",
        "name": ".. \u0645\u062e\u062a\u0635\u0631 \u0627\u0644\u062a\u0641\u0633\u064a\u0631 ",
        "url": "https://qurango.net/radio/mukhtasartafsir",
        "url_resolved": "https://qurango.net/radio/mukhtasartafsir",
        "homepage": "",
        "favicon": "",
        "tags": "classical",
        "country": "Iraq",
        "countrycode": "IQ",
        "iso_3166_2": null,
        "state": "",
        "language": "",
        "languagecodes": "",
        "votes": 352,
        "lastchangetime": "2023-01-23 12:14:04",
        "lastchangetime_iso8601": "2023-01-23T12:14:04Z",
        "codec": "MP3",
        "bitrate": 128,
        "hls": 0,
        "lastcheckok": 1,
        "lastchecktime": "2023-04-07 20:27:18",
        "lastchecktime_iso8601": "2023-04-07T20:27:18Z",
        "lastcheckoktime": "2023-04-07 20:27:18",
        "lastcheckoktime_iso8601": "2023-04-07T20:27:18Z",
        "lastlocalchecktime": "2023-04-07 17:22:03",
        "lastlocalchecktime_iso8601": "2023-04-07T17:22:03Z",
        "clicktimestamp": "2023-04-07 15:16:26",
        "clicktimestamp_iso8601": "2023-04-07T15:16:26Z",
        "clickcount": 62,
        "clicktrend": -3,
        "ssl_error": 0,
        "geo_lat": null,
        "geo_long": null,
        "has_extended_info": false
    },
    {
        "changeuuid": "804c86ee-5af7-4460-a553-874a11359918",
        "stationuuid": "d3434153-afc3-4bdc-a98b-51ddca3990f1",
        "serveruuid": "23d8178f-4867-4d3b-ad10-8599a46ec7bb",
        "name": ". \u0627\u0644\u0642\u0627\u0631\u0626 \u0645\u062d\u0645\u062f \u0623\u064a\u0648\u0628 ",
        "url": "https://qurango.net/radio/mohammed_ayyub",
        "url_resolved": "https://qurango.net/radio/mohammed_ayyub",
        "homepage": "",
        "favicon": "",
        "tags": "classical",
        "country": "Iraq",
        "countrycode": "IQ",
        "iso_3166_2": null,
        "state": "",
        "language": "",
        "languagecodes": "",
        "votes": 330,
        "lastchangetime": "2023-01-28 07:09:54",
        "lastchangetime_iso8601": "2023-01-28T07:09:54Z",
        "codec": "MP3",
        "bitrate": 128,
        "hls": 0,
        "lastcheckok": 1,
        "lastchecktime": "2023-04-08 12:29:40",
        "lastchecktime_iso8601": "2023-04-08T12:29:40Z",
        "lastcheckoktime": "2023-04-08 12:29:40",
        "lastcheckoktime_iso8601": "2023-04-08T12:29:40Z",
        "lastlocalchecktime": "2023-04-07 18:02:40",
        "lastlocalchecktime_iso8601": "2023-04-07T18:02:40Z",
        "clicktimestamp": "2023-04-08 13:46:51",
        "clicktimestamp_iso8601": "2023-04-08T13:46:51Z",
        "clickcount": 71,
        "clicktrend": -2,
        "ssl_error": 0,
        "geo_lat": null,
        "geo_long": null,
        "has_extended_info": false
    },
    {
        "changeuuid": "bfe79ec3-7c8c-4399-8f08-c819c06c2da8",
        "stationuuid": "12a6bc59-f6cc-448d-b92a-0e48112f1068",
        "serveruuid": "0ca05ac8-d46c-45be-a835-97ca36ae1dbf",
        "name": "Dengi Islam-Hawler 106.1FM",
        "url": "http://radio1.sotmasr.com:9354/;",
        "url_resolved": "http://radio1.sotmasr.com:9354/;",
        "homepage": "http://www.dengislam-hawler.com/",
        "favicon": "",
        "tags": "public radio",
        "country": "Iraq",
        "countrycode": "IQ",
        "iso_3166_2": null,
        "state": "Erbil",
        "language": "",
        "languagecodes": "",
        "votes": 230,
        "lastchangetime": "2023-02-15 15:02:30",
        "lastchangetime_iso8601": "2023-02-15T15:02:30Z",
        "codec": "MP3",
        "bitrate": 128,
        "hls": 0,
        "lastcheckok": 1,
        "lastchecktime": "2023-04-08 09:33:47",
        "lastchecktime_iso8601": "2023-04-08T09:33:47Z",
        "lastcheckoktime": "2023-04-08 09:33:47",
        "lastcheckoktime_iso8601": "2023-04-08T09:33:47Z",
        "lastlocalchecktime": "2023-04-08 09:33:47",
        "lastlocalchecktime_iso8601": "2023-04-08T09:33:47Z",
        "clicktimestamp": "2023-04-08 08:58:27",
        "clicktimestamp_iso8601": "2023-04-08T08:58:27Z",
        "clickcount": 67,
        "clicktrend": -3,
        "ssl_error": 0,
        "geo_lat": 36.00171813093267,
        "geo_long": 44.16421032959438,
        "has_extended_info": false
    },
    {
        "changeuuid": "26f8eae4-ca9a-4f15-a56f-7b01e540522c",
        "stationuuid": "2151c0bb-f77c-411d-80cb-962785bcce8f",
        "serveruuid": "3c75923e-d310-4315-96fc-8c4dbb092e27",
        "name": "Radio Sunnet\u0631\u0627\u062f\u06cc\u06c6\u06cc \u0633\u0648\u0646\u0646\u06d5\u062a",
        "url": "https://media.streambrothers.com:8116/stream",
        "url_resolved": "https://media.streambrothers.com:8116/stream",
        "homepage": "",
        "favicon": "",
        "tags": "country",
        "country": "Iraq",
        "countrycode": "IQ",
        "iso_3166_2": null,
        "state": "",
        "language": "",
        "languagecodes": "",
        "votes": 221,
        "lastchangetime": "2023-02-23 20:53:28",
        "lastchangetime_iso8601": "2023-02-23T20:53:28Z",
        "codec": "MP3",
        "bitrate": 64,
        "hls": 0,
        "lastcheckok": 1,
        "lastchecktime": "2023-04-08 11:06:58",
        "lastchecktime_iso8601": "2023-04-08T11:06:58Z",
        "lastcheckoktime": "2023-04-08 11:06:58",
        "lastcheckoktime_iso8601": "2023-04-08T11:06:58Z",
        "lastlocalchecktime": "2023-04-08 11:06:58",
        "lastlocalchecktime_iso8601": "2023-04-08T11:06:58Z",
        "clicktimestamp": "2023-04-08 08:39:30",
        "clicktimestamp_iso8601": "2023-04-08T08:39:30Z",
        "clickcount": 77,
        "clicktrend": -5,
        "ssl_error": 0,
        "geo_lat": null,
        "geo_long": null,
        "has_extended_info": false
    },
    {
        "changeuuid": "8154a191-dcbb-42c1-88a4-824cfd779c4a",
        "stationuuid": "98e58b0a-e3e0-4833-b585-418c7cd7e204",
        "serveruuid": "099028e4-4857-4f28-a091-d8be79ff62f3",
        "name": "Rudaw News Radio",
        "url": "https://l3.itworkscdn.net/itwaudio/9006/stream",
        "url_resolved": "https://l3.itworkscdn.net/itwaudio/9006/stream",
        "homepage": "https://www.rudaw.net/english",
        "favicon": "https://commons.wikimedia.org/wiki/File:Rudaw_Media_Network.jpg",
        "tags": "kurdish,local news,news",
        "country": "Iraq",
        "countrycode": "IQ",
        "iso_3166_2": null,
        "state": "Kurdistan",
        "language": "kurdish",
        "languagecodes": "ku",
        "votes": 28,
        "lastchangetime": "2023-07-01 18:36:15",
        "lastchangetime_iso8601": "2023-07-01T18:36:15Z",
        "codec": "MP3",
        "bitrate": 128,
        "hls": 0,
        "lastcheckok": 1,
        "lastchecktime": "2023-07-09 06:09:55",
        "lastchecktime_iso8601": "2023-07-09T06:09:55Z",
        "lastcheckoktime": "2023-07-09 06:09:55",
        "lastcheckoktime_iso8601": "2023-07-09T06:09:55Z",
        "lastlocalchecktime": "2023-07-09 06:09:55",
        "lastlocalchecktime_iso8601": "2023-07-09T06:09:55Z",
        "clicktimestamp": "2023-07-09 05:54:15",
        "clicktimestamp_iso8601": "2023-07-09T05:54:15Z",
        "clickcount": 40,
        "clicktrend": -2,
        "ssl_error": 0,
        "geo_lat": null,
        "geo_long": null,
        "has_extended_info": false
    },
    {
        "changeuuid": "f8ac4ffc-185c-4721-a57b-7fef59f5fefa",
        "stationuuid": "f236ce08-8acd-4190-8133-799e5ab02afe",
        "serveruuid": "1c235ed1-787c-4237-b4c8-100ca2e09f44",
        "name": "Waar Radio Official Stream",
        "url": "https://c2.radioboss.fm:18564/stream",
        "url_resolved": "https://c2.radioboss.fm:18564/stream",
        "homepage": "https://waarmedia.com/en/WAAR_Radio/",
        "favicon": "https://upload.wikimedia.org/wikipedia/commons/d/d2/WAAR_TV_HD.png",
        "tags": "folk music,music",
        "country": "Iraq",
        "countrycode": "IQ",
        "iso_3166_2": null,
        "state": "Kurdistan",
        "language": "kurdish",
        "languagecodes": "ku",
        "votes": 28,
        "lastchangetime": "2023-07-01 19:31:36",
        "lastchangetime_iso8601": "2023-07-01T19:31:36Z",
        "codec": "MP3",
        "bitrate": 128,
        "hls": 0,
        "lastcheckok": 1,
        "lastchecktime": "2023-07-09 05:26:04",
        "lastchecktime_iso8601": "2023-07-09T05:26:04Z",
        "lastcheckoktime": "2023-07-09 05:26:04",
        "lastcheckoktime_iso8601": "2023-07-09T05:26:04Z",
        "lastlocalchecktime": "2023-07-09 05:26:04",
        "lastlocalchecktime_iso8601": "2023-07-09T05:26:04Z",
        "clicktimestamp": "2023-07-09 02:02:00",
        "clicktimestamp_iso8601": "2023-07-09T02:02:00Z",
        "clickcount": 59,
        "clicktrend": -6,
        "ssl_error": 0,
        "geo_lat": null,
        "geo_long": null,
        "has_extended_info": false
    },
    {
        "changeuuid": "2abd4420-bd9e-4cf7-9eef-d89c88fff425",
        "stationuuid": "673c8b62-0bbb-4c39-aa0e-b32e963ee869",
        "serveruuid": "4113af84-4d52-454c-989c-bcf4b21db2db",
        "name": "Kurdistan 24 Radio",
        "url": "https://audio-edge-3mayu.fra.h.radiomast.io/04b1ce4c-24f2-4172-b756-065832ef78bf",
        "url_resolved": "https://audio-edge-3mayu.fra.h.radiomast.io/04b1ce4c-24f2-4172-b756-065832ef78bf",
        "homepage": "https://www.kurdistan24.net/ckb",
        "favicon": "https://play-lh.googleusercontent.com/3IZyx9YZtvZNSKwqlTAbNAaXE3U-lWyXE5N7fMI7OHmxyuQHayuHphUdvEIIKfE9cj4",
        "tags": "local news,news,sorani kurdish",
        "country": "Iraq",
        "countrycode": "IQ",
        "iso_3166_2": null,
        "state": "Kurdistan",
        "language": "kurdish",
        "languagecodes": "ku",
        "votes": 27,
        "lastchangetime": "2023-07-01 18:47:10",
        "lastchangetime_iso8601": "2023-07-01T18:47:10Z",
        "codec": "MP3",
        "bitrate": 128,
        "hls": 0,
        "lastcheckok": 1,
        "lastchecktime": "2023-07-09 01:03:19",
        "lastchecktime_iso8601": "2023-07-09T01:03:19Z",
        "lastcheckoktime": "2023-07-09 01:03:19",
        "lastcheckoktime_iso8601": "2023-07-09T01:03:19Z",
        "lastlocalchecktime": "2023-07-09 01:03:19",
        "lastlocalchecktime_iso8601": "2023-07-09T01:03:19Z",
        "clicktimestamp": "2023-07-09 12:12:10",
        "clicktimestamp_iso8601": "2023-07-09T12:12:10Z",
        "clickcount": 46,
        "clicktrend": -4,
        "ssl_error": 0,
        "geo_lat": null,
        "geo_long": null,
        "has_extended_info": false
    },
    {
        "changeuuid": "cb32d9b7-a6ad-4f7c-826e-fe67e8da020a",
        "stationuuid": "bc1e8eb3-a94e-48d7-892a-e790a1599b60",
        "serveruuid": "099028e4-4857-4f28-a091-d8be79ff62f3",
        "name": "SumerFm Iraq",
        "url": "https://l3.itworkscdn.net/itwaudio/9012/stream",
        "url_resolved": "https://l3.itworkscdn.net/itwaudio/9012/stream",
        "homepage": "https://www.alsumaria.tv/SumerFm",
        "favicon": "https://www.alsumaria.tv/uploadImages/ProgramsImages/Channels-L-1-636916940695846700.png",
        "tags": "arabic music,iraq,iraq radio,music,sumer,sumerfm",
        "country": "Iraq",
        "countrycode": "IQ",
        "iso_3166_2": null,
        "state": "Baghdad",
        "language": "arabic",
        "languagecodes": "ar",
        "votes": 123,
        "lastchangetime": "2023-10-03 06:45:40",
        "lastchangetime_iso8601": "2023-10-03T06:45:40Z",
        "codec": "MP3",
        "bitrate": 128,
        "hls": 0,
        "lastcheckok": 1,
        "lastchecktime": "2023-10-21 07:03:13",
        "lastchecktime_iso8601": "2023-10-21T07:03:13Z",
        "lastcheckoktime": "2023-10-21 07:03:13",
        "lastcheckoktime_iso8601": "2023-10-21T07:03:13Z",
        "lastlocalchecktime": "2023-10-20 09:03:38",
        "lastlocalchecktime_iso8601": "2023-10-20T09:03:38Z",
        "clicktimestamp": "2023-10-21 08:47:40",
        "clicktimestamp_iso8601": "2023-10-21T08:47:40Z",
        "clickcount": 124,
        "clicktrend": 0,
        "ssl_error": 0,
        "geo_lat": 33.305273314646655,
        "geo_long": 44.38600074200708,
        "has_extended_info": false
    },
    {
        "changeuuid": "1a45e0b5-e5f4-4608-acd3-92ae1e2fcb1d",
        "stationuuid": "a29b614a-6dd1-4e98-a7f7-a70eb21f82fb",
        "serveruuid": "e60af6a8-78d5-456a-98c9-77a69ab9e68c",
        "name": "Al-bilad Radio/Yaqoubi",
        "url": "https://streamer.radio.co/sb38bf6e66/listen",
        "url_resolved": "https://streamer.radio.co/sb38bf6e66/listen",
        "homepage": "http://www.albilad.org/",
        "favicon": "https://images.radio.co/station_logos/sb38bf6e66.20180614123831.jpg",
        "tags": "al-bilad radio,baghdad,iraq radio,islam,shia,\u0627\u0644\u0628\u0644\u0627\u062f",
        "country": "Iraq",
        "countrycode": "IQ",
        "iso_3166_2": null,
        "state": "Baghdad",
        "language": "arabic,persian",
        "languagecodes": "ar,fa",
        "votes": 74,
        "lastchangetime": "2023-10-03 08:40:12",
        "lastchangetime_iso8601": "2023-10-03T08:40:12Z",
        "codec": "MP3",
        "bitrate": 96,
        "hls": 0,
        "lastcheckok": 1,
        "lastchecktime": "2023-10-20 12:50:15",
        "lastchecktime_iso8601": "2023-10-20T12:50:15Z",
        "lastcheckoktime": "2023-10-20 12:50:15",
        "lastcheckoktime_iso8601": "2023-10-20T12:50:15Z",
        "lastlocalchecktime": "2023-10-20 12:50:15",
        "lastlocalchecktime_iso8601": "2023-10-20T12:50:15Z",
        "clicktimestamp": "2023-10-21 08:25:58",
        "clicktimestamp_iso8601": "2023-10-21T08:25:58Z",
        "clickcount": 100,
        "clicktrend": 1,
        "ssl_error": 0,
        "geo_lat": 33.304669566567576,
        "geo_long": 44.39743346166685,
        "has_extended_info": false
    },
    {
        "changeuuid": "620eb84b-2d54-4d61-a009-0b12090d4805",
        "stationuuid": "59f4eecd-7193-4bc3-8bc3-c1463d92b22d",
        "serveruuid": "ff4bb0b2-d1de-4341-a7dc-1318ae9f4b3d",
        "name": "Alseraj Radio Quran",
        "url": "http://192.99.170.8:5550/stream",
        "url_resolved": "http://192.99.170.8:5550/stream",
        "homepage": "https://raddio.net/229793-alseraj-radio-quran",
        "favicon": "https://cdn.raddio.net/storage/photos/229793/dd4r5adb3503ef462370861608_100x100.webp",
        "tags": "alseraj radio quran,quran radio,quran station",
        "country": "Iraq",
        "countrycode": "IQ",
        "iso_3166_2": null,
        "state": "",
        "language": "arabic",
        "languagecodes": "ar",
        "votes": 67,
        "lastchangetime": "2023-10-03 06:04:21",
        "lastchangetime_iso8601": "2023-10-03T06:04:21Z",
        "codec": "MP3",
        "bitrate": 96,
        "hls": 0,
        "lastcheckok": 1,
        "lastchecktime": "2023-10-21 06:22:04",
        "lastchecktime_iso8601": "2023-10-21T06:22:04Z",
        "lastcheckoktime": "2023-10-21 06:22:04",
        "lastcheckoktime_iso8601": "2023-10-21T06:22:04Z",
        "lastlocalchecktime": "2023-10-20 09:24:49",
        "lastlocalchecktime_iso8601": "2023-10-20T09:24:49Z",
        "clicktimestamp": "2023-10-21 06:46:52",
        "clicktimestamp_iso8601": "2023-10-21T06:46:52Z",
        "clickcount": 82,
        "clicktrend": 4,
        "ssl_error": 0,
        "geo_lat": 32.61328406326153,
        "geo_long": 44.03246026505296,
        "has_extended_info": false
    },
    {
        "changeuuid": "bead6d8e-72b6-4a32-98be-d808d17e04de",
        "stationuuid": "448ba0a5-0c40-4f53-adc6-9d7f8b6e5f6a",
        "serveruuid": "f1b91b0d-31a3-4319-b39f-cfdd00bf364c",
        "name": "Darusalam Radio",
        "url": "https://streams.radio.co/s0975ec186/listen",
        "url_resolved": "https://streams.radio.co/s0975ec186/listen",
        "homepage": "https://www.darusalamradio.net/",
        "favicon": "https://images.radio.co/station_logos/s0975ec186.20220716110749.jpg",
        "tags": "darusalam,islamic,sunni",
        "country": "Iraq",
        "countrycode": "IQ",
        "iso_3166_2": null,
        "state": "Baghdad",
        "language": "arabic",
        "languagecodes": "ar",
        "votes": 67,
        "lastchangetime": "2023-10-03 09:03:55",
        "lastchangetime_iso8601": "2023-10-03T09:03:55Z",
        "codec": "MP3",
        "bitrate": 128,
        "hls": 0,
        "lastcheckok": 1,
        "lastchecktime": "2023-10-20 11:16:15",
        "lastchecktime_iso8601": "2023-10-20T11:16:15Z",
        "lastcheckoktime": "2023-10-20 11:16:15",
        "lastcheckoktime_iso8601": "2023-10-20T11:16:15Z",
        "lastlocalchecktime": "2023-10-20 11:16:15",
        "lastlocalchecktime_iso8601": "2023-10-20T11:16:15Z",
        "clicktimestamp": "2023-10-21 08:25:48",
        "clicktimestamp_iso8601": "2023-10-21T08:25:48Z",
        "clickcount": 88,
        "clicktrend": 5,
        "ssl_error": 0,
        "geo_lat": 33.276047737429806,
        "geo_long": 44.36561258856347,
        "has_extended_info": false
    },
    {
        "changeuuid": "69f0fdc8-cf30-428d-977e-7375d5670fbf",
        "stationuuid": "cf505182-eb0a-4a6e-b459-b33d6afe6b51",
        "serveruuid": "c6d872f7-fc7e-40b3-889b-204386b424f2",
        "name": "\u0627\u0644\u0639\u0647\u062f \u0627\u0644\u062c\u062f\u064a\u062f \u0627\u0644\u0645\u0639\u0645\u062f\u0627\u0646\u064a\u0629",
        "url": "https://s2.radio.co/s27b8c46f0/listen",
        "url_resolved": "https://s2.radio.co/s27b8c46f0/listen",
        "homepage": "http://www.ntbriraq.org/",
        "favicon": "http://www.ntbriraq.org/library/images/banner.jpg",
        "tags": "\u0627\u0644\u0646\u0635\u0631\u0627\u0646\u064a\u0629,\u0645\u0633\u064a\u062d\u064a\u0629",
        "country": "Iraq",
        "countrycode": "IQ",
        "iso_3166_2": null,
        "state": "Baghdad",
        "language": "arabic",
        "languagecodes": "ar",
        "votes": 58,
        "lastchangetime": "2023-10-03 08:43:54",
        "lastchangetime_iso8601": "2023-10-03T08:43:54Z",
        "codec": "MP3",
        "bitrate": 128,
        "hls": 0,
        "lastcheckok": 1,
        "lastchecktime": "2023-10-20 11:47:26",
        "lastchecktime_iso8601": "2023-10-20T11:47:26Z",
        "lastcheckoktime": "2023-10-20 11:47:26",
        "lastcheckoktime_iso8601": "2023-10-20T11:47:26Z",
        "lastlocalchecktime": "2023-10-20 11:47:26",
        "lastlocalchecktime_iso8601": "2023-10-20T11:47:26Z",
        "clicktimestamp": "2023-10-21 08:37:54",
        "clicktimestamp_iso8601": "2023-10-21T08:37:54Z",
        "clickcount": 83,
        "clicktrend": 4,
        "ssl_error": 0,
        "geo_lat": 33.2938609387291,
        "geo_long": 44.382327260494975,
        "has_extended_info": false
    },
    {
        "changeuuid": "ecee0216-0f24-4e27-bb21-ecb5b8e1cfb6",
        "stationuuid": "894f73d0-647d-461b-845c-95d8e14a1e32",
        "serveruuid": "87013bd5-cb01-4b69-a2ec-582ad3b71306",
        "name": "Alseraj Radio Islam",
        "url": "https://eu4.fastcast4u.com/proxy/aabdul00?mp=/1",
        "url_resolved": "https://eu4.fastcast4u.com/proxy/aabdul00?mp=/1",
        "homepage": "https://www.alserajradio.com/",
        "favicon": "https://www.alserajradio.com/wp-content/uploads/2021/07/cropped-logo-2-1.png",
        "tags": "alseraj,iraq,islam,islamic",
        "country": "Iraq",
        "countrycode": "IQ",
        "iso_3166_2": null,
        "state": "KARBALA",
        "language": "arabic",
        "languagecodes": "ar",
        "votes": 55,
        "lastchangetime": "2023-10-03 05:31:28",
        "lastchangetime_iso8601": "2023-10-03T05:31:28Z",
        "codec": "MP3",
        "bitrate": 128,
        "hls": 0,
        "lastcheckok": 1,
        "lastchecktime": "2023-10-21 06:40:28",
        "lastchecktime_iso8601": "2023-10-21T06:40:28Z",
        "lastcheckoktime": "2023-10-21 06:40:28",
        "lastcheckoktime_iso8601": "2023-10-21T06:40:28Z",
        "lastlocalchecktime": "2023-10-21 06:40:28",
        "lastlocalchecktime_iso8601": "2023-10-21T06:40:28Z",
        "clicktimestamp": "2023-10-21 06:59:59",
        "clicktimestamp_iso8601": "2023-10-21T06:59:59Z",
        "clickcount": 71,
        "clicktrend": 0,
        "ssl_error": 0,
        "geo_lat": 32.604926105203255,
        "geo_long": 44.01991023965726,
        "has_extended_info": false
    },
    {
        "changeuuid": "45d9dc64-8697-4dde-a792-b948f242f714",
        "stationuuid": "8c8be036-e206-462f-9ed9-65d36b214319",
        "serveruuid": "d46d6ab1-0775-4ec7-aab1-f496e6bd0bb9",
        "name": "radio maria iraq",
        "url": "http://dreamsiteradiocp4.com:8046/stream",
        "url_resolved": "http://dreamsiteradiocp4.com:8046/stream",
        "homepage": "",
        "favicon": "",
        "tags": "classical",
        "country": "Iraq",
        "countrycode": "IQ",
        "iso_3166_2": null,
        "state": "",
        "language": "",
        "languagecodes": "",
        "votes": 0,
        "lastchangetime": "2023-11-07 12:07:18",
        "lastchangetime_iso8601": "2023-11-07T12:07:18Z",
        "codec": "MP3",
        "bitrate": 64,
        "hls": 0,
        "lastcheckok": 1,
        "lastchecktime": "2023-11-07 12:09:19",
        "lastchecktime_iso8601": "2023-11-07T12:09:19Z",
        "lastcheckoktime": "2023-11-07 12:09:19",
        "lastcheckoktime_iso8601": "2023-11-07T12:09:19Z",
        "lastlocalchecktime": "2023-11-07 12:09:19",
        "lastlocalchecktime_iso8601": "2023-11-07T12:09:19Z",
        "clicktimestamp": "2023-11-07 14:20:17",
        "clicktimestamp_iso8601": "2023-11-07T14:20:17Z",
        "clickcount": 3,
        "clicktrend": 3,
        "ssl_error": 0,
        "geo_lat": null,
        "geo_long": null,
        "has_extended_info": false
    }
]