[
    {
        "changeuuid": "3e9106ac-0864-41f4-9899-b7572599e279",
        "stationuuid": "b6eedfc6-4a4b-4899-852f-03dd833f1f1b",
        "serveruuid": "0e977c31-7e4b-4219-b634-fa5325afe44d",
        "name": "\u0627\u06cc\u0631\u0627\u0646\u200e  Radio Liberty (Iran) (official stream)",
        "url": "https://stream.radiojar.com/cp13r2cpn3quv",
        "url_resolved": "https://n11.radiojar.com/cp13r2cpn3quv?rj-ttl=5&rj-tok=AAABh2C_mM4AJkHdX6To75XyRQ",
        "homepage": "https://www.radiofarda.com/",
        "favicon": "https://www.radiofarda.com/content/responsive/rfe/img/webapp/ico-128x128.png",
        "tags": "",
        "country": "Islamic Republic Of Iran",
        "countrycode": "IR",
        "iso_3166_2": null,
        "state": "Tehran",
        "language": "irani,iranian",
        "languagecodes": "",
        "votes": 25758,
        "lastchangetime": "2021-11-10 21:02:47",
        "lastchangetime_iso8601": "2021-11-10T21:02:47Z",
        "codec": "MP3",
        "bitrate": 0,
        "hls": 0,
        "lastcheckok": 1,
        "lastchecktime": "2023-04-08 11:59:36",
        "lastchecktime_iso8601": "2023-04-08T11:59:36Z",
        "lastcheckoktime": "2023-04-08 11:59:36",
        "lastcheckoktime_iso8601": "2023-04-08T11:59:36Z",
        "lastlocalchecktime": "2023-04-07 14:27:47",
        "lastlocalchecktime_iso8601": "2023-04-07T14:27:47Z",
        "clicktimestamp": "2023-04-08 14:17:51",
        "clicktimestamp_iso8601": "2023-04-08T14:17:51Z",
        "clickcount": 1635,
        "clicktrend": -3,
        "ssl_error": 0,
        "geo_lat": 35.69522525087309,
        "geo_long": 51.384429931640625,
        "has_extended_info": false
    },
    {
        "changeuuid": "b879b3d3-06d8-4f4a-b250-da05591f6b61",
        "stationuuid": "dcb4d366-5b06-4f4d-a5cb-0b81d1c09521",
        "serveruuid": "75251609-aa0b-46eb-a3c0-b18ba964626a",
        "name": "parsa",
        "url": "http://parsa.icdndhcp.com:18000/stream",
        "url_resolved": "http://parsa.icdndhcp.com:18000/stream",
        "homepage": "http://radio.sarcheshmeh.us/parsa.html",
        "favicon": "https://lh5.googleusercontent.com/proxy/25PMsUBa3Z6So8cdvAyZT7_93NyV26cJNuTTDY4xk6aJU1lcKPByf2C7o2HbrGrv-QxPvbI3dio2D39zYlgi1v6nLg",
        "tags": "classical",
        "country": "Islamic Republic Of Iran",
        "countrycode": "IR",
        "iso_3166_2": null,
        "state": "",
        "language": "",
        "languagecodes": "",
        "votes": 25091,
        "lastchangetime": "2021-08-06 08:36:44",
        "lastchangetime_iso8601": "2021-08-06T08:36:44Z",
        "codec": "MP3",
        "bitrate": 64,
        "hls": 0,
        "lastcheckok": 1,
        "lastchecktime": "2023-04-08 09:38:19",
        "lastchecktime_iso8601": "2023-04-08T09:38:19Z",
        "lastcheckoktime": "2023-04-08 09:38:19",
        "lastcheckoktime_iso8601": "2023-04-08T09:38:19Z",
        "lastlocalchecktime": "2023-04-07 16:44:30",
        "lastlocalchecktime_iso8601": "2023-04-07T16:44:30Z",
        "clicktimestamp": "2023-04-08 14:07:57",
        "clicktimestamp_iso8601": "2023-04-08T14:07:57Z",
        "clickcount": 1485,
        "clicktrend": 7,
        "ssl_error": 0,
        "geo_lat": null,
        "geo_long": null,
        "has_extended_info": false
    },
    {
        "changeuuid": "93b939d4-72e0-40ca-a005-7e0623b0580f",
        "stationuuid": "964807c7-0601-11e8-ae97-52543be04c81",
        "serveruuid": "b5ecc746-4deb-4124-a34e-d60b6578240d",
        "name": "Iran On Air",
        "url": "http://ice41.securenetsystems.net/KIRN",
        "url_resolved": "http://ice41.securenetsystems.net/KIRN",
        "homepage": "http://www.iranonair.com/",
        "favicon": "http://www.iranonair.com/favicon.ico",
        "tags": "",
        "country": "Islamic Republic Of Iran",
        "countrycode": "IR",
        "iso_3166_2": null,
        "state": "Tehran",
        "language": "persian",
        "languagecodes": "fa",
        "votes": 22582,
        "lastchangetime": "2023-02-23 23:18:06",
        "lastchangetime_iso8601": "2023-02-23T23:18:06Z",
        "codec": "AAC+",
        "bitrate": 24,
        "hls": 0,
        "lastcheckok": 1,
        "lastchecktime": "2023-04-07 19:44:58",
        "lastchecktime_iso8601": "2023-04-07T19:44:58Z",
        "lastcheckoktime": "2023-04-07 19:44:58",
        "lastcheckoktime_iso8601": "2023-04-07T19:44:58Z",
        "lastlocalchecktime": "2023-04-07 19:33:06",
        "lastlocalchecktime_iso8601": "2023-04-07T19:33:06Z",
        "clicktimestamp": "2023-04-08 14:04:18",
        "clicktimestamp_iso8601": "2023-04-08T14:04:18Z",
        "clickcount": 571,
        "clicktrend": -8,
        "ssl_error": 0,
        "geo_lat": null,
        "geo_long": null,
        "has_extended_info": false
    },
    {
        "changeuuid": "5aaddcce-1695-11e9-a80b-52543be04c81",
        "stationuuid": "5aaddcc0-1695-11e9-a80b-52543be04c81",
        "serveruuid": "a6bbd6cf-b8be-4c7c-9dfc-0fb298dfaeaa",
        "name": "Faz",
        "url": "http://www.radiofaaz.com:8000/radiofaaz",
        "url_resolved": "http://www.radiofaaz.com:8000/radiofaaz",
        "homepage": "http://www.radiofaaz.com:8000/radiofaaz",
        "favicon": "",
        "tags": "",
        "country": "Islamic Republic Of Iran",
        "countrycode": "IR",
        "iso_3166_2": null,
        "state": "",
        "language": "",
        "languagecodes": "",
        "votes": 22484,
        "lastchangetime": "2021-08-06 08:36:44",
        "lastchangetime_iso8601": "2021-08-06T08:36:44Z",
        "codec": "MP3",
        "bitrate": 128,
        "hls": 0,
        "lastcheckok": 1,
        "lastchecktime": "2023-04-08 08:26:51",
        "lastchecktime_iso8601": "2023-04-08T08:26:51Z",
        "lastcheckoktime": "2023-04-08 08:26:51",
        "lastcheckoktime_iso8601": "2023-04-08T08:26:51Z",
        "lastlocalchecktime": "2023-04-07 15:39:39",
        "lastlocalchecktime_iso8601": "2023-04-07T15:39:39Z",
        "clicktimestamp": "2023-04-08 14:14:53",
        "clicktimestamp_iso8601": "2023-04-08T14:14:53Z",
        "clickcount": 1174,
        "clicktrend": 19,
        "ssl_error": 0,
        "geo_lat": null,
        "geo_long": null,
        "has_extended_info": false
    },
    {
        "changeuuid": "b48d2eef-ca97-4496-8fe5-a66293bcb20e",
        "stationuuid": "96480479-0601-11e8-ae97-52543be04c81",
        "serveruuid": "42fae471-8ac0-40e3-89f8-7c72bfe21fb4",
        "name": "Radio Eram",
        "url": "http://37.59.47.192:8200/;stream.mp3",
        "url_resolved": "http://37.59.47.192:8200/;stream.mp3",
        "homepage": "https://radioeram.com/",
        "favicon": "https://radioeram.com/favicon.ico",
        "tags": "",
        "country": "Islamic Republic Of Iran",
        "countrycode": "IR",
        "iso_3166_2": null,
        "state": "Tehran",
        "language": "persian",
        "languagecodes": "fa",
        "votes": 21272,
        "lastchangetime": "2022-03-28 09:13:05",
        "lastchangetime_iso8601": "2022-03-28T09:13:05Z",
        "codec": "MP3",
        "bitrate": 128,
        "hls": 0,
        "lastcheckok": 1,
        "lastchecktime": "2023-04-07 22:48:38",
        "lastchecktime_iso8601": "2023-04-07T22:48:38Z",
        "lastcheckoktime": "2023-04-07 22:48:38",
        "lastcheckoktime_iso8601": "2023-04-07T22:48:38Z",
        "lastlocalchecktime": "2023-04-07 18:43:08",
        "lastlocalchecktime_iso8601": "2023-04-07T18:43:08Z",
        "clicktimestamp": "2023-04-08 14:16:25",
        "clicktimestamp_iso8601": "2023-04-08T14:16:25Z",
        "clickcount": 756,
        "clicktrend": -9,
        "ssl_error": 0,
        "geo_lat": null,
        "geo_long": null,
        "has_extended_info": false
    },
    {
        "changeuuid": "51aff5df-91bd-41bd-bc58-dc09e2a91af0",
        "stationuuid": "365deb9d-4422-433c-9f4a-5f243220624c",
        "serveruuid": "7f7a5dd1-f63f-4113-b046-dbe47f589cc2",
        "name": "Radio Sarcheshme",
        "url": "http://sarcheshmeh.icdndhcp.com:18452/stream",
        "url_resolved": "http://sarcheshmeh.icdndhcp.com:18452/stream",
        "homepage": "http://sarcheshmeh.icdndhcp.com:18452/stream",
        "favicon": "",
        "tags": "",
        "country": "Islamic Republic Of Iran",
        "countrycode": "IR",
        "iso_3166_2": null,
        "state": "",
        "language": "persian",
        "languagecodes": "fa",
        "votes": 20966,
        "lastchangetime": "2022-03-28 14:03:27",
        "lastchangetime_iso8601": "2022-03-28T14:03:27Z",
        "codec": "MP3",
        "bitrate": 128,
        "hls": 0,
        "lastcheckok": 1,
        "lastchecktime": "2023-04-08 13:34:44",
        "lastchecktime_iso8601": "2023-04-08T13:34:44Z",
        "lastcheckoktime": "2023-04-08 13:34:44",
        "lastcheckoktime_iso8601": "2023-04-08T13:34:44Z",
        "lastlocalchecktime": "2023-04-08 13:34:44",
        "lastlocalchecktime_iso8601": "2023-04-08T13:34:44Z",
        "clicktimestamp": "2023-04-08 14:04:17",
        "clicktimestamp_iso8601": "2023-04-08T14:04:17Z",
        "clickcount": 601,
        "clicktrend": 5,
        "ssl_error": 0,
        "geo_lat": null,
        "geo_long": null,
        "has_extended_info": false
    },
    {
        "changeuuid": "50ac869c-5ae5-4611-967f-3b20006a7dc8",
        "stationuuid": "795ff7ba-5f12-11ea-be63-52543be04c81",
        "serveruuid": "91f57661-0d59-4f51-bbab-c82cb1a0edce",
        "name": "Radio Romaan",
        "url": "http://stream.zeno.fm/39gsar7zetzuv.m3u",
        "url_resolved": "http://stream-053.zeno.fm/39gsar7zetzuv?zs=YlYQsvqcQLmwaEmwmTqSQQ",
        "homepage": "http://radioromaan.com/",
        "favicon": "",
        "tags": "iran,iranian,persian,talk,talk radio",
        "country": "Islamic Republic Of Iran",
        "countrycode": "IR",
        "iso_3166_2": null,
        "state": "Tehran",
        "language": "persian",
        "languagecodes": "fa",
        "votes": 18338,
        "lastchangetime": "2022-03-28 11:39:48",
        "lastchangetime_iso8601": "2022-03-28T11:39:48Z",
        "codec": "MP3",
        "bitrate": 0,
        "hls": 0,
        "lastcheckok": 1,
        "lastchecktime": "2023-04-08 11:59:36",
        "lastchecktime_iso8601": "2023-04-08T11:59:36Z",
        "lastcheckoktime": "2023-04-08 11:59:36",
        "lastcheckoktime_iso8601": "2023-04-08T11:59:36Z",
        "lastlocalchecktime": "2023-04-07 18:13:29",
        "lastlocalchecktime_iso8601": "2023-04-07T18:13:29Z",
        "clicktimestamp": "2023-04-08 14:15:29",
        "clicktimestamp_iso8601": "2023-04-08T14:15:29Z",
        "clickcount": 325,
        "clicktrend": -4,
        "ssl_error": 0,
        "geo_lat": null,
        "geo_long": null,
        "has_extended_info": false
    },
    {
        "changeuuid": "ac535680-4159-445e-a850-bbf1faa26259",
        "stationuuid": "3a769a13-1be5-46a0-be45-03b063d3d06e",
        "serveruuid": "a564f993-815c-4f14-ac1e-3f0f80514c9f",
        "name": "Radio Javan - The Best Persian Music 24/7",
        "url": "http://74.115.215.36/",
        "url_resolved": "http://74.115.215.36/",
        "homepage": "https://www.radiojavan.com/",
        "favicon": "https://www.radiojavan.com/images/rj-touch-icon-114.png",
        "tags": "",
        "country": "Islamic Republic Of Iran",
        "countrycode": "IR",
        "iso_3166_2": null,
        "state": "",
        "language": "persian",
        "languagecodes": "fa",
        "votes": 14351,
        "lastchangetime": "2022-11-01 22:20:11",
        "lastchangetime_iso8601": "2022-11-01T22:20:11Z",
        "codec": "MP3",
        "bitrate": 128,
        "hls": 0,
        "lastcheckok": 1,
        "lastchecktime": "2023-04-08 09:23:58",
        "lastchecktime_iso8601": "2023-04-08T09:23:58Z",
        "lastcheckoktime": "2023-04-08 09:23:58",
        "lastcheckoktime_iso8601": "2023-04-08T09:23:58Z",
        "lastlocalchecktime": "2023-04-08 09:23:58",
        "lastlocalchecktime_iso8601": "2023-04-08T09:23:58Z",
        "clicktimestamp": "2023-04-08 14:19:25",
        "clicktimestamp_iso8601": "2023-04-08T14:19:25Z",
        "clickcount": 1673,
        "clicktrend": 13,
        "ssl_error": 0,
        "geo_lat": null,
        "geo_long": null,
        "has_extended_info": false
    },
    {
        "changeuuid": "cbe77eb4-4e4d-4746-a943-b627c0695fb6",
        "stationuuid": "9614d7a0-0601-11e8-ae97-52543be04c81",
        "serveruuid": "31d03be0-172e-4748-963d-a84d1b78ba86",
        "name": "Radio Mojdeh",
        "url": "http://ic2326.c1261.fast-serv.com/rm128",
        "url_resolved": "http://ic2326.c1261.fast-serv.com/rm128",
        "homepage": "http://www.radiomojdeh.com/",
        "favicon": "",
        "tags": "adventista,christian,persian",
        "country": "Islamic Republic Of Iran",
        "countrycode": "IR",
        "iso_3166_2": null,
        "state": "Tehran",
        "language": "persian",
        "languagecodes": "fa",
        "votes": 12333,
        "lastchangetime": "2022-08-21 05:11:16",
        "lastchangetime_iso8601": "2022-08-21T05:11:16Z",
        "codec": "MP3",
        "bitrate": 128,
        "hls": 0,
        "lastcheckok": 1,
        "lastchecktime": "2023-04-08 14:05:14",
        "lastchecktime_iso8601": "2023-04-08T14:05:14Z",
        "lastcheckoktime": "2023-04-08 14:05:14",
        "lastcheckoktime_iso8601": "2023-04-08T14:05:14Z",
        "lastlocalchecktime": "2023-04-08 14:05:14",
        "lastlocalchecktime_iso8601": "2023-04-08T14:05:14Z",
        "clicktimestamp": "2023-04-08 14:03:05",
        "clicktimestamp_iso8601": "2023-04-08T14:03:05Z",
        "clickcount": 195,
        "clicktrend": -10,
        "ssl_error": 0,
        "geo_lat": null,
        "geo_long": null,
        "has_extended_info": false
    },
    {
        "changeuuid": "b99419c1-23e8-43f9-8c81-707c5b24a1e5",
        "stationuuid": "df3734d3-67f7-438b-8203-ad64ae1ca77a",
        "serveruuid": "1b346b57-1a48-4b47-930e-286b57af6f31",
        "name": "caltexmusic",
        "url": "http://n13.radiojar.com/cp13r2cpn3quv?rj-ttl=5&rj-tok=AAABeB5OHJQA07FIiDdZAZNHWw",
        "url_resolved": "http://n11.radiojar.com/cp13r2cpn3quv?rj-ttl=5&rj-tok=AAABh2AfD4gANOP8sUTyWwbtgQ",
        "homepage": "",
        "favicon": "",
        "tags": "classical",
        "country": "Islamic Republic Of Iran",
        "countrycode": "IR",
        "iso_3166_2": null,
        "state": "",
        "language": "",
        "languagecodes": "",
        "votes": 10688,
        "lastchangetime": "2021-12-27 01:07:41",
        "lastchangetime_iso8601": "2021-12-27T01:07:41Z",
        "codec": "MP3",
        "bitrate": 0,
        "hls": 0,
        "lastcheckok": 1,
        "lastchecktime": "2023-04-08 08:59:50",
        "lastchecktime_iso8601": "2023-04-08T08:59:50Z",
        "lastcheckoktime": "2023-04-08 08:59:50",
        "lastcheckoktime_iso8601": "2023-04-08T08:59:50Z",
        "lastlocalchecktime": "2023-04-07 19:21:32",
        "lastlocalchecktime_iso8601": "2023-04-07T19:21:32Z",
        "clicktimestamp": "2023-04-08 14:03:43",
        "clicktimestamp_iso8601": "2023-04-08T14:03:43Z",
        "clickcount": 279,
        "clicktrend": -6,
        "ssl_error": 0,
        "geo_lat": null,
        "geo_long": null,
        "has_extended_info": false
    },
    {
        "changeuuid": "1d8f02b2-0a4b-4817-bbc3-942eb7d36ad0",
        "stationuuid": "1f7004e6-f819-11e9-bbf2-52543be04c81",
        "serveruuid": "bcde7288-4283-43e2-94d3-dc12f7087ff0",
        "name": "IRIB Radio Ava - \u0631\u0627\u062f\u06cc\u0648 \u0622\u0648\u0627",
        "url": "http://altcdn.iranseda.ir:1935/channel-live/smil:r-ava/playlist.m3u8",
        "url_resolved": "http://altcdn.iranseda.ir:1935/channel-live/smil:r-ava/playlist.m3u8",
        "homepage": "http://radioava.ir/",
        "favicon": "http://radio.iranseda.ir/imagesdynamic?c=radio-ava",
        "tags": "ava,religion,tehran",
        "country": "Islamic Republic Of Iran",
        "countrycode": "IR",
        "iso_3166_2": null,
        "state": "Tehran",
        "language": "persian",
        "languagecodes": "fa",
        "votes": 7236,
        "lastchangetime": "2023-03-08 05:29:52",
        "lastchangetime_iso8601": "2023-03-08T05:29:52Z",
        "codec": "UNKNOWN",
        "bitrate": 307,
        "hls": 1,
        "lastcheckok": 1,
        "lastchecktime": "2023-04-08 08:33:00",
        "lastchecktime_iso8601": "2023-04-08T08:33:00Z",
        "lastcheckoktime": "2023-04-08 08:33:00",
        "lastcheckoktime_iso8601": "2023-04-08T08:33:00Z",
        "lastlocalchecktime": "2023-04-07 17:46:11",
        "lastlocalchecktime_iso8601": "2023-04-07T17:46:11Z",
        "clicktimestamp": "2023-04-08 14:25:04",
        "clicktimestamp_iso8601": "2023-04-08T14:25:04Z",
        "clickcount": 1553,
        "clicktrend": 3,
        "ssl_error": 0,
        "geo_lat": null,
        "geo_long": null,
        "has_extended_info": false
    },
    {
        "changeuuid": "dcafc800-6283-4b3e-a775-ca1959bc98c3",
        "stationuuid": "aa408a3b-3d07-415d-8af1-a60b64e07043",
        "serveruuid": "4916cd47-7266-4433-ae8d-1897d3aa0348",
        "name": " Radio Navahang",
        "url": "https://navairan.com/;stream.nsv",
        "url_resolved": "https://navairan.com/;stream.nsv",
        "homepage": "https://www.navahang.com/",
        "favicon": "https://www.navahang.com/apple-touch-icon.png",
        "tags": "middle eastern music,pop",
        "country": "Islamic Republic Of Iran",
        "countrycode": "IR",
        "iso_3166_2": null,
        "state": "",
        "language": "persian",
        "languagecodes": "fa",
        "votes": 7156,
        "lastchangetime": "2022-09-12 09:59:09",
        "lastchangetime_iso8601": "2022-09-12T09:59:09Z",
        "codec": "MP3",
        "bitrate": 128,
        "hls": 0,
        "lastcheckok": 1,
        "lastchecktime": "2023-04-07 21:01:33",
        "lastchecktime_iso8601": "2023-04-07T21:01:33Z",
        "lastcheckoktime": "2023-04-07 21:01:33",
        "lastcheckoktime_iso8601": "2023-04-07T21:01:33Z",
        "lastlocalchecktime": "2023-04-07 19:15:03",
        "lastlocalchecktime_iso8601": "2023-04-07T19:15:03Z",
        "clicktimestamp": "2023-04-08 14:16:47",
        "clicktimestamp_iso8601": "2023-04-08T14:16:47Z",
        "clickcount": 1262,
        "clicktrend": -7,
        "ssl_error": 0,
        "geo_lat": null,
        "geo_long": null,
        "has_extended_info": false
    },
    {
        "changeuuid": "261d6af4-53c2-4ad2-825f-eab8e1d6502e",
        "stationuuid": "5c6c092b-2b8b-4ac1-a8d0-090f87037fd9",
        "serveruuid": "01f2532d-0a5c-4eba-a03e-4735aa6676d4",
        "name": "iraninternational",
        "url": "https://radio.iraninternational.app/iintl_c",
        "url_resolved": "http://n0d.radiojar.com/dfnrphnr5f0uv?rj-ttl=5&rj-tok=AAABh2C8qjwA_eJ6HUEPUmSgVQ",
        "homepage": "https://iranintl.com/",
        "favicon": "https://i1.sndcdn.com/avatars-YoWASwkjaL4sREAa-xEYNgg-t200x200.jpg",
        "tags": "iran,news,persian",
        "country": "Islamic Republic Of Iran",
        "countrycode": "IR",
        "iso_3166_2": null,
        "state": "",
        "language": "persian",
        "languagecodes": "fa",
        "votes": 5628,
        "lastchangetime": "2022-12-09 03:46:39",
        "lastchangetime_iso8601": "2022-12-09T03:46:39Z",
        "codec": "MP3",
        "bitrate": 0,
        "hls": 0,
        "lastcheckok": 1,
        "lastchecktime": "2023-04-08 11:59:36",
        "lastchecktime_iso8601": "2023-04-08T11:59:36Z",
        "lastcheckoktime": "2023-04-08 11:59:36",
        "lastcheckoktime_iso8601": "2023-04-08T11:59:36Z",
        "lastlocalchecktime": "2023-04-07 16:44:30",
        "lastlocalchecktime_iso8601": "2023-04-07T16:44:30Z",
        "clicktimestamp": "2023-04-08 14:27:53",
        "clicktimestamp_iso8601": "2023-04-08T14:27:53Z",
        "clickcount": 2761,
        "clicktrend": 5,
        "ssl_error": 0,
        "geo_lat": null,
        "geo_long": null,
        "has_extended_info": false
    },
    {
        "changeuuid": "068ec697-81bd-4b45-a774-8882bd392596",
        "stationuuid": "0eef19b2-c757-49a5-9780-8f6a9576d8ff",
        "serveruuid": "4dcd4576-8b48-47b1-9290-cc10a0d013e6",
        "name": "Radio Ava",
        "url": "http://95.130.169.194/Stream9",
        "url_resolved": "http://95.130.169.194/Stream9",
        "homepage": "http://radioava1044.com/",
        "favicon": "",
        "tags": "",
        "country": "Islamic Republic Of Iran",
        "countrycode": "IR",
        "iso_3166_2": null,
        "state": "",
        "language": "",
        "languagecodes": "",
        "votes": 5608,
        "lastchangetime": "2022-08-26 04:38:38",
        "lastchangetime_iso8601": "2022-08-26T04:38:38Z",
        "codec": "AAC+",
        "bitrate": 64,
        "hls": 0,
        "lastcheckok": 1,
        "lastchecktime": "2023-04-08 11:06:58",
        "lastchecktime_iso8601": "2023-04-08T11:06:58Z",
        "lastcheckoktime": "2023-04-08 11:06:58",
        "lastcheckoktime_iso8601": "2023-04-08T11:06:58Z",
        "lastlocalchecktime": "2023-04-08 11:06:58",
        "lastlocalchecktime_iso8601": "2023-04-08T11:06:58Z",
        "clicktimestamp": "2023-04-08 10:14:57",
        "clicktimestamp_iso8601": "2023-04-08T10:14:57Z",
        "clickcount": 220,
        "clicktrend": -9,
        "ssl_error": 0,
        "geo_lat": null,
        "geo_long": null,
        "has_extended_info": false
    },
    {
        "changeuuid": "5e8e1865-8444-4b97-a52f-149e2fee6a1f",
        "stationuuid": "3edb666f-9c41-49d6-aa5c-089c506b667c",
        "serveruuid": "d306f91b-8b2d-4c70-bf1b-16445e2adad2",
        "name": "iRadios Persian",
        "url": "http://stream.radiojar.com/m990zcmrbrzuv",
        "url_resolved": "http://n06.radiojar.com/m990zcmrbrzuv?rj-ttl=5&rj-tok=AAABh1049K0AMgeiXXJrifZ2LQ",
        "homepage": "https://www.iradios.ca/",
        "favicon": "https://play-lh.googleusercontent.com/hjktTCbKsZC1YowDsB14x7D4AiFeM9VX8n-6Pk7z1zh9blMTRJ_rQ3QRZxStBg5xzg=w480-h960",
        "tags": "",
        "country": "Islamic Republic Of Iran",
        "countrycode": "IR",
        "iso_3166_2": null,
        "state": "",
        "language": "",
        "languagecodes": "",
        "votes": 4638,
        "lastchangetime": "2022-08-14 09:41:07",
        "lastchangetime_iso8601": "2022-08-14T09:41:07Z",
        "codec": "MP3",
        "bitrate": 0,
        "hls": 0,
        "lastcheckok": 1,
        "lastchecktime": "2023-04-07 19:29:18",
        "lastchecktime_iso8601": "2023-04-07T19:29:18Z",
        "lastcheckoktime": "2023-04-07 19:29:18",
        "lastcheckoktime_iso8601": "2023-04-07T19:29:18Z",
        "lastlocalchecktime": "2023-04-07 18:51:54",
        "lastlocalchecktime_iso8601": "2023-04-07T18:51:54Z",
        "clicktimestamp": "2023-04-08 14:15:04",
        "clicktimestamp_iso8601": "2023-04-08T14:15:04Z",
        "clickcount": 678,
        "clicktrend": -13,
        "ssl_error": 0,
        "geo_lat": null,
        "geo_long": null,
        "has_extended_info": false
    },
    {
        "changeuuid": "d489010b-2aa4-4188-b833-ba15193cb0c6",
        "stationuuid": "aa7db94e-8637-47dc-b859-aa2650d67e1c",
        "serveruuid": "27488628-791e-42a3-8f9d-d45a342b794b",
        "name": "Radio Javan",
        "url": "http://rj1.rjstream.com/",
        "url_resolved": "http://rj1.rjstream.com/",
        "homepage": "https://www.radiojavan.com/",
        "favicon": "https://www.radiojavan.com/images/rj-touch-icon-114.png",
        "tags": "farsi,iran,persian",
        "country": "Islamic Republic Of Iran",
        "countrycode": "IR",
        "iso_3166_2": null,
        "state": "",
        "language": "persian",
        "languagecodes": "fa",
        "votes": 4078,
        "lastchangetime": "2022-10-16 04:43:03",
        "lastchangetime_iso8601": "2022-10-16T04:43:03Z",
        "codec": "MP3",
        "bitrate": 128,
        "hls": 0,
        "lastcheckok": 1,
        "lastchecktime": "2023-04-08 12:49:30",
        "lastchecktime_iso8601": "2023-04-08T12:49:30Z",
        "lastcheckoktime": "2023-04-08 12:49:30",
        "lastcheckoktime_iso8601": "2023-04-08T12:49:30Z",
        "lastlocalchecktime": "2023-04-08 12:49:30",
        "lastlocalchecktime_iso8601": "2023-04-08T12:49:30Z",
        "clicktimestamp": "2023-04-08 14:19:14",
        "clicktimestamp_iso8601": "2023-04-08T14:19:14Z",
        "clickcount": 461,
        "clicktrend": -5,
        "ssl_error": 0,
        "geo_lat": null,
        "geo_long": null,
        "has_extended_info": false
    },
    {
        "changeuuid": "f386e12b-94b5-45e1-92b1-5d4549c3fe71",
        "stationuuid": "9d651689-a7e6-4801-9d78-eaa0b2c11172",
        "serveruuid": "e403c955-0efa-4576-8175-131068e48808",
        "name": "Middle Eastern Classical",
        "url": "http://stream.zeno.fm/21dg3nty1a0uv.m3u",
        "url_resolved": "http://stream-058.zeno.fm/21dg3nty1a0uv?zs=hCFngLr5QGycMBYUc5PbHg",
        "homepage": "https://zeno.fm/eastern-classical-music/",
        "favicon": "https://zeno.fm/static/icons/apple-icon-120x120.png",
        "tags": "classical,world",
        "country": "Islamic Republic Of Iran",
        "countrycode": "IR",
        "iso_3166_2": null,
        "state": "Tehran",
        "language": "",
        "languagecodes": "",
        "votes": 3601,
        "lastchangetime": "2022-05-15 20:00:34",
        "lastchangetime_iso8601": "2022-05-15T20:00:34Z",
        "codec": "MP3",
        "bitrate": 0,
        "hls": 0,
        "lastcheckok": 1,
        "lastchecktime": "2023-04-07 20:27:18",
        "lastchecktime_iso8601": "2023-04-07T20:27:18Z",
        "lastcheckoktime": "2023-04-07 20:27:18",
        "lastcheckoktime_iso8601": "2023-04-07T20:27:18Z",
        "lastlocalchecktime": "2023-04-07 16:21:14",
        "lastlocalchecktime_iso8601": "2023-04-07T16:21:14Z",
        "clicktimestamp": "2023-04-08 14:19:46",
        "clicktimestamp_iso8601": "2023-04-08T14:19:46Z",
        "clickcount": 230,
        "clicktrend": -5,
        "ssl_error": 0,
        "geo_lat": 32.773419354975175,
        "geo_long": 53.61328125000001,
        "has_extended_info": false
    },
    {
        "changeuuid": "f14d0318-db59-4d2e-b30c-fdb60d3a497a",
        "stationuuid": "7460fe1a-700e-4925-9990-72df7e00e1a3",
        "serveruuid": "6528487e-9223-4aa5-891a-ab9200e75a40",
        "name": "Radio Mojdeh - Iranian Farsi/Persian Christian music and talk",
        "url": "https://ic2326.c1261.fastserv.com/rm128",
        "url_resolved": "https://ic2326.c1261.fastserv.com/rm128",
        "homepage": "https://radiomojdeh.com/",
        "favicon": "",
        "tags": "christian,music,talk,world",
        "country": "Islamic Republic Of Iran",
        "countrycode": "IR",
        "iso_3166_2": null,
        "state": "",
        "language": "faroese,iranian,persian",
        "languagecodes": "fa,fo",
        "votes": 2703,
        "lastchangetime": "2022-08-06 05:18:49",
        "lastchangetime_iso8601": "2022-08-06T05:18:49Z",
        "codec": "MP3",
        "bitrate": 128,
        "hls": 0,
        "lastcheckok": 1,
        "lastchecktime": "2023-04-07 16:49:51",
        "lastchecktime_iso8601": "2023-04-07T16:49:51Z",
        "lastcheckoktime": "2023-04-07 16:49:51",
        "lastcheckoktime_iso8601": "2023-04-07T16:49:51Z",
        "lastlocalchecktime": "2023-04-07 16:12:12",
        "lastlocalchecktime_iso8601": "2023-04-07T16:12:12Z",
        "clicktimestamp": "2023-04-08 14:16:00",
        "clicktimestamp_iso8601": "2023-04-08T14:16:00Z",
        "clickcount": 210,
        "clicktrend": -12,
        "ssl_error": 0,
        "geo_lat": null,
        "geo_long": null,
        "has_extended_info": false
    },
    {
        "changeuuid": "845a27d5-e69e-4b66-a6f4-059b59edab03",
        "stationuuid": "f4ae6367-66ac-4eaa-8a7b-c8a396023b3f",
        "serveruuid": "4dcd4576-8b48-47b1-9290-cc10a0d013e6",
        "name": "Radio Ava",
        "url": "http://95.130.169.194/Stream9",
        "url_resolved": "http://95.130.169.194/Stream9",
        "homepage": "http://radioava1044.com/",
        "favicon": "",
        "tags": "persian pop",
        "country": "Islamic Republic Of Iran",
        "countrycode": "IR",
        "iso_3166_2": null,
        "state": "",
        "language": "persian,turkish",
        "languagecodes": "fa,tr",
        "votes": 2453,
        "lastchangetime": "2022-11-18 06:09:59",
        "lastchangetime_iso8601": "2022-11-18T06:09:59Z",
        "codec": "AAC+",
        "bitrate": 64,
        "hls": 0,
        "lastcheckok": 1,
        "lastchecktime": "2023-04-08 12:26:52",
        "lastchecktime_iso8601": "2023-04-08T12:26:52Z",
        "lastcheckoktime": "2023-04-08 12:26:52",
        "lastcheckoktime_iso8601": "2023-04-08T12:26:52Z",
        "lastlocalchecktime": "2023-04-08 12:26:52",
        "lastlocalchecktime_iso8601": "2023-04-08T12:26:52Z",
        "clicktimestamp": "2023-04-08 14:15:55",
        "clicktimestamp_iso8601": "2023-04-08T14:15:55Z",
        "clickcount": 161,
        "clicktrend": -6,
        "ssl_error": 0,
        "geo_lat": null,
        "geo_long": null,
        "has_extended_info": false
    },
    {
        "changeuuid": "9f77b105-681d-43ac-878a-1f495831c589",
        "stationuuid": "9535cdb3-621a-455f-9723-2c2b69c7c257",
        "serveruuid": "a0697345-fda6-4b16-bed9-76a887ff892c",
        "name": "Tehran",
        "url": "http://cdn1.live.irib.ir:1935/channel-live/smil:r-tehran/playlist.m3u8",
        "url_resolved": "http://cdn1.live.irib.ir:1935/channel-live/smil:r-tehran/playlist.m3u8",
        "homepage": "http://radiotehran.ir/",
        "favicon": "",
        "tags": "",
        "country": "Islamic Republic Of Iran",
        "countrycode": "IR",
        "iso_3166_2": null,
        "state": "Tehran",
        "language": "",
        "languagecodes": "",
        "votes": 1719,
        "lastchangetime": "2022-01-22 03:20:30",
        "lastchangetime_iso8601": "2022-01-22T03:20:30Z",
        "codec": "UNKNOWN",
        "bitrate": 307,
        "hls": 1,
        "lastcheckok": 1,
        "lastchecktime": "2023-04-08 10:45:53",
        "lastchecktime_iso8601": "2023-04-08T10:45:53Z",
        "lastcheckoktime": "2023-04-08 10:45:53",
        "lastcheckoktime_iso8601": "2023-04-08T10:45:53Z",
        "lastlocalchecktime": "2023-04-08 08:07:15",
        "lastlocalchecktime_iso8601": "2023-04-08T08:07:15Z",
        "clicktimestamp": "2023-04-08 14:15:12",
        "clicktimestamp_iso8601": "2023-04-08T14:15:12Z",
        "clickcount": 546,
        "clicktrend": -7,
        "ssl_error": 0,
        "geo_lat": null,
        "geo_long": null,
        "has_extended_info": false
    },
    {
        "changeuuid": "a7b210a3-ffbc-484b-9940-a8cc990dfba6",
        "stationuuid": "c9c29e3a-088c-11ea-a87e-52543be04c81",
        "serveruuid": "bcde7288-4283-43e2-94d3-dc12f7087ff0",
        "name": "IRIB Radio Fars - \u0631\u0627\u062f\u06cc\u0648 \u0641\u0627\u0631\u0633",
        "url": "http://altcdn.iranseda.ir:1935/channel-live/smil:r-fars/playlist.m3u8",
        "url_resolved": "http://altcdn.iranseda.ir:1935/channel-live/smil:r-fars/playlist.m3u8",
        "homepage": "http://fars.irib.ir/radio",
        "favicon": "",
        "tags": "fars,farsi,irib,shiraz",
        "country": "Islamic Republic Of Iran",
        "countrycode": "IR",
        "iso_3166_2": null,
        "state": "Fars",
        "language": "irani,iranian,persian",
        "languagecodes": "fa",
        "votes": 1406,
        "lastchangetime": "2022-03-28 12:06:32",
        "lastchangetime_iso8601": "2022-03-28T12:06:32Z",
        "codec": "UNKNOWN",
        "bitrate": 307,
        "hls": 1,
        "lastcheckok": 1,
        "lastchecktime": "2023-04-08 09:44:36",
        "lastchecktime_iso8601": "2023-04-08T09:44:36Z",
        "lastcheckoktime": "2023-04-08 09:44:36",
        "lastcheckoktime_iso8601": "2023-04-08T09:44:36Z",
        "lastlocalchecktime": "2023-04-07 17:43:28",
        "lastlocalchecktime_iso8601": "2023-04-07T17:43:28Z",
        "clicktimestamp": "2023-04-08 14:15:36",
        "clicktimestamp_iso8601": "2023-04-08T14:15:36Z",
        "clickcount": 287,
        "clicktrend": -10,
        "ssl_error": 0,
        "geo_lat": null,
        "geo_long": null,
        "has_extended_info": false
    },
    {
        "changeuuid": "5cca3f87-4620-4d31-a9c1-f5a5344fb2f2",
        "stationuuid": "fc347073-4557-4798-8ec6-a676498b5fae",
        "serveruuid": "a0697345-fda6-4b16-bed9-76a887ff892c",
        "name": "Namayesh",
        "url": "http://cdn1.live.irib.ir:1935/channel-live/smil:r-namayesh/playlist.m3u8",
        "url_resolved": "http://cdn1.live.irib.ir:1935/channel-live/smil:r-namayesh/playlist.m3u8",
        "homepage": "http://radionamayesh.ir/",
        "favicon": "",
        "tags": "",
        "country": "Islamic Republic Of Iran",
        "countrycode": "IR",
        "iso_3166_2": null,
        "state": "Tehran",
        "language": "",
        "languagecodes": "",
        "votes": 1347,
        "lastchangetime": "2022-01-22 02:52:44",
        "lastchangetime_iso8601": "2022-01-22T02:52:44Z",
        "codec": "UNKNOWN",
        "bitrate": 307,
        "hls": 1,
        "lastcheckok": 1,
        "lastchecktime": "2023-04-08 02:27:05",
        "lastchecktime_iso8601": "2023-04-08T02:27:05Z",
        "lastcheckoktime": "2023-04-08 02:27:05",
        "lastcheckoktime_iso8601": "2023-04-08T02:27:05Z",
        "lastlocalchecktime": "2023-04-07 18:41:11",
        "lastlocalchecktime_iso8601": "2023-04-07T18:41:11Z",
        "clicktimestamp": "2023-04-08 12:45:20",
        "clicktimestamp_iso8601": "2023-04-08T12:45:20Z",
        "clickcount": 417,
        "clicktrend": -15,
        "ssl_error": 0,
        "geo_lat": null,
        "geo_long": null,
        "has_extended_info": false
    },
    {
        "changeuuid": "c161acbf-ed91-48de-9a8e-264c22b4b0a4",
        "stationuuid": "c077aefa-3b56-4752-b640-aa3b01353d71",
        "serveruuid": "a0697345-fda6-4b16-bed9-76a887ff892c",
        "name": "Salamat",
        "url": "http://cdn1.live.irib.ir:1935/channel-live/smil:r-salamat/playlist.m3u8",
        "url_resolved": "http://cdn1.live.irib.ir:1935/channel-live/smil:r-salamat/playlist.m3u8",
        "homepage": "http://radiosalamat.ir/",
        "favicon": "",
        "tags": "",
        "country": "Islamic Republic Of Iran",
        "countrycode": "IR",
        "iso_3166_2": null,
        "state": "Tehran",
        "language": "",
        "languagecodes": "",
        "votes": 1315,
        "lastchangetime": "2022-01-22 03:24:32",
        "lastchangetime_iso8601": "2022-01-22T03:24:32Z",
        "codec": "UNKNOWN",
        "bitrate": 307,
        "hls": 1,
        "lastcheckok": 1,
        "lastchecktime": "2023-04-08 03:27:53",
        "lastchecktime_iso8601": "2023-04-08T03:27:53Z",
        "lastcheckoktime": "2023-04-08 03:27:53",
        "lastcheckoktime_iso8601": "2023-04-08T03:27:53Z",
        "lastlocalchecktime": "2023-04-07 18:20:09",
        "lastlocalchecktime_iso8601": "2023-04-07T18:20:09Z",
        "clicktimestamp": "2023-04-08 13:09:31",
        "clicktimestamp_iso8601": "2023-04-08T13:09:31Z",
        "clickcount": 278,
        "clicktrend": -5,
        "ssl_error": 0,
        "geo_lat": null,
        "geo_long": null,
        "has_extended_info": false
    },
    {
        "changeuuid": "00cac2c7-b011-4825-9658-5b6acd8d42ed",
        "stationuuid": "1fb1118d-636e-4814-abad-c66ada8cd1ee",
        "serveruuid": "bcde7288-4283-43e2-94d3-dc12f7087ff0",
        "name": "Radio Esfahan, ",
        "url": "http://altcdn.iranseda.ir:1935/channel-live/smil:r-esfahan/playlist.m3u8",
        "url_resolved": "http://altcdn.iranseda.ir:1935/channel-live/smil:r-esfahan/playlist.m3u8",
        "homepage": "http://player.iranseda.ir/live-player/?VALID=TRUE&CH=525&t=b&auto=true&SAVE=TRUE",
        "favicon": "",
        "tags": "classical",
        "country": "Islamic Republic Of Iran",
        "countrycode": "IR",
        "iso_3166_2": null,
        "state": "",
        "language": "",
        "languagecodes": "",
        "votes": 1231,
        "lastchangetime": "2022-03-26 10:24:02",
        "lastchangetime_iso8601": "2022-03-26T10:24:02Z",
        "codec": "UNKNOWN",
        "bitrate": 307,
        "hls": 1,
        "lastcheckok": 1,
        "lastchecktime": "2023-04-08 13:05:48",
        "lastchecktime_iso8601": "2023-04-08T13:05:48Z",
        "lastcheckoktime": "2023-04-08 13:05:48",
        "lastcheckoktime_iso8601": "2023-04-08T13:05:48Z",
        "lastlocalchecktime": "2023-04-08 13:05:48",
        "lastlocalchecktime_iso8601": "2023-04-08T13:05:48Z",
        "clicktimestamp": "2023-04-08 14:10:51",
        "clicktimestamp_iso8601": "2023-04-08T14:10:51Z",
        "clickcount": 157,
        "clicktrend": 4,
        "ssl_error": 0,
        "geo_lat": null,
        "geo_long": null,
        "has_extended_info": false
    },
    {
        "changeuuid": "6f65841c-3ebb-4049-9e60-900ca1a58942",
        "stationuuid": "c4f39ae5-e9f5-11e8-a471-52543be04c81",
        "serveruuid": "c6d872f7-fc7e-40b3-889b-204386b424f2",
        "name": "Radio Mojahed - \u0631\u0627\u062f\u06cc\u0648 \u0645\u062c\u0627\u0647\u062f",
        "url": "https://s2.radio.co/s830691c74/listen",
        "url_resolved": "https://s2.radio.co/s830691c74/listen",
        "homepage": "https://radio.mojahedin.org/",
        "favicon": "https://assets.mojahedin.org/assets/images/fav.png",
        "tags": "iran,mek,mko,mojahed,pmoi,radio mojahed,\u0631\u0627\u062f\u06cc\u0648 \u0645\u062c\u0627\u0647\u062f,\u0633\u0627\u0632\u0645\u0627\u0646 \u0645\u062c\u0627\u0647\u062f\u06cc\u0646 \u062e\u0644\u0642 \u0627\u06cc\u0631\u0627\u0646",
        "country": "Islamic Republic Of Iran",
        "countrycode": "IR",
        "iso_3166_2": null,
        "state": "Tehran",
        "language": "persian",
        "languagecodes": "fa",
        "votes": 1213,
        "lastchangetime": "2022-07-09 17:21:25",
        "lastchangetime_iso8601": "2022-07-09T17:21:25Z",
        "codec": "MP3",
        "bitrate": 128,
        "hls": 0,
        "lastcheckok": 1,
        "lastchecktime": "2023-04-08 08:33:00",
        "lastchecktime_iso8601": "2023-04-08T08:33:00Z",
        "lastcheckoktime": "2023-04-08 08:33:00",
        "lastcheckoktime_iso8601": "2023-04-08T08:33:00Z",
        "lastlocalchecktime": "2023-04-07 14:39:25",
        "lastlocalchecktime_iso8601": "2023-04-07T14:39:25Z",
        "clicktimestamp": "2023-04-08 14:03:32",
        "clicktimestamp_iso8601": "2023-04-08T14:03:32Z",
        "clickcount": 243,
        "clicktrend": -12,
        "ssl_error": 0,
        "geo_lat": null,
        "geo_long": null,
        "has_extended_info": false
    },
    {
        "changeuuid": "87d26408-6e86-416a-b61f-ed4c050f5a8f",
        "stationuuid": "617be156-2094-11e8-a334-52543be04c81",
        "serveruuid": "e06b229e-9516-4640-be68-69f8416e700c",
        "name": "IRIB Radio Varzesh",
        "url": "http://headend1.iranseda.ir/liveHLS/radio-varzesh.m3u8",
        "url_resolved": "http://headend1.iranseda.ir/liveHLS/radio-varzesh.m3u8",
        "homepage": "http://radiovarzesh.ir/",
        "favicon": "",
        "tags": "iran,irib,persian,public radio,sport,tehran,varzesh",
        "country": "Islamic Republic Of Iran",
        "countrycode": "IR",
        "iso_3166_2": null,
        "state": "Tehran",
        "language": "persian",
        "languagecodes": "fa",
        "votes": 1069,
        "lastchangetime": "2022-09-02 03:02:08",
        "lastchangetime_iso8601": "2022-09-02T03:02:08Z",
        "codec": "UNKNOWN",
        "bitrate": 120,
        "hls": 1,
        "lastcheckok": 1,
        "lastchecktime": "2023-04-08 07:00:34",
        "lastchecktime_iso8601": "2023-04-08T07:00:34Z",
        "lastcheckoktime": "2023-04-08 07:00:34",
        "lastcheckoktime_iso8601": "2023-04-08T07:00:34Z",
        "lastlocalchecktime": "2023-04-07 18:13:29",
        "lastlocalchecktime_iso8601": "2023-04-07T18:13:29Z",
        "clicktimestamp": "2023-04-08 13:01:03",
        "clicktimestamp_iso8601": "2023-04-08T13:01:03Z",
        "clickcount": 203,
        "clicktrend": -6,
        "ssl_error": 0,
        "geo_lat": null,
        "geo_long": null,
        "has_extended_info": false
    },
    {
        "changeuuid": "6f803f11-8d80-4518-933f-60eac82a46b7",
        "stationuuid": "311d587c-fe80-4312-8787-f9482ef9f7c7",
        "serveruuid": "a0697345-fda6-4b16-bed9-76a887ff892c",
        "name": "Mazandaran",
        "url": "http://cdn1.live.irib.ir:1935/channel-live/smil:r-sari/playlist.m3u8",
        "url_resolved": "http://cdn1.live.irib.ir:1935/channel-live/smil:r-sari/playlist.m3u8",
        "homepage": "http://mazandaran.irib.ir/radio",
        "favicon": "",
        "tags": "",
        "country": "Islamic Republic Of Iran",
        "countrycode": "IR",
        "iso_3166_2": null,
        "state": "Mazandaran",
        "language": "",
        "languagecodes": "",
        "votes": 1004,
        "lastchangetime": "2021-11-10 11:14:18",
        "lastchangetime_iso8601": "2021-11-10T11:14:18Z",
        "codec": "UNKNOWN",
        "bitrate": 307,
        "hls": 1,
        "lastcheckok": 1,
        "lastchecktime": "2023-04-08 12:46:03",
        "lastchecktime_iso8601": "2023-04-08T12:46:03Z",
        "lastcheckoktime": "2023-04-08 12:46:03",
        "lastcheckoktime_iso8601": "2023-04-08T12:46:03Z",
        "lastlocalchecktime": "2023-04-07 15:45:09",
        "lastlocalchecktime_iso8601": "2023-04-07T15:45:09Z",
        "clicktimestamp": "2023-04-08 14:02:37",
        "clicktimestamp_iso8601": "2023-04-08T14:02:37Z",
        "clickcount": 155,
        "clicktrend": -4,
        "ssl_error": 0,
        "geo_lat": null,
        "geo_long": null,
        "has_extended_info": false
    },
    {
        "changeuuid": "416f4adb-52b5-4fd9-927c-8ad4a1bc6329",
        "stationuuid": "7714000a-8b12-47b0-932c-c946527aec12",
        "serveruuid": "be7f75be-272f-442b-9a49-44345c851223",
        "name": "RadioYar",
        "url": "https://shoutcast.glwiz.com/RadioYAR.mp3",
        "url_resolved": "https://shoutcast.glwiz.com/RadioYAR.mp3",
        "homepage": "https://www.radioyar.com/",
        "favicon": "",
        "tags": "music,talk & speech",
        "country": "Islamic Republic Of Iran",
        "countrycode": "IR",
        "iso_3166_2": null,
        "state": "",
        "language": "persian",
        "languagecodes": "fa",
        "votes": 977,
        "lastchangetime": "2022-04-23 07:44:15",
        "lastchangetime_iso8601": "2022-04-23T07:44:15Z",
        "codec": "MP3",
        "bitrate": 128,
        "hls": 0,
        "lastcheckok": 1,
        "lastchecktime": "2023-04-07 21:32:31",
        "lastchecktime_iso8601": "2023-04-07T21:32:31Z",
        "lastcheckoktime": "2023-04-07 21:32:31",
        "lastcheckoktime_iso8601": "2023-04-07T21:32:31Z",
        "lastlocalchecktime": "2023-04-07 14:53:40",
        "lastlocalchecktime_iso8601": "2023-04-07T14:53:40Z",
        "clicktimestamp": "2023-04-08 14:03:51",
        "clicktimestamp_iso8601": "2023-04-08T14:03:51Z",
        "clickcount": 323,
        "clicktrend": -3,
        "ssl_error": 0,
        "geo_lat": null,
        "geo_long": null,
        "has_extended_info": false
    },
    {
        "changeuuid": "d34e986a-fc21-42af-97c1-4409a9a9e927",
        "stationuuid": "6c1a2158-e252-4f81-9604-d0e9b9ec05a3",
        "serveruuid": "bcde7288-4283-43e2-94d3-dc12f7087ff0",
        "name": "Radio Gilan",
        "url": "http://altcdn.iranseda.ir:1935/channel-live/smil:r-rasht/playlist.m3u8",
        "url_resolved": "http://altcdn.iranseda.ir:1935/channel-live/smil:r-rasht/playlist.m3u8",
        "homepage": "http://player.iranseda.ir/live-player/?VALID=TRUE&CH=515&t=b&auto=true&SAVE=TRUE",
        "favicon": "",
        "tags": "classical",
        "country": "Islamic Republic Of Iran",
        "countrycode": "IR",
        "iso_3166_2": null,
        "state": "",
        "language": "",
        "languagecodes": "",
        "votes": 820,
        "lastchangetime": "2022-03-26 10:30:30",
        "lastchangetime_iso8601": "2022-03-26T10:30:30Z",
        "codec": "UNKNOWN",
        "bitrate": 307,
        "hls": 1,
        "lastcheckok": 1,
        "lastchecktime": "2023-04-08 08:53:47",
        "lastchecktime_iso8601": "2023-04-08T08:53:47Z",
        "lastcheckoktime": "2023-04-08 08:53:47",
        "lastcheckoktime_iso8601": "2023-04-08T08:53:47Z",
        "lastlocalchecktime": "2023-04-07 19:19:11",
        "lastlocalchecktime_iso8601": "2023-04-07T19:19:11Z",
        "clicktimestamp": "2023-04-08 14:02:14",
        "clicktimestamp_iso8601": "2023-04-08T14:02:14Z",
        "clickcount": 146,
        "clicktrend": 5,
        "ssl_error": 0,
        "geo_lat": null,
        "geo_long": null,
        "has_extended_info": false
    },
    {
        "changeuuid": "f030ed34-e4fb-40de-be7d-5c8276c83a76",
        "stationuuid": "961aa741-0601-11e8-ae97-52543be04c81",
        "serveruuid": "e06b229e-9516-4640-be68-69f8416e700c",
        "name": "IRIB Radio Farhang",
        "url": "http://headend1.iranseda.ir/liveHLS/radio-farhang.m3u8",
        "url_resolved": "http://headend1.iranseda.ir/liveHLS/radio-farhang.m3u8",
        "homepage": "http://radiofarhang.ir/",
        "favicon": "",
        "tags": "culture,farhang,iran,irib,persian,public radio,tehran",
        "country": "Islamic Republic Of Iran",
        "countrycode": "IR",
        "iso_3166_2": null,
        "state": "Tehran",
        "language": "persian",
        "languagecodes": "fa",
        "votes": 672,
        "lastchangetime": "2022-08-21 07:00:41",
        "lastchangetime_iso8601": "2022-08-21T07:00:41Z",
        "codec": "UNKNOWN",
        "bitrate": 120,
        "hls": 1,
        "lastcheckok": 1,
        "lastchecktime": "2023-04-08 11:46:48",
        "lastchecktime_iso8601": "2023-04-08T11:46:48Z",
        "lastcheckoktime": "2023-04-08 11:46:48",
        "lastcheckoktime_iso8601": "2023-04-08T11:46:48Z",
        "lastlocalchecktime": "2023-04-08 11:46:48",
        "lastlocalchecktime_iso8601": "2023-04-08T11:46:48Z",
        "clicktimestamp": "2023-04-08 14:02:50",
        "clicktimestamp_iso8601": "2023-04-08T14:02:50Z",
        "clickcount": 162,
        "clicktrend": 3,
        "ssl_error": 0,
        "geo_lat": null,
        "geo_long": null,
        "has_extended_info": false
    },
    {
        "changeuuid": "35f3ea24-5f2e-4f77-ab7c-35fd466d9ec1",
        "stationuuid": "09d075f6-c9e0-4ffd-a5cd-365c18e17c61",
        "serveruuid": "cde57875-7521-401e-b341-a877a5e0b326",
        "name": "Caltex Music",
        "url": "http://radio.caltexmusic.com:8042/stream",
        "url_resolved": "http://radio.caltexmusic.com:8042/stream",
        "homepage": "http://caltexmusic.com/",
        "favicon": "",
        "tags": "pop",
        "country": "Islamic Republic Of Iran",
        "countrycode": "IR",
        "iso_3166_2": null,
        "state": "",
        "language": "",
        "languagecodes": "",
        "votes": 664,
        "lastchangetime": "2022-09-03 14:18:55",
        "lastchangetime_iso8601": "2022-09-03T14:18:55Z",
        "codec": "MP3",
        "bitrate": 128,
        "hls": 0,
        "lastcheckok": 1,
        "lastchecktime": "2023-04-08 11:27:52",
        "lastchecktime_iso8601": "2023-04-08T11:27:52Z",
        "lastcheckoktime": "2023-04-08 11:27:52",
        "lastcheckoktime_iso8601": "2023-04-08T11:27:52Z",
        "lastlocalchecktime": "2023-04-08 11:27:52",
        "lastlocalchecktime_iso8601": "2023-04-08T11:27:52Z",
        "clicktimestamp": "2023-04-08 14:04:01",
        "clicktimestamp_iso8601": "2023-04-08T14:04:01Z",
        "clickcount": 330,
        "clicktrend": -15,
        "ssl_error": 0,
        "geo_lat": null,
        "geo_long": null,
        "has_extended_info": false
    },
    {
        "changeuuid": "79445ebf-9a14-483f-ae18-8d1438e32d5d",
        "stationuuid": "49a9e25c-3b02-4b78-970e-870acae446ec",
        "serveruuid": "01f2532d-0a5c-4eba-a03e-4735aa6676d4",
        "name": "faz",
        "url": "http://voa-19.akacast.akamaistream.net/7/309/322031/v1/ibb.akacast.akamaist",
        "url_resolved": "http://n03.radiojar.com/y58cqgggq3quv?rj-ttl=5&rj-tok=AAABh2Cb2oUArTDggTTobt6AlA",
        "homepage": "",
        "favicon": "",
        "tags": "classical",
        "country": "Islamic Republic Of Iran",
        "countrycode": "IR",
        "iso_3166_2": null,
        "state": "",
        "language": "",
        "languagecodes": "",
        "votes": 233,
        "lastchangetime": "2023-01-24 16:46:13",
        "lastchangetime_iso8601": "2023-01-24T16:46:13Z",
        "codec": "MP3",
        "bitrate": 0,
        "hls": 0,
        "lastcheckok": 1,
        "lastchecktime": "2023-04-08 11:14:57",
        "lastchecktime_iso8601": "2023-04-08T11:14:57Z",
        "lastcheckoktime": "2023-04-08 11:14:57",
        "lastcheckoktime_iso8601": "2023-04-08T11:14:57Z",
        "lastlocalchecktime": "2023-04-08 11:14:57",
        "lastlocalchecktime_iso8601": "2023-04-08T11:14:57Z",
        "clicktimestamp": "2023-04-08 14:02:58",
        "clicktimestamp_iso8601": "2023-04-08T14:02:58Z",
        "clickcount": 170,
        "clicktrend": -2,
        "ssl_error": 0,
        "geo_lat": null,
        "geo_long": null,
        "has_extended_info": false
    },
    {
        "changeuuid": "8a82c369-6761-4437-b70e-61adf66a4cf8",
        "stationuuid": "f4d39766-a77d-4d42-8635-efef50331ce0",
        "serveruuid": "1b346b57-1a48-4b47-930e-286b57af6f31",
        "name": ". Islam call ",
        "url": "https://n0c.radiojar.com/59096z743d0uv?rj-ttl=5&rj-tok=AAABhd07tHIAJ2GRl2KNynaKow",
        "url_resolved": "http://n04.radiojar.com/59096z743d0uv?rj-ttl=5&rj-tok=AAABh2EaaOgAC_8ycKi6r17RcQ",
        "homepage": "",
        "favicon": "https://yt3.googleusercontent.com/g7QLQFSQFZyGLz-IHCxjLEl7hEU8_-5KwZufvkeyqvvYORHEB3QxUZGaRmWjbC2Ewe7QGk8L5A=s900-c-k-c0x00ffffff-no-rj",
        "tags": "classical",
        "country": "Islamic Republic Of Iran",
        "countrycode": "IR",
        "iso_3166_2": null,
        "state": "",
        "language": "",
        "languagecodes": "",
        "votes": 219,
        "lastchangetime": "2023-01-23 06:13:40",
        "lastchangetime_iso8601": "2023-01-23T06:13:40Z",
        "codec": "MP3",
        "bitrate": 0,
        "hls": 0,
        "lastcheckok": 1,
        "lastchecktime": "2023-04-08 13:32:43",
        "lastchecktime_iso8601": "2023-04-08T13:32:43Z",
        "lastcheckoktime": "2023-04-08 13:32:43",
        "lastcheckoktime_iso8601": "2023-04-08T13:32:43Z",
        "lastlocalchecktime": "2023-04-08 13:32:43",
        "lastlocalchecktime_iso8601": "2023-04-08T13:32:43Z",
        "clicktimestamp": "2023-04-08 14:02:24",
        "clicktimestamp_iso8601": "2023-04-08T14:02:24Z",
        "clickcount": 152,
        "clicktrend": 1,
        "ssl_error": 0,
        "geo_lat": null,
        "geo_long": null,
        "has_extended_info": false
    },
    {
        "changeuuid": "994a0a9c-4437-482c-a323-6ea46b4c9e41",
        "stationuuid": "1e006e64-024e-4c04-96e5-c80559a92e96",
        "serveruuid": "23d8178f-4867-4d3b-ad10-8599a46ec7bb",
        "name": "..mohammed_ayyub",
        "url": "https://qurango.net/radio/mohammed_ayyub",
        "url_resolved": "https://qurango.net/radio/mohammed_ayyub",
        "homepage": "",
        "favicon": "",
        "tags": "classical",
        "country": "Islamic Republic Of Iran",
        "countrycode": "IR",
        "iso_3166_2": null,
        "state": "",
        "language": "",
        "languagecodes": "",
        "votes": 188,
        "lastchangetime": "2023-01-28 07:10:31",
        "lastchangetime_iso8601": "2023-01-28T07:10:31Z",
        "codec": "MP3",
        "bitrate": 128,
        "hls": 0,
        "lastcheckok": 1,
        "lastchecktime": "2023-04-08 13:37:31",
        "lastchecktime_iso8601": "2023-04-08T13:37:31Z",
        "lastcheckoktime": "2023-04-08 13:37:31",
        "lastcheckoktime_iso8601": "2023-04-08T13:37:31Z",
        "lastlocalchecktime": "2023-04-07 18:43:08",
        "lastlocalchecktime_iso8601": "2023-04-07T18:43:08Z",
        "clicktimestamp": "2023-04-08 14:02:08",
        "clicktimestamp_iso8601": "2023-04-08T14:02:08Z",
        "clickcount": 143,
        "clicktrend": -2,
        "ssl_error": 0,
        "geo_lat": null,
        "geo_long": null,
        "has_extended_info": false
    },
    {
        "changeuuid": "18005932-b64d-47b6-bc4f-849ea0b3689d",
        "stationuuid": "decc15a9-b49b-4bd4-af5a-5b8fe9133826",
        "serveruuid": "e455b88f-da11-4a68-8295-3b8f67e74d25",
        "name": ".al quran radio ",
        "url": "https://n0a.radiojar.com/0tpy1h0kxtzuv?rj-ttl=5&rj-tok=AAABhdgGORQA-2acfyF3_4WY2g",
        "url_resolved": "http://n06.radiojar.com/0tpy1h0kxtzuv?rj-ttl=5&rj-tok=AAABh2DE6ZgAJpXD_g61cEk4zA",
        "homepage": "",
        "favicon": "",
        "tags": "classical",
        "country": "Islamic Republic Of Iran",
        "countrycode": "IR",
        "iso_3166_2": null,
        "state": "",
        "language": "",
        "languagecodes": "",
        "votes": 173,
        "lastchangetime": "2023-01-23 06:08:26",
        "lastchangetime_iso8601": "2023-01-23T06:08:26Z",
        "codec": "MP3",
        "bitrate": 0,
        "hls": 0,
        "lastcheckok": 1,
        "lastchecktime": "2023-04-08 12:06:33",
        "lastchecktime_iso8601": "2023-04-08T12:06:33Z",
        "lastcheckoktime": "2023-04-08 12:06:33",
        "lastcheckoktime_iso8601": "2023-04-08T12:06:33Z",
        "lastlocalchecktime": "2023-04-08 10:12:16",
        "lastlocalchecktime_iso8601": "2023-04-08T10:12:16Z",
        "clicktimestamp": "2023-04-08 14:15:16",
        "clicktimestamp_iso8601": "2023-04-08T14:15:16Z",
        "clickcount": 155,
        "clicktrend": 6,
        "ssl_error": 0,
        "geo_lat": null,
        "geo_long": null,
        "has_extended_info": false
    },
    {
        "changeuuid": "e837bffd-e119-44b2-a5b0-5bb65ecbc27d",
        "stationuuid": "e8589077-447a-4859-8a06-6b48e12f8040",
        "serveruuid": "3c75923e-d310-4315-96fc-8c4dbb092e27",
        "name": "Radio Sunnet \u0631\u0627\u062f\u06cc\u06c6\u06cc \u0633\u0648\u0646\u0646\u06d5\u062a",
        "url": "https://media.streambrothers.com:8116/stream",
        "url_resolved": "https://media.streambrothers.com:8116/stream",
        "homepage": "",
        "favicon": "https://www8.0zz0.com/2023/02/23/20/268033020.jpg",
        "tags": "country",
        "country": "Islamic Republic Of Iran",
        "countrycode": "IR",
        "iso_3166_2": null,
        "state": "",
        "language": "",
        "languagecodes": "",
        "votes": 130,
        "lastchangetime": "2023-02-23 21:03:33",
        "lastchangetime_iso8601": "2023-02-23T21:03:33Z",
        "codec": "MP3",
        "bitrate": 64,
        "hls": 0,
        "lastcheckok": 1,
        "lastchecktime": "2023-04-07 22:58:44",
        "lastchecktime_iso8601": "2023-04-07T22:58:44Z",
        "lastcheckoktime": "2023-04-07 22:58:44",
        "lastcheckoktime_iso8601": "2023-04-07T22:58:44Z",
        "lastlocalchecktime": "2023-04-07 16:17:55",
        "lastlocalchecktime_iso8601": "2023-04-07T16:17:55Z",
        "clicktimestamp": "2023-04-08 11:23:38",
        "clicktimestamp_iso8601": "2023-04-08T11:23:38Z",
        "clickcount": 157,
        "clicktrend": -2,
        "ssl_error": 0,
        "geo_lat": null,
        "geo_long": null,
        "has_extended_info": false
    },
    {
        "changeuuid": "e7817021-fc7f-4db0-a583-62a80233d493",
        "stationuuid": "b537f25c-d965-4532-83e7-e0aa51c4665d",
        "serveruuid": "0ca05ac8-d46c-45be-a835-97ca36ae1dbf",
        "name": "Dengi Islam -Erbil\u062f\u06d5\u0646\u06af\u06cc \u0626\u06cc\u0633\u0644\u0627\u0645-\u0647\u06d5\u0648\u0644\u06ce\u0631",
        "url": "http://radio1.sotmasr.com:9354/;",
        "url_resolved": "http://radio1.sotmasr.com:9354/;",
        "homepage": "",
        "favicon": "https://www13.0zz0.com/2023/02/26/21/788140001.jpg",
        "tags": "international",
        "country": "Islamic Republic Of Iran",
        "countrycode": "IR",
        "iso_3166_2": null,
        "state": "",
        "language": "",
        "languagecodes": "",
        "votes": 127,
        "lastchangetime": "2023-02-26 22:00:33",
        "lastchangetime_iso8601": "2023-02-26T22:00:33Z",
        "codec": "MP3",
        "bitrate": 128,
        "hls": 0,
        "lastcheckok": 1,
        "lastchecktime": "2023-04-08 08:16:40",
        "lastchecktime_iso8601": "2023-04-08T08:16:40Z",
        "lastcheckoktime": "2023-04-08 08:16:40",
        "lastcheckoktime_iso8601": "2023-04-08T08:16:40Z",
        "lastlocalchecktime": "2023-04-08 08:16:40",
        "lastlocalchecktime_iso8601": "2023-04-08T08:16:40Z",
        "clicktimestamp": "2023-04-08 11:23:33",
        "clicktimestamp_iso8601": "2023-04-08T11:23:33Z",
        "clickcount": 166,
        "clicktrend": -3,
        "ssl_error": 0,
        "geo_lat": null,
        "geo_long": null,
        "has_extended_info": false
    },
    {
        "changeuuid": "fc9f8e1b-ac22-4d1e-895c-67df124a280e",
        "stationuuid": "7423d27c-55ec-4959-b800-387c36741e72",
        "serveruuid": "35549a45-fbc4-472f-9cb0-36507dadd6bf",
        "name": "\u0631\u0627\u062f\u06cc\u0648 \u067e\u06cc\u0627\u0645",
        "url": "http://s0.cdn2.iranseda.ir:1935/liveedge/radio-payam/playlist.m3u8",
        "url_resolved": "http://s0.cdn2.iranseda.ir:1935/liveedge/radio-payam/playlist.m3u8",
        "homepage": "http://www.radiopayam.ir/",
        "favicon": "http://public.iranseda.ir/cdn2/img/logo-networks/radio-payam.svg",
        "tags": "payam,radio payam,\u0631\u0627\u062f\u06cc\u0648 \u067e\u06cc\u0627\u0645,\u067e\u06cc\u0627\u0645",
        "country": "Islamic Republic Of Iran",
        "countrycode": "IR",
        "iso_3166_2": null,
        "state": "Tehran",
        "language": "persian,\u0641\u0627\u0631\u0633\u06cc",
        "languagecodes": "fa",
        "votes": 287,
        "lastchangetime": "2023-05-02 11:41:34",
        "lastchangetime_iso8601": "2023-05-02T11:41:34Z",
        "codec": "AAC",
        "bitrate": 42,
        "hls": 1,
        "lastcheckok": 1,
        "lastchecktime": "2023-07-09 13:25:08",
        "lastchecktime_iso8601": "2023-07-09T13:25:08Z",
        "lastcheckoktime": "2023-07-09 13:25:08",
        "lastcheckoktime_iso8601": "2023-07-09T13:25:08Z",
        "lastlocalchecktime": "2023-07-09 01:41:59",
        "lastlocalchecktime_iso8601": "2023-07-09T01:41:59Z",
        "clicktimestamp": "2023-07-09 13:06:36",
        "clicktimestamp_iso8601": "2023-07-09T13:06:36Z",
        "clickcount": 848,
        "clicktrend": 12,
        "ssl_error": 0,
        "geo_lat": 35.78695412662794,
        "geo_long": 51.41188127041496,
        "has_extended_info": false
    },
    {
        "changeuuid": "271619d7-87d0-4796-b77f-396cb70ad42a",
        "stationuuid": "96cfc733-9777-4b22-a50e-8b0710b62af8",
        "serveruuid": "56d5c2db-1403-4637-a765-59d7838e4646",
        "name": "Radio persian",
        "url": "http://r.pgbu.ir:8000/live",
        "url_resolved": "http://r.pgbu.ir:8000/live",
        "homepage": "http://pgbu.ir/",
        "favicon": "",
        "tags": "blind,persian,pop music",
        "country": "Islamic Republic Of Iran",
        "countrycode": "IR",
        "iso_3166_2": null,
        "state": "Tehran",
        "language": "persian",
        "languagecodes": "fa",
        "votes": 19,
        "lastchangetime": "2023-07-07 15:20:35",
        "lastchangetime_iso8601": "2023-07-07T15:20:35Z",
        "codec": "MP3",
        "bitrate": 128,
        "hls": 0,
        "lastcheckok": 1,
        "lastchecktime": "2023-07-08 15:18:36",
        "lastchecktime_iso8601": "2023-07-08T15:18:36Z",
        "lastcheckoktime": "2023-07-08 15:18:36",
        "lastcheckoktime_iso8601": "2023-07-08T15:18:36Z",
        "lastlocalchecktime": "2023-07-08 15:11:05",
        "lastlocalchecktime_iso8601": "2023-07-08T15:11:05Z",
        "clicktimestamp": "2023-07-09 13:13:11",
        "clicktimestamp_iso8601": "2023-07-09T13:13:11Z",
        "clickcount": 36,
        "clicktrend": -8,
        "ssl_error": 0,
        "geo_lat": null,
        "geo_long": null,
        "has_extended_info": false
    },
    {
        "changeuuid": "e079daf3-010e-40cb-b879-fde5375dc408",
        "stationuuid": "09da162f-02d1-49ef-be37-f7b8aa8cb5d8",
        "serveruuid": "efe9ef3f-0295-41fb-8c2a-b8f26246cec9",
        "name": "Radio Gooshkon",
        "url": "http://r.gooshkon.ir:8000/live.ogg",
        "url_resolved": "http://r.gooshkon.ir:8000/live.ogg",
        "homepage": "http://gooshkon.ir/",
        "favicon": "",
        "tags": "blind,entertainment,persian,pop music",
        "country": "Islamic Republic Of Iran",
        "countrycode": "IR",
        "iso_3166_2": null,
        "state": "Tehran",
        "language": "persian",
        "languagecodes": "fa",
        "votes": 13,
        "lastchangetime": "2023-07-07 16:06:12",
        "lastchangetime_iso8601": "2023-07-07T16:06:12Z",
        "codec": "OGG",
        "bitrate": 64,
        "hls": 0,
        "lastcheckok": 1,
        "lastchecktime": "2023-07-08 16:04:37",
        "lastchecktime_iso8601": "2023-07-08T16:04:37Z",
        "lastcheckoktime": "2023-07-08 16:04:37",
        "lastcheckoktime_iso8601": "2023-07-08T16:04:37Z",
        "lastlocalchecktime": "2023-07-08 16:02:04",
        "lastlocalchecktime_iso8601": "2023-07-08T16:02:04Z",
        "clicktimestamp": "2023-07-09 13:06:19",
        "clicktimestamp_iso8601": "2023-07-09T13:06:19Z",
        "clickcount": 25,
        "clicktrend": -7,
        "ssl_error": 0,
        "geo_lat": null,
        "geo_long": null,
        "has_extended_info": false
    },
    {
        "changeuuid": "80540b64-eea7-4a89-9ce8-34afc5a9678b",
        "stationuuid": "e7c19bd3-d7c4-4053-a18d-3eaaed08d7fb",
        "serveruuid": "8e596cab-6a12-41e3-8137-14e70d9c49c3",
        "name": "WS3 Radio Tahran Arabic",
        "url": "https://live.arabicradio.net/hls/arabic_high.m3u8",
        "url_resolved": "https://live.arabicradio.net/hls/arabic_high.m3u8",
        "homepage": "https://arabicradio.net/playerbox",
        "favicon": "https://arabicradio.net/style/img/favicon.png",
        "tags": "ws3 radio tahran arabic,\u0625\u0630\u0627\u0639\u0629 \u0637\u0647\u0631\u0627\u0646 \u0627\u0644\u0639\u0631\u0628\u064a\u0629,\u0631\u0627\u062f\u064a\u0648 \u0637\u0647\u0631\u0627\u0646",
        "country": "Islamic Republic Of Iran",
        "countrycode": "IR",
        "iso_3166_2": null,
        "state": "Tahran",
        "language": "arabic,persian",
        "languagecodes": "ar,fa",
        "votes": 176,
        "lastchangetime": "2023-11-05 12:55:40",
        "lastchangetime_iso8601": "2023-11-05T12:55:40Z",
        "codec": "UNKNOWN",
        "bitrate": 0,
        "hls": 1,
        "lastcheckok": 1,
        "lastchecktime": "2023-11-07 12:58:35",
        "lastchecktime_iso8601": "2023-11-07T12:58:35Z",
        "lastcheckoktime": "2023-11-07 12:58:35",
        "lastcheckoktime_iso8601": "2023-11-07T12:58:35Z",
        "lastlocalchecktime": "2023-11-07 12:58:35",
        "lastlocalchecktime_iso8601": "2023-11-07T12:58:35Z",
        "clicktimestamp": "2023-11-07 17:28:46",
        "clicktimestamp_iso8601": "2023-11-07T17:28:46Z",
        "clickcount": 245,
        "clicktrend": -2,
        "ssl_error": 0,
        "geo_lat": 35.68505680469541,
        "geo_long": 51.40137378758798,
        "has_extended_info": false
    },
    {
        "changeuuid": "7cebf285-3a1f-4347-8b49-a8cd7300f558",
        "stationuuid": "e542dd80-ecc5-4db4-b944-3853aa532c28",
        "serveruuid": "35549a45-fbc4-472f-9cb0-36507dadd6bf",
        "name": "\u062a\u0644\u0627\u0648\u062a (\u0642\u0631\u0622\u0646 \u0643\u0631\u064a\u0645)",
        "url": "http://s0.cdn2.iranseda.ir:1935/liveedge/radio-talavat/chunklist_w626256624.m3u8",
        "url_resolved": "http://s0.cdn2.iranseda.ir:1935/liveedge/radio-talavat/chunklist_w626256624.m3u8",
        "homepage": "http://public.iranseda.ir/public/picturebymmc-tam/?chn=radio-talavat&s=c&m=165101",
        "favicon": "http://radio.iranseda.ir/ImagesDynamic?c=radio-talavat&s=c&cp=14020526",
        "tags": "quran,quran radio,quran station,\u0627\u0644\u0642\u0631\u0622\u0646",
        "country": "Islamic Republic Of Iran",
        "countrycode": "IR",
        "iso_3166_2": null,
        "state": "Tahran",
        "language": "arabic,persian",
        "languagecodes": "ar,fa",
        "votes": 124,
        "lastchangetime": "2023-11-05 01:42:27",
        "lastchangetime_iso8601": "2023-11-05T01:42:27Z",
        "codec": "UNKNOWN",
        "bitrate": 0,
        "hls": 1,
        "lastcheckok": 1,
        "lastchecktime": "2023-11-07 07:57:27",
        "lastchecktime_iso8601": "2023-11-07T07:57:27Z",
        "lastcheckoktime": "2023-11-07 07:57:27",
        "lastcheckoktime_iso8601": "2023-11-07T07:57:27Z",
        "lastlocalchecktime": "2023-11-07 07:57:27",
        "lastlocalchecktime_iso8601": "2023-11-07T07:57:27Z",
        "clicktimestamp": "2023-11-07 13:12:55",
        "clicktimestamp_iso8601": "2023-11-07T13:12:55Z",
        "clickcount": 181,
        "clicktrend": -7,
        "ssl_error": 0,
        "geo_lat": 35.682881729354484,
        "geo_long": 51.388882699242586,
        "has_extended_info": false
    },
    {
        "changeuuid": "67936517-576d-4211-8e4d-8519b94bb83f",
        "stationuuid": "a460dce3-8f63-4e8b-92ce-950272b584ea",
        "serveruuid": "ee5dd7ac-d96f-4e19-aeba-8b95b55c81ad",
        "name": "\u0642\u0631\u0622\u0646\u060c \u0637\u0639\u0645 \u0622\u0641\u062a\u0627\u0628 (\u0632\u0646\u062f\u0647)",
        "url": "http://s1.cdn2.iranseda.ir:1935/liveedge/radio-quran/chunklist_w1668184178.m3u8",
        "url_resolved": "http://s1.cdn2.iranseda.ir:1935/liveedge/radio-quran/chunklist_w1668184178.m3u8",
        "homepage": "http://player.iranseda.ir/live-player/?VALID=TRUE&CH=15&t=b&auto=true&SAVE=TRUE",
        "favicon": "http://radio.iranseda.ir/ImagesDynamic?c=radio-quran&s=c&cp=14020526",
        "tags": "iran,iraq,quran,\u0627\u0644\u0642\u0631\u0622\u0646,\u0627\u0644\u0642\u0631\u0622\u0646 \u0627\u0644\u0643\u0631\u064a\u0645,\u0642\u0631\u0622\u0646",
        "country": "Islamic Republic Of Iran",
        "countrycode": "IR",
        "iso_3166_2": null,
        "state": "Tahran",
        "language": "arabic,persian",
        "languagecodes": "ar,fa",
        "votes": 103,
        "lastchangetime": "2023-11-05 04:38:41",
        "lastchangetime_iso8601": "2023-11-05T04:38:41Z",
        "codec": "UNKNOWN",
        "bitrate": 0,
        "hls": 1,
        "lastcheckok": 1,
        "lastchecktime": "2023-11-07 07:32:57",
        "lastchecktime_iso8601": "2023-11-07T07:32:57Z",
        "lastcheckoktime": "2023-11-07 07:32:57",
        "lastcheckoktime_iso8601": "2023-11-07T07:32:57Z",
        "lastlocalchecktime": "2023-11-07 07:32:57",
        "lastlocalchecktime_iso8601": "2023-11-07T07:32:57Z",
        "clicktimestamp": "2023-11-07 17:54:09",
        "clicktimestamp_iso8601": "2023-11-07T17:54:09Z",
        "clickcount": 146,
        "clicktrend": -3,
        "ssl_error": 0,
        "geo_lat": 35.6888422631752,
        "geo_long": 51.39150034806161,
        "has_extended_info": false
    },
    {
        "changeuuid": "01c99db5-c4bb-441a-a215-6affc2d55370",
        "stationuuid": "52efe2cf-ddd7-4f0a-b587-4905f6b3e2db",
        "serveruuid": "7f30cac2-d39d-4689-8502-ce3cb4127c07",
        "name": "\u0632\u064a\u0627\u0631\u062a (\u0627\u0644\u0632\u064a\u0627\u0631\u0627\u062a)",
        "url": "http://s1.cdn1.iranseda.ir:1935/liveedge/radio-ziarat/chunklist_w2134049895.m3u8",
        "url_resolved": "http://s1.cdn1.iranseda.ir:1935/liveedge/radio-ziarat/chunklist_w2134049895.m3u8",
        "homepage": "http://player.iranseda.ir/live-player/?VALID=TRUE&CH=203&t=b&auto=true&SAVE=TRUE",
        "favicon": "http://radio.iranseda.ir/ImagesDynamic?c=radio-ziarat&s=c&cp=14020526",
        "tags": "shia,\u0627\u0633\u0644\u0627\u0645,\u0632\u064a\u0627\u0631\u0627\u062a,\u0632\u064a\u0627\u0631\u062a",
        "country": "Islamic Republic Of Iran",
        "countrycode": "IR",
        "iso_3166_2": null,
        "state": "Tahran",
        "language": "arabic,persian",
        "languagecodes": "ar,fa",
        "votes": 78,
        "lastchangetime": "2023-11-04 15:37:15",
        "lastchangetime_iso8601": "2023-11-04T15:37:15Z",
        "codec": "UNKNOWN",
        "bitrate": 0,
        "hls": 1,
        "lastcheckok": 1,
        "lastchecktime": "2023-11-07 15:58:40",
        "lastchecktime_iso8601": "2023-11-07T15:58:40Z",
        "lastcheckoktime": "2023-11-07 15:58:40",
        "lastcheckoktime_iso8601": "2023-11-07T15:58:40Z",
        "lastlocalchecktime": "2023-11-07 07:32:57",
        "lastlocalchecktime_iso8601": "2023-11-07T07:32:57Z",
        "clicktimestamp": "2023-11-07 17:43:31",
        "clicktimestamp_iso8601": "2023-11-07T17:43:31Z",
        "clickcount": 142,
        "clicktrend": -9,
        "ssl_error": 0,
        "geo_lat": 35.67563086839814,
        "geo_long": 51.37197004262317,
        "has_extended_info": false
    },
    {
        "changeuuid": "3ac06492-ce77-4cfb-8e10-aace976b7b49",
        "stationuuid": "87fcbc3a-f5fa-4e53-9017-810335f553ca",
        "serveruuid": "51277bf2-e2c1-4ce3-b652-707077198cc9",
        "name": "RadioSimorgh Authentic Iranian music",
        "url": "https://stream.zenolive.com/dqahw5a6vrquv",
        "url_resolved": "https://stream-150.zeno.fm/dqahw5a6vrquv?zs=Q2RFjrjaROqLmh4_OHP4zg",
        "homepage": "https://is.gd/y3vO00",
        "favicon": "",
        "tags": "classical",
        "country": "Islamic Republic Of Iran",
        "countrycode": "IR",
        "iso_3166_2": null,
        "state": "",
        "language": "",
        "languagecodes": "",
        "votes": 57,
        "lastchangetime": "2023-10-24 21:11:35",
        "lastchangetime_iso8601": "2023-10-24T21:11:35Z",
        "codec": "MP3",
        "bitrate": 0,
        "hls": 0,
        "lastcheckok": 1,
        "lastchecktime": "2023-11-07 03:59:47",
        "lastchecktime_iso8601": "2023-11-07T03:59:47Z",
        "lastcheckoktime": "2023-11-07 03:59:47",
        "lastcheckoktime_iso8601": "2023-11-07T03:59:47Z",
        "lastlocalchecktime": "2023-11-06 21:20:56",
        "lastlocalchecktime_iso8601": "2023-11-06T21:20:56Z",
        "clicktimestamp": "2023-11-07 14:37:49",
        "clicktimestamp_iso8601": "2023-11-07T14:37:49Z",
        "clickcount": 156,
        "clicktrend": -10,
        "ssl_error": 0,
        "geo_lat": null,
        "geo_long": null,
        "has_extended_info": false
    },
    {
        "changeuuid": "815e7801-913f-4376-aee7-402beb85d730",
        "stationuuid": "ec389853-09d2-499a-8be2-f58dfe8f118c",
        "serveruuid": "4c5fc813-81d2-4ed3-b516-8da771f17501",
        "name": "RadioSimorgh",
        "url": "https://stream.zeno.fm/jl8n7thgcdftv",
        "url_resolved": "https://stream-149.zeno.fm/jl8n7thgcdftv?zs=hGvS-mZkTjy7AGLlRfs2CA",
        "homepage": "https://is.gd/y3vO00",
        "favicon": "https://drive.google.com/file/d/14pqOm4XzVJvRZa9oV3Iq9GeTPlIVhxdV/view?usp=drivesdk",
        "tags": "international",
        "country": "Islamic Republic Of Iran",
        "countrycode": "IR",
        "iso_3166_2": null,
        "state": "",
        "language": "",
        "languagecodes": "",
        "votes": 43,
        "lastchangetime": "2023-10-24 20:49:01",
        "lastchangetime_iso8601": "2023-10-24T20:49:01Z",
        "codec": "MP3",
        "bitrate": 0,
        "hls": 0,
        "lastcheckok": 1,
        "lastchecktime": "2023-11-07 04:26:59",
        "lastchecktime_iso8601": "2023-11-07T04:26:59Z",
        "lastcheckoktime": "2023-11-07 04:26:59",
        "lastcheckoktime_iso8601": "2023-11-07T04:26:59Z",
        "lastlocalchecktime": "2023-11-06 20:59:16",
        "lastlocalchecktime_iso8601": "2023-11-06T20:59:16Z",
        "clicktimestamp": "2023-11-07 18:01:14",
        "clicktimestamp_iso8601": "2023-11-07T18:01:14Z",
        "clickcount": 272,
        "clicktrend": -9,
        "ssl_error": 0,
        "geo_lat": null,
        "geo_long": null,
        "has_extended_info": false
    },
    {
        "changeuuid": "75687320-8a6a-4ae4-a928-8fb35748638c",
        "stationuuid": "081950af-e9e3-4860-ac33-45ea7ae5f4fa",
        "serveruuid": "51277bf2-e2c1-4ce3-b652-707077198cc9",
        "name": "RadioSimorgh Authentic Iranian music",
        "url": "https://stream.zenolive.com/dqahw5a6vrquv",
        "url_resolved": "https://stream-150.zeno.fm/dqahw5a6vrquv?zs=jH2YZ__fSQmLI334RoLCOw",
        "homepage": "https://is.gd/y3vO00",
        "favicon": "https://1drv.ms/i/s!Ah2MkmSp6a5Ugj3KLhxRRkyVNEoO",
        "tags": "classical",
        "country": "Islamic Republic Of Iran",
        "countrycode": "IR",
        "iso_3166_2": null,
        "state": "",
        "language": "",
        "languagecodes": "",
        "votes": 23,
        "lastchangetime": "2023-10-25 10:59:39",
        "lastchangetime_iso8601": "2023-10-25T10:59:39Z",
        "codec": "MP3",
        "bitrate": 0,
        "hls": 0,
        "lastcheckok": 1,
        "lastchecktime": "2023-11-07 17:16:10",
        "lastchecktime_iso8601": "2023-11-07T17:16:10Z",
        "lastcheckoktime": "2023-11-07 17:16:10",
        "lastcheckoktime_iso8601": "2023-11-07T17:16:10Z",
        "lastlocalchecktime": "2023-11-07 17:16:10",
        "lastlocalchecktime_iso8601": "2023-11-07T17:16:10Z",
        "clicktimestamp": "2023-11-07 17:36:32",
        "clicktimestamp_iso8601": "2023-11-07T17:36:32Z",
        "clickcount": 184,
        "clicktrend": -8,
        "ssl_error": 0,
        "geo_lat": null,
        "geo_long": null,
        "has_extended_info": false
    },
    {
        "changeuuid": "8cbe5653-ada2-4f14-b1ee-183a57d8adce",
        "stationuuid": "eb68658e-6039-4bef-924b-cfae14098abb",
        "serveruuid": "8d986a34-b154-4f6b-a8b5-0631f41187c5",
        "name": "Radio Iran International",
        "url": "https://radio.iraninternational.app/iintl_c",
        "url_resolved": "http://n05.radiojar.com/dfnrphnr5f0uv?rj-ttl=5&rj-tok=AAABi6pTjhYAhtikYJFKrQtmIA",
        "homepage": "https://www.iranintl.com/live",
        "favicon": "https://ott.iranintl.com/images/ii-player-poster.webp",
        "tags": "",
        "country": "Islamic Republic Of Iran",
        "countrycode": "IR",
        "iso_3166_2": null,
        "state": "",
        "language": "",
        "languagecodes": "",
        "votes": 17,
        "lastchangetime": "2023-11-03 14:44:00",
        "lastchangetime_iso8601": "2023-11-03T14:44:00Z",
        "codec": "MP3",
        "bitrate": 0,
        "hls": 0,
        "lastcheckok": 1,
        "lastchecktime": "2023-11-07 14:58:22",
        "lastchecktime_iso8601": "2023-11-07T14:58:22Z",
        "lastcheckoktime": "2023-11-07 14:58:22",
        "lastcheckoktime_iso8601": "2023-11-07T14:58:22Z",
        "lastlocalchecktime": "2023-11-07 14:58:22",
        "lastlocalchecktime_iso8601": "2023-11-07T14:58:22Z",
        "clicktimestamp": "2023-11-07 16:09:00",
        "clicktimestamp_iso8601": "2023-11-07T16:09:00Z",
        "clickcount": 73,
        "clicktrend": -2,
        "ssl_error": 0,
        "geo_lat": null,
        "geo_long": null,
        "has_extended_info": false
    },
    {
        "changeuuid": "d7c8f70f-e961-4c2b-a7f1-a04cd6f60543",
        "stationuuid": "a15d61ea-673d-4a60-8f61-802961f4468a",
        "serveruuid": "c53f4118-749f-49de-8bae-b27c6c192d96",
        "name": "Radio Shemroon",
        "url": "http://usa7.fastcast4u.com:5919/stream",
        "url_resolved": "http://usa7.fastcast4u.com:5919/stream",
        "homepage": "https://radioshemroon.net/",
        "favicon": "",
        "tags": "",
        "country": "Islamic Republic Of Iran",
        "countrycode": "IR",
        "iso_3166_2": null,
        "state": "",
        "language": "",
        "languagecodes": "",
        "votes": 14,
        "lastchangetime": "2023-10-30 18:34:05",
        "lastchangetime_iso8601": "2023-10-30T18:34:05Z",
        "codec": "MP3",
        "bitrate": 128,
        "hls": 0,
        "lastcheckok": 1,
        "lastchecktime": "2023-11-06 18:46:41",
        "lastchecktime_iso8601": "2023-11-06T18:46:41Z",
        "lastcheckoktime": "2023-11-06 18:46:41",
        "lastcheckoktime_iso8601": "2023-11-06T18:46:41Z",
        "lastlocalchecktime": "2023-11-06 18:46:41",
        "lastlocalchecktime_iso8601": "2023-11-06T18:46:41Z",
        "clicktimestamp": "2023-11-07 16:09:13",
        "clicktimestamp_iso8601": "2023-11-07T16:09:13Z",
        "clickcount": 152,
        "clicktrend": -6,
        "ssl_error": 0,
        "geo_lat": null,
        "geo_long": null,
        "has_extended_info": false
    },
    {
        "changeuuid": "b025b02f-17bd-4cd5-8d2a-fd40c384c7ca",
        "stationuuid": "a1fbace9-f758-443d-8bca-2dd43c64898a",
        "serveruuid": "b78d6660-7a5f-4c93-8cbc-0ab9e3833c91",
        "name": "RadioSimorgh Authentic Iranian music",
        "url": "https://stream.zeno.fm/9svfnobkrxrvv",
        "url_resolved": "https://stream-151.zeno.fm/9svfnobkrxrvv?zs=i83qAYk6Qk-fmwJOOpNDSA",
        "homepage": "https://is.gd/y3vO00",
        "favicon": "https://drive.google.com/file/d/14pqOm4XzVJvRZa9oV3Iq9GeTPlIVhxdV/view?usp=drivesdk",
        "tags": "classical",
        "country": "Islamic Republic Of Iran",
        "countrycode": "IR",
        "iso_3166_2": null,
        "state": "",
        "language": "",
        "languagecodes": "",
        "votes": 11,
        "lastchangetime": "2023-11-04 21:12:54",
        "lastchangetime_iso8601": "2023-11-04T21:12:54Z",
        "codec": "MP3",
        "bitrate": 0,
        "hls": 0,
        "lastcheckok": 1,
        "lastchecktime": "2023-11-07 01:55:31",
        "lastchecktime_iso8601": "2023-11-07T01:55:31Z",
        "lastcheckoktime": "2023-11-07 01:55:31",
        "lastcheckoktime_iso8601": "2023-11-07T01:55:31Z",
        "lastlocalchecktime": "2023-11-06 21:14:36",
        "lastlocalchecktime_iso8601": "2023-11-06T21:14:36Z",
        "clicktimestamp": "2023-11-07 14:45:42",
        "clicktimestamp_iso8601": "2023-11-07T14:45:42Z",
        "clickcount": 40,
        "clicktrend": -8,
        "ssl_error": 0,
        "geo_lat": null,
        "geo_long": null,
        "has_extended_info": false
    },
    {
        "changeuuid": "19136b3e-7113-4b64-bdd2-6a692d0c090f",
        "stationuuid": "22de5acc-075d-48de-80aa-c879cb1a53ae",
        "serveruuid": "9435613a-1eca-4f73-8974-d4a5c3534d43",
        "name": "Radio Tehran",
        "url": "https://live4.presstv.ir/irib/irib1/playlist.m3u8",
        "url_resolved": "https://live4.presstv.ir/irib/irib1/playlist.m3u8",
        "homepage": "",
        "favicon": "",
        "tags": "classical",
        "country": "Islamic Republic Of Iran",
        "countrycode": "IR",
        "iso_3166_2": null,
        "state": "",
        "language": "",
        "languagecodes": "",
        "votes": 0,
        "lastchangetime": "2023-11-07 14:51:13",
        "lastchangetime_iso8601": "2023-11-07T14:51:13Z",
        "codec": "AAC",
        "bitrate": 98,
        "hls": 1,
        "lastcheckok": 1,
        "lastchecktime": "2023-11-07 15:07:05",
        "lastchecktime_iso8601": "2023-11-07T15:07:05Z",
        "lastcheckoktime": "2023-11-07 15:07:05",
        "lastcheckoktime_iso8601": "2023-11-07T15:07:05Z",
        "lastlocalchecktime": "2023-11-07 14:53:14",
        "lastlocalchecktime_iso8601": "2023-11-07T14:53:14Z",
        "clicktimestamp": "2023-11-07 15:47:46",
        "clicktimestamp_iso8601": "2023-11-07T15:47:46Z",
        "clickcount": 3,
        "clicktrend": 3,
        "ssl_error": 0,
        "geo_lat": null,
        "geo_long": null,
        "has_extended_info": false
    }
]