[
    {
        "changeuuid": "46167e81-bc7d-4fb9-8aad-dbfa0780cc2b",
        "stationuuid": "9623e326-0601-11e8-ae97-52543be04c81",
        "serveruuid": "168f0a34-2a95-47e8-a632-609a89a88554",
        "name": "Flashback 80's 101.5 Reykjavik",
        "url": "http://www.radio.is:443/80flashback",
        "url_resolved": "http://www.radio.is:443/80flashback",
        "homepage": "http://flashback.is/80s",
        "favicon": "http://flashback.is/img/channels/80s/channel.svg",
        "tags": "80s,reykjavik",
        "country": "Iceland",
        "countrycode": "IS",
        "iso_3166_2": null,
        "state": "",
        "language": "icelandic",
        "languagecodes": "is",
        "votes": 439,
        "lastchangetime": "2022-03-28 13:09:44",
        "lastchangetime_iso8601": "2022-03-28T13:09:44Z",
        "codec": "MP3",
        "bitrate": 128,
        "hls": 0,
        "lastcheckok": 1,
        "lastchecktime": "2023-04-08 11:33:56",
        "lastchecktime_iso8601": "2023-04-08T11:33:56Z",
        "lastcheckoktime": "2023-04-08 11:33:56",
        "lastcheckoktime_iso8601": "2023-04-08T11:33:56Z",
        "lastlocalchecktime": "2023-04-08 08:07:15",
        "lastlocalchecktime_iso8601": "2023-04-08T08:07:15Z",
        "clicktimestamp": "2023-04-08 12:45:14",
        "clicktimestamp_iso8601": "2023-04-08T12:45:14Z",
        "clickcount": 45,
        "clicktrend": -1,
        "ssl_error": 0,
        "geo_lat": null,
        "geo_long": null,
        "has_extended_info": false
    },
    {
        "changeuuid": "ab92b1ff-2a50-4c27-93b4-c310db484245",
        "stationuuid": "9624052c-0601-11e8-ae97-52543be04c81",
        "serveruuid": "7fced1ef-17e7-4d44-982f-9f3fc11e5ea8",
        "name": "Flashback 60's Online - Reykjavik",
        "url": "http://radio.is:443/60flashback",
        "url_resolved": "http://radio.is:443/60flashback",
        "homepage": "http://flashback.is/60s",
        "favicon": "",
        "tags": "60s,reykjavik",
        "country": "Iceland",
        "countrycode": "IS",
        "iso_3166_2": null,
        "state": "",
        "language": "icelandic",
        "languagecodes": "is",
        "votes": 337,
        "lastchangetime": "2022-03-28 12:39:31",
        "lastchangetime_iso8601": "2022-03-28T12:39:31Z",
        "codec": "MP3",
        "bitrate": 128,
        "hls": 0,
        "lastcheckok": 1,
        "lastchecktime": "2023-04-08 10:57:23",
        "lastchecktime_iso8601": "2023-04-08T10:57:23Z",
        "lastcheckoktime": "2023-04-08 10:57:23",
        "lastcheckoktime_iso8601": "2023-04-08T10:57:23Z",
        "lastlocalchecktime": "2023-04-08 10:57:23",
        "lastlocalchecktime_iso8601": "2023-04-08T10:57:23Z",
        "clicktimestamp": "2023-04-08 10:25:31",
        "clicktimestamp_iso8601": "2023-04-08T10:25:31Z",
        "clickcount": 24,
        "clicktrend": 3,
        "ssl_error": 0,
        "geo_lat": null,
        "geo_long": null,
        "has_extended_info": false
    },
    {
        "changeuuid": "50f10b11-0639-4e13-beb0-ab7112fba4a6",
        "stationuuid": "9623f142-0601-11e8-ae97-52543be04c81",
        "serveruuid": "168f0a34-2a95-47e8-a632-609a89a88554",
        "name": "Retro FM 89.5",
        "url": "http://www.radio.is:443/retromobile",
        "url_resolved": "http://www.radio.is:443/retromobile",
        "homepage": "https://www.facebook.com/retro895/",
        "favicon": "",
        "tags": "classic hits,oldies,reykjavik",
        "country": "Iceland",
        "countrycode": "IS",
        "iso_3166_2": null,
        "state": "",
        "language": "icelandic",
        "languagecodes": "is",
        "votes": 264,
        "lastchangetime": "2022-09-12 01:00:55",
        "lastchangetime_iso8601": "2022-09-12T01:00:55Z",
        "codec": "MP3",
        "bitrate": 170,
        "hls": 0,
        "lastcheckok": 1,
        "lastchecktime": "2023-04-07 22:38:28",
        "lastchecktime_iso8601": "2023-04-07T22:38:28Z",
        "lastcheckoktime": "2023-04-07 22:38:28",
        "lastcheckoktime_iso8601": "2023-04-07T22:38:28Z",
        "lastlocalchecktime": "2023-04-07 19:47:14",
        "lastlocalchecktime_iso8601": "2023-04-07T19:47:14Z",
        "clicktimestamp": "2023-04-08 03:27:51",
        "clicktimestamp_iso8601": "2023-04-08T03:27:51Z",
        "clickcount": 13,
        "clicktrend": -1,
        "ssl_error": 0,
        "geo_lat": null,
        "geo_long": null,
        "has_extended_info": false
    },
    {
        "changeuuid": "40395bbf-f044-4ba9-82cd-230f41a69de0",
        "stationuuid": "961d3ec2-0601-11e8-ae97-52543be04c81",
        "serveruuid": "005b151e-be27-4737-b26a-52c4d5741959",
        "name": "Bylgjan 98.9 Reykjavik",
        "url": "http://icecast.365net.is:8000/orbbylgjan.aac",
        "url_resolved": "http://icecast.365net.is:8000/orbbylgjan.aac",
        "homepage": "http://bylgjan.visir.is/",
        "favicon": "",
        "tags": "local music,music,news,reykjavik,sport,talk",
        "country": "Iceland",
        "countrycode": "IS",
        "iso_3166_2": null,
        "state": "",
        "language": "icelandic",
        "languagecodes": "is",
        "votes": 263,
        "lastchangetime": "2022-08-26 21:33:43",
        "lastchangetime_iso8601": "2022-08-26T21:33:43Z",
        "codec": "AAC+",
        "bitrate": 131,
        "hls": 0,
        "lastcheckok": 1,
        "lastchecktime": "2023-04-08 12:13:03",
        "lastchecktime_iso8601": "2023-04-08T12:13:03Z",
        "lastcheckoktime": "2023-04-08 12:13:03",
        "lastcheckoktime_iso8601": "2023-04-08T12:13:03Z",
        "lastlocalchecktime": "2023-04-07 17:04:31",
        "lastlocalchecktime_iso8601": "2023-04-07T17:04:31Z",
        "clicktimestamp": "2023-04-08 11:59:25",
        "clicktimestamp_iso8601": "2023-04-08T11:59:25Z",
        "clickcount": 51,
        "clicktrend": 2,
        "ssl_error": 0,
        "geo_lat": null,
        "geo_long": null,
        "has_extended_info": false
    },
    {
        "changeuuid": "ca1ac66b-9d23-41b9-b089-4827cf1b4b42",
        "stationuuid": "96240473-0601-11e8-ae97-52543be04c81",
        "serveruuid": "168f0a34-2a95-47e8-a632-609a89a88554",
        "name": "Flashback 90's Online Reykjavik",
        "url": "http://www.radio.is:443/90flashback",
        "url_resolved": "http://www.radio.is:443/90flashback",
        "homepage": "http://flashback.is/90s",
        "favicon": "",
        "tags": "90s,reykjavik",
        "country": "Iceland",
        "countrycode": "IS",
        "iso_3166_2": null,
        "state": "",
        "language": "icelandic",
        "languagecodes": "is",
        "votes": 235,
        "lastchangetime": "2022-03-28 09:50:03",
        "lastchangetime_iso8601": "2022-03-28T09:50:03Z",
        "codec": "MP3",
        "bitrate": 128,
        "hls": 0,
        "lastcheckok": 1,
        "lastchecktime": "2023-04-08 02:32:09",
        "lastchecktime_iso8601": "2023-04-08T02:32:09Z",
        "lastcheckoktime": "2023-04-08 02:32:09",
        "lastcheckoktime_iso8601": "2023-04-08T02:32:09Z",
        "lastlocalchecktime": "2023-04-07 19:41:50",
        "lastlocalchecktime_iso8601": "2023-04-07T19:41:50Z",
        "clicktimestamp": "2023-04-08 03:26:44",
        "clicktimestamp_iso8601": "2023-04-08T03:26:44Z",
        "clickcount": 28,
        "clicktrend": -1,
        "ssl_error": 0,
        "geo_lat": null,
        "geo_long": null,
        "has_extended_info": false
    },
    {
        "changeuuid": "33df45fa-7177-4ea4-98d3-6b0bf61bc41d",
        "stationuuid": "d98c5e50-9d73-42b5-b52d-16669e9dbe1a",
        "serveruuid": "0eea9dcd-d239-4795-b06c-97a26555afa4",
        "name": "R\u00fav r\u00e1s1",
        "url": "http://netradio.ruv.is/ras1.aac.m3u",
        "url_resolved": "http://netradio.ruv.is/ras1.aac",
        "homepage": "https://www.ruv.is/",
        "favicon": "https://www.ruv.is/sites/all/themes/at_ruv/images/svg/ruv-logo-36.svg?v=1.3",
        "tags": "culture,news",
        "country": "Iceland",
        "countrycode": "IS",
        "iso_3166_2": null,
        "state": "",
        "language": "icelandic",
        "languagecodes": "is",
        "votes": 158,
        "lastchangetime": "2022-03-28 10:55:22",
        "lastchangetime_iso8601": "2022-03-28T10:55:22Z",
        "codec": "AAC+",
        "bitrate": 128,
        "hls": 0,
        "lastcheckok": 1,
        "lastchecktime": "2023-04-08 02:52:31",
        "lastchecktime_iso8601": "2023-04-08T02:52:31Z",
        "lastcheckoktime": "2023-04-08 02:52:31",
        "lastcheckoktime_iso8601": "2023-04-08T02:52:31Z",
        "lastlocalchecktime": "2023-04-07 19:48:55",
        "lastlocalchecktime_iso8601": "2023-04-07T19:48:55Z",
        "clicktimestamp": "2023-04-08 09:47:59",
        "clicktimestamp_iso8601": "2023-04-08T09:47:59Z",
        "clickcount": 42,
        "clicktrend": -3,
        "ssl_error": 0,
        "geo_lat": null,
        "geo_long": null,
        "has_extended_info": false
    },
    {
        "changeuuid": "a30a54c3-5964-4a0d-adf2-819278bf3689",
        "stationuuid": "961e9f13-0601-11e8-ae97-52543be04c81",
        "serveruuid": "005b151e-be27-4737-b26a-52c4d5741959",
        "name": "80's Bylgjan",
        "url": "http://icecast.365net.is:8000/orb80s.aac.m3u",
        "url_resolved": "http://icecast.365net.is:8000/orb80s.aac",
        "homepage": "http://vefutvarp.visir.is/player/#/",
        "favicon": "http://vefutvarp.visir.is/favicons/apple-touch-icon.png",
        "tags": "80s,local music",
        "country": "Iceland",
        "countrycode": "IS",
        "iso_3166_2": null,
        "state": "",
        "language": "icelandic",
        "languagecodes": "is",
        "votes": 151,
        "lastchangetime": "2022-03-28 12:06:32",
        "lastchangetime_iso8601": "2022-03-28T12:06:32Z",
        "codec": "AAC+",
        "bitrate": 129,
        "hls": 0,
        "lastcheckok": 1,
        "lastchecktime": "2023-04-08 05:13:53",
        "lastchecktime_iso8601": "2023-04-08T05:13:53Z",
        "lastcheckoktime": "2023-04-08 05:13:53",
        "lastcheckoktime_iso8601": "2023-04-08T05:13:53Z",
        "lastlocalchecktime": "2023-04-07 20:14:48",
        "lastlocalchecktime_iso8601": "2023-04-07T20:14:48Z",
        "clicktimestamp": "2023-04-08 03:27:48",
        "clicktimestamp_iso8601": "2023-04-08T03:27:48Z",
        "clickcount": 13,
        "clicktrend": -1,
        "ssl_error": 0,
        "geo_lat": null,
        "geo_long": null,
        "has_extended_info": false
    },
    {
        "changeuuid": "9391dcc9-2763-4ce1-87c0-43e3f7a370c5",
        "stationuuid": "961e8c73-0601-11e8-ae97-52543be04c81",
        "serveruuid": "005b151e-be27-4737-b26a-52c4d5741959",
        "name": "X977",
        "url": "http://icecast.365net.is:8000/orbXid.aac.m3u",
        "url_resolved": "http://icecast.365net.is:8000/orbXid.aac",
        "homepage": "http://x977.visir.is/",
        "favicon": "",
        "tags": "local music,rock",
        "country": "Iceland",
        "countrycode": "IS",
        "iso_3166_2": null,
        "state": "Iceland",
        "language": "icelandic",
        "languagecodes": "is",
        "votes": 123,
        "lastchangetime": "2022-03-28 14:14:38",
        "lastchangetime_iso8601": "2022-03-28T14:14:38Z",
        "codec": "AAC+",
        "bitrate": 131,
        "hls": 0,
        "lastcheckok": 1,
        "lastchecktime": "2023-04-08 10:27:19",
        "lastchecktime_iso8601": "2023-04-08T10:27:19Z",
        "lastcheckoktime": "2023-04-08 10:27:19",
        "lastcheckoktime_iso8601": "2023-04-08T10:27:19Z",
        "lastlocalchecktime": "2023-04-07 15:58:46",
        "lastlocalchecktime_iso8601": "2023-04-07T15:58:46Z",
        "clicktimestamp": "2023-04-08 10:10:00",
        "clicktimestamp_iso8601": "2023-04-08T10:10:00Z",
        "clickcount": 31,
        "clicktrend": -1,
        "ssl_error": 0,
        "geo_lat": null,
        "geo_long": null,
        "has_extended_info": false
    },
    {
        "changeuuid": "614515e0-fc33-4008-bac0-60cf55cad180",
        "stationuuid": "9624075b-0601-11e8-ae97-52543be04c81",
        "serveruuid": "738fb8e5-4449-4761-82e9-ba9acae1af0e",
        "name": "Trolli FM 103.7 Siglufjordu",
        "url": "http://live.trolli.is:8200/;",
        "url_resolved": "http://live.trolli.is:8200/;",
        "homepage": "http://fm.trolli.is/",
        "favicon": "http://spilarinn.is/uploads/1486999431932.png",
        "tags": "adult contemporary,siglufjordu,top 40",
        "country": "Iceland",
        "countrycode": "IS",
        "iso_3166_2": null,
        "state": "",
        "language": "icelandic",
        "languagecodes": "is",
        "votes": 102,
        "lastchangetime": "2022-04-18 20:14:00",
        "lastchangetime_iso8601": "2022-04-18T20:14:00Z",
        "codec": "MP3",
        "bitrate": 256,
        "hls": 0,
        "lastcheckok": 1,
        "lastchecktime": "2023-04-08 10:19:01",
        "lastchecktime_iso8601": "2023-04-08T10:19:01Z",
        "lastcheckoktime": "2023-04-08 10:19:01",
        "lastcheckoktime_iso8601": "2023-04-08T10:19:01Z",
        "lastlocalchecktime": "2023-04-08 10:19:01",
        "lastlocalchecktime_iso8601": "2023-04-08T10:19:01Z",
        "clicktimestamp": "2023-04-08 08:44:20",
        "clicktimestamp_iso8601": "2023-04-08T08:44:20Z",
        "clickcount": 20,
        "clicktrend": 0,
        "ssl_error": 0,
        "geo_lat": null,
        "geo_long": null,
        "has_extended_info": false
    },
    {
        "changeuuid": "e3a29088-452f-496a-849a-443241c2d238",
        "stationuuid": "962402b6-0601-11e8-ae97-52543be04c81",
        "serveruuid": "168f0a34-2a95-47e8-a632-609a89a88554",
        "name": "Flashback 91.9 Reykjavik",
        "url": "http://www.radio.is:443/flashback",
        "url_resolved": "http://www.radio.is:443/flashback",
        "homepage": "http://flashback.is/",
        "favicon": "",
        "tags": "pop,reykjavik",
        "country": "Iceland",
        "countrycode": "IS",
        "iso_3166_2": null,
        "state": "",
        "language": "icelandic",
        "languagecodes": "is",
        "votes": 98,
        "lastchangetime": "2022-08-30 19:14:19",
        "lastchangetime_iso8601": "2022-08-30T19:14:19Z",
        "codec": "MP3",
        "bitrate": 320,
        "hls": 0,
        "lastcheckok": 1,
        "lastchecktime": "2023-04-07 20:27:18",
        "lastchecktime_iso8601": "2023-04-07T20:27:18Z",
        "lastcheckoktime": "2023-04-07 20:27:18",
        "lastcheckoktime_iso8601": "2023-04-07T20:27:18Z",
        "lastlocalchecktime": "2023-04-07 16:49:20",
        "lastlocalchecktime_iso8601": "2023-04-07T16:49:20Z",
        "clicktimestamp": "2023-04-08 10:25:36",
        "clicktimestamp_iso8601": "2023-04-08T10:25:36Z",
        "clickcount": 15,
        "clicktrend": 1,
        "ssl_error": 0,
        "geo_lat": null,
        "geo_long": null,
        "has_extended_info": false
    },
    {
        "changeuuid": "3ab01ac9-5395-49db-9249-91527734504a",
        "stationuuid": "962388a7-0601-11e8-ae97-52543be04c81",
        "serveruuid": "168f0a34-2a95-47e8-a632-609a89a88554",
        "name": "Kannin FM 100.5 \"K100\" Reykjavik",
        "url": "http://www.radio.is:443/kaninnmobile",
        "url_resolved": "http://www.radio.is:443/kaninnmobile",
        "homepage": "http://www.k100.is/",
        "favicon": "https://www.mbl.is/favicon_192x192.png",
        "tags": "commercial,contemporary hits,reykjavik,top 40",
        "country": "Iceland",
        "countrycode": "IS",
        "iso_3166_2": null,
        "state": "",
        "language": "icelandic",
        "languagecodes": "is",
        "votes": 91,
        "lastchangetime": "2022-09-29 22:38:13",
        "lastchangetime_iso8601": "2022-09-29T22:38:13Z",
        "codec": "MP3",
        "bitrate": 170,
        "hls": 0,
        "lastcheckok": 1,
        "lastchecktime": "2023-04-08 09:18:56",
        "lastchecktime_iso8601": "2023-04-08T09:18:56Z",
        "lastcheckoktime": "2023-04-08 09:18:56",
        "lastcheckoktime_iso8601": "2023-04-08T09:18:56Z",
        "lastlocalchecktime": "2023-04-07 14:27:47",
        "lastlocalchecktime_iso8601": "2023-04-07T14:27:47Z",
        "clicktimestamp": "2023-04-08 10:00:00",
        "clicktimestamp_iso8601": "2023-04-08T10:00:00Z",
        "clickcount": 23,
        "clicktrend": 2,
        "ssl_error": 0,
        "geo_lat": null,
        "geo_long": null,
        "has_extended_info": false
    },
    {
        "changeuuid": "f9e450a7-4782-43c9-ab4e-ecfb07ccf6d3",
        "stationuuid": "0ec0f183-4681-478f-b507-cb4ca6333541",
        "serveruuid": "0eea9dcd-d239-4795-b06c-97a26555afa4",
        "name": "R\u00e1s2",
        "url": "http://netradio.ruv.is/ras2.aac",
        "url_resolved": "http://netradio.ruv.is/ras2.aac",
        "homepage": "https://www.ruv.is/",
        "favicon": "https://www.ruv.is/sites/all/themes/at_ruv/images/favicons/mstile-70x70.png",
        "tags": "",
        "country": "Iceland",
        "countrycode": "IS",
        "iso_3166_2": null,
        "state": "",
        "language": "",
        "languagecodes": "",
        "votes": 79,
        "lastchangetime": "2021-11-11 18:09:53",
        "lastchangetime_iso8601": "2021-11-11T18:09:53Z",
        "codec": "AAC+",
        "bitrate": 128,
        "hls": 0,
        "lastcheckok": 1,
        "lastchecktime": "2023-04-08 07:20:46",
        "lastchecktime_iso8601": "2023-04-08T07:20:46Z",
        "lastcheckoktime": "2023-04-08 07:20:46",
        "lastcheckoktime_iso8601": "2023-04-08T07:20:46Z",
        "lastlocalchecktime": "2023-04-07 20:20:08",
        "lastlocalchecktime_iso8601": "2023-04-07T20:20:08Z",
        "clicktimestamp": "2023-04-08 12:21:31",
        "clicktimestamp_iso8601": "2023-04-08T12:21:31Z",
        "clickcount": 51,
        "clicktrend": 3,
        "ssl_error": 0,
        "geo_lat": 64.09860708598023,
        "geo_long": -21.914978027343754,
        "has_extended_info": false
    },
    {
        "changeuuid": "15955ac8-4eca-41f9-8737-ccaeaae6070e",
        "stationuuid": "961e9e40-0601-11e8-ae97-52543be04c81",
        "serveruuid": "005b151e-be27-4737-b26a-52c4d5741959",
        "name": "Visir \"FM957\" 95.7 Reykjavik",
        "url": "http://icecast.365net.is:8000/orbFm957.aac.m3u",
        "url_resolved": "http://icecast.365net.is:8000/orbFm957.aac",
        "homepage": "http://fm957.visir.is/",
        "favicon": "",
        "tags": "local music,pop,reykjavik",
        "country": "Iceland",
        "countrycode": "IS",
        "iso_3166_2": null,
        "state": "Iceland",
        "language": "icelandic",
        "languagecodes": "is",
        "votes": 69,
        "lastchangetime": "2022-08-27 02:10:17",
        "lastchangetime_iso8601": "2022-08-27T02:10:17Z",
        "codec": "AAC+",
        "bitrate": 129,
        "hls": 0,
        "lastcheckok": 1,
        "lastchecktime": "2023-04-08 02:42:23",
        "lastchecktime_iso8601": "2023-04-08T02:42:23Z",
        "lastcheckoktime": "2023-04-08 02:42:23",
        "lastcheckoktime_iso8601": "2023-04-08T02:42:23Z",
        "lastlocalchecktime": "2023-04-07 20:46:13",
        "lastlocalchecktime_iso8601": "2023-04-07T20:46:13Z",
        "clicktimestamp": "2023-04-08 12:08:34",
        "clicktimestamp_iso8601": "2023-04-08T12:08:34Z",
        "clickcount": 14,
        "clicktrend": 3,
        "ssl_error": 0,
        "geo_lat": null,
        "geo_long": null,
        "has_extended_info": false
    },
    {
        "changeuuid": "4babff4b-f61d-47f1-8674-260e73bb3e09",
        "stationuuid": "961e9bb2-0601-11e8-ae97-52543be04c81",
        "serveruuid": "005b151e-be27-4737-b26a-52c4d5741959",
        "name": "L\u00e9tt Bylgjan",
        "url": "http://icecast.365net.is:8000/orbLettBylgjan.aac.m3u",
        "url_resolved": "http://icecast.365net.is:8000/orbLettBylgjan.aac",
        "homepage": "http://lettbylgjan.visir.is/",
        "favicon": "",
        "tags": "easy listening,local music",
        "country": "Iceland",
        "countrycode": "IS",
        "iso_3166_2": null,
        "state": "Iceland",
        "language": "icelandic",
        "languagecodes": "is",
        "votes": 65,
        "lastchangetime": "2022-10-03 09:45:50",
        "lastchangetime_iso8601": "2022-10-03T09:45:50Z",
        "codec": "AAC+",
        "bitrate": 97,
        "hls": 0,
        "lastcheckok": 1,
        "lastchecktime": "2023-04-08 10:45:53",
        "lastchecktime_iso8601": "2023-04-08T10:45:53Z",
        "lastcheckoktime": "2023-04-08 10:45:53",
        "lastcheckoktime_iso8601": "2023-04-08T10:45:53Z",
        "lastlocalchecktime": "2023-04-07 19:40:51",
        "lastlocalchecktime_iso8601": "2023-04-07T19:40:51Z",
        "clicktimestamp": "2023-04-08 03:28:46",
        "clicktimestamp_iso8601": "2023-04-08T03:28:46Z",
        "clickcount": 8,
        "clicktrend": 1,
        "ssl_error": 0,
        "geo_lat": null,
        "geo_long": null,
        "has_extended_info": false
    },
    {
        "changeuuid": "76527177-26dd-4f7c-b549-06dba2891ac3",
        "stationuuid": "961a98e2-0601-11e8-ae97-52543be04c81",
        "serveruuid": "005b151e-be27-4737-b26a-52c4d5741959",
        "name": "Gull Bylgjan 90.9 Reykjavik",
        "url": "http://icecast.365net.is:8000/orbGullBylgjan.aac.m3u",
        "url_resolved": "http://icecast.365net.is:8000/orbGullBylgjan.aac",
        "homepage": "http://vefutvarp.visir.is/gull_bylgjan/",
        "favicon": "http://vefutvarp.visir.is/favicons/apple-touch-icon.png",
        "tags": "classic rock,local music,reykjavik",
        "country": "Iceland",
        "countrycode": "IS",
        "iso_3166_2": null,
        "state": "",
        "language": "icelandic",
        "languagecodes": "is",
        "votes": 59,
        "lastchangetime": "2022-09-30 05:09:45",
        "lastchangetime_iso8601": "2022-09-30T05:09:45Z",
        "codec": "AAC+",
        "bitrate": 130,
        "hls": 0,
        "lastcheckok": 1,
        "lastchecktime": "2023-04-08 11:53:13",
        "lastchecktime_iso8601": "2023-04-08T11:53:13Z",
        "lastcheckoktime": "2023-04-08 11:53:13",
        "lastcheckoktime_iso8601": "2023-04-08T11:53:13Z",
        "lastlocalchecktime": "2023-04-08 11:53:13",
        "lastlocalchecktime_iso8601": "2023-04-08T11:53:13Z",
        "clicktimestamp": "2023-04-08 09:57:23",
        "clicktimestamp_iso8601": "2023-04-08T09:57:23Z",
        "clickcount": 10,
        "clicktrend": 0,
        "ssl_error": 0,
        "geo_lat": null,
        "geo_long": null,
        "has_extended_info": false
    },
    {
        "changeuuid": "290822ab-bd22-49f5-891b-9162f954bfc9",
        "stationuuid": "96238c62-0601-11e8-ae97-52543be04c81",
        "serveruuid": "005b151e-be27-4737-b26a-52c4d5741959",
        "name": "Visir \"FM 957 Extra\" Reykjavik",
        "url": "http://icecast.365net.is:8000/orbFmExtra.aac",
        "url_resolved": "http://icecast.365net.is:8000/orbFmExtra.aac",
        "homepage": "http://fm957.visir.is/",
        "favicon": "",
        "tags": "contemporary hits,reykjavik,top 40",
        "country": "Iceland",
        "countrycode": "IS",
        "iso_3166_2": null,
        "state": "",
        "language": "icelandic",
        "languagecodes": "is",
        "votes": 47,
        "lastchangetime": "2022-09-06 08:44:01",
        "lastchangetime_iso8601": "2022-09-06T08:44:01Z",
        "codec": "AAC+",
        "bitrate": 131,
        "hls": 0,
        "lastcheckok": 1,
        "lastchecktime": "2023-04-08 10:43:33",
        "lastchecktime_iso8601": "2023-04-08T10:43:33Z",
        "lastcheckoktime": "2023-04-08 10:43:33",
        "lastcheckoktime_iso8601": "2023-04-08T10:43:33Z",
        "lastlocalchecktime": "2023-04-08 10:43:33",
        "lastlocalchecktime_iso8601": "2023-04-08T10:43:33Z",
        "clicktimestamp": "2023-04-08 03:28:52",
        "clicktimestamp_iso8601": "2023-04-08T03:28:52Z",
        "clickcount": 8,
        "clicktrend": 1,
        "ssl_error": 0,
        "geo_lat": null,
        "geo_long": null,
        "has_extended_info": false
    },
    {
        "changeuuid": "92906f9c-7183-4a92-867b-c86a4f8f39f1",
        "stationuuid": "9623e951-0601-11e8-ae97-52543be04c81",
        "serveruuid": "64835cb6-d874-40ea-b5a8-df1f796abeab",
        "name": "Radio Bodun 105.5 Reykjavik",
        "url": "http://radio.bodun.is:8000/stream",
        "url_resolved": "http://radio.bodun.is:8000/stream",
        "homepage": "http://tunein.com/radio/Utvarp-Bodun-1055-s102576/",
        "favicon": "http://cdn-radiotime-logos.tunein.com/s102576q.png",
        "tags": "religion,reykjavik",
        "country": "Iceland",
        "countrycode": "IS",
        "iso_3166_2": null,
        "state": "",
        "language": "icelandic",
        "languagecodes": "is",
        "votes": 43,
        "lastchangetime": "2022-04-18 20:13:59",
        "lastchangetime_iso8601": "2022-04-18T20:13:59Z",
        "codec": "MP3",
        "bitrate": 128,
        "hls": 0,
        "lastcheckok": 1,
        "lastchecktime": "2023-04-07 21:17:20",
        "lastchecktime_iso8601": "2023-04-07T21:17:20Z",
        "lastcheckoktime": "2023-04-07 21:17:20",
        "lastcheckoktime_iso8601": "2023-04-07T21:17:20Z",
        "lastlocalchecktime": "2023-04-07 19:42:44",
        "lastlocalchecktime_iso8601": "2023-04-07T19:42:44Z",
        "clicktimestamp": "2023-04-08 03:28:56",
        "clicktimestamp_iso8601": "2023-04-08T03:28:56Z",
        "clickcount": 8,
        "clicktrend": 0,
        "ssl_error": 0,
        "geo_lat": null,
        "geo_long": null,
        "has_extended_info": false
    },
    {
        "changeuuid": "0efb2e57-d910-48fd-b097-b461aa24f659",
        "stationuuid": "9624084b-0601-11e8-ae97-52543be04c81",
        "serveruuid": "005b151e-be27-4737-b26a-52c4d5741959",
        "name": "Apparatid",
        "url": "http://icecast.365net.is:8000/orbApparatid.aac",
        "url_resolved": "http://icecast.365net.is:8000/orbApparatid.aac",
        "homepage": "http://spilarinn.is/#apparatid",
        "favicon": "",
        "tags": "local music",
        "country": "Iceland",
        "countrycode": "IS",
        "iso_3166_2": null,
        "state": "",
        "language": "icelandic",
        "languagecodes": "is",
        "votes": 43,
        "lastchangetime": "2022-09-14 05:43:59",
        "lastchangetime_iso8601": "2022-09-14T05:43:59Z",
        "codec": "AAC+",
        "bitrate": 130,
        "hls": 0,
        "lastcheckok": 1,
        "lastchecktime": "2023-04-08 06:30:15",
        "lastchecktime_iso8601": "2023-04-08T06:30:15Z",
        "lastcheckoktime": "2023-04-08 06:30:15",
        "lastcheckoktime_iso8601": "2023-04-08T06:30:15Z",
        "lastlocalchecktime": "2023-04-07 18:41:11",
        "lastlocalchecktime_iso8601": "2023-04-07T18:41:11Z",
        "clicktimestamp": "2023-04-08 03:28:27",
        "clicktimestamp_iso8601": "2023-04-08T03:28:27Z",
        "clickcount": 8,
        "clicktrend": 2,
        "ssl_error": 0,
        "geo_lat": null,
        "geo_long": null,
        "has_extended_info": false
    },
    {
        "changeuuid": "4058f222-ec40-4ee1-9f76-349f6005ed16",
        "stationuuid": "7f060aaa-11e9-4759-b85d-4b532d56235b",
        "serveruuid": "4b6083f6-bd2e-4824-82d2-1020a11706ab",
        "name": "Rond\u00f3",
        "url": "https://ruv-radio-live.akamaized.net/streymi/rondo/rondo.m3u8",
        "url_resolved": "https://ruv-radio-live.akamaized.net/streymi/rondo/rondo.m3u8",
        "homepage": "https://www.ruv.is/rondo",
        "favicon": "https://www.ruv.is/sites/all/themes/at_ruv/images/favicons/mstile-70x70.png",
        "tags": "",
        "country": "Iceland",
        "countrycode": "IS",
        "iso_3166_2": null,
        "state": "",
        "language": "",
        "languagecodes": "",
        "votes": 18,
        "lastchangetime": "2022-08-26 17:45:32",
        "lastchangetime_iso8601": "2022-08-26T17:45:32Z",
        "codec": "AAC",
        "bitrate": 352,
        "hls": 1,
        "lastcheckok": 1,
        "lastchecktime": "2023-04-08 13:19:50",
        "lastchecktime_iso8601": "2023-04-08T13:19:50Z",
        "lastcheckoktime": "2023-04-08 13:19:50",
        "lastcheckoktime_iso8601": "2023-04-08T13:19:50Z",
        "lastlocalchecktime": "2023-04-08 13:19:50",
        "lastlocalchecktime_iso8601": "2023-04-08T13:19:50Z",
        "clicktimestamp": "2023-04-08 11:01:00",
        "clicktimestamp_iso8601": "2023-04-08T11:01:00Z",
        "clickcount": 13,
        "clicktrend": 2,
        "ssl_error": 0,
        "geo_lat": 64.14388034700936,
        "geo_long": -21.93557739257813,
        "has_extended_info": false
    },
    {
        "changeuuid": "17a29bf6-a8a1-48db-9f7b-6cfb24aea1a3",
        "stationuuid": "2d2142a7-259e-475a-be9c-54a4caf537e5",
        "serveruuid": "0eea9dcd-d239-4795-b06c-97a26555afa4",
        "name": "RUV 1",
        "url": "http://netradio.ruv.is/ras1.aac.m3u",
        "url_resolved": "http://netradio.ruv.is/ras1.aac",
        "homepage": "https://www.ruv.is/netutvarpsstreymi",
        "favicon": "https://www.ruv.is/images/ruv-logo-196x196.png",
        "tags": "",
        "country": "Iceland",
        "countrycode": "IS",
        "iso_3166_2": null,
        "state": "",
        "language": "",
        "languagecodes": "",
        "votes": 15,
        "lastchangetime": "2022-12-02 16:40:18",
        "lastchangetime_iso8601": "2022-12-02T16:40:18Z",
        "codec": "AAC+",
        "bitrate": 128,
        "hls": 0,
        "lastcheckok": 1,
        "lastchecktime": "2023-04-08 08:59:50",
        "lastchecktime_iso8601": "2023-04-08T08:59:50Z",
        "lastcheckoktime": "2023-04-08 08:59:50",
        "lastcheckoktime_iso8601": "2023-04-08T08:59:50Z",
        "lastlocalchecktime": "2023-04-07 15:31:26",
        "lastlocalchecktime_iso8601": "2023-04-07T15:31:26Z",
        "clicktimestamp": "2023-04-08 03:28:48",
        "clicktimestamp_iso8601": "2023-04-08T03:28:48Z",
        "clickcount": 16,
        "clicktrend": 3,
        "ssl_error": 0,
        "geo_lat": 64.12545231538824,
        "geo_long": -21.891704248264436,
        "has_extended_info": false
    },
    {
        "changeuuid": "7a6db63c-86e3-4c1d-8f78-4db06b71228d",
        "stationuuid": "ea3a1278-0b08-4254-a98b-cfee9a576b18",
        "serveruuid": "0eea9dcd-d239-4795-b06c-97a26555afa4",
        "name": "R\u00e1s 1",
        "url": "http://netradio.ruv.is/ras1.aac.m3u",
        "url_resolved": "http://netradio.ruv.is/ras1.aac",
        "homepage": "",
        "favicon": "",
        "tags": "classical",
        "country": "Iceland",
        "countrycode": "IS",
        "iso_3166_2": null,
        "state": "",
        "language": "",
        "languagecodes": "",
        "votes": 6,
        "lastchangetime": "2022-08-20 07:52:36",
        "lastchangetime_iso8601": "2022-08-20T07:52:36Z",
        "codec": "AAC+",
        "bitrate": 128,
        "hls": 0,
        "lastcheckok": 1,
        "lastchecktime": "2023-04-08 12:36:18",
        "lastchecktime_iso8601": "2023-04-08T12:36:18Z",
        "lastcheckoktime": "2023-04-08 12:36:18",
        "lastcheckoktime_iso8601": "2023-04-08T12:36:18Z",
        "lastlocalchecktime": "2023-04-08 12:36:18",
        "lastlocalchecktime_iso8601": "2023-04-08T12:36:18Z",
        "clicktimestamp": "2023-04-08 03:29:10",
        "clicktimestamp_iso8601": "2023-04-08T03:29:10Z",
        "clickcount": 6,
        "clicktrend": 0,
        "ssl_error": 0,
        "geo_lat": null,
        "geo_long": null,
        "has_extended_info": false
    },
    {
        "changeuuid": "7c7c85b4-ba29-43b4-bf68-c0cd324c926c",
        "stationuuid": "4123d652-36c9-41fd-b780-238cd3717f43",
        "serveruuid": "38d5df4c-3f09-443f-adb5-311a64657eb3",
        "name": "\u00datvarp Saga",
        "url": "https://stream.utvarpsaga.is/Hljodver",
        "url_resolved": "https://stream.utvarpsaga.is/Hljodver",
        "homepage": "https://utvarpsaga.is/",
        "favicon": "https://utvarpsaga.is/wp-content/uploads/2016/05/merki-toppur.png",
        "tags": "news talk,talk & speech,talk radio",
        "country": "Iceland",
        "countrycode": "IS",
        "iso_3166_2": null,
        "state": "",
        "language": "icelandic",
        "languagecodes": "is",
        "votes": 4,
        "lastchangetime": "2023-03-21 15:46:20",
        "lastchangetime_iso8601": "2023-03-21T15:46:20Z",
        "codec": "MP3",
        "bitrate": 0,
        "hls": 0,
        "lastcheckok": 1,
        "lastchecktime": "2023-04-08 08:44:14",
        "lastchecktime_iso8601": "2023-04-08T08:44:14Z",
        "lastcheckoktime": "2023-04-08 08:44:14",
        "lastcheckoktime_iso8601": "2023-04-08T08:44:14Z",
        "lastlocalchecktime": "2023-04-08 08:44:14",
        "lastlocalchecktime_iso8601": "2023-04-08T08:44:14Z",
        "clicktimestamp": "2023-04-08 03:27:38",
        "clicktimestamp_iso8601": "2023-04-08T03:27:38Z",
        "clickcount": 11,
        "clicktrend": 0,
        "ssl_error": 0,
        "geo_lat": 64.14003957306845,
        "geo_long": -21.90259306150723,
        "has_extended_info": false
    },
    {
        "changeuuid": "7abd208e-97f3-4281-8d5a-d70e88023bb6",
        "stationuuid": "4cbc4571-b652-448b-b70d-35be49841d3e",
        "serveruuid": "005b151e-be27-4737-b26a-52c4d5741959",
        "name": "Bylgjan",
        "url": "http://icecast.365net.is:8000/orbbylgjan.aac",
        "url_resolved": "http://icecast.365net.is:8000/orbbylgjan.aac",
        "homepage": "http://bylgjan.visir.is/",
        "favicon": "https://static-media.streema.com/media/object-images/3ce71e1f401554d4d004a91888272f7c.jpg",
        "tags": "",
        "country": "Iceland",
        "countrycode": "IS",
        "iso_3166_2": null,
        "state": "",
        "language": "icelandic",
        "languagecodes": "is",
        "votes": 3,
        "lastchangetime": "2023-02-09 17:37:09",
        "lastchangetime_iso8601": "2023-02-09T17:37:09Z",
        "codec": "AAC+",
        "bitrate": 131,
        "hls": 0,
        "lastcheckok": 1,
        "lastchecktime": "2023-04-08 09:48:54",
        "lastchecktime_iso8601": "2023-04-08T09:48:54Z",
        "lastcheckoktime": "2023-04-08 09:48:54",
        "lastcheckoktime_iso8601": "2023-04-08T09:48:54Z",
        "lastlocalchecktime": "2023-04-08 09:48:54",
        "lastlocalchecktime_iso8601": "2023-04-08T09:48:54Z",
        "clicktimestamp": "2023-04-08 03:27:14",
        "clicktimestamp_iso8601": "2023-04-08T03:27:14Z",
        "clickcount": 19,
        "clicktrend": -3,
        "ssl_error": 0,
        "geo_lat": 64.18276350794666,
        "geo_long": -21.884765625,
        "has_extended_info": false
    },
    {
        "changeuuid": "c5c49fc3-72c2-4847-a830-bfe4cab71fa7",
        "stationuuid": "00abecc3-3823-451e-b60a-15f782d82720",
        "serveruuid": "0eea9dcd-d239-4795-b06c-97a26555afa4",
        "name": "Ruv 1",
        "url": "http://netradio.ruv.is/ras1.aac.m3u",
        "url_resolved": "http://netradio.ruv.is/ras1.aac",
        "homepage": "https://www.ruv.is/netutvarpsstreymi",
        "favicon": "https://www.ruv.is/images/ruv-logo-196x196.png",
        "tags": "",
        "country": "Iceland",
        "countrycode": "IS",
        "iso_3166_2": null,
        "state": "",
        "language": "",
        "languagecodes": "",
        "votes": 2,
        "lastchangetime": "2023-02-09 17:37:09",
        "lastchangetime_iso8601": "2023-02-09T17:37:09Z",
        "codec": "AAC+",
        "bitrate": 128,
        "hls": 0,
        "lastcheckok": 1,
        "lastchecktime": "2023-04-07 20:43:39",
        "lastchecktime_iso8601": "2023-04-07T20:43:39Z",
        "lastcheckoktime": "2023-04-07 20:43:39",
        "lastcheckoktime_iso8601": "2023-04-07T20:43:39Z",
        "lastlocalchecktime": "2023-04-07 20:43:39",
        "lastlocalchecktime_iso8601": "2023-04-07T20:43:39Z",
        "clicktimestamp": "2023-04-08 03:29:06",
        "clicktimestamp_iso8601": "2023-04-08T03:29:06Z",
        "clickcount": 8,
        "clicktrend": -1,
        "ssl_error": 0,
        "geo_lat": null,
        "geo_long": null,
        "has_extended_info": false
    },
    {
        "changeuuid": "2b6c5124-0deb-41a1-8868-6dfd6e28b757",
        "stationuuid": "d2ab07ac-9ec6-4ced-959c-6d54cbe1e07a",
        "serveruuid": "fa38a1eb-18db-4bd0-ad2a-48bad9122489",
        "name": " Phreakuency Radio",
        "url": "https://ice.k4t.xyz/phreakuency.ogg.m3u",
        "url_resolved": "http://ice.k4t.xyz:8081/phreakuency.ogg",
        "homepage": "https://phreakuency.net/",
        "favicon": "",
        "tags": "",
        "country": "Iceland",
        "countrycode": "IS",
        "iso_3166_2": null,
        "state": "",
        "language": "",
        "languagecodes": "",
        "votes": 4,
        "lastchangetime": "2023-07-12 09:18:02",
        "lastchangetime_iso8601": "2023-07-12T09:18:02Z",
        "codec": "OGG",
        "bitrate": 0,
        "hls": 0,
        "lastcheckok": 1,
        "lastchecktime": "2023-09-03 12:20:04",
        "lastchecktime_iso8601": "2023-09-03T12:20:04Z",
        "lastcheckoktime": "2023-09-03 12:20:04",
        "lastcheckoktime_iso8601": "2023-09-03T12:20:04Z",
        "lastlocalchecktime": "2023-09-03 12:17:21",
        "lastlocalchecktime_iso8601": "2023-09-03T12:17:21Z",
        "clicktimestamp": "2023-09-03 11:07:19",
        "clicktimestamp_iso8601": "2023-09-03T11:07:19Z",
        "clickcount": 8,
        "clicktrend": 1,
        "ssl_error": 0,
        "geo_lat": null,
        "geo_long": null,
        "has_extended_info": false
    },
    {
        "changeuuid": "b3cd9eec-06ce-4341-9e14-8a9a48b63bc4",
        "stationuuid": "79f9a9c1-08d6-4e5d-985f-d0ca4de151c2",
        "serveruuid": "85f9e536-d47d-40b6-83f4-4a6c7a09224b",
        "name": "Lindin, kristi\u00f0 \u00fatvarp",
        "url": "https://stream.nfp.is/live/lindin.stream/playlist.m3u8",
        "url_resolved": "https://stream.nfp.is/live/lindin.stream/playlist.m3u8",
        "homepage": "https://lindin.is/",
        "favicon": "https://lindin.is/favicon.ico",
        "tags": "christian",
        "country": "Iceland",
        "countrycode": "IS",
        "iso_3166_2": null,
        "state": "",
        "language": "icelandic",
        "languagecodes": "is",
        "votes": 1,
        "lastchangetime": "2023-08-16 19:03:41",
        "lastchangetime_iso8601": "2023-08-16T19:03:41Z",
        "codec": "AAC",
        "bitrate": 128,
        "hls": 1,
        "lastcheckok": 1,
        "lastchecktime": "2023-09-03 03:29:15",
        "lastchecktime_iso8601": "2023-09-03T03:29:15Z",
        "lastcheckoktime": "2023-09-03 03:29:15",
        "lastcheckoktime_iso8601": "2023-09-03T03:29:15Z",
        "lastlocalchecktime": "2023-09-03 03:29:15",
        "lastlocalchecktime_iso8601": "2023-09-03T03:29:15Z",
        "clicktimestamp": "2023-09-02 10:24:15",
        "clicktimestamp_iso8601": "2023-09-02T10:24:15Z",
        "clickcount": 8,
        "clicktrend": -1,
        "ssl_error": 0,
        "geo_lat": null,
        "geo_long": null,
        "has_extended_info": false
    }
]