[
    {
        "changeuuid": "772b186a-d1c5-4d30-ba74-8c86b52ea030",
        "stationuuid": "c1e4dd06-01b0-4716-9c55-a611b4fde01a",
        "serveruuid": "11598d44-c782-4422-b0a6-9f300062aa1c",
        "name": "Primordial Radio",
        "url": "https://stream.primordialradio.com/proxy/primordial?mp=/stream%3Fname=b5b2a0b5b49bdc6cb28c6a784a4da985%26code=WsPwK",
        "url_resolved": "https://stream.primordialradio.com/proxy/primordial?mp=/stream%3Fname=b5b2a0b5b49bdc6cb28c6a784a4da985%26code=WsPwK",
        "homepage": "https://primordialradio.com/",
        "favicon": "https://primordialradio.com/wp-content/themes/the-next-evolution/img/favicons/apple-icon-120x120.png",
        "tags": "rock",
        "country": "Jersey",
        "countrycode": "JE",
        "iso_3166_2": null,
        "state": "",
        "language": "",
        "languagecodes": "",
        "votes": 106,
        "lastchangetime": "2022-11-25 14:37:03",
        "lastchangetime_iso8601": "2022-11-25T14:37:03Z",
        "codec": "AAC+",
        "bitrate": 80,
        "hls": 0,
        "lastcheckok": 1,
        "lastchecktime": "2023-04-08 11:27:52",
        "lastchecktime_iso8601": "2023-04-08T11:27:52Z",
        "lastcheckoktime": "2023-04-08 11:27:52",
        "lastcheckoktime_iso8601": "2023-04-08T11:27:52Z",
        "lastlocalchecktime": "2023-04-08 11:27:52",
        "lastlocalchecktime_iso8601": "2023-04-08T11:27:52Z",
        "clicktimestamp": "2023-04-06 23:53:59",
        "clicktimestamp_iso8601": "2023-04-06T23:53:59Z",
        "clickcount": 12,
        "clicktrend": -3,
        "ssl_error": 0,
        "geo_lat": null,
        "geo_long": null,
        "has_extended_info": false
    }
]