[
    {
        "changeuuid": "1e672ece-74f2-4eae-ab03-660dca45d90d",
        "stationuuid": "44750f0f-09e0-11e9-a80b-52543be04c81",
        "serveruuid": "134ab494-2233-4049-b289-6bb92e1a21eb",
        "name": "Alpha Boys School Radio",
        "url": "http://alphaboys-live.streamguys1.com/alphaboys.mp3",
        "url_resolved": "http://alphaboys-live.streamguys1.com/alphaboys.mp3",
        "homepage": "http://www.alphaboysschoolradio.com/",
        "favicon": "https://static.wixstatic.com/media/a09246_33fe4aef6e5f4f17b605a8d8645ff015%7emv2.png/v1/fill/w_32%2ch_32%2clg_1%2cusm_0.66_1.00_0.01/a09246_33fe4aef6e5f4f17b605a8d8645ff015%7emv2.png",
        "tags": "jazz,reggae,ska",
        "country": "Jamaica",
        "countrycode": "JM",
        "iso_3166_2": null,
        "state": "Kingston",
        "language": "english",
        "languagecodes": "en",
        "votes": 2460,
        "lastchangetime": "2022-03-28 10:43:36",
        "lastchangetime_iso8601": "2022-03-28T10:43:36Z",
        "codec": "MP3",
        "bitrate": 128,
        "hls": 0,
        "lastcheckok": 1,
        "lastchecktime": "2023-04-08 04:33:31",
        "lastchecktime_iso8601": "2023-04-08T04:33:31Z",
        "lastcheckoktime": "2023-04-08 04:33:31",
        "lastcheckoktime_iso8601": "2023-04-08T04:33:31Z",
        "lastlocalchecktime": "2023-04-07 21:05:08",
        "lastlocalchecktime_iso8601": "2023-04-07T21:05:08Z",
        "clicktimestamp": "2023-04-08 14:12:48",
        "clicktimestamp_iso8601": "2023-04-08T14:12:48Z",
        "clickcount": 282,
        "clicktrend": -6,
        "ssl_error": 0,
        "geo_lat": null,
        "geo_long": null,
        "has_extended_info": false
    },
    {
        "changeuuid": "5550f8c0-2f59-472f-8112-1da2aaef6285",
        "stationuuid": "96149bcc-0601-11e8-ae97-52543be04c81",
        "serveruuid": "3feed575-2ec1-4aca-bbde-e7e71f3c792e",
        "name": "Nationwide 90 FM Kingston",
        "url": "http://ice.audionow.com/4692NationwideNewsNetworkLtdopus.ogg",
        "url_resolved": "http://ice.audionow.com/4692NationwideNewsNetworkLtdopus.ogg",
        "homepage": "http://nationwideradiojm.com/",
        "favicon": "http://nationwideradiojm.com/favicon.ico",
        "tags": "dancehall,news,reggae,talk",
        "country": "Jamaica",
        "countrycode": "JM",
        "iso_3166_2": null,
        "state": "Kingston",
        "language": "english",
        "languagecodes": "en",
        "votes": 1460,
        "lastchangetime": "2023-01-11 17:00:57",
        "lastchangetime_iso8601": "2023-01-11T17:00:57Z",
        "codec": "OGG",
        "bitrate": 0,
        "hls": 0,
        "lastcheckok": 1,
        "lastchecktime": "2023-04-08 09:03:44",
        "lastchecktime_iso8601": "2023-04-08T09:03:44Z",
        "lastcheckoktime": "2023-04-08 09:03:44",
        "lastcheckoktime_iso8601": "2023-04-08T09:03:44Z",
        "lastlocalchecktime": "2023-04-08 09:03:44",
        "lastlocalchecktime_iso8601": "2023-04-08T09:03:44Z",
        "clicktimestamp": "2023-04-08 14:13:05",
        "clicktimestamp_iso8601": "2023-04-08T14:13:05Z",
        "clickcount": 119,
        "clicktrend": -1,
        "ssl_error": 0,
        "geo_lat": null,
        "geo_long": null,
        "has_extended_info": false
    },
    {
        "changeuuid": "bc413c99-3b6e-4df7-a1f0-ded187c3a1fd",
        "stationuuid": "961770fe-0601-11e8-ae97-52543be04c81",
        "serveruuid": "02002901-907c-4048-b943-9045396e6975",
        "name": "PONdENDS.COM",
        "url": "http://s7.voscast.com:7000/listen.pls",
        "url_resolved": "http://s7.voscast.com:7000/",
        "homepage": "http://www.pondends.com/",
        "favicon": "https://cdn-web.tunein.com/assets/img/apple-touch-icon-180.png",
        "tags": "dancehall,oldies,soca",
        "country": "Jamaica",
        "countrycode": "JM",
        "iso_3166_2": null,
        "state": "",
        "language": "english",
        "languagecodes": "en",
        "votes": 1414,
        "lastchangetime": "2022-03-28 14:25:46",
        "lastchangetime_iso8601": "2022-03-28T14:25:46Z",
        "codec": "MP3",
        "bitrate": 128,
        "hls": 0,
        "lastcheckok": 1,
        "lastchecktime": "2023-04-08 11:21:00",
        "lastchecktime_iso8601": "2023-04-08T11:21:00Z",
        "lastcheckoktime": "2023-04-08 11:21:00",
        "lastcheckoktime_iso8601": "2023-04-08T11:21:00Z",
        "lastlocalchecktime": "2023-04-08 10:15:17",
        "lastlocalchecktime_iso8601": "2023-04-08T10:15:17Z",
        "clicktimestamp": "2023-04-08 11:38:08",
        "clicktimestamp_iso8601": "2023-04-08T11:38:08Z",
        "clickcount": 90,
        "clicktrend": 0,
        "ssl_error": 0,
        "geo_lat": null,
        "geo_long": null,
        "has_extended_info": false
    },
    {
        "changeuuid": "c2f940a0-e25e-4145-8a57-2780d17dbef8",
        "stationuuid": "dd008ad3-f005-4c4c-a0c1-15d4fc62621c",
        "serveruuid": "62bdcc0a-9fb3-4a43-8e06-69ac0d373739",
        "name": "Radio Jamaica 94FM",
        "url": "https://stream.zeno.fm/cub84trbgy5tv",
        "url_resolved": "https://stream-012.zeno.fm/cub84trbgy5tv?zs=y24S7lARRpm1IAfQY7olpA",
        "homepage": "http://rjr94fm.com/",
        "favicon": "http://rjr94fm.com/favicon.ico",
        "tags": "news,talk",
        "country": "Jamaica",
        "countrycode": "JM",
        "iso_3166_2": null,
        "state": "Kingston",
        "language": "english",
        "languagecodes": "en",
        "votes": 1018,
        "lastchangetime": "2022-09-04 04:41:53",
        "lastchangetime_iso8601": "2022-09-04T04:41:53Z",
        "codec": "MP3",
        "bitrate": 0,
        "hls": 0,
        "lastcheckok": 1,
        "lastchecktime": "2023-04-08 02:01:36",
        "lastchecktime_iso8601": "2023-04-08T02:01:36Z",
        "lastcheckoktime": "2023-04-08 02:01:36",
        "lastcheckoktime_iso8601": "2023-04-08T02:01:36Z",
        "lastlocalchecktime": "2023-04-07 18:34:00",
        "lastlocalchecktime_iso8601": "2023-04-07T18:34:00Z",
        "clicktimestamp": "2023-04-08 14:12:54",
        "clicktimestamp_iso8601": "2023-04-08T14:12:54Z",
        "clickcount": 175,
        "clicktrend": -1,
        "ssl_error": 0,
        "geo_lat": null,
        "geo_long": null,
        "has_extended_info": false
    },
    {
        "changeuuid": "263918fa-ae68-455b-ba2e-0ffea75a4442",
        "stationuuid": "9620041f-0601-11e8-ae97-52543be04c81",
        "serveruuid": "88af6df7-1d9f-405b-bd96-3689eea4ca21",
        "name": "Mello Radio 88 FM",
        "url": "http://peridot.streamguys.com:5660/live",
        "url_resolved": "http://peridot.streamguys.com:5660/live",
        "homepage": "http://www.mellofmjamaica.com/",
        "favicon": "",
        "tags": "dancehall,reggae",
        "country": "Jamaica",
        "countrycode": "JM",
        "iso_3166_2": null,
        "state": "Montego Bay",
        "language": "english",
        "languagecodes": "en",
        "votes": 967,
        "lastchangetime": "2022-04-18 20:13:59",
        "lastchangetime_iso8601": "2022-04-18T20:13:59Z",
        "codec": "AAC",
        "bitrate": 64,
        "hls": 0,
        "lastcheckok": 1,
        "lastchecktime": "2023-04-08 08:46:38",
        "lastchecktime_iso8601": "2023-04-08T08:46:38Z",
        "lastcheckoktime": "2023-04-08 08:46:38",
        "lastcheckoktime_iso8601": "2023-04-08T08:46:38Z",
        "lastlocalchecktime": "2023-04-07 20:12:41",
        "lastlocalchecktime_iso8601": "2023-04-07T20:12:41Z",
        "clicktimestamp": "2023-04-08 14:13:01",
        "clicktimestamp_iso8601": "2023-04-08T14:13:01Z",
        "clickcount": 120,
        "clicktrend": -9,
        "ssl_error": 0,
        "geo_lat": null,
        "geo_long": null,
        "has_extended_info": false
    },
    {
        "changeuuid": "6fdcbea3-6826-46f9-bc4a-64fc682e8f7a",
        "stationuuid": "962043fc-0601-11e8-ae97-52543be04c81",
        "serveruuid": "c442333b-20d8-4e79-8608-922e80c10b1f",
        "name": "Stylz FM 96.1",
        "url": "http://ice6.securenetsystems.net/STYLZFM",
        "url_resolved": "http://ice6.securenetsystems.net/STYLZFM",
        "homepage": "http://www.stylzfm.com/",
        "favicon": "",
        "tags": "dancehall,pop,reggae",
        "country": "Jamaica",
        "countrycode": "JM",
        "iso_3166_2": null,
        "state": "Port Antonio",
        "language": "english",
        "languagecodes": "en",
        "votes": 624,
        "lastchangetime": "2022-03-28 14:09:15",
        "lastchangetime_iso8601": "2022-03-28T14:09:15Z",
        "codec": "AAC",
        "bitrate": 48,
        "hls": 0,
        "lastcheckok": 1,
        "lastchecktime": "2023-04-08 10:27:19",
        "lastchecktime_iso8601": "2023-04-08T10:27:19Z",
        "lastcheckoktime": "2023-04-08 10:27:19",
        "lastcheckoktime_iso8601": "2023-04-08T10:27:19Z",
        "lastlocalchecktime": "2023-04-07 17:23:10",
        "lastlocalchecktime_iso8601": "2023-04-07T17:23:10Z",
        "clicktimestamp": "2023-04-08 14:13:10",
        "clicktimestamp_iso8601": "2023-04-08T14:13:10Z",
        "clickcount": 96,
        "clicktrend": -1,
        "ssl_error": 0,
        "geo_lat": null,
        "geo_long": null,
        "has_extended_info": false
    },
    {
        "changeuuid": "7dc7159d-f693-4f6d-8a27-82748d949e90",
        "stationuuid": "96345432-0601-11e8-ae97-52543be04c81",
        "serveruuid": "2d240614-2ccd-4943-98cf-f3fed88ce887",
        "name": "GGFM 90.1 Discovery Bay",
        "url": "http://usa14.fastcast4u.com:5192/;",
        "url_resolved": "http://usa14.fastcast4u.com:5192/;",
        "homepage": "http://www.ggfmja.org/",
        "favicon": "",
        "tags": "blues,discovery bay,gospel",
        "country": "Jamaica",
        "countrycode": "JM",
        "iso_3166_2": null,
        "state": "Discovery Bay",
        "language": "english",
        "languagecodes": "en",
        "votes": 570,
        "lastchangetime": "2022-03-28 14:22:43",
        "lastchangetime_iso8601": "2022-03-28T14:22:43Z",
        "codec": "MP3",
        "bitrate": 160,
        "hls": 0,
        "lastcheckok": 1,
        "lastchecktime": "2023-04-07 21:12:18",
        "lastchecktime_iso8601": "2023-04-07T21:12:18Z",
        "lastcheckoktime": "2023-04-07 21:12:18",
        "lastcheckoktime_iso8601": "2023-04-07T21:12:18Z",
        "lastlocalchecktime": "2023-04-07 20:21:17",
        "lastlocalchecktime_iso8601": "2023-04-07T20:21:17Z",
        "clicktimestamp": "2023-04-08 11:37:11",
        "clicktimestamp_iso8601": "2023-04-08T11:37:11Z",
        "clickcount": 43,
        "clicktrend": 3,
        "ssl_error": 0,
        "geo_lat": null,
        "geo_long": null,
        "has_extended_info": false
    },
    {
        "changeuuid": "7321a521-ed8a-41a2-b64a-2553e5adb258",
        "stationuuid": "ae6f8fcb-b1d7-4876-8476-4c8db9b10da6",
        "serveruuid": "a20f018e-99c3-4482-ba66-5ae7f9b40033",
        "name": "SunCity 104.9 FM",
        "url": "https://edge.mixlr.com/channel/ibrdq",
        "url_resolved": "https://edge.mixlr.com/channel/ibrdq",
        "homepage": "https://www.suncityradio.fm/",
        "favicon": "",
        "tags": "",
        "country": "Jamaica",
        "countrycode": "JM",
        "iso_3166_2": null,
        "state": "",
        "language": "",
        "languagecodes": "",
        "votes": 514,
        "lastchangetime": "2021-08-06 08:36:45",
        "lastchangetime_iso8601": "2021-08-06T08:36:45Z",
        "codec": "MP3",
        "bitrate": 0,
        "hls": 0,
        "lastcheckok": 1,
        "lastchecktime": "2023-04-08 09:28:12",
        "lastchecktime_iso8601": "2023-04-08T09:28:12Z",
        "lastcheckoktime": "2023-04-08 09:28:12",
        "lastcheckoktime_iso8601": "2023-04-08T09:28:12Z",
        "lastlocalchecktime": "2023-04-08 09:28:12",
        "lastlocalchecktime_iso8601": "2023-04-08T09:28:12Z",
        "clicktimestamp": "2023-04-08 11:27:05",
        "clicktimestamp_iso8601": "2023-04-08T11:27:05Z",
        "clickcount": 55,
        "clicktrend": 0,
        "ssl_error": 0,
        "geo_lat": null,
        "geo_long": null,
        "has_extended_info": false
    },
    {
        "changeuuid": "63acd196-6119-4ea1-abde-19e6f61ae269",
        "stationuuid": "cf445b4e-9fd4-41d4-918a-389280401cd3",
        "serveruuid": "a2cfe0a0-7245-4758-9154-e964d36dbeb8",
        "name": "Fyah 105",
        "url": "https://listen.radioking.com/radio/459389/stream/514595",
        "url_resolved": "https://listen.radioking.com/radio/459389/stream/514595",
        "homepage": "https://fyah105.com/",
        "favicon": "",
        "tags": "",
        "country": "Jamaica",
        "countrycode": "JM",
        "iso_3166_2": null,
        "state": "No States Listed",
        "language": "english",
        "languagecodes": "en",
        "votes": 385,
        "lastchangetime": "2022-05-15 20:00:34",
        "lastchangetime_iso8601": "2022-05-15T20:00:34Z",
        "codec": "MP3",
        "bitrate": 128,
        "hls": 0,
        "lastcheckok": 1,
        "lastchecktime": "2023-04-08 12:39:01",
        "lastchecktime_iso8601": "2023-04-08T12:39:01Z",
        "lastcheckoktime": "2023-04-08 12:39:01",
        "lastcheckoktime_iso8601": "2023-04-08T12:39:01Z",
        "lastlocalchecktime": "2023-04-08 12:39:01",
        "lastlocalchecktime_iso8601": "2023-04-08T12:39:01Z",
        "clicktimestamp": "2023-04-08 13:22:57",
        "clicktimestamp_iso8601": "2023-04-08T13:22:57Z",
        "clickcount": 45,
        "clicktrend": -2,
        "ssl_error": 0,
        "geo_lat": null,
        "geo_long": null,
        "has_extended_info": false
    },
    {
        "changeuuid": "28542a56-551c-4dcd-8744-939cb25d4656",
        "stationuuid": "5283ecd5-d4b6-4487-82ce-9d64dd086089",
        "serveruuid": "b080c867-b9b7-4b24-9879-c1400d4a879a",
        "name": "Gospel FM Jamaica",
        "url": "https://stream-37.zeno.fm/zpksre88rm0uv",
        "url_resolved": "https://stream-046.zeno.fm/zpksre88rm0uv?zs=wXV-HRaATK2l63hjxdWzqw",
        "homepage": "https://www.gospelfmjamaica.com/",
        "favicon": "https://static.wixstatic.com/media/328dd6_e4c71fbb3e8146a09ac6ce8d6288842c%7emv2_d_4963_3508_s_4_2.png/v1/fill/w_32%2ch_32%2clg_1%2cusm_0.66_1.00_0.01/328dd6_e4c71fbb3e8146a09ac6ce8d6288842c%7emv2_d_4963_3508_s_4_2.png",
        "tags": "christian,christian music,christian-gospel,gospel,gospel music",
        "country": "Jamaica",
        "countrycode": "JM",
        "iso_3166_2": null,
        "state": "",
        "language": "english",
        "languagecodes": "en",
        "votes": 361,
        "lastchangetime": "2022-08-14 21:24:01",
        "lastchangetime_iso8601": "2022-08-14T21:24:01Z",
        "codec": "MP3",
        "bitrate": 0,
        "hls": 0,
        "lastcheckok": 1,
        "lastchecktime": "2023-04-08 11:15:09",
        "lastchecktime_iso8601": "2023-04-08T11:15:09Z",
        "lastcheckoktime": "2023-04-08 11:15:09",
        "lastcheckoktime_iso8601": "2023-04-08T11:15:09Z",
        "lastlocalchecktime": "2023-04-08 08:16:40",
        "lastlocalchecktime_iso8601": "2023-04-08T08:16:40Z",
        "clicktimestamp": "2023-04-08 12:06:57",
        "clicktimestamp_iso8601": "2023-04-08T12:06:57Z",
        "clickcount": 73,
        "clicktrend": 0,
        "ssl_error": 0,
        "geo_lat": null,
        "geo_long": null,
        "has_extended_info": false
    },
    {
        "changeuuid": "3597b94d-abcb-4f0a-bdee-eba08a8a11cc",
        "stationuuid": "d2fa3ac2-9e60-4aa1-9b1b-b00e13e4fd36",
        "serveruuid": "dabf1122-6168-4d3e-9ea3-05cdd1174b6a",
        "name": "Worlvybz radio",
        "url": "http://stream.zeno.fm/mkg0g0t2td0uv",
        "url_resolved": "http://stream-032.zeno.fm/mkg0g0t2td0uv?zs=2NQgTpRrTXecfUZu8JK01A",
        "homepage": "https://worlvybzfm.weebly.com/",
        "favicon": "https://cdn2.editmysite.com/images/site/footer/og-image-placeholder-blank.png",
        "tags": "dancdhall,haphop,r&b,reggae,talk",
        "country": "Jamaica",
        "countrycode": "JM",
        "iso_3166_2": null,
        "state": "St ann Jamaica",
        "language": "english",
        "languagecodes": "en",
        "votes": 343,
        "lastchangetime": "2022-08-26 03:42:50",
        "lastchangetime_iso8601": "2022-08-26T03:42:50Z",
        "codec": "MP3",
        "bitrate": 0,
        "hls": 0,
        "lastcheckok": 1,
        "lastchecktime": "2023-04-08 13:05:48",
        "lastchecktime_iso8601": "2023-04-08T13:05:48Z",
        "lastcheckoktime": "2023-04-08 13:05:48",
        "lastcheckoktime_iso8601": "2023-04-08T13:05:48Z",
        "lastlocalchecktime": "2023-04-08 13:05:48",
        "lastlocalchecktime_iso8601": "2023-04-08T13:05:48Z",
        "clicktimestamp": "2023-04-08 11:34:25",
        "clicktimestamp_iso8601": "2023-04-08T11:34:25Z",
        "clickcount": 50,
        "clicktrend": 1,
        "ssl_error": 0,
        "geo_lat": null,
        "geo_long": null,
        "has_extended_info": false
    },
    {
        "changeuuid": "5e91a245-49b0-4165-86fc-b0fddfc43357",
        "stationuuid": "c4c9b728-d679-4b04-b57a-672dfef78d56",
        "serveruuid": "6ad113ff-5ef5-4684-90c2-629e62deaa9c",
        "name": "Fame 95FM",
        "url": "https://stream.zenolive.com/d5mn12bchkeuv",
        "url_resolved": "https://stream-047.zeno.fm/d5mn12bchkeuv?zs=83cDEzjSSsWouHXrI3d2OQ",
        "homepage": "https://www.fame95fm.com/",
        "favicon": "",
        "tags": "dancehall,pop music",
        "country": "Jamaica",
        "countrycode": "JM",
        "iso_3166_2": null,
        "state": "",
        "language": "english",
        "languagecodes": "en",
        "votes": 290,
        "lastchangetime": "2022-09-06 05:45:33",
        "lastchangetime_iso8601": "2022-09-06T05:45:33Z",
        "codec": "MP3",
        "bitrate": 0,
        "hls": 0,
        "lastcheckok": 1,
        "lastchecktime": "2023-04-08 09:38:19",
        "lastchecktime_iso8601": "2023-04-08T09:38:19Z",
        "lastcheckoktime": "2023-04-08 09:38:19",
        "lastcheckoktime_iso8601": "2023-04-08T09:38:19Z",
        "lastlocalchecktime": "2023-04-08 08:16:40",
        "lastlocalchecktime_iso8601": "2023-04-08T08:16:40Z",
        "clicktimestamp": "2023-04-08 13:21:48",
        "clicktimestamp_iso8601": "2023-04-08T13:21:48Z",
        "clickcount": 50,
        "clicktrend": -1,
        "ssl_error": 0,
        "geo_lat": null,
        "geo_long": null,
        "has_extended_info": false
    },
    {
        "changeuuid": "cc28ee4e-66f5-4b8e-9c07-f5f5ced5e47c",
        "stationuuid": "475caa52-6343-4201-a4dc-903a2a6b110d",
        "serveruuid": "44134ce5-dce6-4003-9f42-06ec27ad23d9",
        "name": "Newstalk 93FM",
        "url": "http://198.50.156.92:8083/stream",
        "url_resolved": "http://198.50.156.92:8083/stream",
        "homepage": "https://newstalk93fm.net/",
        "favicon": "https://newstalk93fm.net/wp-content/uploads/2020/06/apple-icon-144x144-1.png",
        "tags": "",
        "country": "Jamaica",
        "countrycode": "JM",
        "iso_3166_2": null,
        "state": "",
        "language": "",
        "languagecodes": "",
        "votes": 262,
        "lastchangetime": "2022-04-19 19:58:33",
        "lastchangetime_iso8601": "2022-04-19T19:58:33Z",
        "codec": "MP3",
        "bitrate": 128,
        "hls": 0,
        "lastcheckok": 1,
        "lastchecktime": "2023-04-08 02:27:05",
        "lastchecktime_iso8601": "2023-04-08T02:27:05Z",
        "lastcheckoktime": "2023-04-08 02:27:05",
        "lastcheckoktime_iso8601": "2023-04-08T02:27:05Z",
        "lastlocalchecktime": "2023-04-07 16:28:41",
        "lastlocalchecktime_iso8601": "2023-04-07T16:28:41Z",
        "clicktimestamp": "2023-04-08 13:22:49",
        "clicktimestamp_iso8601": "2023-04-08T13:22:49Z",
        "clickcount": 30,
        "clicktrend": 2,
        "ssl_error": 0,
        "geo_lat": null,
        "geo_long": null,
        "has_extended_info": false
    },
    {
        "changeuuid": "b7371901-f7e5-4e67-9a64-a1054e722ce3",
        "stationuuid": "961f5829-0601-11e8-ae97-52543be04c81",
        "serveruuid": "3feed575-2ec1-4aca-bbde-e7e71f3c792e",
        "name": "KLAS Sports Radio 89.5 Kingston",
        "url": "http://ice.audionow.com/6283KLASSportsRadioopus.ogg",
        "url_resolved": "http://ice.audionow.com/6283KLASSportsRadioopus.ogg",
        "homepage": "http://www.klassportsradio.com/",
        "favicon": "",
        "tags": "espn,sport",
        "country": "Jamaica",
        "countrycode": "JM",
        "iso_3166_2": null,
        "state": "Kingston",
        "language": "english",
        "languagecodes": "en",
        "votes": 254,
        "lastchangetime": "2022-07-21 04:24:21",
        "lastchangetime_iso8601": "2022-07-21T04:24:21Z",
        "codec": "OGG",
        "bitrate": 0,
        "hls": 0,
        "lastcheckok": 1,
        "lastchecktime": "2023-04-08 02:47:27",
        "lastchecktime_iso8601": "2023-04-08T02:47:27Z",
        "lastcheckoktime": "2023-04-08 02:47:27",
        "lastcheckoktime_iso8601": "2023-04-08T02:47:27Z",
        "lastlocalchecktime": "2023-04-07 17:56:32",
        "lastlocalchecktime_iso8601": "2023-04-07T17:56:32Z",
        "clicktimestamp": "2023-04-08 11:37:38",
        "clicktimestamp_iso8601": "2023-04-08T11:37:38Z",
        "clickcount": 63,
        "clicktrend": -7,
        "ssl_error": 0,
        "geo_lat": null,
        "geo_long": null,
        "has_extended_info": false
    },
    {
        "changeuuid": "f6bdce5c-8427-413a-8ce4-e921a509ab5e",
        "stationuuid": "447bb1f6-e346-4f54-927c-2d7833b1302a",
        "serveruuid": "e60af6a8-78d5-456a-98c9-77a69ab9e68c",
        "name": "Rebel Radio",
        "url": "https://streamer.radio.co/s830ce6f36/listen",
        "url_resolved": "https://streamer.radio.co/s830ce6f36/listen",
        "homepage": "https://www.facebook.com/rebelradiolink.co",
        "favicon": "https://radiosjamaica.com/sites/default/files/styles/116_x_116/public/radio/logos/logo-rebelradiolink.png",
        "tags": "",
        "country": "Jamaica",
        "countrycode": "JM",
        "iso_3166_2": null,
        "state": "",
        "language": "",
        "languagecodes": "",
        "votes": 221,
        "lastchangetime": "2022-12-01 13:02:09",
        "lastchangetime_iso8601": "2022-12-01T13:02:09Z",
        "codec": "MP3",
        "bitrate": 128,
        "hls": 0,
        "lastcheckok": 1,
        "lastchecktime": "2023-04-07 20:55:08",
        "lastchecktime_iso8601": "2023-04-07T20:55:08Z",
        "lastcheckoktime": "2023-04-07 20:55:08",
        "lastcheckoktime_iso8601": "2023-04-07T20:55:08Z",
        "lastlocalchecktime": "2023-04-07 16:23:08",
        "lastlocalchecktime_iso8601": "2023-04-07T16:23:08Z",
        "clicktimestamp": "2023-04-08 13:11:37",
        "clicktimestamp_iso8601": "2023-04-08T13:11:37Z",
        "clickcount": 70,
        "clicktrend": 0,
        "ssl_error": 0,
        "geo_lat": null,
        "geo_long": null,
        "has_extended_info": false
    },
    {
        "changeuuid": "9459da60-53f8-497d-a846-8b4d4c4cc75e",
        "stationuuid": "0def5148-b222-43ba-9091-a410715f58e2",
        "serveruuid": "aa367a7b-5620-43c5-961e-b0ff6513b1c2",
        "name": "WORLDWYDE OUTERNATIONAL",
        "url": "http://stream.zeno.fm/g4gf4u13k0hvv",
        "url_resolved": "http://stream-038.zeno.fm/g4gf4u13k0hvv?zs=-jRKptupStGpwWl7PCf-XQ",
        "homepage": "https://bit.ly/3dS5wo0",
        "favicon": "",
        "tags": "",
        "country": "Jamaica",
        "countrycode": "JM",
        "iso_3166_2": null,
        "state": "",
        "language": "english",
        "languagecodes": "en",
        "votes": 107,
        "lastchangetime": "2022-10-22 12:31:13",
        "lastchangetime_iso8601": "2022-10-22T12:31:13Z",
        "codec": "MP3",
        "bitrate": 0,
        "hls": 0,
        "lastcheckok": 1,
        "lastchecktime": "2023-04-07 20:38:45",
        "lastchecktime_iso8601": "2023-04-07T20:38:45Z",
        "lastcheckoktime": "2023-04-07 20:38:45",
        "lastcheckoktime_iso8601": "2023-04-07T20:38:45Z",
        "lastlocalchecktime": "2023-04-07 14:36:56",
        "lastlocalchecktime_iso8601": "2023-04-07T14:36:56Z",
        "clicktimestamp": "2023-04-08 11:27:04",
        "clicktimestamp_iso8601": "2023-04-08T11:27:04Z",
        "clickcount": 27,
        "clicktrend": 1,
        "ssl_error": 0,
        "geo_lat": null,
        "geo_long": null,
        "has_extended_info": false
    },
    {
        "changeuuid": "79ce2442-f538-45c4-8830-5008057f92c3",
        "stationuuid": "c6f9d5bd-6dc1-4e7c-885f-fe6c62685a85",
        "serveruuid": "05e3a6b5-d6b8-40f1-b03f-d72388b0125d",
        "name": "Reggae King Radio",
        "url": "http://198.178.123.17:10196/stream/1/",
        "url_resolved": "http://198.178.123.17:10196/stream/1/",
        "homepage": "http://reggaekingradio.com/",
        "favicon": "",
        "tags": "reggae",
        "country": "Jamaica",
        "countrycode": "JM",
        "iso_3166_2": null,
        "state": "Jamaica",
        "language": "",
        "languagecodes": "",
        "votes": 90,
        "lastchangetime": "2023-04-07 18:43:07",
        "lastchangetime_iso8601": "2023-04-07T18:43:07Z",
        "codec": "MP3",
        "bitrate": 128,
        "hls": 0,
        "lastcheckok": 1,
        "lastchecktime": "2023-04-08 09:44:36",
        "lastchecktime_iso8601": "2023-04-08T09:44:36Z",
        "lastcheckoktime": "2023-04-08 09:44:36",
        "lastcheckoktime_iso8601": "2023-04-08T09:44:36Z",
        "lastlocalchecktime": "2023-04-07 18:43:08",
        "lastlocalchecktime_iso8601": "2023-04-07T18:43:08Z",
        "clicktimestamp": "2023-04-08 14:12:57",
        "clicktimestamp_iso8601": "2023-04-08T14:12:57Z",
        "clickcount": 165,
        "clicktrend": -3,
        "ssl_error": 0,
        "geo_lat": null,
        "geo_long": null,
        "has_extended_info": false
    },
    {
        "changeuuid": "baba86dd-0b31-4e5e-8553-ea52afb15877",
        "stationuuid": "f6bffb71-0dd6-4252-947a-b6c57005041e",
        "serveruuid": "4ea35357-0e4a-4ac2-9bf2-54b0cf574c85",
        "name": "13Radio ",
        "url": "https://c34.radioboss.fm:18099/stream",
        "url_resolved": "https://c34.radioboss.fm:18099/stream",
        "homepage": "https://s13.live/",
        "favicon": "https://s13.live/_img/apple-touch-icon.png",
        "tags": "electronic,hiphop,jazz,pop,raggae,rap,rock",
        "country": "Jamaica",
        "countrycode": "JM",
        "iso_3166_2": null,
        "state": "Kingston",
        "language": "english",
        "languagecodes": "en",
        "votes": 12,
        "lastchangetime": "2023-03-24 08:47:04",
        "lastchangetime_iso8601": "2023-03-24T08:47:04Z",
        "codec": "AAC",
        "bitrate": 192,
        "hls": 0,
        "lastcheckok": 1,
        "lastchecktime": "2023-04-08 14:11:16",
        "lastchecktime_iso8601": "2023-04-08T14:11:16Z",
        "lastcheckoktime": "2023-04-08 14:11:16",
        "lastcheckoktime_iso8601": "2023-04-08T14:11:16Z",
        "lastlocalchecktime": "2023-04-08 14:11:16",
        "lastlocalchecktime_iso8601": "2023-04-08T14:11:16Z",
        "clicktimestamp": "2023-04-08 13:45:59",
        "clicktimestamp_iso8601": "2023-04-08T13:45:59Z",
        "clickcount": 65,
        "clicktrend": 2,
        "ssl_error": 0,
        "geo_lat": 17.976502251440134,
        "geo_long": -76.77050740399865,
        "has_extended_info": false
    },
    {
        "changeuuid": "4f61a17f-4b6f-443f-816f-fe47b23978e9",
        "stationuuid": "e2bf9e41-7f0f-4482-a7d5-5b11c6454884",
        "serveruuid": "b0f047ea-95ed-4074-966f-a304f10ab85c",
        "name": "Zip FM 103 FM",
        "url": "https://stream-145.zeno.fm/4fazmm93yceuv?zs=Q57QkCjgT7axxG5KKVdiBg",
        "url_resolved": "https://stream-145.zeno.fm/4fazmm93yceuv?zs=Q57QkCjgT7axxG5KKVdiBg",
        "homepage": "https://zip103fmjamaica.com/",
        "favicon": "",
        "tags": "hits,top40",
        "country": "Jamaica",
        "countrycode": "JM",
        "iso_3166_2": null,
        "state": "",
        "language": "english",
        "languagecodes": "en",
        "votes": 28,
        "lastchangetime": "2023-05-23 19:39:57",
        "lastchangetime_iso8601": "2023-05-23T19:39:57Z",
        "codec": "MP3",
        "bitrate": 0,
        "hls": 0,
        "lastcheckok": 1,
        "lastchecktime": "2023-07-09 05:20:17",
        "lastchecktime_iso8601": "2023-07-09T05:20:17Z",
        "lastcheckoktime": "2023-07-09 05:20:17",
        "lastcheckoktime_iso8601": "2023-07-09T05:20:17Z",
        "lastlocalchecktime": "2023-07-09 05:20:17",
        "lastlocalchecktime_iso8601": "2023-07-09T05:20:17Z",
        "clicktimestamp": "2023-07-09 07:11:15",
        "clicktimestamp_iso8601": "2023-07-09T07:11:15Z",
        "clickcount": 58,
        "clicktrend": -1,
        "ssl_error": 0,
        "geo_lat": null,
        "geo_long": null,
        "has_extended_info": false
    },
    {
        "changeuuid": "fea215b4-c3a8-40dd-9ec1-1eb9321507d0",
        "stationuuid": "d3fa99e5-7243-41cd-b30c-e3c2a36206cd",
        "serveruuid": "e8c5657f-e290-463a-912c-1258566118b9",
        "name": "Roots 96.1 FM Jamaica",
        "url": "http://stream.zeno.fm/pnp236t7nbruv",
        "url_resolved": "http://stream-162.zeno.fm/pnp236t7nbruv?zs=ecH0Kld9S1ehxpP9aTEgkg",
        "homepage": "https://rootsfmjamaica.com/",
        "favicon": "https://rootsfmjamaica.com/wp-content/uploads/2023/01/Roots-FM-Logo-Final-png-768x339.png",
        "tags": "",
        "country": "Jamaica",
        "countrycode": "JM",
        "iso_3166_2": null,
        "state": "",
        "language": "",
        "languagecodes": "",
        "votes": 31,
        "lastchangetime": "2023-08-02 01:35:03",
        "lastchangetime_iso8601": "2023-08-02T01:35:03Z",
        "codec": "MP3",
        "bitrate": 0,
        "hls": 0,
        "lastcheckok": 1,
        "lastchecktime": "2023-09-03 10:05:04",
        "lastchecktime_iso8601": "2023-09-03T10:05:04Z",
        "lastcheckoktime": "2023-09-03 10:05:04",
        "lastcheckoktime_iso8601": "2023-09-03T10:05:04Z",
        "lastlocalchecktime": "2023-09-03 10:05:04",
        "lastlocalchecktime_iso8601": "2023-09-03T10:05:04Z",
        "clicktimestamp": "2023-09-03 10:37:18",
        "clicktimestamp_iso8601": "2023-09-03T10:37:18Z",
        "clickcount": 69,
        "clicktrend": 5,
        "ssl_error": 0,
        "geo_lat": null,
        "geo_long": null,
        "has_extended_info": false
    },
    {
        "changeuuid": "dc038d9b-c4fa-4a2f-ab6c-1ea0cb44db43",
        "stationuuid": "e09cd520-c1ff-450a-b058-2e047eb49d2f",
        "serveruuid": "21955441-ac63-4e6d-b15a-d27d700177d7",
        "name": "4FourPlay Radio",
        "url": "http://s4.radio.co/s6d6bf355e/listen.m3u",
        "url_resolved": "http://s4.radio.co/s6d6bf355e/listen",
        "homepage": "http://www.4fourplayent.com/4fourplay-radio/",
        "favicon": "",
        "tags": "smooth jazz",
        "country": "Jamaica",
        "countrycode": "JM",
        "iso_3166_2": null,
        "state": "Tampa, Florida",
        "language": "english",
        "languagecodes": "en",
        "votes": 9,
        "lastchangetime": "2023-08-22 23:15:12",
        "lastchangetime_iso8601": "2023-08-22T23:15:12Z",
        "codec": "MP3",
        "bitrate": 192,
        "hls": 0,
        "lastcheckok": 1,
        "lastchecktime": "2023-09-03 12:36:13",
        "lastchecktime_iso8601": "2023-09-03T12:36:13Z",
        "lastcheckoktime": "2023-09-03 12:36:13",
        "lastcheckoktime_iso8601": "2023-09-03T12:36:13Z",
        "lastlocalchecktime": "2023-09-03 12:36:13",
        "lastlocalchecktime_iso8601": "2023-09-03T12:36:13Z",
        "clicktimestamp": "2023-09-03 13:20:28",
        "clicktimestamp_iso8601": "2023-09-03T13:20:28Z",
        "clickcount": 29,
        "clicktrend": -1,
        "ssl_error": 0,
        "geo_lat": null,
        "geo_long": null,
        "has_extended_info": false
    },
    {
        "changeuuid": "4d47b48a-0603-421a-b2e9-a731f7e15553",
        "stationuuid": "d9d78c50-3766-4e74-8f67-1cd7d878f2f4",
        "serveruuid": "a2cfe0a0-7245-4758-9154-e964d36dbeb8",
        "name": "ghetto vibes radio",
        "url": "https://www.radioking.com/play/ghetto-vibes-radio-station",
        "url_resolved": "https://listen.radioking.com/radio/499417/stream/556609",
        "homepage": "https://app.site123.com/manager/wizard.php?wu=6293042d3b4b8-6293042d3b4f3-6293042d3b52d&from=dash#",
        "favicon": "https://link.radioking.com/ghetto-vibes-radio-station",
        "tags": "classic soul,dancehall,roots reggae,soca",
        "country": "Jamaica",
        "countrycode": "JM",
        "iso_3166_2": null,
        "state": "st catherine",
        "language": "",
        "languagecodes": "",
        "votes": 61,
        "lastchangetime": "2023-10-23 13:00:49",
        "lastchangetime_iso8601": "2023-10-23T13:00:49Z",
        "codec": "MP3",
        "bitrate": 128,
        "hls": 0,
        "lastcheckok": 1,
        "lastchecktime": "2023-11-07 14:35:53",
        "lastchecktime_iso8601": "2023-11-07T14:35:53Z",
        "lastcheckoktime": "2023-11-07 14:35:53",
        "lastcheckoktime_iso8601": "2023-11-07T14:35:53Z",
        "lastlocalchecktime": "2023-11-07 08:32:00",
        "lastlocalchecktime_iso8601": "2023-11-07T08:32:00Z",
        "clicktimestamp": "2023-11-07 14:10:04",
        "clicktimestamp_iso8601": "2023-11-07T14:10:04Z",
        "clickcount": 46,
        "clicktrend": 2,
        "ssl_error": 0,
        "geo_lat": null,
        "geo_long": null,
        "has_extended_info": false
    },
    {
        "changeuuid": "1dac1194-e449-49d4-bf35-f72aea09b1dd",
        "stationuuid": "1ce359d0-4606-4c94-9314-3e203ed3c261",
        "serveruuid": "a2cfe0a0-7245-4758-9154-e964d36dbeb8",
        "name": "The Edge 105 FM",
        "url": "https://listen.radioking.com/radio/331171/stream/387835",
        "url_resolved": "https://listen.radioking.com/radio/331171/stream/387835",
        "homepage": "https://edge105.com/",
        "favicon": "https://edge105.com/wp-content/uploads/2022/04/Edge105-2021-Logo-768x580.png",
        "tags": "",
        "country": "Jamaica",
        "countrycode": "JM",
        "iso_3166_2": null,
        "state": "",
        "language": "",
        "languagecodes": "",
        "votes": 28,
        "lastchangetime": "2023-09-23 16:17:28",
        "lastchangetime_iso8601": "2023-09-23T16:17:28Z",
        "codec": "MP3",
        "bitrate": 192,
        "hls": 0,
        "lastcheckok": 1,
        "lastchecktime": "2023-11-07 06:28:36",
        "lastchecktime_iso8601": "2023-11-07T06:28:36Z",
        "lastcheckoktime": "2023-11-07 06:28:36",
        "lastcheckoktime_iso8601": "2023-11-07T06:28:36Z",
        "lastlocalchecktime": "2023-11-07 06:28:36",
        "lastlocalchecktime_iso8601": "2023-11-07T06:28:36Z",
        "clicktimestamp": "2023-11-07 15:22:49",
        "clicktimestamp_iso8601": "2023-11-07T15:22:49Z",
        "clickcount": 41,
        "clicktrend": 7,
        "ssl_error": 0,
        "geo_lat": null,
        "geo_long": null,
        "has_extended_info": false
    },
    {
        "changeuuid": "32ff25d7-ff15-4cf2-b1a4-de173cb7e521",
        "stationuuid": "daae6e68-d33e-4d25-899d-d45836dea48d",
        "serveruuid": "0ba033d4-eb25-477f-b75a-a7b046bb0da7",
        "name": "IRIE Storm Radio",
        "url": "https://auds1.intacs.com/iriestormradio",
        "url_resolved": "https://auds1.intacs.com/iriestormradio",
        "homepage": "https://www.iriestormradio.com/",
        "favicon": "",
        "tags": "",
        "country": "Jamaica",
        "countrycode": "JM",
        "iso_3166_2": null,
        "state": "",
        "language": "",
        "languagecodes": "",
        "votes": 24,
        "lastchangetime": "2023-10-24 09:37:13",
        "lastchangetime_iso8601": "2023-10-24T09:37:13Z",
        "codec": "MP3",
        "bitrate": 128,
        "hls": 0,
        "lastcheckok": 1,
        "lastchecktime": "2023-11-07 10:13:00",
        "lastchecktime_iso8601": "2023-11-07T10:13:00Z",
        "lastcheckoktime": "2023-11-07 10:13:00",
        "lastcheckoktime_iso8601": "2023-11-07T10:13:00Z",
        "lastlocalchecktime": "2023-11-07 10:13:00",
        "lastlocalchecktime_iso8601": "2023-11-07T10:13:00Z",
        "clicktimestamp": "2023-11-07 17:06:05",
        "clicktimestamp_iso8601": "2023-11-07T17:06:05Z",
        "clickcount": 62,
        "clicktrend": 0,
        "ssl_error": 0,
        "geo_lat": null,
        "geo_long": null,
        "has_extended_info": false
    }
]