[
    {
        "changeuuid": "874f9b79-b97f-4ac0-96eb-7de7a0f2efd2",
        "stationuuid": "5586cc27-0892-465e-b26a-de36e364ddbc",
        "serveruuid": "1d94221d-157b-4d10-a8ba-30bbc4017691",
        "name": "Rotana Tarab",
        "url": "http://188.247.86.67:8008/3",
        "url_resolved": "http://188.247.86.67:8008/3",
        "homepage": "",
        "favicon": "",
        "tags": "misc",
        "country": "Jordan",
        "countrycode": "JO",
        "iso_3166_2": null,
        "state": "",
        "language": "",
        "languagecodes": "",
        "votes": 3384,
        "lastchangetime": "2021-08-06 08:36:44",
        "lastchangetime_iso8601": "2021-08-06T08:36:44Z",
        "codec": "AAC+",
        "bitrate": 128,
        "hls": 0,
        "lastcheckok": 1,
        "lastchecktime": "2023-04-08 13:37:31",
        "lastchecktime_iso8601": "2023-04-08T13:37:31Z",
        "lastcheckoktime": "2023-04-08 13:37:31",
        "lastcheckoktime_iso8601": "2023-04-08T13:37:31Z",
        "lastlocalchecktime": "2023-04-07 18:34:00",
        "lastlocalchecktime_iso8601": "2023-04-07T18:34:00Z",
        "clicktimestamp": "2023-04-08 12:37:09",
        "clicktimestamp_iso8601": "2023-04-08T12:37:09Z",
        "clickcount": 113,
        "clicktrend": -1,
        "ssl_error": 0,
        "geo_lat": null,
        "geo_long": null,
        "has_extended_info": false
    },
    {
        "changeuuid": "c1807adb-4268-4ab1-b106-b7cc3d99c5e2",
        "stationuuid": "86d361d0-1f51-4f99-a6a7-cc4d5821ad02",
        "serveruuid": "83923739-87c1-4931-8641-2a66c783c75d",
        "name": "Jordan Melody FM",
        "url": "http://s3.voscast.com:9966/",
        "url_resolved": "http://s3.voscast.com:9966/",
        "homepage": "http://melody-fm.com/",
        "favicon": "",
        "tags": "",
        "country": "Jordan",
        "countrycode": "JO",
        "iso_3166_2": null,
        "state": "",
        "language": "arabic",
        "languagecodes": "ar",
        "votes": 2097,
        "lastchangetime": "2022-11-24 11:26:32",
        "lastchangetime_iso8601": "2022-11-24T11:26:32Z",
        "codec": "MP3",
        "bitrate": 192,
        "hls": 0,
        "lastcheckok": 1,
        "lastchecktime": "2023-04-08 13:40:51",
        "lastchecktime_iso8601": "2023-04-08T13:40:51Z",
        "lastcheckoktime": "2023-04-08 13:40:51",
        "lastcheckoktime_iso8601": "2023-04-08T13:40:51Z",
        "lastlocalchecktime": "2023-04-08 13:40:51",
        "lastlocalchecktime_iso8601": "2023-04-08T13:40:51Z",
        "clicktimestamp": "2023-04-08 12:37:14",
        "clicktimestamp_iso8601": "2023-04-08T12:37:14Z",
        "clickcount": 80,
        "clicktrend": -2,
        "ssl_error": 0,
        "geo_lat": null,
        "geo_long": null,
        "has_extended_info": false
    },
    {
        "changeuuid": "588f343e-db7f-40f7-aad4-4a1510aa361c",
        "stationuuid": "6cc8dac5-70c2-40bb-b095-8606fe1ed0f8",
        "serveruuid": "28f933a8-54e0-4e99-aaef-f71a76cc5344",
        "name": "Mazaj FM",
        "url": "https://mazajfm.ice.infomaniak.ch/mazajfm-192.mp3",
        "url_resolved": "https://mazajfm.ice.infomaniak.ch/mazajfm-192.mp3",
        "homepage": "https://www.mazaj.fm/",
        "favicon": "https://www.mazaj.fm/apple-touch-icon.png?v=6",
        "tags": "",
        "country": "Jordan",
        "countrycode": "JO",
        "iso_3166_2": null,
        "state": "",
        "language": "",
        "languagecodes": "",
        "votes": 1023,
        "lastchangetime": "2023-01-17 07:00:41",
        "lastchangetime_iso8601": "2023-01-17T07:00:41Z",
        "codec": "MP3",
        "bitrate": 192,
        "hls": 0,
        "lastcheckok": 1,
        "lastchecktime": "2023-04-08 11:21:00",
        "lastchecktime_iso8601": "2023-04-08T11:21:00Z",
        "lastcheckoktime": "2023-04-08 11:21:00",
        "lastcheckoktime_iso8601": "2023-04-08T11:21:00Z",
        "lastlocalchecktime": "2023-04-07 15:49:50",
        "lastlocalchecktime_iso8601": "2023-04-07T15:49:50Z",
        "clicktimestamp": "2023-04-08 12:37:19",
        "clicktimestamp_iso8601": "2023-04-08T12:37:19Z",
        "clickcount": 65,
        "clicktrend": -2,
        "ssl_error": 0,
        "geo_lat": null,
        "geo_long": null,
        "has_extended_info": false
    },
    {
        "changeuuid": "ef7cf13b-3463-44df-b40b-40226270dfca",
        "stationuuid": "672074e5-1f1e-11e9-a80b-52543be04c81",
        "serveruuid": "1ea1b290-597f-49a8-be64-6af55113c515",
        "name": "Noursat Jordan TV",
        "url": "http://svs.itworkscdn.net/nour4satlive/livestream/playlist.m3u8",
        "url_resolved": "http://svs.itworkscdn.net/nour4satlive/livestream/playlist.m3u8",
        "homepage": "http://noursatjordan.com/",
        "favicon": "http://noursatjordan.com/images/favicon.ico",
        "tags": "",
        "country": "Jordan",
        "countrycode": "JO",
        "iso_3166_2": null,
        "state": "Amman",
        "language": "arabic",
        "languagecodes": "ar",
        "votes": 564,
        "lastchangetime": "2022-03-28 13:51:41",
        "lastchangetime_iso8601": "2022-03-28T13:51:41Z",
        "codec": "AAC,H.264",
        "bitrate": 562,
        "hls": 1,
        "lastcheckok": 1,
        "lastchecktime": "2023-04-07 17:25:16",
        "lastchecktime_iso8601": "2023-04-07T17:25:16Z",
        "lastcheckoktime": "2023-04-07 17:25:16",
        "lastcheckoktime_iso8601": "2023-04-07T17:25:16Z",
        "lastlocalchecktime": "2023-04-07 17:25:16",
        "lastlocalchecktime_iso8601": "2023-04-07T17:25:16Z",
        "clicktimestamp": "2023-04-08 12:37:22",
        "clicktimestamp_iso8601": "2023-04-08T12:37:22Z",
        "clickcount": 47,
        "clicktrend": -6,
        "ssl_error": 0,
        "geo_lat": null,
        "geo_long": null,
        "has_extended_info": false
    },
    {
        "changeuuid": "f91eec24-d234-4770-b87b-558e0b237941",
        "stationuuid": "217e4e14-8637-4581-88fa-bd144af3b691",
        "serveruuid": "ddcf5f81-0082-4dd5-88ce-a96c2e8c3967",
        "name": "Radio Jordan 96.3",
        "url": "https://jrtv-live.ercdn.net/jrradio/englishradiovideo.m3u8",
        "url_resolved": "https://jrtv-live.ercdn.net/jrradio/englishradiovideo.m3u8",
        "homepage": "https://www.jrtv.gov.jo/radio/english-radio/5",
        "favicon": "",
        "tags": "",
        "country": "Jordan",
        "countrycode": "JO",
        "iso_3166_2": null,
        "state": "",
        "language": "",
        "languagecodes": "",
        "votes": 493,
        "lastchangetime": "2021-11-01 22:27:43",
        "lastchangetime_iso8601": "2021-11-01T22:27:43Z",
        "codec": "UNKNOWN",
        "bitrate": 0,
        "hls": 1,
        "lastcheckok": 1,
        "lastchecktime": "2023-04-08 08:49:21",
        "lastchecktime_iso8601": "2023-04-08T08:49:21Z",
        "lastcheckoktime": "2023-04-08 08:49:21",
        "lastcheckoktime_iso8601": "2023-04-08T08:49:21Z",
        "lastlocalchecktime": "2023-04-08 08:49:21",
        "lastlocalchecktime_iso8601": "2023-04-08T08:49:21Z",
        "clicktimestamp": "2023-04-08 12:37:33",
        "clicktimestamp_iso8601": "2023-04-08T12:37:33Z",
        "clickcount": 74,
        "clicktrend": 0,
        "ssl_error": 0,
        "geo_lat": null,
        "geo_long": null,
        "has_extended_info": false
    },
    {
        "changeuuid": "9942c8f0-acb1-4bbe-9fa8-85d4355b5445",
        "stationuuid": "e11e3435-1724-4c4c-a708-af3ddbeedf4a",
        "serveruuid": "f0aa325c-e7e8-4a21-be30-d95607c40e8c",
        "name": "Hussain fm",
        "url": "http://s2.voscast.com:10444/stream",
        "url_resolved": "http://s2.voscast.com:10444/stream",
        "homepage": "",
        "favicon": "",
        "tags": "talk & speech",
        "country": "Jordan",
        "countrycode": "JO",
        "iso_3166_2": null,
        "state": "",
        "language": "",
        "languagecodes": "",
        "votes": 410,
        "lastchangetime": "2022-03-28 05:56:52",
        "lastchangetime_iso8601": "2022-03-28T05:56:52Z",
        "codec": "MP3",
        "bitrate": 128,
        "hls": 0,
        "lastcheckok": 1,
        "lastchecktime": "2023-04-08 10:57:23",
        "lastchecktime_iso8601": "2023-04-08T10:57:23Z",
        "lastcheckoktime": "2023-04-08 10:57:23",
        "lastcheckoktime_iso8601": "2023-04-08T10:57:23Z",
        "lastlocalchecktime": "2023-04-08 10:57:23",
        "lastlocalchecktime_iso8601": "2023-04-08T10:57:23Z",
        "clicktimestamp": "2023-04-08 12:37:38",
        "clicktimestamp_iso8601": "2023-04-08T12:37:38Z",
        "clickcount": 68,
        "clicktrend": -1,
        "ssl_error": 0,
        "geo_lat": null,
        "geo_long": null,
        "has_extended_info": false
    },
    {
        "changeuuid": "7f3b1aae-8393-425c-9f6a-221e5979fe62",
        "stationuuid": "abf4447e-6da7-47d3-9b67-e051e3c76652",
        "serveruuid": "1ea1b290-597f-49a8-be64-6af55113c515",
        "name": "noursat jordan",
        "url": "http://svs.itworkscdn.net/nour4satlive/livestream/playlist.m3u8",
        "url_resolved": "http://svs.itworkscdn.net/nour4satlive/livestream/playlist.m3u8",
        "homepage": "",
        "favicon": "",
        "tags": "classical",
        "country": "Jordan",
        "countrycode": "JO",
        "iso_3166_2": null,
        "state": "",
        "language": "",
        "languagecodes": "",
        "votes": 267,
        "lastchangetime": "2022-08-03 13:49:05",
        "lastchangetime_iso8601": "2022-08-03T13:49:05Z",
        "codec": "AAC,H.264",
        "bitrate": 559,
        "hls": 1,
        "lastcheckok": 1,
        "lastchecktime": "2023-04-08 08:57:53",
        "lastchecktime_iso8601": "2023-04-08T08:57:53Z",
        "lastcheckoktime": "2023-04-08 08:57:53",
        "lastcheckoktime_iso8601": "2023-04-08T08:57:53Z",
        "lastlocalchecktime": "2023-04-08 08:57:53",
        "lastlocalchecktime_iso8601": "2023-04-08T08:57:53Z",
        "clicktimestamp": "2023-04-08 12:37:43",
        "clicktimestamp_iso8601": "2023-04-08T12:37:43Z",
        "clickcount": 29,
        "clicktrend": 2,
        "ssl_error": 0,
        "geo_lat": null,
        "geo_long": null,
        "has_extended_info": false
    },
    {
        "changeuuid": "cf626da9-91b5-436e-a5cd-cb8d9326a010",
        "stationuuid": "5b61ccc0-f369-4368-ba65-3b10b7f6bae9",
        "serveruuid": "0484b4f8-c2b1-415c-b05a-141f1667d2a1",
        "name": "Mood Fm 92 Amman",
        "url": "https://securestreams2.autopo.st:1241/live",
        "url_resolved": "https://securestreams2.autopo.st:1241/live",
        "homepage": "https://www.mood.fm/",
        "favicon": "https://www.mood.fm/assets/images/favicon.png",
        "tags": "pop",
        "country": "Jordan",
        "countrycode": "JO",
        "iso_3166_2": null,
        "state": "",
        "language": "",
        "languagecodes": "",
        "votes": 213,
        "lastchangetime": "2022-12-28 14:27:22",
        "lastchangetime_iso8601": "2022-12-28T14:27:22Z",
        "codec": "MP3",
        "bitrate": 128,
        "hls": 0,
        "lastcheckok": 1,
        "lastchecktime": "2023-04-08 09:07:36",
        "lastchecktime_iso8601": "2023-04-08T09:07:36Z",
        "lastcheckoktime": "2023-04-08 09:07:36",
        "lastcheckoktime_iso8601": "2023-04-08T09:07:36Z",
        "lastlocalchecktime": "2023-04-08 09:07:36",
        "lastlocalchecktime_iso8601": "2023-04-08T09:07:36Z",
        "clicktimestamp": "2023-04-08 12:37:54",
        "clicktimestamp_iso8601": "2023-04-08T12:37:54Z",
        "clickcount": 26,
        "clicktrend": 0,
        "ssl_error": 0,
        "geo_lat": null,
        "geo_long": null,
        "has_extended_info": false
    },
    {
        "changeuuid": "a648d3fe-b3cc-41fc-a092-c7ef0aa44463",
        "stationuuid": "523bbd9f-6ca8-4799-9c9a-5c9c75cc4d60",
        "serveruuid": "1ea1b290-597f-49a8-be64-6af55113c515",
        "name": "noursat jorden",
        "url": "http://svs.itworkscdn.net/nour4satlive/livestream/playlist.m3u8",
        "url_resolved": "http://svs.itworkscdn.net/nour4satlive/livestream/playlist.m3u8",
        "homepage": "http://svs.itworkscdn.net/nour4satlive/livestream/playlist.m3u8",
        "favicon": "",
        "tags": "classical",
        "country": "Jordan",
        "countrycode": "JO",
        "iso_3166_2": null,
        "state": "",
        "language": "",
        "languagecodes": "",
        "votes": 201,
        "lastchangetime": "2021-11-18 05:40:57",
        "lastchangetime_iso8601": "2021-11-18T05:40:57Z",
        "codec": "AAC,H.264",
        "bitrate": 561,
        "hls": 1,
        "lastcheckok": 1,
        "lastchecktime": "2023-04-08 05:18:59",
        "lastchecktime_iso8601": "2023-04-08T05:18:59Z",
        "lastcheckoktime": "2023-04-08 05:18:59",
        "lastcheckoktime_iso8601": "2023-04-08T05:18:59Z",
        "lastlocalchecktime": "2023-04-07 18:44:01",
        "lastlocalchecktime_iso8601": "2023-04-07T18:44:01Z",
        "clicktimestamp": "2023-04-08 12:37:57",
        "clicktimestamp_iso8601": "2023-04-08T12:37:57Z",
        "clickcount": 19,
        "clicktrend": 0,
        "ssl_error": 0,
        "geo_lat": null,
        "geo_long": null,
        "has_extended_info": false
    },
    {
        "changeuuid": "1fb1d4c8-146c-41a9-b3df-41ea510e5f8b",
        "stationuuid": "4b0b64d4-15b0-4f62-b233-326d6fff15e5",
        "serveruuid": "1ea1b290-597f-49a8-be64-6af55113c515",
        "name": "noursat jorden",
        "url": "http://svs.itworkscdn.net/nour4satlive/livestream/playlist.m3u8",
        "url_resolved": "http://svs.itworkscdn.net/nour4satlive/livestream/playlist.m3u8",
        "homepage": "",
        "favicon": "",
        "tags": "classical",
        "country": "Jordan",
        "countrycode": "JO",
        "iso_3166_2": null,
        "state": "",
        "language": "",
        "languagecodes": "",
        "votes": 180,
        "lastchangetime": "2021-11-18 05:32:58",
        "lastchangetime_iso8601": "2021-11-18T05:32:58Z",
        "codec": "AAC,H.264",
        "bitrate": 546,
        "hls": 1,
        "lastcheckok": 1,
        "lastchecktime": "2023-04-08 03:07:38",
        "lastchecktime_iso8601": "2023-04-08T03:07:38Z",
        "lastcheckoktime": "2023-04-08 03:07:38",
        "lastcheckoktime_iso8601": "2023-04-08T03:07:38Z",
        "lastlocalchecktime": "2023-04-07 17:44:24",
        "lastlocalchecktime_iso8601": "2023-04-07T17:44:24Z",
        "clicktimestamp": "2023-04-08 12:38:11",
        "clicktimestamp_iso8601": "2023-04-08T12:38:11Z",
        "clickcount": 19,
        "clicktrend": 0,
        "ssl_error": 0,
        "geo_lat": null,
        "geo_long": null,
        "has_extended_info": false
    },
    {
        "changeuuid": "11580c88-0b39-4a44-8d9a-3ac355e355cd",
        "stationuuid": "2ec9fa81-6250-4e2e-9828-fac907e151e0",
        "serveruuid": "23d8178f-4867-4d3b-ad10-8599a46ec7bb",
        "name": "\u062a\u0641\u0633\u064a\u0631 \u0628\u0646 \u0639\u062b\u064a\u0645\u064a\u0646",
        "url": "https://qurango.net/radio/tafseer",
        "url_resolved": "https://qurango.net/radio/tafseer",
        "homepage": "",
        "favicon": "",
        "tags": "classical",
        "country": "Jordan",
        "countrycode": "JO",
        "iso_3166_2": null,
        "state": "",
        "language": "",
        "languagecodes": "",
        "votes": 135,
        "lastchangetime": "2022-12-06 07:04:29",
        "lastchangetime_iso8601": "2022-12-06T07:04:29Z",
        "codec": "MP3",
        "bitrate": 128,
        "hls": 0,
        "lastcheckok": 1,
        "lastchecktime": "2023-04-07 18:50:24",
        "lastchecktime_iso8601": "2023-04-07T18:50:24Z",
        "lastcheckoktime": "2023-04-07 18:50:24",
        "lastcheckoktime_iso8601": "2023-04-07T18:50:24Z",
        "lastlocalchecktime": "2023-04-07 16:31:54",
        "lastlocalchecktime_iso8601": "2023-04-07T16:31:54Z",
        "clicktimestamp": "2023-04-08 12:38:36",
        "clicktimestamp_iso8601": "2023-04-08T12:38:36Z",
        "clickcount": 24,
        "clicktrend": 1,
        "ssl_error": 0,
        "geo_lat": null,
        "geo_long": null,
        "has_extended_info": false
    },
    {
        "changeuuid": "923cc2a9-01fc-4d2c-95a7-3565943c22e5",
        "stationuuid": "c4185eb5-3d06-4ca0-95af-cbc280b6c709",
        "serveruuid": "23d8178f-4867-4d3b-ad10-8599a46ec7bb",
        "name": ".. \u0645\u062e\u062a\u0635\u0631 \u0627\u0644\u062a\u0641\u0633\u064a\u0631 ",
        "url": "https://qurango.net/radio/mukhtasartafsir",
        "url_resolved": "https://qurango.net/radio/mukhtasartafsir",
        "homepage": "",
        "favicon": "",
        "tags": "classical",
        "country": "Jordan",
        "countrycode": "JO",
        "iso_3166_2": null,
        "state": "",
        "language": "",
        "languagecodes": "",
        "votes": 94,
        "lastchangetime": "2023-01-23 12:20:05",
        "lastchangetime_iso8601": "2023-01-23T12:20:05Z",
        "codec": "MP3",
        "bitrate": 128,
        "hls": 0,
        "lastcheckok": 1,
        "lastchecktime": "2023-04-07 19:23:41",
        "lastchecktime_iso8601": "2023-04-07T19:23:41Z",
        "lastcheckoktime": "2023-04-07 19:23:41",
        "lastcheckoktime_iso8601": "2023-04-07T19:23:41Z",
        "lastlocalchecktime": "2023-04-07 15:09:09",
        "lastlocalchecktime_iso8601": "2023-04-07T15:09:09Z",
        "clicktimestamp": "2023-04-08 12:38:35",
        "clicktimestamp_iso8601": "2023-04-08T12:38:35Z",
        "clickcount": 20,
        "clicktrend": 0,
        "ssl_error": 0,
        "geo_lat": null,
        "geo_long": null,
        "has_extended_info": false
    },
    {
        "changeuuid": "9b5cc6b8-4d8b-4835-9712-0e4439961ba1",
        "stationuuid": "be44cca7-0196-4d6d-a424-976ef9aea37e",
        "serveruuid": "23d8178f-4867-4d3b-ad10-8599a46ec7bb",
        "name": ". \u0627\u0644\u0642\u0627\u0631\u0626 \u0645\u062d\u0645\u062f \u0623\u064a\u0648\u0628 ",
        "url": "https://qurango.net/radio/mohammed_ayyub",
        "url_resolved": "https://qurango.net/radio/mohammed_ayyub",
        "homepage": "",
        "favicon": "",
        "tags": "classical",
        "country": "Jordan",
        "countrycode": "JO",
        "iso_3166_2": null,
        "state": "",
        "language": "",
        "languagecodes": "",
        "votes": 86,
        "lastchangetime": "2023-01-28 07:16:56",
        "lastchangetime_iso8601": "2023-01-28T07:16:56Z",
        "codec": "MP3",
        "bitrate": 128,
        "hls": 0,
        "lastcheckok": 1,
        "lastchecktime": "2023-04-08 13:48:53",
        "lastchecktime_iso8601": "2023-04-08T13:48:53Z",
        "lastcheckoktime": "2023-04-08 13:48:53",
        "lastcheckoktime_iso8601": "2023-04-08T13:48:53Z",
        "lastlocalchecktime": "2023-04-07 20:36:52",
        "lastlocalchecktime_iso8601": "2023-04-07T20:36:52Z",
        "clicktimestamp": "2023-04-08 12:38:37",
        "clicktimestamp_iso8601": "2023-04-08T12:38:37Z",
        "clickcount": 43,
        "clicktrend": 1,
        "ssl_error": 0,
        "geo_lat": null,
        "geo_long": null,
        "has_extended_info": false
    },
    {
        "changeuuid": "2b380cef-dc62-40a3-8027-9442f9fc000e",
        "stationuuid": "ab791a17-46c2-4ed0-89e8-61bc1dd46df8",
        "serveruuid": "121716c5-27f8-4248-97a7-966b1b472f93",
        "name": "Dahab live radio ",
        "url": "https://dahab.ice.infomaniak.ch/dahab-192.mp3",
        "url_resolved": "https://dahab.ice.infomaniak.ch/dahab-192.mp3",
        "homepage": "",
        "favicon": "",
        "tags": "misc",
        "country": "Jordan",
        "countrycode": "JO",
        "iso_3166_2": null,
        "state": "",
        "language": "",
        "languagecodes": "",
        "votes": 6,
        "lastchangetime": "2023-04-03 07:34:39",
        "lastchangetime_iso8601": "2023-04-03T07:34:39Z",
        "codec": "MP3",
        "bitrate": 192,
        "hls": 0,
        "lastcheckok": 1,
        "lastchecktime": "2023-04-08 14:14:13",
        "lastchecktime_iso8601": "2023-04-08T14:14:13Z",
        "lastcheckoktime": "2023-04-08 14:14:13",
        "lastcheckoktime_iso8601": "2023-04-08T14:14:13Z",
        "lastlocalchecktime": "2023-04-07 19:05:11",
        "lastlocalchecktime_iso8601": "2023-04-07T19:05:11Z",
        "clicktimestamp": "2023-04-08 12:38:37",
        "clicktimestamp_iso8601": "2023-04-08T12:38:37Z",
        "clickcount": 17,
        "clicktrend": 2,
        "ssl_error": 0,
        "geo_lat": null,
        "geo_long": null,
        "has_extended_info": false
    },
    {
        "changeuuid": "2d2bb718-f027-41a0-8121-6131a59f0bdb",
        "stationuuid": "a3104778-3295-4a84-8cbe-f34ebac2e26e",
        "serveruuid": "b6edb994-eb1b-4341-8075-3536746abfd3",
        "name": "#\u0625\u0630\u0627\u0639\u0629 \u0627\u0644\u0642\u0631\u0622\u0646 \u0627\u0644\u0643\u0631\u064a\u0645",
        "url": "https://n0a.radiojar.com/0tpy1h0kxtzuv?rj-ttl=5&rj-tok=AAABhdgGORQA-2acfyF3_4WY2g",
        "url_resolved": "http://n02.radiojar.com/0tpy1h0kxtzuv?rj-ttl=5&rj-tok=AAABiTqikekAIA2VXvVSbHiVTw",
        "homepage": "",
        "favicon": "",
        "tags": "classical",
        "country": "Jordan",
        "countrycode": "JO",
        "iso_3166_2": null,
        "state": "",
        "language": "",
        "languagecodes": "",
        "votes": 91,
        "lastchangetime": "2023-04-14 10:09:18",
        "lastchangetime_iso8601": "2023-04-14T10:09:18Z",
        "codec": "MP3",
        "bitrate": 0,
        "hls": 0,
        "lastcheckok": 1,
        "lastchecktime": "2023-07-09 12:23:43",
        "lastchecktime_iso8601": "2023-07-09T12:23:43Z",
        "lastcheckoktime": "2023-07-09 12:23:43",
        "lastcheckoktime_iso8601": "2023-07-09T12:23:43Z",
        "lastlocalchecktime": "2023-07-09 03:11:33",
        "lastlocalchecktime_iso8601": "2023-07-09T03:11:33Z",
        "clicktimestamp": "2023-07-08 23:58:20",
        "clicktimestamp_iso8601": "2023-07-08T23:58:20Z",
        "clickcount": 28,
        "clicktrend": 4,
        "ssl_error": 0,
        "geo_lat": null,
        "geo_long": null,
        "has_extended_info": false
    },
    {
        "changeuuid": "ef2ba36a-2719-48e5-8ac5-5d52f54c16b6",
        "stationuuid": "f78c2cd2-d40f-46fe-94ae-c4639c621e94",
        "serveruuid": "6a69d2b4-9a80-4a83-92a2-7d474dfebfa3",
        "name": "Rotana Jordan",
        "url": "http://188.247.86.67:8002/;",
        "url_resolved": "http://188.247.86.67:8002/;",
        "homepage": "https://www.radio.de/s/rotanafmjd",
        "favicon": "https://www.radio.de/assets/fav/apple-touch-icon.png",
        "tags": "",
        "country": "Jordan",
        "countrycode": "JO",
        "iso_3166_2": null,
        "state": "",
        "language": "",
        "languagecodes": "",
        "votes": 52,
        "lastchangetime": "2023-06-08 13:07:38",
        "lastchangetime_iso8601": "2023-06-08T13:07:38Z",
        "codec": "AAC+",
        "bitrate": 128,
        "hls": 0,
        "lastcheckok": 1,
        "lastchecktime": "2023-07-08 21:17:22",
        "lastchecktime_iso8601": "2023-07-08T21:17:22Z",
        "lastcheckoktime": "2023-07-08 21:17:22",
        "lastcheckoktime_iso8601": "2023-07-08T21:17:22Z",
        "lastlocalchecktime": "2023-07-08 21:17:22",
        "lastlocalchecktime_iso8601": "2023-07-08T21:17:22Z",
        "clicktimestamp": "2023-07-08 22:08:29",
        "clicktimestamp_iso8601": "2023-07-08T22:08:29Z",
        "clickcount": 32,
        "clicktrend": 0,
        "ssl_error": 0,
        "geo_lat": null,
        "geo_long": null,
        "has_extended_info": false
    },
    {
        "changeuuid": "b0193899-5c2e-40f5-8d8c-dae0815ef477",
        "stationuuid": "79feed6a-4975-4bf1-995c-822e0f41426b",
        "serveruuid": "28f933a8-54e0-4e99-aaef-f71a76cc5344",
        "name": "Mazaj FM",
        "url": "https://mazajfm.ice.infomaniak.ch/mazajfm-192.mp3",
        "url_resolved": "https://mazajfm.ice.infomaniak.ch/mazajfm-192.mp3",
        "homepage": "http://mazaj.fm/",
        "favicon": "https://static2.mytuner.mobi/media/tvos_radios/Zt3E6eRGGn.png",
        "tags": "",
        "country": "Jordan",
        "countrycode": "JO",
        "iso_3166_2": null,
        "state": "Amman",
        "language": "",
        "languagecodes": "",
        "votes": 48,
        "lastchangetime": "2023-06-09 15:24:53",
        "lastchangetime_iso8601": "2023-06-09T15:24:53Z",
        "codec": "MP3",
        "bitrate": 192,
        "hls": 0,
        "lastcheckok": 1,
        "lastchecktime": "2023-07-08 19:43:33",
        "lastchecktime_iso8601": "2023-07-08T19:43:33Z",
        "lastcheckoktime": "2023-07-08 19:43:33",
        "lastcheckoktime_iso8601": "2023-07-08T19:43:33Z",
        "lastlocalchecktime": "2023-07-08 19:43:33",
        "lastlocalchecktime_iso8601": "2023-07-08T19:43:33Z",
        "clicktimestamp": "2023-07-09 09:29:53",
        "clicktimestamp_iso8601": "2023-07-09T09:29:53Z",
        "clickcount": 22,
        "clicktrend": 3,
        "ssl_error": 0,
        "geo_lat": 31.959619255319147,
        "geo_long": 35.90332031250001,
        "has_extended_info": false
    },
    {
        "changeuuid": "ae140da7-7b6e-46d6-9b5a-f981647c499d",
        "stationuuid": "c31980ef-fd56-48d1-b74f-7a9fd74a0a05",
        "serveruuid": "3247a16b-aa60-4efa-9c7e-a0738198e72b",
        "name": "Watar FM",
        "url": "https://securestreams2.autopo.st:1243/live",
        "url_resolved": "https://securestreams2.autopo.st:1243/live",
        "homepage": "https://watar.fm/ar/",
        "favicon": "https://cms.watar.fm/assets/images/default-image.jpg",
        "tags": "",
        "country": "Jordan",
        "countrycode": "JO",
        "iso_3166_2": null,
        "state": "Amman",
        "language": "",
        "languagecodes": "",
        "votes": 46,
        "lastchangetime": "2023-06-09 15:19:20",
        "lastchangetime_iso8601": "2023-06-09T15:19:20Z",
        "codec": "MP3",
        "bitrate": 128,
        "hls": 0,
        "lastcheckok": 1,
        "lastchecktime": "2023-07-09 06:58:40",
        "lastchecktime_iso8601": "2023-07-09T06:58:40Z",
        "lastcheckoktime": "2023-07-09 06:58:40",
        "lastcheckoktime_iso8601": "2023-07-09T06:58:40Z",
        "lastlocalchecktime": "2023-07-09 06:58:40",
        "lastlocalchecktime_iso8601": "2023-07-09T06:58:40Z",
        "clicktimestamp": "2023-07-09 09:29:17",
        "clicktimestamp_iso8601": "2023-07-09T09:29:17Z",
        "clickcount": 34,
        "clicktrend": 2,
        "ssl_error": 0,
        "geo_lat": 31.832765404062727,
        "geo_long": 36.07910156250001,
        "has_extended_info": false
    },
    {
        "changeuuid": "1340e687-33b2-48fd-9238-c07611d0ddc1",
        "stationuuid": "bed29a95-e782-44ce-ac83-1b176670053e",
        "serveruuid": "83923739-87c1-4931-8641-2a66c783c75d",
        "name": "Melody Jordan Radio",
        "url": "http://s3.voscast.com:9966/;stream1686938227998",
        "url_resolved": "http://s3.voscast.com:9966/;stream1686938227998",
        "homepage": "https://melody-fm.com/",
        "favicon": "https://melody-fm.com/img/Logo.png",
        "tags": "",
        "country": "Jordan",
        "countrycode": "JO",
        "iso_3166_2": null,
        "state": "",
        "language": "arabic",
        "languagecodes": "ar",
        "votes": 43,
        "lastchangetime": "2023-06-16 18:11:04",
        "lastchangetime_iso8601": "2023-06-16T18:11:04Z",
        "codec": "MP3",
        "bitrate": 192,
        "hls": 0,
        "lastcheckok": 1,
        "lastchecktime": "2023-07-09 02:36:58",
        "lastchecktime_iso8601": "2023-07-09T02:36:58Z",
        "lastcheckoktime": "2023-07-09 02:36:58",
        "lastcheckoktime_iso8601": "2023-07-09T02:36:58Z",
        "lastlocalchecktime": "2023-07-09 02:36:58",
        "lastlocalchecktime_iso8601": "2023-07-09T02:36:58Z",
        "clicktimestamp": "2023-07-09 12:46:23",
        "clicktimestamp_iso8601": "2023-07-09T12:46:23Z",
        "clickcount": 39,
        "clicktrend": 2,
        "ssl_error": 0,
        "geo_lat": null,
        "geo_long": null,
        "has_extended_info": false
    }
]