[
    {
        "changeuuid": "0978dc66-a67a-4ed0-b0d1-b56a480681f2",
        "stationuuid": "4fea1367-c881-4e25-b50b-64591ba7b1b8",
        "serveruuid": "fc9df64b-d384-4fdb-b61f-a16008855b8f",
        "name": "Coldstar Online",
        "url": "https://ice.coldstar.online/low.ogg",
        "url_resolved": "https://ice.coldstar.online/low.ogg",
        "homepage": "https://coldstar.online/",
        "favicon": "https://coldstar.online/static/assets/firefox_app_512x512.png",
        "tags": "house,trance",
        "country": "Kyrgyzstan",
        "countrycode": "KG",
        "iso_3166_2": null,
        "state": "",
        "language": "",
        "languagecodes": "en,ru",
        "votes": 431,
        "lastchangetime": "2023-04-08 01:31:00",
        "lastchangetime_iso8601": "2023-04-08T01:31:00Z",
        "codec": "OGG",
        "bitrate": 0,
        "hls": 0,
        "lastcheckok": 1,
        "lastchecktime": "2023-04-08 01:31:02",
        "lastchecktime_iso8601": "2023-04-08T01:31:02Z",
        "lastcheckoktime": "2023-04-08 01:31:02",
        "lastcheckoktime_iso8601": "2023-04-08T01:31:02Z",
        "lastlocalchecktime": "2023-04-07 21:01:19",
        "lastlocalchecktime_iso8601": "2023-04-07T21:01:19Z",
        "clicktimestamp": "2023-04-07 16:33:40",
        "clicktimestamp_iso8601": "2023-04-07T16:33:40Z",
        "clickcount": 26,
        "clicktrend": -4,
        "ssl_error": 0,
        "geo_lat": null,
        "geo_long": null,
        "has_extended_info": true
    },
    {
        "changeuuid": "bbc099d8-d7c0-4df6-9f1f-2683e43c3ab1",
        "stationuuid": "afd3e4da-6df2-431b-a2d5-e61ee50c4dd2",
        "serveruuid": "413d2b57-844c-4175-9968-bd6fa4f04c8c",
        "name": "Manas FM",
        "url": "http://radio.mediamanas.kg:8000/online",
        "url_resolved": "http://radio.mediamanas.kg:8000/online",
        "homepage": "http://mediamanas.kg/",
        "favicon": "",
        "tags": "",
        "country": "Kyrgyzstan",
        "countrycode": "KG",
        "iso_3166_2": null,
        "state": "",
        "language": "",
        "languagecodes": "",
        "votes": 52,
        "lastchangetime": "2022-12-20 00:53:58",
        "lastchangetime_iso8601": "2022-12-20T00:53:58Z",
        "codec": "MP3",
        "bitrate": 160,
        "hls": 0,
        "lastcheckok": 1,
        "lastchecktime": "2023-04-08 07:20:46",
        "lastchecktime_iso8601": "2023-04-08T07:20:46Z",
        "lastcheckoktime": "2023-04-07 20:56:22",
        "lastcheckoktime_iso8601": "2023-04-07T20:56:22Z",
        "lastlocalchecktime": "2023-04-07 20:56:22",
        "lastlocalchecktime_iso8601": "2023-04-07T20:56:22Z",
        "clicktimestamp": "2023-04-06 13:37:46",
        "clicktimestamp_iso8601": "2023-04-06T13:37:46Z",
        "clickcount": 13,
        "clicktrend": 0,
        "ssl_error": 0,
        "geo_lat": 42.84903625802882,
        "geo_long": 74.58716187952155,
        "has_extended_info": false
    }
]