[
    {
        "changeuuid": "9b0c3675-6cc0-4f57-b1e5-df43d330aee7",
        "stationuuid": "9b163de8-a791-402f-86a2-912a72c51300",
        "serveruuid": "73b5a6aa-d49b-4fb3-ac76-656968b2128c",
        "name": "Vayo FM",
        "url": "http://50.21.176.38:8010/vayofm",
        "url_resolved": "http://50.21.176.38:8010/vayofm",
        "homepage": "http://vayofm.com/",
        "favicon": "https://vayofm.com/images/vayofm.png",
        "tags": "news,politics,talk",
        "country": "Cambodia",
        "countrycode": "KH",
        "iso_3166_2": null,
        "state": "Phnom Penh",
        "language": "khmer",
        "languagecodes": "km",
        "votes": 885,
        "lastchangetime": "2022-11-06 14:55:03",
        "lastchangetime_iso8601": "2022-11-06T14:55:03Z",
        "codec": "MP3",
        "bitrate": 64,
        "hls": 0,
        "lastcheckok": 1,
        "lastchecktime": "2023-04-08 02:42:23",
        "lastchecktime_iso8601": "2023-04-08T02:42:23Z",
        "lastcheckoktime": "2023-04-08 02:42:23",
        "lastcheckoktime_iso8601": "2023-04-08T02:42:23Z",
        "lastlocalchecktime": "2023-04-07 18:30:53",
        "lastlocalchecktime_iso8601": "2023-04-07T18:30:53Z",
        "clicktimestamp": "2023-04-08 12:51:21",
        "clicktimestamp_iso8601": "2023-04-08T12:51:21Z",
        "clickcount": 46,
        "clicktrend": 10,
        "ssl_error": 0,
        "geo_lat": null,
        "geo_long": null,
        "has_extended_info": false
    },
    {
        "changeuuid": "19749713-6467-4a0d-a093-754e5e5e4802",
        "stationuuid": "af8aaf83-c02e-4f06-bdae-b8c8457f70c7",
        "serveruuid": "8b870459-2d4a-418e-8feb-847dbf3dedb0",
        "name": "Bayon TV",
        "url": "http://203.176.130.123:8989/live/bayontv_480k.stream/playlist.m3u8",
        "url_resolved": "http://203.176.130.123:8989/live/bayontv_480k.stream/playlist.m3u8",
        "homepage": "http://bayontv.com.kh/",
        "favicon": "http://bayontv.com.kh/wp-content/uploads/2020/04/bayonicon_16x16.png",
        "tags": "",
        "country": "Cambodia",
        "countrycode": "KH",
        "iso_3166_2": null,
        "state": "Phnom Penh",
        "language": "khmer",
        "languagecodes": "km",
        "votes": 361,
        "lastchangetime": "2022-03-28 12:39:31",
        "lastchangetime_iso8601": "2022-03-28T12:39:31Z",
        "codec": "AAC",
        "bitrate": 923,
        "hls": 1,
        "lastcheckok": 1,
        "lastchecktime": "2023-04-08 12:58:37",
        "lastchecktime_iso8601": "2023-04-08T12:58:37Z",
        "lastcheckoktime": "2023-04-08 12:58:37",
        "lastcheckoktime_iso8601": "2023-04-08T12:58:37Z",
        "lastlocalchecktime": "2023-04-07 18:34:00",
        "lastlocalchecktime_iso8601": "2023-04-07T18:34:00Z",
        "clicktimestamp": "2023-04-08 14:22:45",
        "clicktimestamp_iso8601": "2023-04-08T14:22:45Z",
        "clickcount": 27,
        "clicktrend": 2,
        "ssl_error": 0,
        "geo_lat": null,
        "geo_long": null,
        "has_extended_info": false
    },
    {
        "changeuuid": "7d2fab00-e6f0-4eb7-ab18-b316a6f3dc18",
        "stationuuid": "9dd152c9-febb-4965-b7fd-65b0b6caffdc",
        "serveruuid": "8b870459-2d4a-418e-8feb-847dbf3dedb0",
        "name": "Bayon News TV",
        "url": "http://203.176.130.123:8989/live/bayontv1_480k.stream/playlist.m3u8",
        "url_resolved": "http://203.176.130.123:8989/live/bayontv1_480k.stream/playlist.m3u8",
        "homepage": "http://bayontv.com.kh/",
        "favicon": "http://bayontv.com.kh/wp-content/uploads/2020/04/bayonicon_16x16.png",
        "tags": "",
        "country": "Cambodia",
        "countrycode": "KH",
        "iso_3166_2": null,
        "state": "Phnom Penh",
        "language": "khmer",
        "languagecodes": "km",
        "votes": 286,
        "lastchangetime": "2022-09-06 22:48:35",
        "lastchangetime_iso8601": "2022-09-06T22:48:35Z",
        "codec": "AAC",
        "bitrate": 2976,
        "hls": 1,
        "lastcheckok": 1,
        "lastchecktime": "2023-04-08 02:01:36",
        "lastchecktime_iso8601": "2023-04-08T02:01:36Z",
        "lastcheckoktime": "2023-04-08 02:01:36",
        "lastcheckoktime_iso8601": "2023-04-08T02:01:36Z",
        "lastlocalchecktime": "2023-04-07 20:54:25",
        "lastlocalchecktime_iso8601": "2023-04-07T20:54:25Z",
        "clicktimestamp": "2023-04-08 12:51:02",
        "clicktimestamp_iso8601": "2023-04-08T12:51:02Z",
        "clickcount": 36,
        "clicktrend": 5,
        "ssl_error": 0,
        "geo_lat": null,
        "geo_long": null,
        "has_extended_info": false
    },
    {
        "changeuuid": "37d773db-60ef-48d9-9c67-844d1e72f1f2",
        "stationuuid": "b5425619-8cd4-45e5-afb9-cdfc5ead4af7",
        "serveruuid": "8b870459-2d4a-418e-8feb-847dbf3dedb0",
        "name": "Southeast Asia TV",
        "url": "http://203.176.130.123:8989/live/seatv_480k.stream/playlist.m3u8",
        "url_resolved": "http://203.176.130.123:8989/live/seatv_480k.stream/playlist.m3u8",
        "homepage": "http://www.seatv.com.kh/",
        "favicon": "",
        "tags": "",
        "country": "Cambodia",
        "countrycode": "KH",
        "iso_3166_2": null,
        "state": "Phnom Penh",
        "language": "khmer",
        "languagecodes": "km",
        "votes": 210,
        "lastchangetime": "2022-03-28 11:39:48",
        "lastchangetime_iso8601": "2022-03-28T11:39:48Z",
        "codec": "AAC",
        "bitrate": 1185,
        "hls": 1,
        "lastcheckok": 1,
        "lastchecktime": "2023-04-08 07:15:41",
        "lastchecktime_iso8601": "2023-04-08T07:15:41Z",
        "lastcheckoktime": "2023-04-08 07:15:41",
        "lastcheckoktime_iso8601": "2023-04-08T07:15:41Z",
        "lastlocalchecktime": "2023-04-07 16:16:25",
        "lastlocalchecktime_iso8601": "2023-04-07T16:16:25Z",
        "clicktimestamp": "2023-04-08 13:17:13",
        "clicktimestamp_iso8601": "2023-04-08T13:17:13Z",
        "clickcount": 25,
        "clicktrend": 4,
        "ssl_error": 0,
        "geo_lat": null,
        "geo_long": null,
        "has_extended_info": false
    },
    {
        "changeuuid": "8199b230-ee72-42a8-9480-6036805a4607",
        "stationuuid": "c861f560-03ff-4350-8d1c-6a7c1477a276",
        "serveruuid": "8b870459-2d4a-418e-8feb-847dbf3dedb0",
        "name": "National Television of Kampuchea",
        "url": "http://203.176.130.123:8989/live/tvk_480k.stream/playlist.m3u8",
        "url_resolved": "http://203.176.130.123:8989/live/tvk_480k.stream/playlist.m3u8",
        "homepage": "http://www.tvk.gov.kh/",
        "favicon": "",
        "tags": "",
        "country": "Cambodia",
        "countrycode": "KH",
        "iso_3166_2": null,
        "state": "Phnom Penh",
        "language": "khmer",
        "languagecodes": "km",
        "votes": 189,
        "lastchangetime": "2022-11-23 06:43:44",
        "lastchangetime_iso8601": "2022-11-23T06:43:44Z",
        "codec": "AAC",
        "bitrate": 656,
        "hls": 1,
        "lastcheckok": 1,
        "lastchecktime": "2023-04-08 11:15:09",
        "lastchecktime_iso8601": "2023-04-08T11:15:09Z",
        "lastcheckoktime": "2023-04-08 11:15:09",
        "lastcheckoktime_iso8601": "2023-04-08T11:15:09Z",
        "lastlocalchecktime": "2023-04-07 20:21:17",
        "lastlocalchecktime_iso8601": "2023-04-07T20:21:17Z",
        "clicktimestamp": "2023-04-08 08:42:48",
        "clicktimestamp_iso8601": "2023-04-08T08:42:48Z",
        "clickcount": 14,
        "clicktrend": 0,
        "ssl_error": 0,
        "geo_lat": null,
        "geo_long": null,
        "has_extended_info": false
    },
    {
        "changeuuid": "9263d04c-857f-4230-8bc4-6a7d936ba200",
        "stationuuid": "eedb7498-f59d-4f07-9efc-b77853d6abf5",
        "serveruuid": "c3599f84-67ec-48a0-b2a0-497a38579125",
        "name": "National Radio of Kampuchea",
        "url": "http://119.82.252.6:8080/broadwave.mp3",
        "url_resolved": "http://119.82.252.6:8080/broadwave.mp3",
        "homepage": "http://rnk.gov.kh/",
        "favicon": "https://storage.googleapis.com/rnk/notification-icon-150x150.png",
        "tags": "",
        "country": "Cambodia",
        "countrycode": "KH",
        "iso_3166_2": null,
        "state": "",
        "language": "khmer",
        "languagecodes": "km",
        "votes": 50,
        "lastchangetime": "2023-02-27 22:49:26",
        "lastchangetime_iso8601": "2023-02-27T22:49:26Z",
        "codec": "MP3",
        "bitrate": 0,
        "hls": 0,
        "lastcheckok": 1,
        "lastchecktime": "2023-04-07 21:47:43",
        "lastchecktime_iso8601": "2023-04-07T21:47:43Z",
        "lastcheckoktime": "2023-04-07 21:47:43",
        "lastcheckoktime_iso8601": "2023-04-07T21:47:43Z",
        "lastlocalchecktime": "2023-04-07 16:31:54",
        "lastlocalchecktime_iso8601": "2023-04-07T16:31:54Z",
        "clicktimestamp": "2023-04-08 02:59:26",
        "clicktimestamp_iso8601": "2023-04-08T02:59:26Z",
        "clickcount": 21,
        "clicktrend": 3,
        "ssl_error": 0,
        "geo_lat": null,
        "geo_long": null,
        "has_extended_info": false
    },
    {
        "changeuuid": "0e32c6fa-ffe5-475c-a39b-bd49838d5477",
        "stationuuid": "f5dffef8-7e4f-4226-8a95-22a84d583cc9",
        "serveruuid": "8b870459-2d4a-418e-8feb-847dbf3dedb0",
        "name": "TV 5",
        "url": "http://203.176.130.123:8989/live/tv5_480k.stream/playlist.m3u8",
        "url_resolved": "http://203.176.130.123:8989/live/tv5_480k.stream/playlist.m3u8",
        "homepage": "http://www.tv5hd.com/",
        "favicon": "",
        "tags": "",
        "country": "Cambodia",
        "countrycode": "KH",
        "iso_3166_2": null,
        "state": "Phnom Penh",
        "language": "khmer",
        "languagecodes": "km",
        "votes": 157,
        "lastchangetime": "2022-03-28 09:02:40",
        "lastchangetime_iso8601": "2022-03-28T09:02:40Z",
        "codec": "AAC",
        "bitrate": 1874,
        "hls": 1,
        "lastcheckok": 1,
        "lastchecktime": "2023-07-09 03:48:32",
        "lastchecktime_iso8601": "2023-07-09T03:48:32Z",
        "lastcheckoktime": "2023-07-09 03:48:32",
        "lastcheckoktime_iso8601": "2023-07-09T03:48:32Z",
        "lastlocalchecktime": "2023-07-09 03:48:32",
        "lastlocalchecktime_iso8601": "2023-07-09T03:48:32Z",
        "clicktimestamp": "2023-07-09 08:04:59",
        "clicktimestamp_iso8601": "2023-07-09T08:04:59Z",
        "clickcount": 19,
        "clicktrend": -1,
        "ssl_error": 0,
        "geo_lat": null,
        "geo_long": null,
        "has_extended_info": false
    },
    {
        "changeuuid": "8ebc0f39-51fd-4127-b698-1f0045ce3aec",
        "stationuuid": "288068c6-7bd3-4853-88a7-e97c71a4dd3c",
        "serveruuid": "8b870459-2d4a-418e-8feb-847dbf3dedb0",
        "name": "Apsara TV",
        "url": "http://203.176.130.123:8989/live/apsaratv_480k.stream/playlist.m3u8",
        "url_resolved": "http://203.176.130.123:8989/live/apsaratv_480k.stream/playlist.m3u8",
        "homepage": "http://www.apsaracentral.com/",
        "favicon": "",
        "tags": "",
        "country": "Cambodia",
        "countrycode": "KH",
        "iso_3166_2": null,
        "state": "Phnom Penh",
        "language": "khmer",
        "languagecodes": "km",
        "votes": 279,
        "lastchangetime": "2023-07-30 20:21:19",
        "lastchangetime_iso8601": "2023-07-30T20:21:19Z",
        "codec": "AAC",
        "bitrate": 2595,
        "hls": 1,
        "lastcheckok": 1,
        "lastchecktime": "2023-09-03 08:34:19",
        "lastchecktime_iso8601": "2023-09-03T08:34:19Z",
        "lastcheckoktime": "2023-09-03 08:34:19",
        "lastcheckoktime_iso8601": "2023-09-03T08:34:19Z",
        "lastlocalchecktime": "2023-09-03 08:34:19",
        "lastlocalchecktime_iso8601": "2023-09-03T08:34:19Z",
        "clicktimestamp": "2023-09-02 23:57:24",
        "clicktimestamp_iso8601": "2023-09-02T23:57:24Z",
        "clickcount": 23,
        "clicktrend": -4,
        "ssl_error": 0,
        "geo_lat": null,
        "geo_long": null,
        "has_extended_info": false
    },
    {
        "changeuuid": "04e5ff61-3320-465f-83f7-461e6db2d245",
        "stationuuid": "8c61dea6-2bf6-486c-86d7-8a5fc0579350",
        "serveruuid": "757e116c-bb85-4eb1-b6d5-5d0d91ba807f",
        "name": "DIMusic Club Trance \ud83c\uddf0\ud83c\udded ",
        "url": "http://stream2.dimusic.club:11499/dim2",
        "url_resolved": "http://stream2.dimusic.club:11499/dim2",
        "homepage": "http://dimusic.club/",
        "favicon": "https://firebasestorage.googleapis.com/v0/b/radiogalaxy-580f4.appspot.com/o/images%2FIMG_20231006_110537644.jpg?alt=media&token=844455c4-4699-4900-b4d6-cc4a0ba71a38",
        "tags": "music,trance,trancemusic",
        "country": "Cambodia",
        "countrycode": "KH",
        "iso_3166_2": null,
        "state": "",
        "language": "english",
        "languagecodes": "en",
        "votes": 80,
        "lastchangetime": "2023-11-04 22:59:16",
        "lastchangetime_iso8601": "2023-11-04T22:59:16Z",
        "codec": "AAC+",
        "bitrate": 128,
        "hls": 0,
        "lastcheckok": 1,
        "lastchecktime": "2023-11-07 13:22:25",
        "lastchecktime_iso8601": "2023-11-07T13:22:25Z",
        "lastcheckoktime": "2023-11-07 13:22:25",
        "lastcheckoktime_iso8601": "2023-11-07T13:22:25Z",
        "lastlocalchecktime": "2023-11-07 13:22:25",
        "lastlocalchecktime_iso8601": "2023-11-07T13:22:25Z",
        "clicktimestamp": "2023-11-07 16:56:00",
        "clicktimestamp_iso8601": "2023-11-07T16:56:00Z",
        "clickcount": 48,
        "clicktrend": -2,
        "ssl_error": 0,
        "geo_lat": null,
        "geo_long": null,
        "has_extended_info": false
    }
]