[
    {
        "changeuuid": "aeab118a-27fd-4295-8c08-fc1687061910",
        "stationuuid": "1b0e369e-5a0f-4d7b-8274-c88a60a0abe5",
        "serveruuid": "c62de54d-5d0a-4ee8-908a-96b621e63235",
        "name": "Radio Kiribati",
        "url": "http://right-click.com.au/rcPlayer2/p.php?c=kiribati_bpa&t=pls",
        "url_resolved": "http://streamer5.rightclickitservices.com:9790/stream",
        "homepage": "http://right-click.com.au/rcPlayer2/index.php?c=kiribati_bpa",
        "favicon": "http://right-click.com.au/rcPlayer2/images/apple-icon-114x114.png",
        "tags": "",
        "country": "Kiribati",
        "countrycode": "KI",
        "iso_3166_2": null,
        "state": "",
        "language": "english,taetae n kiribati",
        "languagecodes": "en",
        "votes": 27,
        "lastchangetime": "2023-01-19 22:38:41",
        "lastchangetime_iso8601": "2023-01-19T22:38:41Z",
        "codec": "MP3",
        "bitrate": 32,
        "hls": 0,
        "lastcheckok": 1,
        "lastchecktime": "2023-04-08 10:35:11",
        "lastchecktime_iso8601": "2023-04-08T10:35:11Z",
        "lastcheckoktime": "2023-04-08 10:35:11",
        "lastcheckoktime_iso8601": "2023-04-08T10:35:11Z",
        "lastlocalchecktime": "2023-04-08 10:35:11",
        "lastlocalchecktime_iso8601": "2023-04-08T10:35:11Z",
        "clicktimestamp": "2023-04-07 07:44:10",
        "clicktimestamp_iso8601": "2023-04-07T07:44:10Z",
        "clickcount": 12,
        "clicktrend": -4,
        "ssl_error": 0,
        "geo_lat": 1.3294136358248143,
        "geo_long": 172.9795165642141,
        "has_extended_info": false
    }
]