[
    {
        "changeuuid": "d7da8f93-c68d-11e8-a498-52543be04c81",
        "stationuuid": "d7da8f81-c68d-11e8-a498-52543be04c81",
        "serveruuid": "6e014569-1309-4cc3-8ed8-19d7ca732488",
        "name": "Radio Domoni Inter",
        "url": "http://www.domoni-inter.org:8000/live",
        "url_resolved": "http://www.domoni-inter.org:8000/live",
        "homepage": "http://www.domoni-inter.org/",
        "favicon": "http://www.domoni-inter.org//images/favicon.png",
        "tags": "",
        "country": "The Comoros",
        "countrycode": "KM",
        "iso_3166_2": null,
        "state": "",
        "language": "",
        "languagecodes": "",
        "votes": 158,
        "lastchangetime": "2021-08-06 08:36:44",
        "lastchangetime_iso8601": "2021-08-06T08:36:44Z",
        "codec": "MP3",
        "bitrate": 96,
        "hls": 0,
        "lastcheckok": 1,
        "lastchecktime": "2023-04-08 14:11:16",
        "lastchecktime_iso8601": "2023-04-08T14:11:16Z",
        "lastcheckoktime": "2023-04-08 14:11:16",
        "lastcheckoktime_iso8601": "2023-04-08T14:11:16Z",
        "lastlocalchecktime": "2023-04-08 14:11:16",
        "lastlocalchecktime_iso8601": "2023-04-08T14:11:16Z",
        "clicktimestamp": "2023-04-08 11:01:03",
        "clicktimestamp_iso8601": "2023-04-08T11:01:03Z",
        "clickcount": 18,
        "clicktrend": -2,
        "ssl_error": 0,
        "geo_lat": null,
        "geo_long": null,
        "has_extended_info": false
    }
]