[
    {
        "changeuuid": "356bf50d-5670-4c22-891b-0db0556405d2",
        "stationuuid": "a1f15641-5778-11ea-be63-52543be04c81",
        "serveruuid": "69d242f0-6fad-4c1e-bd61-764f39229919",
        "name": "VON Radio",
        "url": "http://vonradio.streamon.fm:8000/vonradio-24k.aac?type=.mp3/;stream.mp3",
        "url_resolved": "http://ais-sa1.streamon.fm/7008_24k.aac?type=.mp3/",
        "homepage": "https://vonradio.com/",
        "favicon": "https://vonradio.com/wp-content/uploads/2019/02/logo-von-fav.png",
        "tags": "",
        "country": "Saint Kitts And Nevis",
        "countrycode": "KN",
        "iso_3166_2": null,
        "state": "",
        "language": "english",
        "languagecodes": "en",
        "votes": 412,
        "lastchangetime": "2022-07-01 22:07:39",
        "lastchangetime_iso8601": "2022-07-01T22:07:39Z",
        "codec": "AAC+",
        "bitrate": 25,
        "hls": 0,
        "lastcheckok": 1,
        "lastchecktime": "2023-04-07 19:16:33",
        "lastchecktime_iso8601": "2023-04-07T19:16:33Z",
        "lastcheckoktime": "2023-04-07 19:16:33",
        "lastcheckoktime_iso8601": "2023-04-07T19:16:33Z",
        "lastlocalchecktime": "2023-04-07 19:16:33",
        "lastlocalchecktime_iso8601": "2023-04-07T19:16:33Z",
        "clicktimestamp": "2023-04-08 07:59:23",
        "clicktimestamp_iso8601": "2023-04-08T07:59:23Z",
        "clickcount": 35,
        "clicktrend": 1,
        "ssl_error": 0,
        "geo_lat": null,
        "geo_long": null,
        "has_extended_info": false
    },
    {
        "changeuuid": "08b43b35-52c4-4eae-9e92-bde2d2939b17",
        "stationuuid": "13bb8871-5262-4549-83e7-4078bd3661cd",
        "serveruuid": "76de11df-c0da-4767-b7df-1b230895ec0b",
        "name": "Sugar City 90.3 FM",
        "url": "http://104.131.13.48:8000/radio.mp3",
        "url_resolved": "http://104.131.13.48:8000/radio.mp3",
        "homepage": "http://www.sugarcityfm.com/wp-content/uploads/2012/06/logo2.png",
        "favicon": "http://www.sugarcityfm.com/wp-content/uploads/2012/06/logo2.png",
        "tags": "",
        "country": "Saint Kitts And Nevis",
        "countrycode": "KN",
        "iso_3166_2": null,
        "state": "",
        "language": "",
        "languagecodes": "",
        "votes": 10,
        "lastchangetime": "2023-10-21 03:21:21",
        "lastchangetime_iso8601": "2023-10-21T03:21:21Z",
        "codec": "MP3",
        "bitrate": 128,
        "hls": 0,
        "lastcheckok": 1,
        "lastchecktime": "2023-11-07 04:41:22",
        "lastchecktime_iso8601": "2023-11-07T04:41:22Z",
        "lastcheckoktime": "2023-11-07 04:41:22",
        "lastcheckoktime_iso8601": "2023-11-07T04:41:22Z",
        "lastlocalchecktime": "2023-11-07 04:41:22",
        "lastlocalchecktime_iso8601": "2023-11-07T04:41:22Z",
        "clicktimestamp": "2023-11-07 09:11:44",
        "clicktimestamp_iso8601": "2023-11-07T09:11:44Z",
        "clickcount": 20,
        "clicktrend": 0,
        "ssl_error": 0,
        "geo_lat": null,
        "geo_long": null,
        "has_extended_info": false
    }
]