[
    {
        "changeuuid": "914a844d-cacb-4cfb-89a1-23528dbb65a7",
        "stationuuid": "2d8ae9e8-d207-44fe-8a35-196388626837",
        "serveruuid": "037df79f-da2e-4bc8-819b-4e3a491a3778",
        "name": "Pyongyang Radio FM",
        "url": "https://listen7.myradio24.com/69366",
        "url_resolved": "https://listen7.myradio24.com/69366",
        "homepage": "https://kfaspain.es/emisora-central-de-corea-pyongyang-fm/",
        "favicon": "https://kfaspain.es/wp-content/uploads/2022/01/KCBS-LOGO.png",
        "tags": "news music",
        "country": "The Democratic Peoples Republic Of Korea",
        "countrycode": "KP",
        "iso_3166_2": null,
        "state": "Pyongyang",
        "language": "spanish",
        "languagecodes": "es",
        "votes": 139,
        "lastchangetime": "2022-09-19 17:46:04",
        "lastchangetime_iso8601": "2022-09-19T17:46:04Z",
        "codec": "MP3",
        "bitrate": 128,
        "hls": 0,
        "lastcheckok": 1,
        "lastchecktime": "2023-04-08 12:41:51",
        "lastchecktime_iso8601": "2023-04-08T12:41:51Z",
        "lastcheckoktime": "2023-04-08 12:41:51",
        "lastcheckoktime_iso8601": "2023-04-08T12:41:51Z",
        "lastlocalchecktime": "2023-04-08 12:41:51",
        "lastlocalchecktime_iso8601": "2023-04-08T12:41:51Z",
        "clicktimestamp": "2023-04-08 10:50:58",
        "clicktimestamp_iso8601": "2023-04-08T10:50:58Z",
        "clickcount": 37,
        "clicktrend": 0,
        "ssl_error": 0,
        "geo_lat": 38.86991912631935,
        "geo_long": 125.826416015625,
        "has_extended_info": false
    },
    {
        "changeuuid": "91aaff6d-74f3-48bf-b012-9b0c27917bba",
        "stationuuid": "97de8d07-ad64-4115-8420-e890aebd93dc",
        "serveruuid": null,
        "name": "music & love24",
        "url": "http://musictour1.saycast.com/",
        "url_resolved": "http://nsc03.saycast.com:8342",
        "homepage": "http://musictour1.saycast.com/",
        "favicon": "",
        "tags": "pop",
        "country": "The Democratic Peoples Republic Of Korea",
        "countrycode": "KP",
        "iso_3166_2": null,
        "state": "",
        "language": "",
        "languagecodes": "",
        "votes": 81,
        "lastchangetime": "2022-09-05 12:21:51",
        "lastchangetime_iso8601": "2022-09-05T12:21:51Z",
        "codec": "MP3",
        "bitrate": 128,
        "hls": 0,
        "lastcheckok": 1,
        "lastchecktime": "2023-04-07 20:27:18",
        "lastchecktime_iso8601": "2023-04-07T20:27:18Z",
        "lastcheckoktime": "2023-04-07 20:27:18",
        "lastcheckoktime_iso8601": "2023-04-07T20:27:18Z",
        "lastlocalchecktime": "2023-04-07 19:40:51",
        "lastlocalchecktime_iso8601": "2023-04-07T19:40:51Z",
        "clicktimestamp": "2023-04-08 12:37:58",
        "clicktimestamp_iso8601": "2023-04-08T12:37:58Z",
        "clickcount": 30,
        "clicktrend": -1,
        "ssl_error": 0,
        "geo_lat": null,
        "geo_long": null,
        "has_extended_info": false
    },
    {
        "changeuuid": "97e6e457-5025-4282-a6c8-0c95d0bcb08d",
        "stationuuid": "be116145-ad80-4656-b45f-6e1ce4231ec5",
        "serveruuid": "8e77fb28-ca53-495a-a053-91a3cc785601",
        "name": "\ud3c9\uc591FM105.2",
        "url": "http://listen7.myradio24.com/69366",
        "url_resolved": "http://listen7.myradio24.com/69366",
        "homepage": "https://www.behindthecurtain-northkorea.com/audio-pyongyangfm",
        "favicon": "https://cdn.sao.fm/wp-content/uploads/20221103045439865.jpg",
        "tags": "105.2,105.2 fm,music",
        "country": "The Democratic Peoples Republic Of Korea",
        "countrycode": "KP",
        "iso_3166_2": null,
        "state": "Pyongyang",
        "language": "korean",
        "languagecodes": "ko",
        "votes": 76,
        "lastchangetime": "2022-11-19 04:52:36",
        "lastchangetime_iso8601": "2022-11-19T04:52:36Z",
        "codec": "MP3",
        "bitrate": 128,
        "hls": 0,
        "lastcheckok": 1,
        "lastchecktime": "2023-04-07 21:02:25",
        "lastchecktime_iso8601": "2023-04-07T21:02:25Z",
        "lastcheckoktime": "2023-04-07 21:02:25",
        "lastcheckoktime_iso8601": "2023-04-07T21:02:25Z",
        "lastlocalchecktime": "2023-04-07 21:02:25",
        "lastlocalchecktime_iso8601": "2023-04-07T21:02:25Z",
        "clicktimestamp": "2023-04-08 07:32:29",
        "clicktimestamp_iso8601": "2023-04-08T07:32:29Z",
        "clickcount": 19,
        "clicktrend": -3,
        "ssl_error": 0,
        "geo_lat": null,
        "geo_long": null,
        "has_extended_info": false
    },
    {
        "changeuuid": "3ed0ad8b-c5db-4cec-bf7e-00efdcd5cd6f",
        "stationuuid": "9cc87217-fc59-4335-a7d7-050407527f9a",
        "serveruuid": "037df79f-da2e-4bc8-819b-4e3a491a3778",
        "name": "Voice of Korea",
        "url": "https://listen7.myradio24.com/69366",
        "url_resolved": "https://listen7.myradio24.com/69366",
        "homepage": "http://www.vok.rep.kp/",
        "favicon": "",
        "tags": "music,news",
        "country": "The Democratic Peoples Republic Of Korea",
        "countrycode": "KP",
        "iso_3166_2": null,
        "state": "",
        "language": "",
        "languagecodes": "",
        "votes": 20,
        "lastchangetime": "2023-02-25 21:53:13",
        "lastchangetime_iso8601": "2023-02-25T21:53:13Z",
        "codec": "MP3",
        "bitrate": 128,
        "hls": 0,
        "lastcheckok": 1,
        "lastchecktime": "2023-04-08 12:36:18",
        "lastchecktime_iso8601": "2023-04-08T12:36:18Z",
        "lastcheckoktime": "2023-04-08 12:36:18",
        "lastcheckoktime_iso8601": "2023-04-08T12:36:18Z",
        "lastlocalchecktime": "2023-04-08 12:36:18",
        "lastlocalchecktime_iso8601": "2023-04-08T12:36:18Z",
        "clicktimestamp": "2023-04-08 08:59:51",
        "clicktimestamp_iso8601": "2023-04-08T08:59:51Z",
        "clickcount": 28,
        "clicktrend": -6,
        "ssl_error": 0,
        "geo_lat": 39.03650652220644,
        "geo_long": 125.75843937648436,
        "has_extended_info": false
    }
]