[
    {
        "changeuuid": "9e01376c-65bd-4b18-9ad8-b4bbab50cdc8",
        "stationuuid": "2687511a-043a-4193-9f7c-9dd502f6868b",
        "serveruuid": "a20176f3-78e3-4566-9463-25cd509ca657",
        "name": "\u0627\u0644\u0643\u0648\u064a\u062a - \u0627\u0644\u0628\u0631\u0646\u0627\u0645\u062c \u0627\u0644\u062b\u0627\u0646\u064a",
        "url": "https://montecarlodoualiya128k.ice.infomaniak.ch/mc-doualiya.mp3",
        "url_resolved": "https://montecarlodoualiya128k.ice.infomaniak.ch/mc-doualiya.mp3",
        "homepage": "https://media.gov.kw/LiveRadio.aspx?PanStation=Program2",
        "favicon": "https://media.gov.kw/assets/img/favicon.png",
        "tags": "mix",
        "country": "Kuwait",
        "countrycode": "KW",
        "iso_3166_2": null,
        "state": "",
        "language": "arabic",
        "languagecodes": "ar",
        "votes": 791,
        "lastchangetime": "2022-10-13 03:24:11",
        "lastchangetime_iso8601": "2022-10-13T03:24:11Z",
        "codec": "MP3",
        "bitrate": 128,
        "hls": 0,
        "lastcheckok": 1,
        "lastchecktime": "2023-04-08 13:54:55",
        "lastchecktime_iso8601": "2023-04-08T13:54:55Z",
        "lastcheckoktime": "2023-04-08 13:54:55",
        "lastcheckoktime_iso8601": "2023-04-08T13:54:55Z",
        "lastlocalchecktime": "2023-04-08 12:26:52",
        "lastlocalchecktime_iso8601": "2023-04-08T12:26:52Z",
        "clicktimestamp": "2023-04-08 13:53:56",
        "clicktimestamp_iso8601": "2023-04-08T13:53:56Z",
        "clickcount": 94,
        "clicktrend": -12,
        "ssl_error": 0,
        "geo_lat": null,
        "geo_long": null,
        "has_extended_info": false
    },
    {
        "changeuuid": "768b6d6c-6762-43e9-b450-7a9720eaea86",
        "stationuuid": "642747c8-d67b-4245-99c6-3e4710f57adb",
        "serveruuid": "b8442547-854f-406c-b871-e747fb9d6b40",
        "name": "Marina FM 90.4",
        "url": "http://31.14.40.102:8006/MarinaFM%2090.4.mp3",
        "url_resolved": "http://31.14.40.102:8006/MarinaFM%2090.4.mp3",
        "homepage": "http://www.marinafm.com/index.aspx",
        "favicon": "",
        "tags": "",
        "country": "Kuwait",
        "countrycode": "KW",
        "iso_3166_2": null,
        "state": "",
        "language": "arabic,english",
        "languagecodes": "ar,en",
        "votes": 388,
        "lastchangetime": "2022-08-09 12:20:06",
        "lastchangetime_iso8601": "2022-08-09T12:20:06Z",
        "codec": "AAC+",
        "bitrate": 48,
        "hls": 0,
        "lastcheckok": 1,
        "lastchecktime": "2023-04-08 10:43:33",
        "lastchecktime_iso8601": "2023-04-08T10:43:33Z",
        "lastcheckoktime": "2023-04-08 10:43:33",
        "lastcheckoktime_iso8601": "2023-04-08T10:43:33Z",
        "lastlocalchecktime": "2023-04-08 10:43:33",
        "lastlocalchecktime_iso8601": "2023-04-08T10:43:33Z",
        "clicktimestamp": "2023-04-08 13:02:38",
        "clicktimestamp_iso8601": "2023-04-08T13:02:38Z",
        "clickcount": 64,
        "clicktrend": -4,
        "ssl_error": 0,
        "geo_lat": 29.33941924007081,
        "geo_long": 48.06593656539918,
        "has_extended_info": false
    },
    {
        "changeuuid": "beeccb21-0f1a-4a4d-aa5e-3a69870fe827",
        "stationuuid": "74afb6bb-f4e2-46da-baf9-996e6d0ee81d",
        "serveruuid": "25e7b6e7-0919-4976-902a-1eeb10de4091",
        "name": "Radio One 89.5",
        "url": "https://hiplayer.hibridcdn.net/t/kwmedia-kwradio1.m3u8",
        "url_resolved": "https://hiplayer.hibridcdn.net/t/kwmedia-kwradio1.m3u8",
        "homepage": "https://media.gov.kw/LiveRadio.aspx?PanStation=MainProgram",
        "favicon": "https://media.gov.kw/assets/img/favicon.png",
        "tags": "mixed",
        "country": "Kuwait",
        "countrycode": "KW",
        "iso_3166_2": null,
        "state": "",
        "language": "arabic",
        "languagecodes": "ar",
        "votes": 200,
        "lastchangetime": "2023-01-08 18:17:42",
        "lastchangetime_iso8601": "2023-01-08T18:17:42Z",
        "codec": "UNKNOWN",
        "bitrate": 0,
        "hls": 1,
        "lastcheckok": 1,
        "lastchecktime": "2023-04-08 12:35:06",
        "lastchecktime_iso8601": "2023-04-08T12:35:06Z",
        "lastcheckoktime": "2023-04-08 12:35:06",
        "lastcheckoktime_iso8601": "2023-04-08T12:35:06Z",
        "lastlocalchecktime": "2023-04-07 20:42:02",
        "lastlocalchecktime_iso8601": "2023-04-07T20:42:02Z",
        "clicktimestamp": "2023-04-08 13:54:30",
        "clicktimestamp_iso8601": "2023-04-08T13:54:30Z",
        "clickcount": 46,
        "clicktrend": 2,
        "ssl_error": 0,
        "geo_lat": 29.362629932670124,
        "geo_long": 47.97273516654969,
        "has_extended_info": false
    },
    {
        "changeuuid": "b6aec023-3878-42e8-835a-6376c92fafc6",
        "stationuuid": "49b43cfd-4e36-4e08-8759-fa53314c25ad",
        "serveruuid": "25e7b6e7-0919-4976-902a-1eeb10de4091",
        "name": "Kuwait FM 103.7",
        "url": "https://hiplayer.hibridcdn.net/t/kwmedia-kwfm.m3u8",
        "url_resolved": "https://hiplayer.hibridcdn.net/t/kwmedia-kwfm.m3u8",
        "homepage": "https://media.gov.kw/LiveRadio.aspx?PanStation=kuwaitfm",
        "favicon": "https://media.gov.kw/assets/img/favicon.png",
        "tags": "mixed",
        "country": "Kuwait",
        "countrycode": "KW",
        "iso_3166_2": null,
        "state": "",
        "language": "arabic",
        "languagecodes": "ar",
        "votes": 186,
        "lastchangetime": "2022-10-13 09:13:47",
        "lastchangetime_iso8601": "2022-10-13T09:13:47Z",
        "codec": "UNKNOWN",
        "bitrate": 0,
        "hls": 1,
        "lastcheckok": 1,
        "lastchecktime": "2023-04-08 05:34:15",
        "lastchecktime_iso8601": "2023-04-08T05:34:15Z",
        "lastcheckoktime": "2023-04-08 05:34:15",
        "lastcheckoktime_iso8601": "2023-04-08T05:34:15Z",
        "lastlocalchecktime": "2023-04-07 20:02:25",
        "lastlocalchecktime_iso8601": "2023-04-07T20:02:25Z",
        "clicktimestamp": "2023-04-08 14:12:39",
        "clicktimestamp_iso8601": "2023-04-08T14:12:39Z",
        "clickcount": 60,
        "clicktrend": 0,
        "ssl_error": 0,
        "geo_lat": 29.36288458855575,
        "geo_long": 47.97272980213165,
        "has_extended_info": false
    },
    {
        "changeuuid": "4861af4d-6c95-4061-af08-32449b1b9dc2",
        "stationuuid": "7068fb03-1f0a-11e9-a80b-52543be04c81",
        "serveruuid": "53ccbdf6-7338-4519-9a1f-18361d275fd5",
        "name": "Al Rai TV",
        "url": "http://stream02.fasttelco.net/4/pub/asset/28/streams.m3u8",
        "url_resolved": "http://stream02.fasttelco.net/4/pub/asset/28/streams.m3u8",
        "homepage": "http://www.alraimedia.com/",
        "favicon": "",
        "tags": "",
        "country": "Kuwait",
        "countrycode": "KW",
        "iso_3166_2": null,
        "state": "Al Asimah",
        "language": "arabic",
        "languagecodes": "ar",
        "votes": 170,
        "lastchangetime": "2022-09-13 08:52:05",
        "lastchangetime_iso8601": "2022-09-13T08:52:05Z",
        "codec": "UNKNOWN",
        "bitrate": 250,
        "hls": 1,
        "lastcheckok": 1,
        "lastchecktime": "2023-04-08 02:32:09",
        "lastchecktime_iso8601": "2023-04-08T02:32:09Z",
        "lastcheckoktime": "2023-04-08 02:32:09",
        "lastcheckoktime_iso8601": "2023-04-08T02:32:09Z",
        "lastlocalchecktime": "2023-04-07 20:06:22",
        "lastlocalchecktime_iso8601": "2023-04-07T20:06:22Z",
        "clicktimestamp": "2023-04-07 21:10:38",
        "clicktimestamp_iso8601": "2023-04-07T21:10:38Z",
        "clickcount": 41,
        "clicktrend": -7,
        "ssl_error": 0,
        "geo_lat": null,
        "geo_long": null,
        "has_extended_info": false
    },
    {
        "changeuuid": "7491c1a1-07a0-4906-97da-a83e23134b6d",
        "stationuuid": "84b1eef1-6c7c-4e1f-bb00-2d5a877bf2cd",
        "serveruuid": "d0c36a0f-636b-4ec4-a4ad-2872cf6ea0c1",
        "name": "Quran Radio \u0631\u0627\u062f\u064a\u0648 \u0627\u0644\u0642\u0631\u0622\u0646 - Abdulbasit Abdulsamad - \u0639\u0628\u062f\u0627\u0644\u0628\u0627\u0633\u0637 \u0639\u0628\u062f\u0627\u0644\u0635\u0645\u062f",
        "url": "https://radio.naza.io:8000/radio.mp3",
        "url_resolved": "https://radio.naza.io:8000/radio.mp3",
        "homepage": "https://radio.naza.io/public/abdulbasit",
        "favicon": "https://radio.naza.io/static/uploads/abdulbasit/album_art.1678140863.png",
        "tags": "",
        "country": "Kuwait",
        "countrycode": "KW",
        "iso_3166_2": null,
        "state": "Kuwait City",
        "language": "arabic",
        "languagecodes": "ar",
        "votes": 127,
        "lastchangetime": "2023-03-06 22:50:04",
        "lastchangetime_iso8601": "2023-03-06T22:50:04Z",
        "codec": "MP3",
        "bitrate": 128,
        "hls": 0,
        "lastcheckok": 1,
        "lastchecktime": "2023-04-07 23:39:29",
        "lastchecktime_iso8601": "2023-04-07T23:39:29Z",
        "lastcheckoktime": "2023-04-07 23:39:29",
        "lastcheckoktime_iso8601": "2023-04-07T23:39:29Z",
        "lastlocalchecktime": "2023-04-07 14:27:47",
        "lastlocalchecktime_iso8601": "2023-04-07T14:27:47Z",
        "clicktimestamp": "2023-04-08 10:14:07",
        "clicktimestamp_iso8601": "2023-04-08T10:14:07Z",
        "clickcount": 160,
        "clicktrend": 1,
        "ssl_error": 0,
        "geo_lat": null,
        "geo_long": null,
        "has_extended_info": false
    },
    {
        "changeuuid": "323d9121-e225-4b95-8978-5c9b90b1242e",
        "stationuuid": "77490b9d-28c9-4b50-b7c2-03f9b8bb3e81",
        "serveruuid": "018cca7c-9e10-4207-8b25-328b5ef215b1",
        "name": "\u0627\u0630\u0627\u0639\u0629 \u0627\u0644\u0642\u0631\u0622\u0646 \u0627\u0644\u0643\u0631\u064a\u0645",
        "url": "http://stream.radiojar.com/0tpy1h0kxtzuv",
        "url_resolved": "http://n0c.radiojar.com/0tpy1h0kxtzuv?rj-ttl=5&rj-tok=AAABh2D-XAkA8TeHACsih1vToQ",
        "homepage": "",
        "favicon": "",
        "tags": "classical",
        "country": "Kuwait",
        "countrycode": "KW",
        "iso_3166_2": null,
        "state": "",
        "language": "",
        "languagecodes": "",
        "votes": 124,
        "lastchangetime": "2022-12-10 05:15:18",
        "lastchangetime_iso8601": "2022-12-10T05:15:18Z",
        "codec": "MP3",
        "bitrate": 0,
        "hls": 0,
        "lastcheckok": 1,
        "lastchecktime": "2023-04-08 13:04:22",
        "lastchecktime_iso8601": "2023-04-08T13:04:22Z",
        "lastcheckoktime": "2023-04-08 13:04:22",
        "lastcheckoktime_iso8601": "2023-04-08T13:04:22Z",
        "lastlocalchecktime": "2023-04-07 17:50:22",
        "lastlocalchecktime_iso8601": "2023-04-07T17:50:22Z",
        "clicktimestamp": "2023-04-08 13:03:28",
        "clicktimestamp_iso8601": "2023-04-08T13:03:28Z",
        "clickcount": 57,
        "clicktrend": -4,
        "ssl_error": 0,
        "geo_lat": null,
        "geo_long": null,
        "has_extended_info": false
    },
    {
        "changeuuid": "efb15d95-6e86-4fca-8e9f-a069d39d5f69",
        "stationuuid": "c88fa05f-fbfb-483e-8e73-81b3daf250e1",
        "serveruuid": "25e7b6e7-0919-4976-902a-1eeb10de4091",
        "name": "RK FM 99.7 (SuperStation)",
        "url": "https://hiplayer.hibridcdn.net/t/kwmedia-kwsuper.m3u8",
        "url_resolved": "https://hiplayer.hibridcdn.net/t/kwmedia-kwsuper.m3u8",
        "homepage": "https://media.gov.kw/LiveRadio.aspx?PanStation=Superstation",
        "favicon": "https://media.gov.kw/assets/img/favicon.png",
        "tags": "mixed,music,news",
        "country": "Kuwait",
        "countrycode": "KW",
        "iso_3166_2": null,
        "state": "",
        "language": "english",
        "languagecodes": "en",
        "votes": 102,
        "lastchangetime": "2023-01-11 13:34:20",
        "lastchangetime_iso8601": "2023-01-11T13:34:20Z",
        "codec": "UNKNOWN",
        "bitrate": 0,
        "hls": 1,
        "lastcheckok": 1,
        "lastchecktime": "2023-04-08 07:56:20",
        "lastchecktime_iso8601": "2023-04-08T07:56:20Z",
        "lastcheckoktime": "2023-04-08 07:56:20",
        "lastcheckoktime_iso8601": "2023-04-08T07:56:20Z",
        "lastlocalchecktime": "2023-04-07 18:22:51",
        "lastlocalchecktime_iso8601": "2023-04-07T18:22:51Z",
        "clicktimestamp": "2023-04-08 04:24:01",
        "clicktimestamp_iso8601": "2023-04-08T04:24:01Z",
        "clickcount": 25,
        "clicktrend": -1,
        "ssl_error": 0,
        "geo_lat": 29.362753681192068,
        "geo_long": 47.97267615795136,
        "has_extended_info": false
    },
    {
        "changeuuid": "cd791111-63f0-4579-9385-b95f7920dd8f",
        "stationuuid": "9a160139-fd2f-4765-bd3e-2a0fb9de8864",
        "serveruuid": "25e7b6e7-0919-4976-902a-1eeb10de4091",
        "name": "Easy 92.5",
        "url": "https://hiplayer.hibridcdn.net/t/kwmedia-kweasy.m3u8",
        "url_resolved": "https://hiplayer.hibridcdn.net/t/kwmedia-kweasy.m3u8",
        "homepage": "https://media.gov.kw/LiveRadio.aspx?PanStation=EasyFm",
        "favicon": "https://media.gov.kw/assets/img/favicon.png",
        "tags": "easy listening,instrumental,music",
        "country": "Kuwait",
        "countrycode": "KW",
        "iso_3166_2": null,
        "state": "",
        "language": "",
        "languagecodes": "",
        "votes": 91,
        "lastchangetime": "2022-10-12 23:49:07",
        "lastchangetime_iso8601": "2022-10-12T23:49:07Z",
        "codec": "UNKNOWN",
        "bitrate": 0,
        "hls": 1,
        "lastcheckok": 1,
        "lastchecktime": "2023-04-08 07:35:55",
        "lastchecktime_iso8601": "2023-04-08T07:35:55Z",
        "lastcheckoktime": "2023-04-08 07:35:55",
        "lastcheckoktime_iso8601": "2023-04-08T07:35:55Z",
        "lastlocalchecktime": "2023-04-07 16:44:30",
        "lastlocalchecktime_iso8601": "2023-04-07T16:44:30Z",
        "clicktimestamp": "2023-04-08 04:23:56",
        "clicktimestamp_iso8601": "2023-04-08T04:23:56Z",
        "clickcount": 34,
        "clicktrend": -1,
        "ssl_error": 0,
        "geo_lat": 29.36266733483665,
        "geo_long": 47.97269225120544,
        "has_extended_info": false
    },
    {
        "changeuuid": "6ac38e5f-9b7d-4356-b00e-3014cdef5360",
        "stationuuid": "ec507dd3-a984-4dab-896f-f3ab970a5b53",
        "serveruuid": "de35b876-74d4-4367-85c5-cf704c7b0b20",
        "name": "Quran Radio \u0631\u0627\u062f\u064a\u0648 \u0627\u0644\u0642\u0631\u0622\u0646 - Maher Al Mueaqly - \u0645\u0627\u0647\u0631 \u0627\u0644\u0645\u0639\u064a\u0642\u0644\u064a",
        "url": "https://radio.naza.io:8020/radio.mp3",
        "url_resolved": "https://radio.naza.io:8020/radio.mp3",
        "homepage": "https://radio.naza.io/public/maher",
        "favicon": "https://radio.naza.io/api/station/4/art/ae47ea7c11c102456e3a651d-1678157914.jpg",
        "tags": "quran,\u0627\u0644\u0642\u0631\u0622\u0646,\u0627\u0644\u0642\u0631\u0622\u0646 \u0627\u0644\u0643\u0631\u064a\u0645,\u0627\u0644\u0643\u0648\u064a\u062a",
        "country": "Kuwait",
        "countrycode": "KW",
        "iso_3166_2": null,
        "state": "Kuwait City",
        "language": "arabic",
        "languagecodes": "ar",
        "votes": 87,
        "lastchangetime": "2023-03-07 05:02:32",
        "lastchangetime_iso8601": "2023-03-07T05:02:32Z",
        "codec": "MP3",
        "bitrate": 128,
        "hls": 0,
        "lastcheckok": 1,
        "lastchecktime": "2023-04-08 05:34:15",
        "lastchecktime_iso8601": "2023-04-08T05:34:15Z",
        "lastcheckoktime": "2023-04-08 05:34:15",
        "lastcheckoktime_iso8601": "2023-04-08T05:34:15Z",
        "lastlocalchecktime": "2023-04-07 19:32:12",
        "lastlocalchecktime_iso8601": "2023-04-07T19:32:12Z",
        "clicktimestamp": "2023-04-08 14:01:57",
        "clicktimestamp_iso8601": "2023-04-08T14:01:57Z",
        "clickcount": 64,
        "clicktrend": 3,
        "ssl_error": 0,
        "geo_lat": 29.37834574121552,
        "geo_long": 47.99034118652344,
        "has_extended_info": false
    },
    {
        "changeuuid": "f0c916ec-38ba-473c-9200-71a13c20328d",
        "stationuuid": "7981abce-d7ac-4f74-8245-db92a8eeb438",
        "serveruuid": "23d8178f-4867-4d3b-ad10-8599a46ec7bb",
        "name": "\u062a\u0641\u0633\u064a\u0631 \u0628\u0646 \u0639\u062b\u064a\u0645\u064a\u0646 \u0631\u062d\u0645\u0647 \u0627\u0644\u0644\u0647",
        "url": "https://qurango.net/radio/tafseer",
        "url_resolved": "https://qurango.net/radio/tafseer",
        "homepage": "",
        "favicon": "",
        "tags": "classical",
        "country": "Kuwait",
        "countrycode": "KW",
        "iso_3166_2": null,
        "state": "",
        "language": "",
        "languagecodes": "",
        "votes": 82,
        "lastchangetime": "2022-12-06 07:04:18",
        "lastchangetime_iso8601": "2022-12-06T07:04:18Z",
        "codec": "MP3",
        "bitrate": 128,
        "hls": 0,
        "lastcheckok": 1,
        "lastchecktime": "2023-04-07 19:08:11",
        "lastchecktime_iso8601": "2023-04-07T19:08:11Z",
        "lastcheckoktime": "2023-04-07 19:08:11",
        "lastcheckoktime_iso8601": "2023-04-07T19:08:11Z",
        "lastlocalchecktime": "2023-04-07 19:08:11",
        "lastlocalchecktime_iso8601": "2023-04-07T19:08:11Z",
        "clicktimestamp": "2023-04-08 13:03:24",
        "clicktimestamp_iso8601": "2023-04-08T13:03:24Z",
        "clickcount": 35,
        "clicktrend": 3,
        "ssl_error": 0,
        "geo_lat": null,
        "geo_long": null,
        "has_extended_info": false
    },
    {
        "changeuuid": "2ca49537-a262-43c2-b596-419f80f1b5f4",
        "stationuuid": "a209b64a-18a0-437e-94cd-9b4201f9da49",
        "serveruuid": "283757fe-3b68-403d-82a8-4de50c9d301b",
        "name": "Quran Radio \u0631\u0627\u062f\u064a\u0648 \u0627\u0644\u0642\u0631\u0622\u0646 - Mishary Alafasy - \u0645\u0634\u0627\u0631\u064a \u0627\u0644\u0639\u0641\u0627\u0633\u064a",
        "url": "https://radio.naza.io:8030/radio.mp3",
        "url_resolved": "https://radio.naza.io:8030/radio.mp3",
        "homepage": "https://radio.naza.io/public/mishary",
        "favicon": "https://radio.naza.io/api/station/5/art/6904f3012a71765fcec7df0e-1678167692.jpg",
        "tags": "kuwait,quran,\u0627\u0644\u0642\u0631\u0622\u0646,\u0627\u0644\u0642\u0631\u0622\u0646 \u0627\u0644\u0643\u0631\u064a\u0645,\u0627\u0644\u0643\u0648\u064a\u062a",
        "country": "Kuwait",
        "countrycode": "KW",
        "iso_3166_2": null,
        "state": "Kuwait City",
        "language": "arabic,\u0639\u0631\u0628\u064a",
        "languagecodes": "ar",
        "votes": 78,
        "lastchangetime": "2023-03-08 06:06:08",
        "lastchangetime_iso8601": "2023-03-08T06:06:08Z",
        "codec": "MP3",
        "bitrate": 128,
        "hls": 0,
        "lastcheckok": 1,
        "lastchecktime": "2023-04-08 07:00:34",
        "lastchecktime_iso8601": "2023-04-08T07:00:34Z",
        "lastcheckoktime": "2023-04-08 07:00:34",
        "lastcheckoktime_iso8601": "2023-04-08T07:00:34Z",
        "lastlocalchecktime": "2023-04-07 20:12:41",
        "lastlocalchecktime_iso8601": "2023-04-07T20:12:41Z",
        "clicktimestamp": "2023-04-08 10:11:45",
        "clicktimestamp_iso8601": "2023-04-08T10:11:45Z",
        "clickcount": 73,
        "clicktrend": -6,
        "ssl_error": 0,
        "geo_lat": 29.3749351433405,
        "geo_long": 47.99016952514648,
        "has_extended_info": false
    },
    {
        "changeuuid": "101cd2d0-8369-4557-8e8d-a572aa956acc",
        "stationuuid": "59f64702-da89-41c0-92db-7b9664d21e9e",
        "serveruuid": "247ed332-f2e2-462c-af16-566291dcafd5",
        "name": "Quran Radio \u0631\u0627\u062f\u064a\u0648 \u0627\u0644\u0642\u0631\u0622\u0646 - Kuwait \u0627\u0644\u0643\u0648\u064a\u062a",
        "url": "https://radio.naza.io:8010/radio.mp3",
        "url_resolved": "https://radio.naza.io:8010/radio.mp3",
        "homepage": "https://radio.naza.io/public/quran_radio",
        "favicon": "https://radio.naza.io/static/uploads/quran_radio/album_art.1678141920.png",
        "tags": "islam,islamic,kuwait,quran,\u0627\u0644\u0642\u0631\u0622\u0646,\u0627\u0644\u0642\u0631\u0622\u0646 \u0627\u0644\u0643\u0631\u064a\u0645,\u0627\u0644\u0643\u0648\u064a\u062a",
        "country": "Kuwait",
        "countrycode": "KW",
        "iso_3166_2": null,
        "state": "Kuwait City",
        "language": "",
        "languagecodes": "",
        "votes": 77,
        "lastchangetime": "2023-03-06 22:51:52",
        "lastchangetime_iso8601": "2023-03-06T22:51:52Z",
        "codec": "MP3",
        "bitrate": 128,
        "hls": 0,
        "lastcheckok": 1,
        "lastchecktime": "2023-04-08 10:46:43",
        "lastchecktime_iso8601": "2023-04-08T10:46:43Z",
        "lastcheckoktime": "2023-04-08 10:46:43",
        "lastcheckoktime_iso8601": "2023-04-08T10:46:43Z",
        "lastlocalchecktime": "2023-04-08 10:46:43",
        "lastlocalchecktime_iso8601": "2023-04-08T10:46:43Z",
        "clicktimestamp": "2023-04-08 10:12:45",
        "clicktimestamp_iso8601": "2023-04-08T10:12:45Z",
        "clickcount": 64,
        "clicktrend": 4,
        "ssl_error": 0,
        "geo_lat": 29.36996860287964,
        "geo_long": 47.998580932617195,
        "has_extended_info": false
    },
    {
        "changeuuid": "47e7eb9b-c466-4197-bdaf-068a05d7fc5c",
        "stationuuid": "4f630c96-84e7-4609-a821-f40b305392c3",
        "serveruuid": "8fa8c507-118e-43c6-afe9-400d02dda0fa",
        "name": "Quran Radio \u0631\u0627\u062f\u064a\u0648 \u0627\u0644\u0642\u0631\u0622\u0646 - Saud Al-Shuraim \u0633\u0639\u0648\u062f \u0627\u0644\u0634\u0631\u064a\u0645",
        "url": "https://radio.naza.io:8050/radio.mp3",
        "url_resolved": "https://radio.naza.io:8050/radio.mp3",
        "homepage": "https://radio.naza.io/public/alshuraim",
        "favicon": "https://radio.naza.io/api/station/7/art/73acb5fa4ba679a1e72a6b71-1678174338.jpg",
        "tags": "kuwait,quran,\u0627\u0644\u0642\u0631\u0622\u0646,\u0627\u0644\u0642\u0631\u0622\u0646 \u0627\u0644\u0643\u0631\u064a\u0645,\u0627\u0644\u0643\u0648\u064a\u062a",
        "country": "Kuwait",
        "countrycode": "KW",
        "iso_3166_2": null,
        "state": "Kuwait City",
        "language": "arabic,\u0627\u0644\u0639\u0631\u0628\u064a\u0629",
        "languagecodes": "ar",
        "votes": 68,
        "lastchangetime": "2023-03-08 06:33:04",
        "lastchangetime_iso8601": "2023-03-08T06:33:04Z",
        "codec": "MP3",
        "bitrate": 128,
        "hls": 0,
        "lastcheckok": 1,
        "lastchecktime": "2023-04-08 07:46:13",
        "lastchecktime_iso8601": "2023-04-08T07:46:13Z",
        "lastcheckoktime": "2023-04-08 07:46:13",
        "lastcheckoktime_iso8601": "2023-04-08T07:46:13Z",
        "lastlocalchecktime": "2023-04-07 17:22:03",
        "lastlocalchecktime_iso8601": "2023-04-07T17:22:03Z",
        "clicktimestamp": "2023-04-08 13:02:54",
        "clicktimestamp_iso8601": "2023-04-08T13:02:54Z",
        "clickcount": 172,
        "clicktrend": 2,
        "ssl_error": 0,
        "geo_lat": 29.38462815619797,
        "geo_long": 47.98961162567139,
        "has_extended_info": false
    },
    {
        "changeuuid": "fa824597-5df7-466f-9278-7558393a3a38",
        "stationuuid": "cb1af42a-377a-4e7c-ab6b-8c7f14b98dd2",
        "serveruuid": "3a347048-37fb-4fea-8dcb-4a69650d4f14",
        "name": "Quran Radio \u0631\u0627\u062f\u064a\u0648 \u0627\u0644\u0642\u0631\u0622\u0646 - Ali Al-Hudhaifi - \u0639\u0644\u064a \u0627\u0644\u062d\u0630\u064a\u0641\u064a",
        "url": "https://radio.naza.io:8040/radio.mp3",
        "url_resolved": "https://radio.naza.io:8040/radio.mp3",
        "homepage": "https://radio.naza.io/public/alhuthaifi",
        "favicon": "https://radio.naza.io/api/station/6/art/24428bef35870d113637b03b-1678252444.jpg",
        "tags": "islam,kuwait,quran,\u0627\u0644\u0642\u0631\u0622\u0646,\u0627\u0644\u0642\u0631\u0622\u0646 \u0627\u0644\u0643\u0631\u064a\u0645,\u0627\u0644\u0643\u0648\u064a\u062a",
        "country": "Kuwait",
        "countrycode": "KW",
        "iso_3166_2": null,
        "state": "Kuwait City",
        "language": "arabic,\u0627\u0644\u0639\u0631\u0628\u064a\u0629,\u0639\u0631\u0628\u064a",
        "languagecodes": "ar",
        "votes": 53,
        "lastchangetime": "2023-03-08 06:22:54",
        "lastchangetime_iso8601": "2023-03-08T06:22:54Z",
        "codec": "MP3",
        "bitrate": 128,
        "hls": 0,
        "lastcheckok": 1,
        "lastchecktime": "2023-04-08 07:35:55",
        "lastchecktime_iso8601": "2023-04-08T07:35:55Z",
        "lastcheckoktime": "2023-04-08 07:35:55",
        "lastcheckoktime_iso8601": "2023-04-08T07:35:55Z",
        "lastlocalchecktime": "2023-04-07 15:42:46",
        "lastlocalchecktime_iso8601": "2023-04-07T15:42:46Z",
        "clicktimestamp": "2023-04-08 10:12:20",
        "clicktimestamp_iso8601": "2023-04-08T10:12:20Z",
        "clickcount": 80,
        "clicktrend": 1,
        "ssl_error": 0,
        "geo_lat": 29.379228305212497,
        "geo_long": 47.990598678588874,
        "has_extended_info": false
    },
    {
        "changeuuid": "38583b6b-cee6-49c7-abcb-4da903d95633",
        "stationuuid": "b9f30d35-8c5f-4043-9371-2d5d59a0f431",
        "serveruuid": "5e4787d7-ff4c-45aa-a564-0d20666890ce",
        "name": "Quran Radio \u0631\u0627\u062f\u064a\u0648 \u0627\u0644\u0642\u0631\u0622\u0646 - Abdulrahman Alsudais - \u0639\u0628\u062f\u0627\u0644\u0631\u062d\u0645\u0646 \u0627\u0644\u0633\u062f\u064a\u0633",
        "url": "https://radio.naza.io:8070/radio.mp3",
        "url_resolved": "https://radio.naza.io:8070/radio.mp3",
        "homepage": "https://radio.naza.io/public/sudais",
        "favicon": "https://radio.naza.io/static/uploads/browser_icon/120.1678086156.png",
        "tags": "quran,quran kareem,\u0627\u0644\u0642\u0631\u0622\u0646,\u0627\u0644\u0642\u0631\u0622\u0646 \u0627\u0644\u0643\u0631\u064a\u0645",
        "country": "Kuwait",
        "countrycode": "KW",
        "iso_3166_2": null,
        "state": "Kuwait City",
        "language": "arabic",
        "languagecodes": "ar",
        "votes": 140,
        "lastchangetime": "2023-04-19 05:10:38",
        "lastchangetime_iso8601": "2023-04-19T05:10:38Z",
        "codec": "MP3",
        "bitrate": 128,
        "hls": 0,
        "lastcheckok": 1,
        "lastchecktime": "2023-07-09 04:38:57",
        "lastchecktime_iso8601": "2023-07-09T04:38:57Z",
        "lastcheckoktime": "2023-07-09 04:38:57",
        "lastcheckoktime_iso8601": "2023-07-09T04:38:57Z",
        "lastlocalchecktime": "2023-07-08 20:53:40",
        "lastlocalchecktime_iso8601": "2023-07-08T20:53:40Z",
        "clicktimestamp": "2023-07-09 06:03:23",
        "clicktimestamp_iso8601": "2023-07-09T06:03:23Z",
        "clickcount": 37,
        "clicktrend": 1,
        "ssl_error": 0,
        "geo_lat": 29.374276938863552,
        "geo_long": 47.99411773681641,
        "has_extended_info": false
    },
    {
        "changeuuid": "e84b5ccf-2c37-4ac2-8ebe-6719401dc414",
        "stationuuid": "b7ad144c-6531-4db7-bfa0-cbc2c329aa66",
        "serveruuid": "da345170-1e09-4b39-a23f-0296d94eebf0",
        "name": "Quran Radio \u0631\u0627\u062f\u064a\u0648 \u0627\u0644\u0642\u0631\u0622\u0646 - Yasser AlDosari - \u064a\u0627\u0633\u0631 \u0627\u0644\u062f\u0648\u0633\u0631\u064a",
        "url": "https://radio.naza.io:8060/radio.mp3",
        "url_resolved": "https://radio.naza.io:8060/radio.mp3",
        "homepage": "https://radio.naza.io/public/yaser",
        "favicon": "https://radio.naza.io/api/station/8/art/3c98d717fb5a1a0176d42d6a-1681090949.jpg",
        "tags": "quran,quran kareem,\u0627\u0644\u0642\u0631\u0622\u0646,\u0627\u0644\u0642\u0631\u0622\u0646 \u0627\u0644\u0643\u0631\u064a\u0645,\u0642\u0631\u0627\u0646 \u0643\u0631\u064a\u0645",
        "country": "Kuwait",
        "countrycode": "KW",
        "iso_3166_2": null,
        "state": "Kuwait City",
        "language": "arabic",
        "languagecodes": "ar",
        "votes": 94,
        "lastchangetime": "2023-04-10 02:05:37",
        "lastchangetime_iso8601": "2023-04-10T02:05:37Z",
        "codec": "MP3",
        "bitrate": 128,
        "hls": 0,
        "lastcheckok": 1,
        "lastchecktime": "2023-07-09 05:49:53",
        "lastchecktime_iso8601": "2023-07-09T05:49:53Z",
        "lastcheckoktime": "2023-07-09 05:49:53",
        "lastcheckoktime_iso8601": "2023-07-09T05:49:53Z",
        "lastlocalchecktime": "2023-07-09 05:49:53",
        "lastlocalchecktime_iso8601": "2023-07-09T05:49:53Z",
        "clicktimestamp": "2023-07-09 12:00:13",
        "clicktimestamp_iso8601": "2023-07-09T12:00:13Z",
        "clickcount": 34,
        "clicktrend": 0,
        "ssl_error": 0,
        "geo_lat": 29.375862602741098,
        "geo_long": 47.992315292358406,
        "has_extended_info": false
    },
    {
        "changeuuid": "5eab90de-817d-47bf-9820-6ce6d19eda37",
        "stationuuid": "2b36e6a7-e5e5-4add-9aed-ca65e22340d1",
        "serveruuid": "2c0ed398-0986-4fa0-af5e-572707f2ced6",
        "name": "Quran Recitation by Sheikh Abdulbasit",
        "url": "https://server03.quran.com.kw:7000/;*.mp3",
        "url_resolved": "https://server03.quran.com.kw:7000/;*.mp3",
        "homepage": "https://en.quran.com.kw/al-mushaf-al-murattal-by-sheikh-abdulbasit/",
        "favicon": "https://en.quran.com.kw/wp-content/uploads/abdulbasit-abdulsamad.jpg",
        "tags": "abdulbasit,quran,recitation,\u0627\u0644\u0642\u0631\u0622\u0646 \u0627\u0644\u0643\u0631\u064a\u0645,\u0627\u0644\u0645\u0635\u062d\u0641 \u0627\u0644\u0645\u0631\u062a\u0644,\u0645\u062d\u0645\u062f \u0635\u062f\u064a\u0642 \u0627\u0644\u0645\u0646\u0634\u0627\u0648\u064a",
        "country": "Kuwait",
        "countrycode": "KW",
        "iso_3166_2": null,
        "state": "",
        "language": "arabic,english",
        "languagecodes": "ar,en",
        "votes": 93,
        "lastchangetime": "2023-05-14 10:43:01",
        "lastchangetime_iso8601": "2023-05-14T10:43:01Z",
        "codec": "MP3",
        "bitrate": 128,
        "hls": 0,
        "lastcheckok": 1,
        "lastchecktime": "2023-07-09 12:08:23",
        "lastchecktime_iso8601": "2023-07-09T12:08:23Z",
        "lastcheckoktime": "2023-07-09 12:08:23",
        "lastcheckoktime_iso8601": "2023-07-09T12:08:23Z",
        "lastlocalchecktime": "2023-07-09 03:23:57",
        "lastlocalchecktime_iso8601": "2023-07-09T03:23:57Z",
        "clicktimestamp": "2023-07-09 12:39:45",
        "clicktimestamp_iso8601": "2023-07-09T12:39:45Z",
        "clickcount": 45,
        "clicktrend": -1,
        "ssl_error": 0,
        "geo_lat": null,
        "geo_long": null,
        "has_extended_info": false
    },
    {
        "changeuuid": "162b4a4b-4dde-4735-bbc0-225bfdd118b2",
        "stationuuid": "084efb5f-d92b-49d5-8761-607c2b37596a",
        "serveruuid": "ad69812f-494e-4c6d-ae29-15df04a98284",
        "name": "Quran Radio \u0631\u0627\u062f\u064a\u0648 \u0627\u0644\u0642\u0631\u0622\u0646 - Mohammad Refat \u0645\u062d\u0645\u062f \u0631\u0641\u0639\u062a",
        "url": "https://radio.naza.io:8090/radio.mp3",
        "url_resolved": "https://radio.naza.io:8090/radio.mp3",
        "homepage": "https://radio.naza.io/public/refaat",
        "favicon": "https://radio.naza.io/api/station/10/art/f5f62a717d53cde0d4b9bf90-1682105002.jpg",
        "tags": "alquran,quran,\u0627\u0644\u0633\u0639\u0648\u062f\u064a\u0647,\u0627\u0644\u0642\u0631\u0622\u0646,\u0627\u0644\u0642\u0631\u0622\u0646 \u0627\u0644\u0643\u0631\u064a\u0645,\u0627\u0644\u0643\u0648\u064a\u062a,\u0645\u062d\u0645\u062f \u0631\u0641\u0639\u062a,\u0645\u0635\u0631",
        "country": "Kuwait",
        "countrycode": "KW",
        "iso_3166_2": null,
        "state": "Kuwait City",
        "language": "arabic,\u0627\u0644\u0639\u0631\u0628\u064a\u0629,\u0639\u0631\u0628\u064a",
        "languagecodes": "ar",
        "votes": 78,
        "lastchangetime": "2023-04-21 19:43:16",
        "lastchangetime_iso8601": "2023-04-21T19:43:16Z",
        "codec": "MP3",
        "bitrate": 128,
        "hls": 0,
        "lastcheckok": 1,
        "lastchecktime": "2023-07-09 05:45:44",
        "lastchecktime_iso8601": "2023-07-09T05:45:44Z",
        "lastcheckoktime": "2023-07-09 05:45:44",
        "lastcheckoktime_iso8601": "2023-07-09T05:45:44Z",
        "lastlocalchecktime": "2023-07-09 05:45:44",
        "lastlocalchecktime_iso8601": "2023-07-09T05:45:44Z",
        "clicktimestamp": "2023-07-09 03:32:47",
        "clicktimestamp_iso8601": "2023-07-09T03:32:47Z",
        "clickcount": 35,
        "clicktrend": 0,
        "ssl_error": 0,
        "geo_lat": 29.37308019918707,
        "geo_long": 47.99274444580079,
        "has_extended_info": false
    },
    {
        "changeuuid": "3aa7968b-b76a-4141-97b6-225666d60c32",
        "stationuuid": "f1c3f53d-f648-4b00-bb1f-4927a78a5342",
        "serveruuid": "2c0ed398-0986-4fa0-af5e-572707f2ced6",
        "name": "Quran Recitation by Sheikh Abdulbasit",
        "url": "https://server03.quran.com.kw:7000/;*.mp3",
        "url_resolved": "https://server03.quran.com.kw:7000/;*.mp3",
        "homepage": "https://en.quran.com.kw/al-mushaf-al-murattal-by-sheikh-abdulbasit/",
        "favicon": "https://en.quran.com.kw/favicon.ico",
        "tags": "quran,\u0627\u0644\u0642\u0631\u0622\u0646 \u0627\u0644\u0643\u0631\u064a\u0645,\u0642\u0631\u0622\u0646",
        "country": "Kuwait",
        "countrycode": "KW",
        "iso_3166_2": null,
        "state": "",
        "language": "arabic",
        "languagecodes": "ar",
        "votes": 31,
        "lastchangetime": "2023-07-05 08:31:28",
        "lastchangetime_iso8601": "2023-07-05T08:31:28Z",
        "codec": "MP3",
        "bitrate": 128,
        "hls": 0,
        "lastcheckok": 1,
        "lastchecktime": "2023-07-09 08:55:07",
        "lastchecktime_iso8601": "2023-07-09T08:55:07Z",
        "lastcheckoktime": "2023-07-09 08:55:07",
        "lastcheckoktime_iso8601": "2023-07-09T08:55:07Z",
        "lastlocalchecktime": "2023-07-09 04:43:25",
        "lastlocalchecktime_iso8601": "2023-07-09T04:43:25Z",
        "clicktimestamp": "2023-07-08 21:22:09",
        "clicktimestamp_iso8601": "2023-07-08T21:22:09Z",
        "clickcount": 41,
        "clicktrend": -3,
        "ssl_error": 0,
        "geo_lat": null,
        "geo_long": null,
        "has_extended_info": false
    },
    {
        "changeuuid": "9852ab6e-6568-4a84-80e1-a89038da6acb",
        "stationuuid": "470e73ea-2911-4f56-ba04-2e124f03a754",
        "serveruuid": "7ddf46b7-8a07-409d-9292-61ab9012cc14",
        "name": "Quran Radio \u0631\u0627\u062f\u064a\u0648 \u0627\u0644\u0642\u0631\u0622\u0646 - Abdulbasit Abdulsamad - \u0639\u0628\u062f\u0627\u0644\u0628\u0627\u0633\u0637 \u0639\u0628\u062f\u0627\u0644\u0635\u0645\u062f",
        "url": "https://radio.naza.io/listen/abdulbasit/radio.mp3",
        "url_resolved": "https://radio.naza.io/listen/abdulbasit/radio.mp3",
        "homepage": "https://radio.naza.io/public/abdulbasit",
        "favicon": "https://radio.naza.io/api/station/3/art/722222ab42e26c85b92bb8c6-1678140358.jpg",
        "tags": "quran,\u0627\u0630\u0627\u0639\u0629 \u0627\u0644\u0642\u0631\u0622\u0646,\u0627\u0644\u0642\u0631\u0622\u0646,\u0627\u0644\u0642\u0631\u0622\u0646 \u0627\u0644\u0643\u0631\u064a\u0645,\u0639\u0628\u062f\u0627\u0644\u0628\u0627\u0633\u0637 \u0639\u0628\u062f\u0627\u0644\u0635\u0645\u062f",
        "country": "Kuwait",
        "countrycode": "KW",
        "iso_3166_2": null,
        "state": "Kuwait City",
        "language": "arabic,\u0627\u0644\u0639\u0631\u0628\u064a\u0629",
        "languagecodes": "ar",
        "votes": 60,
        "lastchangetime": "2023-08-05 21:52:12",
        "lastchangetime_iso8601": "2023-08-05T21:52:12Z",
        "codec": "MP3",
        "bitrate": 128,
        "hls": 0,
        "lastcheckok": 1,
        "lastchecktime": "2023-09-03 11:24:58",
        "lastchecktime_iso8601": "2023-09-03T11:24:58Z",
        "lastcheckoktime": "2023-09-03 11:24:58",
        "lastcheckoktime_iso8601": "2023-09-03T11:24:58Z",
        "lastlocalchecktime": "2023-09-03 11:24:58",
        "lastlocalchecktime_iso8601": "2023-09-03T11:24:58Z",
        "clicktimestamp": "2023-09-03 12:49:21",
        "clicktimestamp_iso8601": "2023-09-03T12:49:21Z",
        "clickcount": 55,
        "clicktrend": -3,
        "ssl_error": 0,
        "geo_lat": 29.370686677626203,
        "geo_long": 47.97901153564453,
        "has_extended_info": false
    },
    {
        "changeuuid": "3ab707e2-8f29-4beb-b27b-fb351b3ac3c6",
        "stationuuid": "66f635bb-c69a-4cb4-8a2a-0479baffc00d",
        "serveruuid": "7ddf46b7-8a07-409d-9292-61ab9012cc14",
        "name": "Quran Radio \u0631\u0627\u062f\u064a\u0648 \u0627\u0644\u0642\u0631\u0622\u0646 - Saud Al-Shuraim \u0633\u0639\u0648\u062f \u0627\u0644\u0634\u0631\u064a\u0645",
        "url": "https://radio.naza.io/listen/alshuraim/radio.mp3",
        "url_resolved": "https://radio.naza.io/listen/alshuraim/radio.mp3",
        "homepage": "https://radio.naza.io/public/alshuraim",
        "favicon": "https://radio.naza.io/api/station/7/art/7a30d84e9dbdc2414d2527a9-1678259249.jpg",
        "tags": "quran,\u0627\u0630\u0627\u0639\u0629 \u0627\u0644\u0642\u0631\u0622\u0646,\u0627\u0644\u0642\u0631\u0622\u0646,\u0627\u0644\u0642\u0631\u0622\u0646 \u0627\u0644\u0643\u0631\u064a\u0645,\u0633\u0639\u0648\u062f \u0627\u0644\u0634\u0631\u064a\u0645",
        "country": "Kuwait",
        "countrycode": "KW",
        "iso_3166_2": null,
        "state": "Kuwait City",
        "language": "arabic,\u0627\u0644\u0639\u0631\u0628\u064a\u0629",
        "languagecodes": "ar",
        "votes": 58,
        "lastchangetime": "2023-08-05 22:34:35",
        "lastchangetime_iso8601": "2023-08-05T22:34:35Z",
        "codec": "MP3",
        "bitrate": 128,
        "hls": 0,
        "lastcheckok": 1,
        "lastchecktime": "2023-09-03 07:25:08",
        "lastchecktime_iso8601": "2023-09-03T07:25:08Z",
        "lastcheckoktime": "2023-09-03 07:25:08",
        "lastcheckoktime_iso8601": "2023-09-03T07:25:08Z",
        "lastlocalchecktime": "2023-09-03 07:25:08",
        "lastlocalchecktime_iso8601": "2023-09-03T07:25:08Z",
        "clicktimestamp": "2023-09-03 12:18:25",
        "clicktimestamp_iso8601": "2023-09-03T12:18:25Z",
        "clickcount": 102,
        "clicktrend": 0,
        "ssl_error": 0,
        "geo_lat": 29.372840853215617,
        "geo_long": 47.97060012817383,
        "has_extended_info": false
    },
    {
        "changeuuid": "a41a5d0b-7165-42fe-88f1-6aa176cbac15",
        "stationuuid": "5a987a81-1878-4282-b2e5-bbf7955d8c34",
        "serveruuid": "7ddf46b7-8a07-409d-9292-61ab9012cc14",
        "name": "Quran Radio \u0631\u0627\u062f\u064a\u0648 \u0627\u0644\u0642\u0631\u0622\u0646 - Abdulrahman Alsudais - \u0639\u0628\u062f\u0627\u0644\u0631\u062d\u0645\u0646 \u0627\u0644\u0633\u062f\u064a\u0633",
        "url": "https://radio.naza.io/listen/sudais/radio.mp3",
        "url_resolved": "https://radio.naza.io/listen/sudais/radio.mp3",
        "homepage": "https://radio.naza.io/public/sudais",
        "favicon": "https://radio.naza.io/api/station/9/art/828cd404bd71e5f2b825604d-1678309235.jpg",
        "tags": "quran,\u0627\u0630\u0627\u0639\u0629 \u0627\u0644\u0642\u0631\u0622\u0646,\u0627\u0644\u0642\u0631\u0622\u0646,\u0627\u0644\u0642\u0631\u0622\u0646 \u0627\u0644\u0643\u0631\u064a\u0645,\u0639\u0628\u062f\u0627\u0644\u0631\u062d\u0645\u0646 \u0627\u0644\u0633\u062f\u064a\u0633",
        "country": "Kuwait",
        "countrycode": "KW",
        "iso_3166_2": null,
        "state": "Kuwait City",
        "language": "arabic,\u0627\u0644\u0639\u0631\u0628\u064a\u0629",
        "languagecodes": "ar",
        "votes": 47,
        "lastchangetime": "2023-08-05 21:12:07",
        "lastchangetime_iso8601": "2023-08-05T21:12:07Z",
        "codec": "MP3",
        "bitrate": 128,
        "hls": 0,
        "lastcheckok": 1,
        "lastchecktime": "2023-09-03 02:51:02",
        "lastchecktime_iso8601": "2023-09-03T02:51:02Z",
        "lastcheckoktime": "2023-09-03 02:51:02",
        "lastcheckoktime_iso8601": "2023-09-03T02:51:02Z",
        "lastlocalchecktime": "2023-09-03 02:51:02",
        "lastlocalchecktime_iso8601": "2023-09-03T02:51:02Z",
        "clicktimestamp": "2023-09-03 11:47:17",
        "clicktimestamp_iso8601": "2023-09-03T11:47:17Z",
        "clickcount": 47,
        "clicktrend": -2,
        "ssl_error": 0,
        "geo_lat": 29.373439226219485,
        "geo_long": 47.97918319702149,
        "has_extended_info": false
    },
    {
        "changeuuid": "8e5e0965-9542-48fb-919d-9930d8f04d5d",
        "stationuuid": "a7c2f7ad-d4ef-424d-903d-511627dfe288",
        "serveruuid": "7ddf46b7-8a07-409d-9292-61ab9012cc14",
        "name": "Quran Radio \u0631\u0627\u062f\u064a\u0648 \u0627\u0644\u0642\u0631\u0622\u0646 - Mohammad Refat \u0645\u062d\u0645\u062f \u0631\u0641\u0639\u062a",
        "url": "https://radio.naza.io/listen/refaat/radio.mp3",
        "url_resolved": "https://radio.naza.io/listen/refaat/radio.mp3",
        "homepage": "https://radio.naza.io/public/refaat",
        "favicon": "https://radio.naza.io/api/station/10/art/481420918a9c1d292605abdb-1682105084.jpg",
        "tags": "\u0627\u0630\u0627\u0639\u0629 \u0627\u0644\u0642\u0631\u0622\u0646,\u0627\u0644\u0642\u0631\u0622\u0646,\u0627\u0644\u0642\u0631\u0622\u0646 \u0627\u0644\u0643\u0631\u064a\u0645,\u0627\u0644\u0643\u0648\u064a\u062a,\u0645\u062d\u0645\u062f \u0631\u0641\u0639\u062a",
        "country": "Kuwait",
        "countrycode": "KW",
        "iso_3166_2": null,
        "state": "Kuwait City",
        "language": "arabic,\u0627\u0644\u0639\u0631\u0628\u064a\u0629",
        "languagecodes": "ar",
        "votes": 40,
        "lastchangetime": "2023-08-05 20:41:57",
        "lastchangetime_iso8601": "2023-08-05T20:41:57Z",
        "codec": "MP3",
        "bitrate": 128,
        "hls": 0,
        "lastcheckok": 1,
        "lastchecktime": "2023-09-03 04:13:54",
        "lastchecktime_iso8601": "2023-09-03T04:13:54Z",
        "lastcheckoktime": "2023-09-03 04:13:54",
        "lastcheckoktime_iso8601": "2023-09-03T04:13:54Z",
        "lastlocalchecktime": "2023-09-03 04:13:54",
        "lastlocalchecktime_iso8601": "2023-09-03T04:13:54Z",
        "clicktimestamp": "2023-09-03 09:00:33",
        "clicktimestamp_iso8601": "2023-09-03T09:00:33Z",
        "clickcount": 45,
        "clicktrend": -4,
        "ssl_error": 0,
        "geo_lat": 29.36769469653898,
        "geo_long": 47.9769515991211,
        "has_extended_info": false
    },
    {
        "changeuuid": "c2446c8b-c525-4a5c-afe8-ddda9ecfb5d6",
        "stationuuid": "487f48d3-9972-41ed-a450-8cf95e785654",
        "serveruuid": "7ddf46b7-8a07-409d-9292-61ab9012cc14",
        "name": "Quran Radio \u0631\u0627\u062f\u064a\u0648 \u0627\u0644\u0642\u0631\u0622\u0646 - Mishary Alafasy - \u0645\u0634\u0627\u0631\u064a \u0627\u0644\u0639\u0641\u0627\u0633\u064a",
        "url": "https://radio.naza.io/listen/mishary/radio.mp3",
        "url_resolved": "https://radio.naza.io/listen/mishary/radio.mp3",
        "homepage": "https://radio.naza.io/public/mishary",
        "favicon": "https://radio.naza.io/api/station/5/art/d5fe42d5a6f80c5bcf32ad80-1678171581.jpg",
        "tags": "quran,\u0627\u0630\u0627\u0639\u0629 \u0627\u0644\u0642\u0631\u0622\u0646,\u0627\u0644\u0642\u0631\u0622\u0646,\u0627\u0644\u0642\u0631\u0622\u0646 \u0627\u0644\u0643\u0631\u064a\u0645,\u0645\u0634\u0627\u0631\u064a \u0627\u0644\u0639\u0641\u0627\u0633\u064a",
        "country": "Kuwait",
        "countrycode": "KW",
        "iso_3166_2": null,
        "state": "Kuwait City",
        "language": "arabic,\u0627\u0644\u0639\u0631\u0628\u064a\u0629",
        "languagecodes": "ar",
        "votes": 39,
        "lastchangetime": "2023-08-05 21:30:00",
        "lastchangetime_iso8601": "2023-08-05T21:30:00Z",
        "codec": "MP3",
        "bitrate": 128,
        "hls": 0,
        "lastcheckok": 1,
        "lastchecktime": "2023-09-03 09:07:12",
        "lastchecktime_iso8601": "2023-09-03T09:07:12Z",
        "lastcheckoktime": "2023-09-03 09:07:12",
        "lastcheckoktime_iso8601": "2023-09-03T09:07:12Z",
        "lastlocalchecktime": "2023-09-03 09:07:12",
        "lastlocalchecktime_iso8601": "2023-09-03T09:07:12Z",
        "clicktimestamp": "2023-09-03 11:56:51",
        "clicktimestamp_iso8601": "2023-09-03T11:56:51Z",
        "clickcount": 39,
        "clicktrend": -6,
        "ssl_error": 0,
        "geo_lat": 29.387200834420735,
        "geo_long": 48.00046920776367,
        "has_extended_info": false
    },
    {
        "changeuuid": "f01d7d2d-087f-46d4-8196-39047e4fa5b5",
        "stationuuid": "856cdabc-e666-485a-bf74-72f1413b017d",
        "serveruuid": "7ddf46b7-8a07-409d-9292-61ab9012cc14",
        "name": "Quran Radio \u0631\u0627\u062f\u064a\u0648 \u0627\u0644\u0642\u0631\u0622\u0646 - Ali Al-Hudhaifi - \u0639\u0644\u064a \u0627\u0644\u062d\u0630\u064a\u0641\u064a",
        "url": "https://radio.naza.io/listen/alhuthaifi/radio.mp3",
        "url_resolved": "https://radio.naza.io/listen/alhuthaifi/radio.mp3",
        "homepage": "https://radio.naza.io/public/alhuthaifi",
        "favicon": "https://radio.naza.io/static/uploads/browser_icon/120.1678086156.png",
        "tags": "quran,\u0627\u0630\u0627\u0639\u0629 \u0627\u0644\u0642\u0631\u0622\u0646,\u0627\u0644\u0642\u0631\u0622\u0646,\u0627\u0644\u0642\u0631\u0622\u0646 \u0627\u0644\u0643\u0631\u064a\u0645,\u0639\u0644\u064a \u0627\u0644\u062d\u0630\u064a\u0641\u064a",
        "country": "Kuwait",
        "countrycode": "KW",
        "iso_3166_2": null,
        "state": "Kuwait City",
        "language": "arabic,\u0627\u0644\u0639\u0631\u0628\u064a\u0629",
        "languagecodes": "ar",
        "votes": 27,
        "lastchangetime": "2023-08-25 02:17:01",
        "lastchangetime_iso8601": "2023-08-25T02:17:01Z",
        "codec": "MP3",
        "bitrate": 128,
        "hls": 0,
        "lastcheckok": 1,
        "lastchecktime": "2023-09-03 02:47:25",
        "lastchecktime_iso8601": "2023-09-03T02:47:25Z",
        "lastcheckoktime": "2023-09-03 02:47:25",
        "lastcheckoktime_iso8601": "2023-09-03T02:47:25Z",
        "lastlocalchecktime": "2023-09-03 02:47:25",
        "lastlocalchecktime_iso8601": "2023-09-03T02:47:25Z",
        "clicktimestamp": "2023-09-03 11:02:57",
        "clicktimestamp_iso8601": "2023-09-03T11:02:57Z",
        "clickcount": 29,
        "clicktrend": 1,
        "ssl_error": 0,
        "geo_lat": 29.38325203793833,
        "geo_long": 47.98862457275391,
        "has_extended_info": false
    },
    {
        "changeuuid": "d3227252-ae29-4247-88eb-d0773a615a25",
        "stationuuid": "3c018601-bd74-459d-879c-3c09685d18f9",
        "serveruuid": "7ddf46b7-8a07-409d-9292-61ab9012cc14",
        "name": "Quran Radio \u0631\u0627\u062f\u064a\u0648 \u0627\u0644\u0642\u0631\u0622\u0646 - Kuwait \u0627\u0644\u0643\u0648\u064a\u062a",
        "url": "https://radio.naza.io/listen/quran_radio/radio.mp3",
        "url_resolved": "https://radio.naza.io/listen/quran_radio/radio.mp3",
        "homepage": "https://radio.naza.io/public/quran_radio",
        "favicon": "https://radio.naza.io/static/uploads/quran_radio/album_art.1678141920.png",
        "tags": "kuwait,quran,quran radio,\u0627\u0630\u0627\u0639\u0629 \u0627\u0644\u0642\u0631\u0622\u0646,\u0627\u0644\u0633\u0639\u0648\u062f\u064a\u0647,\u0627\u0644\u0642\u0631\u0622\u0646,\u0627\u0644\u0642\u0631\u0622\u0646 \u0627\u0644\u0643\u0631\u064a\u0645,\u0627\u0644\u0643\u0648\u064a\u062a",
        "country": "Kuwait",
        "countrycode": "KW",
        "iso_3166_2": null,
        "state": "Kuwait City",
        "language": "arabic,\u0627\u0644\u0639\u0631\u0628\u064a\u0629",
        "languagecodes": "ar",
        "votes": 26,
        "lastchangetime": "2023-08-05 21:28:15",
        "lastchangetime_iso8601": "2023-08-05T21:28:15Z",
        "codec": "MP3",
        "bitrate": 128,
        "hls": 0,
        "lastcheckok": 1,
        "lastchecktime": "2023-09-02 23:03:57",
        "lastchecktime_iso8601": "2023-09-02T23:03:57Z",
        "lastcheckoktime": "2023-09-02 23:03:57",
        "lastcheckoktime_iso8601": "2023-09-02T23:03:57Z",
        "lastlocalchecktime": "2023-09-02 22:55:12",
        "lastlocalchecktime_iso8601": "2023-09-02T22:55:12Z",
        "clicktimestamp": "2023-09-03 10:59:38",
        "clicktimestamp_iso8601": "2023-09-03T10:59:38Z",
        "clickcount": 35,
        "clicktrend": -3,
        "ssl_error": 0,
        "geo_lat": 29.38537603527725,
        "geo_long": 47.99896717071534,
        "has_extended_info": false
    },
    {
        "changeuuid": "56a036de-642b-4181-a5f1-405e9187d9c8",
        "stationuuid": "ba7ca0fc-15e0-4cf1-9c63-9dd360f4a1b0",
        "serveruuid": "7ddf46b7-8a07-409d-9292-61ab9012cc14",
        "name": "Quran Radio \u0631\u0627\u062f\u064a\u0648 \u0627\u0644\u0642\u0631\u0622\u0646 - Yasser AlDosari - \u064a\u0627\u0633\u0631 \u0627\u0644\u062f\u0648\u0633\u0631\u064a",
        "url": "https://radio.naza.io/listen/yaser/radio.mp3",
        "url_resolved": "https://radio.naza.io/listen/yaser/radio.mp3",
        "homepage": "https://radio.naza.io/public/yaser",
        "favicon": "https://radio.naza.io/static/uploads/browser_icon/120.1678086156.png",
        "tags": "quran,\u0627\u0630\u0627\u0639\u0629 \u0627\u0644\u0642\u0631\u0622\u0646,\u0627\u0644\u0642\u0631\u0622\u0646,\u0627\u0644\u0642\u0631\u0622\u0646 \u0627\u0644\u0643\u0631\u064a\u0645,\u064a\u0627\u0633\u0631 \u0627\u0644\u062f\u0648\u0633\u0631\u064a",
        "country": "Kuwait",
        "countrycode": "KW",
        "iso_3166_2": null,
        "state": "Kuwait City",
        "language": "arabic,\u0627\u0644\u0639\u0631\u0628\u064a\u0629",
        "languagecodes": "ar",
        "votes": 24,
        "lastchangetime": "2023-08-28 09:04:23",
        "lastchangetime_iso8601": "2023-08-28T09:04:23Z",
        "codec": "MP3",
        "bitrate": 128,
        "hls": 0,
        "lastcheckok": 1,
        "lastchecktime": "2023-09-03 09:34:11",
        "lastchecktime_iso8601": "2023-09-03T09:34:11Z",
        "lastcheckoktime": "2023-09-03 09:34:11",
        "lastcheckoktime_iso8601": "2023-09-03T09:34:11Z",
        "lastlocalchecktime": "2023-09-03 09:34:11",
        "lastlocalchecktime_iso8601": "2023-09-03T09:34:11Z",
        "clicktimestamp": "2023-09-02 22:50:29",
        "clicktimestamp_iso8601": "2023-09-02T22:50:29Z",
        "clickcount": 56,
        "clicktrend": -4,
        "ssl_error": 0,
        "geo_lat": 29.387769211388708,
        "geo_long": 47.98926830291748,
        "has_extended_info": false
    },
    {
        "changeuuid": "f6476367-d87d-441d-a045-d71e32eb8c1c",
        "stationuuid": "c8943e68-ef57-4e32-b875-084f2e8fbacf",
        "serveruuid": "7ddf46b7-8a07-409d-9292-61ab9012cc14",
        "name": "Quran Radio \u0631\u0627\u062f\u064a\u0648 \u0627\u0644\u0642\u0631\u0622\u0646 - Maher Al Mueaqly - \u0645\u0627\u0647\u0631 \u0627\u0644\u0645\u0639\u064a\u0642\u0644\u064a",
        "url": "https://radio.naza.io/listen/maher/radio.mp3",
        "url_resolved": "https://radio.naza.io/listen/maher/radio.mp3",
        "homepage": "https://radio.naza.io/public/maher",
        "favicon": "https://radio.naza.io/api/station/4/art/919443dc4eb6893d28189ff6-1678152948.jpg",
        "tags": "quran,\u0627\u0630\u0627\u0639\u0629 \u0627\u0644\u0642\u0631\u0622\u0646,\u0627\u0644\u0633\u0639\u0648\u062f\u064a\u0647,\u0627\u0644\u0642\u0631\u0622\u0646,\u0627\u0644\u0642\u0631\u0622\u0646 \u0627\u0644\u0643\u0631\u064a\u0645,\u0627\u0644\u0643\u0648\u064a\u062a,\u0645\u0627\u0647\u0631 \u0627\u0644\u0645\u0639\u064a\u0642\u0644\u064a",
        "country": "Kuwait",
        "countrycode": "KW",
        "iso_3166_2": null,
        "state": "Kuwait City",
        "language": "arabic,\u0627\u0644\u0639\u0631\u0628\u064a\u0629",
        "languagecodes": "ar",
        "votes": 23,
        "lastchangetime": "2023-08-05 21:30:38",
        "lastchangetime_iso8601": "2023-08-05T21:30:38Z",
        "codec": "MP3",
        "bitrate": 128,
        "hls": 0,
        "lastcheckok": 1,
        "lastchecktime": "2023-09-03 12:41:45",
        "lastchecktime_iso8601": "2023-09-03T12:41:45Z",
        "lastcheckoktime": "2023-09-03 12:41:45",
        "lastcheckoktime_iso8601": "2023-09-03T12:41:45Z",
        "lastlocalchecktime": "2023-09-03 12:41:45",
        "lastlocalchecktime_iso8601": "2023-09-03T12:41:45Z",
        "clicktimestamp": "2023-09-03 05:14:39",
        "clicktimestamp_iso8601": "2023-09-03T05:14:39Z",
        "clickcount": 39,
        "clicktrend": -1,
        "ssl_error": 0,
        "geo_lat": 29.37852525473355,
        "geo_long": 47.99051284790039,
        "has_extended_info": false
    }
]