[
    {
        "changeuuid": "95b5f2dd-3354-48ea-b1c2-d78f9b30df2e",
        "stationuuid": "63b06607-97d8-487e-975b-82ef2fe0bb0b",
        "serveruuid": "a54f52cb-d369-4fc2-9f73-8c85c0a3d3cd",
        "name": "Z99 Grand Cayman",
        "url": "https://z99-hurleysmedia.radioca.st/stream",
        "url_resolved": "https://z99-hurleysmedia.radioca.st/stream",
        "homepage": "https://www.z99.ky/",
        "favicon": "",
        "tags": "",
        "country": "The Cayman Islands",
        "countrycode": "KY",
        "iso_3166_2": null,
        "state": "",
        "language": "",
        "languagecodes": "",
        "votes": 51,
        "lastchangetime": "2022-08-26 04:27:21",
        "lastchangetime_iso8601": "2022-08-26T04:27:21Z",
        "codec": "MP3",
        "bitrate": 192,
        "hls": 0,
        "lastcheckok": 1,
        "lastchecktime": "2023-04-08 13:19:49",
        "lastchecktime_iso8601": "2023-04-08T13:19:49Z",
        "lastcheckoktime": "2023-04-08 13:19:49",
        "lastcheckoktime_iso8601": "2023-04-08T13:19:49Z",
        "lastlocalchecktime": "2023-04-08 13:19:49",
        "lastlocalchecktime_iso8601": "2023-04-08T13:19:49Z",
        "clicktimestamp": "2023-04-08 09:56:48",
        "clicktimestamp_iso8601": "2023-04-08T09:56:48Z",
        "clickcount": 6,
        "clicktrend": 0,
        "ssl_error": 0,
        "geo_lat": null,
        "geo_long": null,
        "has_extended_info": false
    },
    {
        "changeuuid": "17d4887f-e929-4e6d-8bd6-f2de194e25e2",
        "stationuuid": "17eac980-f297-4680-b2b9-1314c2376d18",
        "serveruuid": "5a70fad2-0272-40b9-b6ae-85af21cdab1b",
        "name": "X107.1",
        "url": "https://ice23.securenetsystems.net/X1071?playSessionID=C8803655-9BCC-E3A9-EB64CD924FCD83A6",
        "url_resolved": "https://ice23.securenetsystems.net/X1071?playSessionID=C8803655-9BCC-E3A9-EB64CD924FCD83A6",
        "homepage": "https://dmsbroadcasting.ky/",
        "favicon": "https://dmsbroadcasting.ky/wp-content/uploads/2019/05/cropped-fav-180x180.png",
        "tags": "pop",
        "country": "The Cayman Islands",
        "countrycode": "KY",
        "iso_3166_2": null,
        "state": "",
        "language": "english",
        "languagecodes": "en",
        "votes": 45,
        "lastchangetime": "2022-04-18 21:11:26",
        "lastchangetime_iso8601": "2022-04-18T21:11:26Z",
        "codec": "AAC+",
        "bitrate": 64,
        "hls": 0,
        "lastcheckok": 1,
        "lastchecktime": "2023-04-08 13:32:43",
        "lastchecktime_iso8601": "2023-04-08T13:32:43Z",
        "lastcheckoktime": "2023-04-08 13:32:43",
        "lastcheckoktime_iso8601": "2023-04-08T13:32:43Z",
        "lastlocalchecktime": "2023-04-08 13:32:43",
        "lastlocalchecktime_iso8601": "2023-04-08T13:32:43Z",
        "clicktimestamp": "2023-04-08 13:23:42",
        "clicktimestamp_iso8601": "2023-04-08T13:23:42Z",
        "clickcount": 13,
        "clicktrend": 2,
        "ssl_error": 0,
        "geo_lat": null,
        "geo_long": null,
        "has_extended_info": false
    },
    {
        "changeuuid": "29542a26-e152-4b51-b491-4a84fa6e3fec",
        "stationuuid": "466a4d77-85c3-4c01-a8f8-8fc03c1eccc2",
        "serveruuid": "a54f52cb-d369-4fc2-9f73-8c85c0a3d3cd",
        "name": "Z99 Grand Cayman",
        "url": "https://z99-hurleysmedia.radioca.st/stream",
        "url_resolved": "https://z99-hurleysmedia.radioca.st/stream",
        "homepage": "https://www.z99.ky/",
        "favicon": "",
        "tags": "",
        "country": "The Cayman Islands",
        "countrycode": "KY",
        "iso_3166_2": null,
        "state": "",
        "language": "english",
        "languagecodes": "en",
        "votes": 29,
        "lastchangetime": "2022-05-15 20:00:34",
        "lastchangetime_iso8601": "2022-05-15T20:00:34Z",
        "codec": "MP3",
        "bitrate": 192,
        "hls": 0,
        "lastcheckok": 1,
        "lastchecktime": "2023-04-08 09:33:47",
        "lastchecktime_iso8601": "2023-04-08T09:33:47Z",
        "lastcheckoktime": "2023-04-08 09:33:47",
        "lastcheckoktime_iso8601": "2023-04-08T09:33:47Z",
        "lastlocalchecktime": "2023-04-08 09:33:47",
        "lastlocalchecktime_iso8601": "2023-04-08T09:33:47Z",
        "clicktimestamp": "2023-04-08 13:23:49",
        "clicktimestamp_iso8601": "2023-04-08T13:23:49Z",
        "clickcount": 11,
        "clicktrend": 2,
        "ssl_error": 0,
        "geo_lat": null,
        "geo_long": null,
        "has_extended_info": false
    },
    {
        "changeuuid": "8f296804-c420-4f3b-8991-4c2b6c208486",
        "stationuuid": "8b335c07-4c74-46fd-b548-128837849c59",
        "serveruuid": "315343e3-209f-4d6f-b45e-84aa8ce2ae69",
        "name": "Paradise Radio",
        "url": "https://www.radiostreamcast.com/listen/paradise_radio/radio.mp3",
        "url_resolved": "https://www.radiostreamcast.com/listen/paradise_radio/radio.mp3",
        "homepage": "https://www.paradiseradio.org/",
        "favicon": "https://www.paradiseradio.org/favicon.ico",
        "tags": "dance,pop,top40",
        "country": "The Cayman Islands",
        "countrycode": "KY",
        "iso_3166_2": null,
        "state": "",
        "language": "english",
        "languagecodes": "en",
        "votes": 4,
        "lastchangetime": "2023-08-02 18:48:04",
        "lastchangetime_iso8601": "2023-08-02T18:48:04Z",
        "codec": "MP3",
        "bitrate": 320,
        "hls": 0,
        "lastcheckok": 1,
        "lastchecktime": "2023-09-02 22:55:12",
        "lastchecktime_iso8601": "2023-09-02T22:55:12Z",
        "lastcheckoktime": "2023-09-02 22:55:12",
        "lastcheckoktime_iso8601": "2023-09-02T22:55:12Z",
        "lastlocalchecktime": "2023-09-02 22:55:12",
        "lastlocalchecktime_iso8601": "2023-09-02T22:55:12Z",
        "clicktimestamp": "2023-09-03 11:37:25",
        "clicktimestamp_iso8601": "2023-09-03T11:37:25Z",
        "clickcount": 19,
        "clicktrend": 0,
        "ssl_error": 0,
        "geo_lat": 19.27953070535848,
        "geo_long": -81.29518032073976,
        "has_extended_info": false
    }
]