[
    {
        "changeuuid": "683115b1-51cc-4f03-9cc1-0d355a8a67b5",
        "stationuuid": "963fb135-0601-11e8-ae97-52543be04c81",
        "serveruuid": "019a8479-5e3c-443e-ba0a-096311d66320",
        "name": "Radio 90s Eurodance",
        "url": "https://listen1.myradio24.com/5967",
        "url_resolved": "https://listen1.myradio24.com/5967",
        "homepage": "http://90s-eurodance.ru/",
        "favicon": "https://pp.userapi.com/c837231/v837231617/5990/ChfZPOJgSmA.jpg",
        "tags": "90s,eurodance,online,only music",
        "country": "Kazakhstan",
        "countrycode": "KZ",
        "iso_3166_2": null,
        "state": "Semey",
        "language": "",
        "languagecodes": "",
        "votes": 4441,
        "lastchangetime": "2021-11-10 18:00:13",
        "lastchangetime_iso8601": "2021-11-10T18:00:13Z",
        "codec": "MP3",
        "bitrate": 128,
        "hls": 0,
        "lastcheckok": 1,
        "lastchecktime": "2023-04-08 04:33:31",
        "lastchecktime_iso8601": "2023-04-08T04:33:31Z",
        "lastcheckoktime": "2023-04-08 04:33:31",
        "lastcheckoktime_iso8601": "2023-04-08T04:33:31Z",
        "lastlocalchecktime": "2023-04-07 15:29:30",
        "lastlocalchecktime_iso8601": "2023-04-07T15:29:30Z",
        "clicktimestamp": "2023-04-08 14:03:41",
        "clicktimestamp_iso8601": "2023-04-08T14:03:41Z",
        "clickcount": 233,
        "clicktrend": 2,
        "ssl_error": 0,
        "geo_lat": null,
        "geo_long": null,
        "has_extended_info": false
    },
    {
        "changeuuid": "666b516c-4c31-44a8-a869-51485bc2c38f",
        "stationuuid": "962ae81e-0601-11e8-ae97-52543be04c81",
        "serveruuid": "e7971230-5b4a-43bb-8ca1-19100d25637e",
        "name": "Russkoye Radio Asia 104.7 FM",
        "url": "http://31.148.22.35:9000/stream",
        "url_resolved": "http://31.148.22.35:9000/stream",
        "homepage": "http://rusradio.kz/",
        "favicon": "",
        "tags": "charts,entertainment,national,news,pop,popular,russian pop,russian programming,showbiz,sports news,top 40",
        "country": "Kazakhstan",
        "countrycode": "KZ",
        "iso_3166_2": null,
        "state": "Almaty",
        "language": "kazakh,russian",
        "languagecodes": "kk,ru",
        "votes": 2223,
        "lastchangetime": "2022-03-28 10:55:22",
        "lastchangetime_iso8601": "2022-03-28T10:55:22Z",
        "codec": "MP3",
        "bitrate": 128,
        "hls": 0,
        "lastcheckok": 1,
        "lastchecktime": "2023-04-08 13:44:48",
        "lastchecktime_iso8601": "2023-04-08T13:44:48Z",
        "lastcheckoktime": "2023-04-08 13:44:48",
        "lastcheckoktime_iso8601": "2023-04-08T13:44:48Z",
        "lastlocalchecktime": "2023-04-08 13:44:48",
        "lastlocalchecktime_iso8601": "2023-04-08T13:44:48Z",
        "clicktimestamp": "2023-04-08 12:41:41",
        "clicktimestamp_iso8601": "2023-04-08T12:41:41Z",
        "clickcount": 98,
        "clicktrend": 0,
        "ssl_error": 0,
        "geo_lat": null,
        "geo_long": null,
        "has_extended_info": false
    },
    {
        "changeuuid": "0b168c32-aee7-49d9-82a6-349f738c81c3",
        "stationuuid": "9641706f-0601-11e8-ae97-52543be04c81",
        "serveruuid": "b785748c-80e8-466b-80b7-577e838e1f89",
        "name": "NS 106 FM",
        "url": "http://89.219.35.26:8000/radions",
        "url_resolved": "http://89.219.35.26:8000/radions",
        "homepage": "http://www.ns.kz/",
        "favicon": "",
        "tags": "dance,disco,entertainment,hits,hot adult contemporary,love,mixed,national,news,oldies,pop,popular,russian chanson,sports news",
        "country": "Kazakhstan",
        "countrycode": "KZ",
        "iso_3166_2": null,
        "state": "Almaty",
        "language": "russian",
        "languagecodes": "ru",
        "votes": 1220,
        "lastchangetime": "2022-08-27 02:59:06",
        "lastchangetime_iso8601": "2022-08-27T02:59:06Z",
        "codec": "MP3",
        "bitrate": 192,
        "hls": 0,
        "lastcheckok": 1,
        "lastchecktime": "2023-04-08 11:38:25",
        "lastchecktime_iso8601": "2023-04-08T11:38:25Z",
        "lastcheckoktime": "2023-04-08 11:38:25",
        "lastcheckoktime_iso8601": "2023-04-08T11:38:25Z",
        "lastlocalchecktime": "2023-04-08 11:38:25",
        "lastlocalchecktime_iso8601": "2023-04-08T11:38:25Z",
        "clicktimestamp": "2023-04-08 14:07:12",
        "clicktimestamp_iso8601": "2023-04-08T14:07:12Z",
        "clickcount": 78,
        "clicktrend": -3,
        "ssl_error": 0,
        "geo_lat": null,
        "geo_long": null,
        "has_extended_info": false
    },
    {
        "changeuuid": "52617337-b958-4d95-9d70-4792ab3637d0",
        "stationuuid": "2c21d6a9-8cf2-4d26-a4bb-712352e918db",
        "serveruuid": "57eff647-a5ea-454e-850b-9083e4867eaa",
        "name": "Russian Dance Radio",
        "url": "https://lux-radio.com:8015/stream",
        "url_resolved": "https://lux-radio.com:8015/stream",
        "homepage": "",
        "favicon": "https://cdn.onlineradiobox.com/img/l/1/99521.v1.png",
        "tags": "electronic",
        "country": "Kazakhstan",
        "countrycode": "KZ",
        "iso_3166_2": null,
        "state": "",
        "language": "",
        "languagecodes": "",
        "votes": 1007,
        "lastchangetime": "2021-08-22 19:07:30",
        "lastchangetime_iso8601": "2021-08-22T19:07:30Z",
        "codec": "MP3",
        "bitrate": 128,
        "hls": 0,
        "lastcheckok": 1,
        "lastchecktime": "2023-04-08 11:59:36",
        "lastchecktime_iso8601": "2023-04-08T11:59:36Z",
        "lastcheckoktime": "2023-04-08 11:59:36",
        "lastcheckoktime_iso8601": "2023-04-08T11:59:36Z",
        "lastlocalchecktime": "2023-04-07 20:28:55",
        "lastlocalchecktime_iso8601": "2023-04-07T20:28:55Z",
        "clicktimestamp": "2023-04-08 12:10:16",
        "clicktimestamp_iso8601": "2023-04-08T12:10:16Z",
        "clickcount": 75,
        "clicktrend": -9,
        "ssl_error": 0,
        "geo_lat": null,
        "geo_long": null,
        "has_extended_info": false
    },
    {
        "changeuuid": "baa539b1-39d3-4e4c-b9ed-cedfd7010114",
        "stationuuid": "11bec746-6510-11e8-b15b-52543be04c81",
        "serveruuid": "6c5a8679-4dd5-440d-8e71-63b64dcbe157",
        "name": "Business FM 89.6",
        "url": "http://94.247.130.243:5050/business",
        "url_resolved": "http://94.247.130.243:5050/business",
        "homepage": "http://businessfm.kz/",
        "favicon": "",
        "tags": "business news,business programs,kazakh pop,pop,talk radio",
        "country": "Kazakhstan",
        "countrycode": "KZ",
        "iso_3166_2": null,
        "state": "Almaty",
        "language": "kazakh,russian",
        "languagecodes": "kk,ru",
        "votes": 731,
        "lastchangetime": "2022-05-06 22:08:30",
        "lastchangetime_iso8601": "2022-05-06T22:08:30Z",
        "codec": "MP3",
        "bitrate": 192,
        "hls": 0,
        "lastcheckok": 1,
        "lastchecktime": "2023-04-08 08:33:00",
        "lastchecktime_iso8601": "2023-04-08T08:33:00Z",
        "lastcheckoktime": "2023-04-08 08:33:00",
        "lastcheckoktime_iso8601": "2023-04-08T08:33:00Z",
        "lastlocalchecktime": "2023-04-07 19:40:51",
        "lastlocalchecktime_iso8601": "2023-04-07T19:40:51Z",
        "clicktimestamp": "2023-04-08 12:48:52",
        "clicktimestamp_iso8601": "2023-04-08T12:48:52Z",
        "clickcount": 37,
        "clicktrend": 1,
        "ssl_error": 0,
        "geo_lat": null,
        "geo_long": null,
        "has_extended_info": false
    },
    {
        "changeuuid": "66f0ce10-90db-4721-9399-e141f25a05e8",
        "stationuuid": "21745b17-764e-471a-ae34-5f92c88e7e34",
        "serveruuid": "9db25234-e179-4b90-8994-78c96fcc6e72",
        "name": "Shalqar",
        "url": "https://radio-streams.kaztrk.kz/shalqar/shalqar/icecast.audio",
        "url_resolved": "https://radio-streams.kaztrk.kz/shalqar/shalqar/icecast.audio",
        "homepage": "https://qazradio.fm/",
        "favicon": "https://qazradio.fm/images/icon-114x114.png?9",
        "tags": "",
        "country": "Kazakhstan",
        "countrycode": "KZ",
        "iso_3166_2": null,
        "state": "",
        "language": "kazakh",
        "languagecodes": "kk",
        "votes": 465,
        "lastchangetime": "2022-04-18 20:47:28",
        "lastchangetime_iso8601": "2022-04-18T20:47:28Z",
        "codec": "MP3",
        "bitrate": 128,
        "hls": 0,
        "lastcheckok": 1,
        "lastchecktime": "2023-04-08 10:53:02",
        "lastchecktime_iso8601": "2023-04-08T10:53:02Z",
        "lastcheckoktime": "2023-04-08 02:01:36",
        "lastcheckoktime_iso8601": "2023-04-08T02:01:36Z",
        "lastlocalchecktime": "2023-04-08 10:53:02",
        "lastlocalchecktime_iso8601": "2023-04-08T10:53:02Z",
        "clicktimestamp": "2023-04-07 11:18:33",
        "clicktimestamp_iso8601": "2023-04-07T11:18:33Z",
        "clickcount": 20,
        "clicktrend": -2,
        "ssl_error": 0,
        "geo_lat": null,
        "geo_long": null,
        "has_extended_info": false
    },
    {
        "changeuuid": "06b035d1-c9ac-4aba-bf4e-6d96a76e7b2e",
        "stationuuid": "910b5eab-2d40-11e9-a35e-52543be04c81",
        "serveruuid": "2588203f-53a6-4390-92b7-f85306ffce0e",
        "name": "Khabar 24 TV",
        "url": "http://live-24kz.cdnvideo.ru/24kz/24kz.sdp/playlist.m3u8",
        "url_resolved": "http://live-24kz.cdnvideo.ru/24kz/24kz.sdp/playlist.m3u8",
        "homepage": "http://24.kz/",
        "favicon": "",
        "tags": "",
        "country": "Kazakhstan",
        "countrycode": "KZ",
        "iso_3166_2": null,
        "state": "Akmola",
        "language": "kazakh",
        "languagecodes": "kk",
        "votes": 275,
        "lastchangetime": "2022-12-20 16:20:06",
        "lastchangetime_iso8601": "2022-12-20T16:20:06Z",
        "codec": "AAC,H.264",
        "bitrate": 3330,
        "hls": 1,
        "lastcheckok": 1,
        "lastchecktime": "2023-04-08 02:37:18",
        "lastchecktime_iso8601": "2023-04-08T02:37:18Z",
        "lastcheckoktime": "2023-04-08 02:37:18",
        "lastcheckoktime_iso8601": "2023-04-08T02:37:18Z",
        "lastlocalchecktime": "2023-04-07 18:36:36",
        "lastlocalchecktime_iso8601": "2023-04-07T18:36:36Z",
        "clicktimestamp": "2023-04-08 12:40:55",
        "clicktimestamp_iso8601": "2023-04-08T12:40:55Z",
        "clickcount": 30,
        "clicktrend": 0,
        "ssl_error": 0,
        "geo_lat": null,
        "geo_long": null,
        "has_extended_info": false
    },
    {
        "changeuuid": "43ced22f-b385-4c1b-af1f-ace997d828bf",
        "stationuuid": "6c9a81ae-ab0e-4bad-8efc-d7b3ba500675",
        "serveruuid": "6120403f-dea3-4c05-949e-ee5abe120ccb",
        "name": "\u0422\u043e\u0439 \u0414\u0443\u043c\u0430\u043d",
        "url": "https://stream.gakku.tv:8443/live.mp3",
        "url_resolved": "https://stream.gakku.tv:8443/live.mp3",
        "homepage": "https://toiduman.kz/",
        "favicon": "https://toiduman.kz/favicon/apple-touch-icon.png",
        "tags": "folk,pop,various",
        "country": "Kazakhstan",
        "countrycode": "KZ",
        "iso_3166_2": null,
        "state": "Almaty",
        "language": "kazakh",
        "languagecodes": "kk",
        "votes": 215,
        "lastchangetime": "2023-01-07 17:27:41",
        "lastchangetime_iso8601": "2023-01-07T17:27:41Z",
        "codec": "MP3",
        "bitrate": 128,
        "hls": 0,
        "lastcheckok": 1,
        "lastchecktime": "2023-04-08 09:21:47",
        "lastchecktime_iso8601": "2023-04-08T09:21:47Z",
        "lastcheckoktime": "2023-04-08 09:21:47",
        "lastcheckoktime_iso8601": "2023-04-08T09:21:47Z",
        "lastlocalchecktime": "2023-04-08 09:21:47",
        "lastlocalchecktime_iso8601": "2023-04-08T09:21:47Z",
        "clicktimestamp": "2023-04-08 12:10:33",
        "clicktimestamp_iso8601": "2023-04-08T12:10:33Z",
        "clickcount": 50,
        "clicktrend": 3,
        "ssl_error": 0,
        "geo_lat": null,
        "geo_long": null,
        "has_extended_info": false
    },
    {
        "changeuuid": "497d207f-cf08-4648-b137-3f44e0a7fe8b",
        "stationuuid": "a47510c5-2d32-11e9-a35e-52543be04c81",
        "serveruuid": "0e68a795-58df-4b39-8cc5-6301320ba964",
        "name": "KTK TV",
        "url": "http://89.218.30.37/ktklive/live.hq/playlist.m3u8",
        "url_resolved": "http://89.218.30.37/ktklive/live.hq/playlist.m3u8",
        "homepage": "http://www.ktk.kz/",
        "favicon": "http://nettv.live/uploads/19/1-1Z210191455617.jpg",
        "tags": "",
        "country": "Kazakhstan",
        "countrycode": "KZ",
        "iso_3166_2": null,
        "state": "Almaty",
        "language": "kazakh",
        "languagecodes": "kk",
        "votes": 180,
        "lastchangetime": "2022-03-28 10:37:35",
        "lastchangetime_iso8601": "2022-03-28T10:37:35Z",
        "codec": "AAC,H.264",
        "bitrate": 1553,
        "hls": 1,
        "lastcheckok": 1,
        "lastchecktime": "2023-04-08 08:28:21",
        "lastchecktime_iso8601": "2023-04-08T08:28:21Z",
        "lastcheckoktime": "2023-04-08 08:28:21",
        "lastcheckoktime_iso8601": "2023-04-08T08:28:21Z",
        "lastlocalchecktime": "2023-04-08 08:28:21",
        "lastlocalchecktime_iso8601": "2023-04-08T08:28:21Z",
        "clicktimestamp": "2023-04-07 18:12:42",
        "clicktimestamp_iso8601": "2023-04-07T18:12:42Z",
        "clickcount": 17,
        "clicktrend": -2,
        "ssl_error": 0,
        "geo_lat": null,
        "geo_long": null,
        "has_extended_info": false
    },
    {
        "changeuuid": "157eaead-a364-4e13-beb0-896751323e06",
        "stationuuid": "11aa1bdd-2d3c-11e9-a35e-52543be04c81",
        "serveruuid": "ed0f5288-1223-4590-8b03-724be13ce1e2",
        "name": "Novoe TV",
        "url": "http://serv25.vintera.tv:8081/novoetv/nov_tv/playlist.m3u8",
        "url_resolved": "http://serv25.vintera.tv:8081/novoetv/nov_tv/playlist.m3u8",
        "homepage": "http://novoetv.kz/",
        "favicon": "https://novoetv.kz/wp-content/uploads/2023/04/cropped-%D0%B0%D0%B2%D0%B0%D1%82%D0%B0%D1%80%D0%BA%D0%B0-3-180x180.png",
        "tags": "",
        "country": "Kazakhstan",
        "countrycode": "KZ",
        "iso_3166_2": null,
        "state": "Karaganda",
        "language": "russian",
        "languagecodes": "ru",
        "votes": 162,
        "lastchangetime": "2023-04-04 20:31:00",
        "lastchangetime_iso8601": "2023-04-04T20:31:00Z",
        "codec": "AAC",
        "bitrate": 1155,
        "hls": 1,
        "lastcheckok": 1,
        "lastchecktime": "2023-04-07 21:02:25",
        "lastchecktime_iso8601": "2023-04-07T21:02:25Z",
        "lastcheckoktime": "2023-04-07 21:02:25",
        "lastcheckoktime_iso8601": "2023-04-07T21:02:25Z",
        "lastlocalchecktime": "2023-04-07 21:02:25",
        "lastlocalchecktime_iso8601": "2023-04-07T21:02:25Z",
        "clicktimestamp": "2023-04-08 01:32:14",
        "clicktimestamp_iso8601": "2023-04-08T01:32:14Z",
        "clickcount": 19,
        "clicktrend": -1,
        "ssl_error": 0,
        "geo_lat": null,
        "geo_long": null,
        "has_extended_info": false
    },
    {
        "changeuuid": "1bd91a67-3778-4385-b181-8c368f70c80e",
        "stationuuid": "9730129b-2ff4-417d-a186-51e57bca90f9",
        "serveruuid": "9db25234-e179-4b90-8994-78c96fcc6e72",
        "name": "Radio Astana",
        "url": "https://radio-streams.kaztrk.kz/astana/astana/icecast.audio",
        "url_resolved": "https://radio-streams.kaztrk.kz/astana/astana/icecast.audio",
        "homepage": "https://qazradio.fm/kz/",
        "favicon": "https://qazradio.fm/images/live-cover2.jpg",
        "tags": "etnic,folk,talk,various",
        "country": "Kazakhstan",
        "countrycode": "KZ",
        "iso_3166_2": null,
        "state": "astana",
        "language": "kazakh",
        "languagecodes": "kk",
        "votes": 101,
        "lastchangetime": "2022-12-28 16:53:45",
        "lastchangetime_iso8601": "2022-12-28T16:53:45Z",
        "codec": "MP3",
        "bitrate": 128,
        "hls": 0,
        "lastcheckok": 1,
        "lastchecktime": "2023-04-08 09:54:38",
        "lastchecktime_iso8601": "2023-04-08T09:54:38Z",
        "lastcheckoktime": "2023-04-08 09:54:38",
        "lastcheckoktime_iso8601": "2023-04-08T09:54:38Z",
        "lastlocalchecktime": "2023-04-08 09:54:38",
        "lastlocalchecktime_iso8601": "2023-04-08T09:54:38Z",
        "clicktimestamp": "2023-04-08 12:10:07",
        "clicktimestamp_iso8601": "2023-04-08T12:10:07Z",
        "clickcount": 74,
        "clicktrend": 1,
        "ssl_error": 0,
        "geo_lat": null,
        "geo_long": null,
        "has_extended_info": false
    },
    {
        "changeuuid": "c949a36d-fc8c-419d-9f48-9778b64a1fd7",
        "stationuuid": "3aa2641c-45aa-4ee8-b1e2-1b397fac47e5",
        "serveruuid": "9db25234-e179-4b90-8994-78c96fcc6e72",
        "name": "Qazaq radiosy",
        "url": "https://radio-streams.kaztrk.kz/qazradio/qazradio/icecast.audio",
        "url_resolved": "https://radio-streams.kaztrk.kz/qazradio/qazradio/icecast.audio",
        "homepage": "https://qazradio.fm/kz/",
        "favicon": "https://qazradio.fm/images/qazradio.png",
        "tags": "etnic,folk",
        "country": "Kazakhstan",
        "countrycode": "KZ",
        "iso_3166_2": null,
        "state": "Almaty",
        "language": "kazakh",
        "languagecodes": "kk",
        "votes": 86,
        "lastchangetime": "2022-12-28 16:49:00",
        "lastchangetime_iso8601": "2022-12-28T16:49:00Z",
        "codec": "MP3",
        "bitrate": 128,
        "hls": 0,
        "lastcheckok": 1,
        "lastchecktime": "2023-04-08 11:00:43",
        "lastchecktime_iso8601": "2023-04-08T11:00:43Z",
        "lastcheckoktime": "2023-04-08 11:00:43",
        "lastcheckoktime_iso8601": "2023-04-08T11:00:43Z",
        "lastlocalchecktime": "2023-04-08 11:00:43",
        "lastlocalchecktime_iso8601": "2023-04-08T11:00:43Z",
        "clicktimestamp": "2023-04-08 12:47:41",
        "clicktimestamp_iso8601": "2023-04-08T12:47:41Z",
        "clickcount": 57,
        "clicktrend": 2,
        "ssl_error": 0,
        "geo_lat": null,
        "geo_long": null,
        "has_extended_info": false
    },
    {
        "changeuuid": "ce68c0c2-0a4f-4ce1-a122-7b711f745c61",
        "stationuuid": "3acf2e39-2962-4675-a586-a2388725fdf1",
        "serveruuid": "6619505f-cdb6-4059-a8a2-04d5d85bd299",
        "name": "LuxFM",
        "url": "https://icecast.luxfm.kz/luxfm",
        "url_resolved": "https://icecast.luxfm.kz/luxfm",
        "homepage": "https://luxfm.kz/",
        "favicon": "https://luxfm.kz/wp-content/uploads/2022/02/cropped-luxfm_logo_png_okontovka.png",
        "tags": "",
        "country": "Kazakhstan",
        "countrycode": "KZ",
        "iso_3166_2": null,
        "state": "Almaty",
        "language": "",
        "languagecodes": "",
        "votes": 80,
        "lastchangetime": "2022-12-28 16:22:13",
        "lastchangetime_iso8601": "2022-12-28T16:22:13Z",
        "codec": "MP3",
        "bitrate": 128,
        "hls": 0,
        "lastcheckok": 1,
        "lastchecktime": "2023-04-07 22:48:38",
        "lastchecktime_iso8601": "2023-04-07T22:48:38Z",
        "lastcheckoktime": "2023-04-07 22:48:38",
        "lastcheckoktime_iso8601": "2023-04-07T22:48:38Z",
        "lastlocalchecktime": "2023-04-07 16:04:36",
        "lastlocalchecktime_iso8601": "2023-04-07T16:04:36Z",
        "clicktimestamp": "2023-04-08 04:29:57",
        "clicktimestamp_iso8601": "2023-04-08T04:29:57Z",
        "clickcount": 23,
        "clicktrend": -2,
        "ssl_error": 0,
        "geo_lat": null,
        "geo_long": null,
        "has_extended_info": false
    },
    {
        "changeuuid": "dd30c5ce-ffea-46f3-a27c-e56b6454577b",
        "stationuuid": "2afb8384-525d-4c38-a1d7-079cb39e9fd6",
        "serveruuid": "6120403f-dea3-4c05-949e-ee5abe120ccb",
        "name": "Love Radio KZ",
        "url": "https://stream.gakku.tv:8443/love128.mp3",
        "url_resolved": "https://stream.gakku.tv:8443/love128.mp3",
        "homepage": "https://toiduman.kz/live",
        "favicon": "https://toiduman.kz/images/loveradio-small.svg",
        "tags": "pop,various",
        "country": "Kazakhstan",
        "countrycode": "KZ",
        "iso_3166_2": null,
        "state": "Almaty",
        "language": "kazakh,russian",
        "languagecodes": "kk,ru",
        "votes": 77,
        "lastchangetime": "2022-12-28 17:03:17",
        "lastchangetime_iso8601": "2022-12-28T17:03:17Z",
        "codec": "MP3",
        "bitrate": 128,
        "hls": 0,
        "lastcheckok": 1,
        "lastchecktime": "2023-04-07 20:49:27",
        "lastchecktime_iso8601": "2023-04-07T20:49:27Z",
        "lastcheckoktime": "2023-04-07 20:49:27",
        "lastcheckoktime_iso8601": "2023-04-07T20:49:27Z",
        "lastlocalchecktime": "2023-04-07 18:02:40",
        "lastlocalchecktime_iso8601": "2023-04-07T18:02:40Z",
        "clicktimestamp": "2023-04-08 14:08:53",
        "clicktimestamp_iso8601": "2023-04-08T14:08:53Z",
        "clickcount": 42,
        "clicktrend": 2,
        "ssl_error": 0,
        "geo_lat": null,
        "geo_long": null,
        "has_extended_info": false
    },
    {
        "changeuuid": "aa224614-9848-487e-97f1-e8fbd22a2f7e",
        "stationuuid": "dbaf93a0-220f-4b76-81db-89d60dbac857",
        "serveruuid": "b2301a92-cd93-4b35-a5d8-9b91bbdc5be2",
        "name": "NS-Rock",
        "url": "https://icecast.ns.kz/radions",
        "url_resolved": "https://icecast.ns.kz/radions",
        "homepage": "http://www.ns.kz/",
        "favicon": "http://www.ns.kz/uploads/logo_9may.png",
        "tags": "varios",
        "country": "Kazakhstan",
        "countrycode": "KZ",
        "iso_3166_2": null,
        "state": "Almaty",
        "language": "kazakh,russian",
        "languagecodes": "kk,ru",
        "votes": 56,
        "lastchangetime": "2022-12-28 16:31:20",
        "lastchangetime_iso8601": "2022-12-28T16:31:20Z",
        "codec": "MP3",
        "bitrate": 192,
        "hls": 0,
        "lastcheckok": 1,
        "lastchecktime": "2023-04-07 22:53:40",
        "lastchecktime_iso8601": "2023-04-07T22:53:40Z",
        "lastcheckoktime": "2023-04-07 22:53:40",
        "lastcheckoktime_iso8601": "2023-04-07T22:53:40Z",
        "lastlocalchecktime": "2023-04-07 16:19:40",
        "lastlocalchecktime_iso8601": "2023-04-07T16:19:40Z",
        "clicktimestamp": "2023-04-08 14:06:17",
        "clicktimestamp_iso8601": "2023-04-08T14:06:17Z",
        "clickcount": 17,
        "clicktrend": -2,
        "ssl_error": 0,
        "geo_lat": null,
        "geo_long": null,
        "has_extended_info": false
    },
    {
        "changeuuid": "03acc9de-8570-4ca8-a2a7-dd29b731a6d2",
        "stationuuid": "a252eb81-a2bb-41ab-9f7d-13d792cb7a72",
        "serveruuid": "3f274b65-c881-4dc8-a23d-a6dcb43d790c",
        "name": "Tengri FM",
        "url": "http://91.201.214.229:8000/tengrifm",
        "url_resolved": "http://91.201.214.229:8000/tengrifm",
        "homepage": "http://tengrifm.kz/",
        "favicon": "",
        "tags": "classic rock,rock",
        "country": "Kazakhstan",
        "countrycode": "KZ",
        "iso_3166_2": null,
        "state": "Almaty",
        "language": "kazakh,russian",
        "languagecodes": "kk,ru",
        "votes": 52,
        "lastchangetime": "2023-02-10 23:09:14",
        "lastchangetime_iso8601": "2023-02-10T23:09:14Z",
        "codec": "MP3",
        "bitrate": 128,
        "hls": 0,
        "lastcheckok": 1,
        "lastchecktime": "2023-04-07 22:53:40",
        "lastchecktime_iso8601": "2023-04-07T22:53:40Z",
        "lastcheckoktime": "2023-04-07 22:53:40",
        "lastcheckoktime_iso8601": "2023-04-07T22:53:40Z",
        "lastlocalchecktime": "2023-04-07 18:21:49",
        "lastlocalchecktime_iso8601": "2023-04-07T18:21:49Z",
        "clicktimestamp": "2023-04-07 10:09:35",
        "clicktimestamp_iso8601": "2023-04-07T10:09:35Z",
        "clickcount": 20,
        "clicktrend": -3,
        "ssl_error": 0,
        "geo_lat": null,
        "geo_long": null,
        "has_extended_info": false
    },
    {
        "changeuuid": "866be11b-b8c2-4c8c-b866-23aabf75610c",
        "stationuuid": "5855421b-5e4a-4a81-90a4-65e9321f6d88",
        "serveruuid": "b2301a92-cd93-4b35-a5d8-9b91bbdc5be2",
        "name": "NS-Lounge",
        "url": "https://icecast.ns.kz/radions-lounge",
        "url_resolved": "https://icecast.ns.kz/radions-lounge",
        "homepage": "http://www.ns.kz/",
        "favicon": "",
        "tags": "lounge",
        "country": "Kazakhstan",
        "countrycode": "KZ",
        "iso_3166_2": null,
        "state": "Almaty",
        "language": "kazakh,russian",
        "languagecodes": "kk,ru",
        "votes": 40,
        "lastchangetime": "2023-03-22 16:44:38",
        "lastchangetime_iso8601": "2023-03-22T16:44:38Z",
        "codec": "MP3",
        "bitrate": 192,
        "hls": 0,
        "lastcheckok": 1,
        "lastchecktime": "2023-04-08 11:06:58",
        "lastchecktime_iso8601": "2023-04-08T11:06:58Z",
        "lastcheckoktime": "2023-04-08 11:06:58",
        "lastcheckoktime_iso8601": "2023-04-08T11:06:58Z",
        "lastlocalchecktime": "2023-04-08 11:06:58",
        "lastlocalchecktime_iso8601": "2023-04-08T11:06:58Z",
        "clicktimestamp": "2023-04-07 08:14:39",
        "clicktimestamp_iso8601": "2023-04-07T08:14:39Z",
        "clickcount": 19,
        "clicktrend": -1,
        "ssl_error": 0,
        "geo_lat": null,
        "geo_long": null,
        "has_extended_info": false
    },
    {
        "changeuuid": "c3b04ed1-c904-44d6-825a-df6aa796e2f7",
        "stationuuid": "a344122c-c8cb-4dd0-ac2a-c3714163075e",
        "serveruuid": "fee2bb33-e725-4c94-b3f5-290635965268",
        "name": "Space Beat",
        "url": "http://95.182.123.100/listen/space_beat/radio.mp3",
        "url_resolved": "http://95.182.123.100/listen/space_beat/radio.mp3",
        "homepage": "https://spacebeatradio.t.me/",
        "favicon": "https://roman.droppages.com/SB-logo.jpg",
        "tags": "alternative,electronic,underground",
        "country": "Kazakhstan",
        "countrycode": "KZ",
        "iso_3166_2": null,
        "state": "East of Kazakhstan",
        "language": "",
        "languagecodes": "",
        "votes": 19,
        "lastchangetime": "2023-03-13 14:54:58",
        "lastchangetime_iso8601": "2023-03-13T14:54:58Z",
        "codec": "MP3",
        "bitrate": 128,
        "hls": 0,
        "lastcheckok": 1,
        "lastchecktime": "2023-04-08 11:21:49",
        "lastchecktime_iso8601": "2023-04-08T11:21:49Z",
        "lastcheckoktime": "2023-04-08 11:21:49",
        "lastcheckoktime_iso8601": "2023-04-08T11:21:49Z",
        "lastlocalchecktime": "2023-04-08 11:21:49",
        "lastlocalchecktime_iso8601": "2023-04-08T11:21:49Z",
        "clicktimestamp": "2023-04-07 19:28:11",
        "clicktimestamp_iso8601": "2023-04-07T19:28:11Z",
        "clickcount": 31,
        "clicktrend": 1,
        "ssl_error": 0,
        "geo_lat": 47.10478993953568,
        "geo_long": 51.92081272602082,
        "has_extended_info": false
    },
    {
        "changeuuid": "84c43369-dd16-458c-917d-152f01975832",
        "stationuuid": "da7c7422-e14f-4c0e-8d4c-5d94322020ba",
        "serveruuid": "1105e0d8-f4f8-4663-a2ca-17f9165b2831",
        "name": "\u0420\u0430\u0434\u0438\u043e \u0421\u043e\u043a \u0423\u0441\u0442\u044c-\u041a\u0430\u043c\u0435\u043d\u043e\u0433\u043e\u0440\u0441\u043a",
        "url": "https://s0.radioheart.ru:8000/RH70941",
        "url_resolved": "https://s0.radioheart.ru:8000/RH70941",
        "homepage": "http://radiosok.kz/",
        "favicon": "https://i.1.creatium.io/f2/f0/b7/20a210bf8b3e2030f992282851a1867848/196x196/dizayn_bez_nazvaniya_5.png",
        "tags": "",
        "country": "Kazakhstan",
        "countrycode": "KZ",
        "iso_3166_2": null,
        "state": "",
        "language": "\u044f\u0437\u044b\u043a: \u0440\u0443\u0441\u0441\u043a\u0438\u0439",
        "languagecodes": "",
        "votes": 19,
        "lastchangetime": "2023-02-26 20:45:59",
        "lastchangetime_iso8601": "2023-02-26T20:45:59Z",
        "codec": "MP3",
        "bitrate": 320,
        "hls": 0,
        "lastcheckok": 1,
        "lastchecktime": "2023-04-07 21:52:45",
        "lastchecktime_iso8601": "2023-04-07T21:52:45Z",
        "lastcheckoktime": "2023-04-07 21:52:45",
        "lastcheckoktime_iso8601": "2023-04-07T21:52:45Z",
        "lastlocalchecktime": "2023-04-07 18:21:49",
        "lastlocalchecktime_iso8601": "2023-04-07T18:21:49Z",
        "clicktimestamp": "2023-04-08 05:50:47",
        "clicktimestamp_iso8601": "2023-04-08T05:50:47Z",
        "clickcount": 10,
        "clicktrend": 2,
        "ssl_error": 0,
        "geo_lat": null,
        "geo_long": null,
        "has_extended_info": false
    },
    {
        "changeuuid": "f64d6fcf-457d-4986-b29c-b762396e4d7e",
        "stationuuid": "a3255a2a-c253-4a81-8151-8420b1e7c88d",
        "serveruuid": "1105e0d8-f4f8-4663-a2ca-17f9165b2831",
        "name": "\u0420\u0430\u0434\u0438\u043e \u0421\u043e\u043a \u0423\u0441\u0442\u044c-\u041a\u0430\u043c\u0435\u043d\u043e\u0433\u043e\u0440\u0441\u043a",
        "url": "https://s0.radioheart.ru:8000/RH70941",
        "url_resolved": "https://s0.radioheart.ru:8000/RH70941",
        "homepage": "http://radiosok.kz/",
        "favicon": "https://i.1.creatium.io/f2/f0/b7/20a210bf8b3e2030f992282851a1867848/196x196/dizayn_bez_nazvaniya_5.png",
        "tags": "",
        "country": "Kazakhstan",
        "countrycode": "KZ",
        "iso_3166_2": null,
        "state": "",
        "language": "\u044f\u0437\u044b\u043a: \u0440\u0443\u0441\u0441\u043a\u0438\u0439",
        "languagecodes": "",
        "votes": 7,
        "lastchangetime": "2023-02-26 20:45:59",
        "lastchangetime_iso8601": "2023-02-26T20:45:59Z",
        "codec": "MP3",
        "bitrate": 320,
        "hls": 0,
        "lastcheckok": 1,
        "lastchecktime": "2023-04-07 21:42:35",
        "lastchecktime_iso8601": "2023-04-07T21:42:35Z",
        "lastcheckoktime": "2023-04-07 21:42:35",
        "lastcheckoktime_iso8601": "2023-04-07T21:42:35Z",
        "lastlocalchecktime": "2023-04-07 19:41:50",
        "lastlocalchecktime_iso8601": "2023-04-07T19:41:50Z",
        "clicktimestamp": "2023-04-08 05:50:47",
        "clicktimestamp_iso8601": "2023-04-08T05:50:47Z",
        "clickcount": 13,
        "clicktrend": 2,
        "ssl_error": 0,
        "geo_lat": null,
        "geo_long": null,
        "has_extended_info": false
    },
    {
        "changeuuid": "d4da7159-d8f4-4042-af6c-471ed871036f",
        "stationuuid": "3d1f8c90-c1f4-4700-925f-2b52be09c696",
        "serveruuid": "1105e0d8-f4f8-4663-a2ca-17f9165b2831",
        "name": "\u0420\u0430\u0434\u0438\u043e \u0421\u043e\u043a \u0423\u0441\u0442\u044c-\u041a\u0430\u043c\u0435\u043d\u043e\u0433\u043e\u0440\u0441\u043a",
        "url": "https://s0.radioheart.ru:8000/RH70941",
        "url_resolved": "https://s0.radioheart.ru:8000/RH70941",
        "homepage": "http://radiosok.kz/",
        "favicon": "https://i.1.creatium.io/f2/f0/b7/20a210bf8b3e2030f992282851a1867848/196x196/dizayn_bez_nazvaniya_5.png",
        "tags": "",
        "country": "Kazakhstan",
        "countrycode": "KZ",
        "iso_3166_2": null,
        "state": "",
        "language": "\u044f\u0437\u044b\u043a: \u0440\u0443\u0441\u0441\u043a\u0438\u0439",
        "languagecodes": "",
        "votes": 6,
        "lastchangetime": "2023-02-26 20:45:59",
        "lastchangetime_iso8601": "2023-02-26T20:45:59Z",
        "codec": "MP3",
        "bitrate": 320,
        "hls": 0,
        "lastcheckok": 1,
        "lastchecktime": "2023-04-08 13:58:23",
        "lastchecktime_iso8601": "2023-04-08T13:58:23Z",
        "lastcheckoktime": "2023-04-08 13:58:23",
        "lastcheckoktime_iso8601": "2023-04-08T13:58:23Z",
        "lastlocalchecktime": "2023-04-08 13:58:23",
        "lastlocalchecktime_iso8601": "2023-04-08T13:58:23Z",
        "clicktimestamp": "2023-04-08 05:49:46",
        "clicktimestamp_iso8601": "2023-04-08T05:49:46Z",
        "clickcount": 20,
        "clicktrend": -2,
        "ssl_error": 0,
        "geo_lat": null,
        "geo_long": null,
        "has_extended_info": false
    },
    {
        "changeuuid": "0944a3e2-42ea-4ac2-b246-ad920567e6be",
        "stationuuid": "a0d11402-f9cd-487a-904f-cabc86924a8c",
        "serveruuid": "3f274b65-c881-4dc8-a23d-a6dcb43d790c",
        "name": "Zhulduz Radio",
        "url": "http://91.201.214.229:8000/zhulduz",
        "url_resolved": "http://91.201.214.229:8000/zhulduz",
        "homepage": "http://zhuldyzfm.kz/en",
        "favicon": "http://zhuldyzfm.kz/sites/default/files/favicon.png",
        "tags": "classic hits,hits,russian programming",
        "country": "Kazakhstan",
        "countrycode": "KZ",
        "iso_3166_2": null,
        "state": "",
        "language": "kazakh,russian",
        "languagecodes": "kk,ru",
        "votes": 50,
        "lastchangetime": "2023-05-16 12:43:25",
        "lastchangetime_iso8601": "2023-05-16T12:43:25Z",
        "codec": "MP3",
        "bitrate": 128,
        "hls": 0,
        "lastcheckok": 1,
        "lastchecktime": "2023-07-09 07:09:49",
        "lastchecktime_iso8601": "2023-07-09T07:09:49Z",
        "lastcheckoktime": "2023-07-09 07:09:49",
        "lastcheckoktime_iso8601": "2023-07-09T07:09:49Z",
        "lastlocalchecktime": "2023-07-09 07:09:49",
        "lastlocalchecktime_iso8601": "2023-07-09T07:09:49Z",
        "clicktimestamp": "2023-07-09 07:46:50",
        "clicktimestamp_iso8601": "2023-07-09T07:46:50Z",
        "clickcount": 16,
        "clicktrend": 0,
        "ssl_error": 0,
        "geo_lat": null,
        "geo_long": null,
        "has_extended_info": false
    },
    {
        "changeuuid": "4ee0c723-2a8d-4c8f-a571-dfd98242cbe2",
        "stationuuid": "41a64f88-c639-4f5b-8dec-0543f94ceb1a",
        "serveruuid": "e95a8707-1215-4bdc-a81e-ac1e77762434",
        "name": "Pioner FM",
        "url": "https://live.zhanafm.kz:8443/pionerfm",
        "url_resolved": "https://live.zhanafm.kz:8443/pionerfm",
        "homepage": "http://zhanafm.kz/",
        "favicon": "http://zhanafm.kz/favicon-16x16.png",
        "tags": "hits",
        "country": "Kazakhstan",
        "countrycode": "KZ",
        "iso_3166_2": null,
        "state": "",
        "language": "kazakh,russian",
        "languagecodes": "kk,ru",
        "votes": 16,
        "lastchangetime": "2023-05-03 22:23:08",
        "lastchangetime_iso8601": "2023-05-03T22:23:08Z",
        "codec": "MP3",
        "bitrate": 128,
        "hls": 0,
        "lastcheckok": 1,
        "lastchecktime": "2023-07-09 07:33:54",
        "lastchecktime_iso8601": "2023-07-09T07:33:54Z",
        "lastcheckoktime": "2023-07-09 07:33:54",
        "lastcheckoktime_iso8601": "2023-07-09T07:33:54Z",
        "lastlocalchecktime": "2023-07-09 07:33:54",
        "lastlocalchecktime_iso8601": "2023-07-09T07:33:54Z",
        "clicktimestamp": "2023-07-08 14:38:59",
        "clicktimestamp_iso8601": "2023-07-08T14:38:59Z",
        "clickcount": 11,
        "clicktrend": 0,
        "ssl_error": 1,
        "geo_lat": null,
        "geo_long": null,
        "has_extended_info": false
    },
    {
        "changeuuid": "a5e9bcec-9684-4e76-bd2c-cc9269d7dc9a",
        "stationuuid": "1a03c96c-e9a8-40de-ac2e-5c523447cf3e",
        "serveruuid": "8d8d23ca-0078-4bc6-ac9b-b1e9afecafbb",
        "name": "Avtoradio",
        "url": "http://178.88.167.62:8080/AVTORADIO_192",
        "url_resolved": "http://178.88.167.62:8080/AVTORADIO_192",
        "homepage": "https://avtoradio.kz/",
        "favicon": "https://avtoradio.kz/wp-content/uploads/2020/05/cropped-avtoradio_logo-e1590557764659-3.png",
        "tags": "hits,pop",
        "country": "Kazakhstan",
        "countrycode": "KZ",
        "iso_3166_2": null,
        "state": "",
        "language": "kazakh,russian",
        "languagecodes": "kk,ru",
        "votes": 14,
        "lastchangetime": "2023-06-23 08:11:00",
        "lastchangetime_iso8601": "2023-06-23T08:11:00Z",
        "codec": "MP3",
        "bitrate": 192,
        "hls": 0,
        "lastcheckok": 1,
        "lastchecktime": "2023-07-09 08:29:43",
        "lastchecktime_iso8601": "2023-07-09T08:29:43Z",
        "lastcheckoktime": "2023-07-09 08:29:43",
        "lastcheckoktime_iso8601": "2023-07-09T08:29:43Z",
        "lastlocalchecktime": "2023-07-09 05:03:50",
        "lastlocalchecktime_iso8601": "2023-07-09T05:03:50Z",
        "clicktimestamp": "2023-07-09 07:56:20",
        "clicktimestamp_iso8601": "2023-07-09T07:56:20Z",
        "clickcount": 20,
        "clicktrend": 1,
        "ssl_error": 0,
        "geo_lat": null,
        "geo_long": null,
        "has_extended_info": false
    },
    {
        "changeuuid": "948dbf78-cf34-4fda-a069-c27efc8f6938",
        "stationuuid": "ce91f7a7-ef46-4f2e-823f-0aa43920c159",
        "serveruuid": "6120403f-dea3-4c05-949e-ee5abe120ccb",
        "name": "\u0434\u0430\u0447\u0430",
        "url": "https://stream.gakku.tv:8443/dacha",
        "url_resolved": "https://stream.gakku.tv:8443/dacha",
        "homepage": "https://dachafm.kz/",
        "favicon": "https://dachafm.kz/img/logo.svg",
        "tags": "",
        "country": "Kazakhstan",
        "countrycode": "KZ",
        "iso_3166_2": null,
        "state": "",
        "language": "kazakh,russian",
        "languagecodes": "kk,ru",
        "votes": 11,
        "lastchangetime": "2023-06-22 06:29:21",
        "lastchangetime_iso8601": "2023-06-22T06:29:21Z",
        "codec": "AAC+",
        "bitrate": 192,
        "hls": 0,
        "lastcheckok": 1,
        "lastchecktime": "2023-07-09 06:56:18",
        "lastchecktime_iso8601": "2023-07-09T06:56:18Z",
        "lastcheckoktime": "2023-07-09 06:56:18",
        "lastcheckoktime_iso8601": "2023-07-09T06:56:18Z",
        "lastlocalchecktime": "2023-07-09 06:56:18",
        "lastlocalchecktime_iso8601": "2023-07-09T06:56:18Z",
        "clicktimestamp": "2023-07-09 11:47:18",
        "clicktimestamp_iso8601": "2023-07-09T11:47:18Z",
        "clickcount": 20,
        "clicktrend": 1,
        "ssl_error": 0,
        "geo_lat": null,
        "geo_long": null,
        "has_extended_info": false
    },
    {
        "changeuuid": "92b789ad-ca37-47ab-8555-664c1e7363df",
        "stationuuid": "12605daa-5785-44dc-bc3d-084bb4e0e872",
        "serveruuid": "3f274b65-c881-4dc8-a23d-a6dcb43d790c",
        "name": "Radio Tengri FM",
        "url": "http://91.201.214.229:8000/tengrifm",
        "url_resolved": "http://91.201.214.229:8000/tengrifm",
        "homepage": "https://tengrifm.kz/",
        "favicon": "",
        "tags": "classic hits,hits",
        "country": "Kazakhstan",
        "countrycode": "KZ",
        "iso_3166_2": null,
        "state": "",
        "language": "kazakh,russian",
        "languagecodes": "kk,ru",
        "votes": 11,
        "lastchangetime": "2023-05-15 12:44:50",
        "lastchangetime_iso8601": "2023-05-15T12:44:50Z",
        "codec": "MP3",
        "bitrate": 128,
        "hls": 0,
        "lastcheckok": 1,
        "lastchecktime": "2023-07-09 05:39:19",
        "lastchecktime_iso8601": "2023-07-09T05:39:19Z",
        "lastcheckoktime": "2023-07-09 05:39:19",
        "lastcheckoktime_iso8601": "2023-07-09T05:39:19Z",
        "lastlocalchecktime": "2023-07-09 05:39:19",
        "lastlocalchecktime_iso8601": "2023-07-09T05:39:19Z",
        "clicktimestamp": "2023-07-07 19:39:55",
        "clicktimestamp_iso8601": "2023-07-07T19:39:55Z",
        "clickcount": 10,
        "clicktrend": -4,
        "ssl_error": 0,
        "geo_lat": null,
        "geo_long": null,
        "has_extended_info": false
    },
    {
        "changeuuid": "02c46c77-8a84-444d-a565-836b012ded15",
        "stationuuid": "a4be486b-4dbc-443d-afbf-0d6483d80181",
        "serveruuid": "b93d8482-9a37-495c-85fb-82a0e35290e4",
        "name": "Radio Azamat",
        "url": "https://listen4.myradio24.com/8162",
        "url_resolved": "https://listen4.myradio24.com/8162",
        "homepage": "https://myradio24.com/8162",
        "favicon": "https://vmeste.eu/img/services/96/myradio24.png",
        "tags": "pop,russian shanson",
        "country": "Kazakhstan",
        "countrycode": "KZ",
        "iso_3166_2": null,
        "state": "",
        "language": "kazakh,russian",
        "languagecodes": "kk,ru",
        "votes": 10,
        "lastchangetime": "2023-06-27 16:20:29",
        "lastchangetime_iso8601": "2023-06-27T16:20:29Z",
        "codec": "MP3",
        "bitrate": 128,
        "hls": 0,
        "lastcheckok": 1,
        "lastchecktime": "2023-07-09 03:20:54",
        "lastchecktime_iso8601": "2023-07-09T03:20:54Z",
        "lastcheckoktime": "2023-07-09 03:20:54",
        "lastcheckoktime_iso8601": "2023-07-09T03:20:54Z",
        "lastlocalchecktime": "2023-07-09 03:20:54",
        "lastlocalchecktime_iso8601": "2023-07-09T03:20:54Z",
        "clicktimestamp": "2023-07-09 07:23:29",
        "clicktimestamp_iso8601": "2023-07-09T07:23:29Z",
        "clickcount": 15,
        "clicktrend": -1,
        "ssl_error": 0,
        "geo_lat": null,
        "geo_long": null,
        "has_extended_info": false
    },
    {
        "changeuuid": "bd339633-c6d3-4624-9542-d2db2a74c65d",
        "stationuuid": "ab723787-b6b8-4a03-8114-403ee4bd82c7",
        "serveruuid": "8d8d23ca-0078-4bc6-ac9b-b1e9afecafbb",
        "name": "\u041d\u0430\u0440\u043e\u0434\u043d\u043e\u0435 \u0420\u0430\u0434\u0438\u043e",
        "url": "http://178.88.167.62:8080/DALA_192",
        "url_resolved": "http://178.88.167.62:8080/DALA_192",
        "homepage": "http://narodnoeradio.kz/",
        "favicon": "https://static.tildacdn.com/tild6336-3866-4639-b664-353833373961/GIF.gif",
        "tags": "pop,russian music",
        "country": "Kazakhstan",
        "countrycode": "KZ",
        "iso_3166_2": null,
        "state": "",
        "language": "russian",
        "languagecodes": "ru",
        "votes": 8,
        "lastchangetime": "2023-06-26 16:45:55",
        "lastchangetime_iso8601": "2023-06-26T16:45:55Z",
        "codec": "MP3",
        "bitrate": 192,
        "hls": 0,
        "lastcheckok": 1,
        "lastchecktime": "2023-07-08 20:35:15",
        "lastchecktime_iso8601": "2023-07-08T20:35:15Z",
        "lastcheckoktime": "2023-07-08 20:35:15",
        "lastcheckoktime_iso8601": "2023-07-08T20:35:15Z",
        "lastlocalchecktime": "2023-07-08 20:35:15",
        "lastlocalchecktime_iso8601": "2023-07-08T20:35:15Z",
        "clicktimestamp": "2023-07-09 13:05:38",
        "clicktimestamp_iso8601": "2023-07-09T13:05:38Z",
        "clickcount": 22,
        "clicktrend": 6,
        "ssl_error": 0,
        "geo_lat": null,
        "geo_long": null,
        "has_extended_info": false
    },
    {
        "changeuuid": "24ce0112-cde2-4f84-8f18-a3ebf9f3ab4a",
        "stationuuid": "59996d89-7bf3-4c1f-80b3-a141ac769fa3",
        "serveruuid": "e95a8707-1215-4bdc-a81e-ac1e77762434",
        "name": "\u0416\u0410\u041d\u0410 FM",
        "url": "https://live.zhanafm.kz:8443/zhanafm_onair",
        "url_resolved": "https://live.zhanafm.kz:8443/zhanafm_onair",
        "homepage": "https://zhanafm.kz/",
        "favicon": "https://tv2free.ru/sites/default/files/styles/large/public/radio-logo/radio-novoe-radio-zhana-fm-1660516345.jpg?itok=kNiL441T",
        "tags": "russian music",
        "country": "Kazakhstan",
        "countrycode": "KZ",
        "iso_3166_2": null,
        "state": "",
        "language": "kazakh,russian",
        "languagecodes": "kk,ru",
        "votes": 7,
        "lastchangetime": "2023-06-26 16:06:24",
        "lastchangetime_iso8601": "2023-06-26T16:06:24Z",
        "codec": "MP3",
        "bitrate": 256,
        "hls": 0,
        "lastcheckok": 1,
        "lastchecktime": "2023-07-09 04:51:58",
        "lastchecktime_iso8601": "2023-07-09T04:51:58Z",
        "lastcheckoktime": "2023-07-09 04:51:58",
        "lastcheckoktime_iso8601": "2023-07-09T04:51:58Z",
        "lastlocalchecktime": "2023-07-09 04:51:58",
        "lastlocalchecktime_iso8601": "2023-07-09T04:51:58Z",
        "clicktimestamp": "2023-07-08 16:36:19",
        "clicktimestamp_iso8601": "2023-07-08T16:36:19Z",
        "clickcount": 11,
        "clicktrend": -1,
        "ssl_error": 1,
        "geo_lat": null,
        "geo_long": null,
        "has_extended_info": false
    },
    {
        "changeuuid": "d6c27424-abd1-4053-a2d5-34df1b722c03",
        "stationuuid": "193a1672-2f14-43c1-8290-7ceb3a6e132b",
        "serveruuid": "037df79f-da2e-4bc8-819b-4e3a491a3778",
        "name": "Radio Nostalgie (Kazakhstan)",
        "url": "https://listen7.myradio24.com/alexx333",
        "url_resolved": "https://listen7.myradio24.com/alexx333",
        "homepage": "http://www.resurs.kz/catalog/radionostalgie",
        "favicon": "https://pea.fm/uploads/posts/2020-05/1589152842_radio-nostalgie.jpg",
        "tags": "pop",
        "country": "Kazakhstan",
        "countrycode": "KZ",
        "iso_3166_2": null,
        "state": "",
        "language": "russian",
        "languagecodes": "ru",
        "votes": 6,
        "lastchangetime": "2023-06-27 05:17:19",
        "lastchangetime_iso8601": "2023-06-27T05:17:19Z",
        "codec": "MP3",
        "bitrate": 320,
        "hls": 0,
        "lastcheckok": 1,
        "lastchecktime": "2023-07-09 07:41:29",
        "lastchecktime_iso8601": "2023-07-09T07:41:29Z",
        "lastcheckoktime": "2023-07-09 07:41:29",
        "lastcheckoktime_iso8601": "2023-07-09T07:41:29Z",
        "lastlocalchecktime": "2023-07-09 07:41:29",
        "lastlocalchecktime_iso8601": "2023-07-09T07:41:29Z",
        "clicktimestamp": "2023-07-09 10:37:59",
        "clicktimestamp_iso8601": "2023-07-09T10:37:59Z",
        "clickcount": 17,
        "clicktrend": 5,
        "ssl_error": 0,
        "geo_lat": null,
        "geo_long": null,
        "has_extended_info": false
    },
    {
        "changeuuid": "f7f3b581-404b-48ad-88ff-f249966e41eb",
        "stationuuid": "35f9cbb9-33a5-4450-92da-5e9adb7ae3de",
        "serveruuid": "d1e20c22-fac7-4e23-8ada-27778797ccda",
        "name": "Radio City",
        "url": "https://kvs01.businessfm.kz/city",
        "url_resolved": "https://kvs01.businessfm.kz/city",
        "homepage": "https://cityradio.kz/",
        "favicon": "https://cityradio.kz/wp-content/themes/init/favicon/apple-touch-icon.png",
        "tags": "hits,pop",
        "country": "Kazakhstan",
        "countrycode": "KZ",
        "iso_3166_2": null,
        "state": "",
        "language": "kazakh,russian",
        "languagecodes": "kk,ru",
        "votes": 6,
        "lastchangetime": "2023-06-23 08:11:00",
        "lastchangetime_iso8601": "2023-06-23T08:11:00Z",
        "codec": "MP3",
        "bitrate": 128,
        "hls": 0,
        "lastcheckok": 1,
        "lastchecktime": "2023-07-09 08:29:43",
        "lastchecktime_iso8601": "2023-07-09T08:29:43Z",
        "lastcheckoktime": "2023-07-09 08:29:43",
        "lastcheckoktime_iso8601": "2023-07-09T08:29:43Z",
        "lastlocalchecktime": "2023-07-09 00:28:53",
        "lastlocalchecktime_iso8601": "2023-07-09T00:28:53Z",
        "clicktimestamp": "2023-07-09 07:50:14",
        "clicktimestamp_iso8601": "2023-07-09T07:50:14Z",
        "clickcount": 11,
        "clicktrend": 1,
        "ssl_error": 0,
        "geo_lat": null,
        "geo_long": null,
        "has_extended_info": false
    },
    {
        "changeuuid": "eb0dce98-125b-47db-8465-b8defeae1bb4",
        "stationuuid": "51dd947f-f30a-4f15-8259-7c062190e8c1",
        "serveruuid": "b93d8482-9a37-495c-85fb-82a0e35290e4",
        "name": "\u0420\u0430\u0434\u0438\u043e SANA",
        "url": "https://listen4.myradio24.com/radiosana",
        "url_resolved": "https://listen4.myradio24.com/radiosana",
        "homepage": "http://hordelo.kz/radio",
        "favicon": "http://hordelo.kz/files/4616/6597/6684/Banner_Radio_2021.jpg",
        "tags": "pop,russian music",
        "country": "Kazakhstan",
        "countrycode": "KZ",
        "iso_3166_2": null,
        "state": "",
        "language": "russian",
        "languagecodes": "ru",
        "votes": 5,
        "lastchangetime": "2023-06-26 17:02:44",
        "lastchangetime_iso8601": "2023-06-26T17:02:44Z",
        "codec": "MP3",
        "bitrate": 128,
        "hls": 0,
        "lastcheckok": 1,
        "lastchecktime": "2023-07-09 07:52:45",
        "lastchecktime_iso8601": "2023-07-09T07:52:45Z",
        "lastcheckoktime": "2023-07-09 07:52:45",
        "lastcheckoktime_iso8601": "2023-07-09T07:52:45Z",
        "lastlocalchecktime": "2023-07-09 07:52:45",
        "lastlocalchecktime_iso8601": "2023-07-09T07:52:45Z",
        "clicktimestamp": "2023-07-09 07:49:25",
        "clicktimestamp_iso8601": "2023-07-09T07:49:25Z",
        "clickcount": 14,
        "clicktrend": 3,
        "ssl_error": 0,
        "geo_lat": null,
        "geo_long": null,
        "has_extended_info": false
    },
    {
        "changeuuid": "664db965-772e-469a-8396-e95ba0ae033e",
        "stationuuid": "a9c1d385-48ed-4e6c-b235-0d4f2e383916",
        "serveruuid": "961ac821-5e8b-42e7-a4b5-21c99add25e9",
        "name": "Radio Bulbul",
        "url": "https://radiobulbul.stream.laut.fm/radiobulbul",
        "url_resolved": "https://radiobulbul.stream.laut.fm/radiobulbul",
        "homepage": "https://www.facebook.com/radiobulbul/",
        "favicon": "https://cdn.onlineradiobox.com/img/l/7/3257.v8.png",
        "tags": "kazakh music",
        "country": "Kazakhstan",
        "countrycode": "KZ",
        "iso_3166_2": null,
        "state": "",
        "language": "kazakh",
        "languagecodes": "kk",
        "votes": 4,
        "lastchangetime": "2023-06-28 19:13:42",
        "lastchangetime_iso8601": "2023-06-28T19:13:42Z",
        "codec": "MP3",
        "bitrate": 128,
        "hls": 0,
        "lastcheckok": 1,
        "lastchecktime": "2023-07-09 03:22:32",
        "lastchecktime_iso8601": "2023-07-09T03:22:32Z",
        "lastcheckoktime": "2023-07-09 03:22:32",
        "lastcheckoktime_iso8601": "2023-07-09T03:22:32Z",
        "lastlocalchecktime": "2023-07-09 03:22:32",
        "lastlocalchecktime_iso8601": "2023-07-09T03:22:32Z",
        "clicktimestamp": "2023-07-09 07:59:03",
        "clicktimestamp_iso8601": "2023-07-09T07:59:03Z",
        "clickcount": 11,
        "clicktrend": 0,
        "ssl_error": 0,
        "geo_lat": null,
        "geo_long": null,
        "has_extended_info": false
    },
    {
        "changeuuid": "4c1bf024-12e4-4bd1-9ee7-ec69b3bdeb78",
        "stationuuid": "65449c52-6288-4a8e-8e32-cd67de2c5bff",
        "serveruuid": "68d30b61-8c4b-4775-8165-d42a112f4621",
        "name": "Radio Tandem",
        "url": "https://a1.radioheart.ru:9001/RH20072",
        "url_resolved": "https://a1.radioheart.ru:9001/RH20072",
        "homepage": "https://radiotandem.kz/",
        "favicon": "",
        "tags": "",
        "country": "Kazakhstan",
        "countrycode": "KZ",
        "iso_3166_2": null,
        "state": "",
        "language": "",
        "languagecodes": "",
        "votes": 4,
        "lastchangetime": "2023-06-26 15:33:57",
        "lastchangetime_iso8601": "2023-06-26T15:33:57Z",
        "codec": "MP3",
        "bitrate": 192,
        "hls": 0,
        "lastcheckok": 1,
        "lastchecktime": "2023-07-09 04:20:10",
        "lastchecktime_iso8601": "2023-07-09T04:20:10Z",
        "lastcheckoktime": "2023-07-09 04:20:10",
        "lastcheckoktime_iso8601": "2023-07-09T04:20:10Z",
        "lastlocalchecktime": "2023-07-09 04:20:10",
        "lastlocalchecktime_iso8601": "2023-07-09T04:20:10Z",
        "clicktimestamp": "2023-07-09 07:43:29",
        "clicktimestamp_iso8601": "2023-07-09T07:43:29Z",
        "clickcount": 10,
        "clicktrend": 0,
        "ssl_error": 0,
        "geo_lat": null,
        "geo_long": null,
        "has_extended_info": false
    },
    {
        "changeuuid": "a1cd2647-10f1-4d36-acf2-d980dc496ef6",
        "stationuuid": "0b4826f5-02f3-4257-a1e4-cc3fde604c9f",
        "serveruuid": "309177f8-cb8d-420c-b63f-43cd3efa1193",
        "name": "\u0420\u0430\u0434\u0438\u043e \u0422\u0430\u043b\u0430\u043f",
        "url": "https://okeyradio.ru/okey",
        "url_resolved": "https://okeyradio.ru/okey",
        "homepage": "https://talap.com/",
        "favicon": "https://top-radio.ru/assets/image/radio/180/radio-talap.jpg",
        "tags": "kazakh music,russian music",
        "country": "Kazakhstan",
        "countrycode": "KZ",
        "iso_3166_2": null,
        "state": "",
        "language": "kazakh,russian",
        "languagecodes": "kk,ru",
        "votes": 3,
        "lastchangetime": "2023-06-27 19:45:41",
        "lastchangetime_iso8601": "2023-06-27T19:45:41Z",
        "codec": "MP3",
        "bitrate": 192,
        "hls": 0,
        "lastcheckok": 1,
        "lastchecktime": "2023-07-09 03:48:32",
        "lastchecktime_iso8601": "2023-07-09T03:48:32Z",
        "lastcheckoktime": "2023-07-09 03:48:32",
        "lastcheckoktime_iso8601": "2023-07-09T03:48:32Z",
        "lastlocalchecktime": "2023-07-09 03:48:32",
        "lastlocalchecktime_iso8601": "2023-07-09T03:48:32Z",
        "clicktimestamp": "2023-07-09 07:50:22",
        "clicktimestamp_iso8601": "2023-07-09T07:50:22Z",
        "clickcount": 8,
        "clicktrend": 1,
        "ssl_error": 0,
        "geo_lat": null,
        "geo_long": null,
        "has_extended_info": false
    },
    {
        "changeuuid": "ed5d0c96-6eae-49b3-912d-9158c9bbc342",
        "stationuuid": "94ade6f7-003c-471e-adfe-ba49a90ffbde",
        "serveruuid": "1105e0d8-f4f8-4663-a2ca-17f9165b2831",
        "name": "\u0420\u0430\u0434\u0438\u043e \u0410\u043b\u0430\u0443",
        "url": "https://s0.radioheart.ru:8000/RH67172",
        "url_resolved": "https://s0.radioheart.ru:8000/RH67172",
        "homepage": "https://alau.kz/",
        "favicon": "https://alau.kz/wp-content/uploads/2022/12/logo_alau.jpg",
        "tags": "kazakh music,russian music",
        "country": "Kazakhstan",
        "countrycode": "KZ",
        "iso_3166_2": null,
        "state": "",
        "language": "kazakh,russian",
        "languagecodes": "kk,ru",
        "votes": 3,
        "lastchangetime": "2023-06-28 19:13:42",
        "lastchangetime_iso8601": "2023-06-28T19:13:42Z",
        "codec": "MP3",
        "bitrate": 128,
        "hls": 0,
        "lastcheckok": 1,
        "lastchecktime": "2023-07-08 20:22:36",
        "lastchecktime_iso8601": "2023-07-08T20:22:36Z",
        "lastcheckoktime": "2023-07-08 20:22:36",
        "lastcheckoktime_iso8601": "2023-07-08T20:22:36Z",
        "lastlocalchecktime": "2023-07-08 20:22:36",
        "lastlocalchecktime_iso8601": "2023-07-08T20:22:36Z",
        "clicktimestamp": "2023-07-09 07:54:22",
        "clicktimestamp_iso8601": "2023-07-09T07:54:22Z",
        "clickcount": 11,
        "clicktrend": 1,
        "ssl_error": 0,
        "geo_lat": null,
        "geo_long": null,
        "has_extended_info": false
    },
    {
        "changeuuid": "99726890-148a-454f-a426-29c82e68f059",
        "stationuuid": "017ee3eb-83e7-45cb-88e0-cf3a222c0f2d",
        "serveruuid": "b93d8482-9a37-495c-85fb-82a0e35290e4",
        "name": "\u0420\u0430\u0434\u0438\u043e \u0420\u0430\u0443\u0430\u043d",
        "url": "https://listen4.myradio24.com/rauan",
        "url_resolved": "https://listen4.myradio24.com/rauan",
        "homepage": "http://hordelo.kz/radiorauan/",
        "favicon": "http://hordelo.kz/files/9514/3712/9403/rauan.jpg",
        "tags": "",
        "country": "Kazakhstan",
        "countrycode": "KZ",
        "iso_3166_2": null,
        "state": "",
        "language": "english",
        "languagecodes": "en",
        "votes": 3,
        "lastchangetime": "2023-06-28 19:19:41",
        "lastchangetime_iso8601": "2023-06-28T19:19:41Z",
        "codec": "MP3",
        "bitrate": 320,
        "hls": 0,
        "lastcheckok": 1,
        "lastchecktime": "2023-07-08 21:52:11",
        "lastchecktime_iso8601": "2023-07-08T21:52:11Z",
        "lastcheckoktime": "2023-07-08 21:52:11",
        "lastcheckoktime_iso8601": "2023-07-08T21:52:11Z",
        "lastlocalchecktime": "2023-07-08 21:52:11",
        "lastlocalchecktime_iso8601": "2023-07-08T21:52:11Z",
        "clicktimestamp": "2023-07-09 07:23:45",
        "clicktimestamp_iso8601": "2023-07-09T07:23:45Z",
        "clickcount": 8,
        "clicktrend": -1,
        "ssl_error": 0,
        "geo_lat": null,
        "geo_long": null,
        "has_extended_info": false
    },
    {
        "changeuuid": "179fed93-4dce-4ab7-bd86-54b526be9215",
        "stationuuid": "dbcb9ca8-5c14-4fd4-977a-04bfe3c6ba4c",
        "serveruuid": "9db25234-e179-4b90-8994-78c96fcc6e72",
        "name": "\u0420\u0430\u0434\u0438\u043e Classic",
        "url": "https://radio-streams.kaztrk.kz/classic/classic/icecast.audio",
        "url_resolved": "https://radio-streams.kaztrk.kz/classic/classic/icecast.audio",
        "homepage": "https://qazradio.fm/kz/",
        "favicon": "https://qazradio.fm/images/icon-114x114.png?9",
        "tags": "classical music",
        "country": "Kazakhstan",
        "countrycode": "KZ",
        "iso_3166_2": null,
        "state": "",
        "language": "kazakh",
        "languagecodes": "kk",
        "votes": 3,
        "lastchangetime": "2023-07-02 19:25:26",
        "lastchangetime_iso8601": "2023-07-02T19:25:26Z",
        "codec": "MP3",
        "bitrate": 128,
        "hls": 0,
        "lastcheckok": 1,
        "lastchecktime": "2023-07-09 06:43:29",
        "lastchecktime_iso8601": "2023-07-09T06:43:29Z",
        "lastcheckoktime": "2023-07-09 06:43:29",
        "lastcheckoktime_iso8601": "2023-07-09T06:43:29Z",
        "lastlocalchecktime": "2023-07-09 06:43:29",
        "lastlocalchecktime_iso8601": "2023-07-09T06:43:29Z",
        "clicktimestamp": "2023-07-07 19:33:23",
        "clicktimestamp_iso8601": "2023-07-07T19:33:23Z",
        "clickcount": 16,
        "clicktrend": -2,
        "ssl_error": 0,
        "geo_lat": null,
        "geo_long": null,
        "has_extended_info": false
    },
    {
        "changeuuid": "4a059275-53eb-4a13-b9b6-c0f952a0346f",
        "stationuuid": "a8208fc4-1501-479d-90dd-ebd3f48a53e8",
        "serveruuid": "c5ffcd5b-f916-4c00-84ef-648cf5252ef8",
        "name": "\u0420\u0430\u0434\u0438\u043e 7 (\u041a\u0430\u0437\u0430\u0445\u0441\u0442\u0430\u043d)",
        "url": "https://listen2.myradio24.com/8334",
        "url_resolved": "https://listen2.myradio24.com/8334",
        "homepage": "https://radio7.kz/",
        "favicon": "https://top-radio.ru/assets/image/radio/180/7semej.png",
        "tags": "kazakh music,russian music",
        "country": "Kazakhstan",
        "countrycode": "KZ",
        "iso_3166_2": null,
        "state": "",
        "language": "kazakh,russian",
        "languagecodes": "kk,ru",
        "votes": 2,
        "lastchangetime": "2023-06-27 05:47:51",
        "lastchangetime_iso8601": "2023-06-27T05:47:51Z",
        "codec": "MP3",
        "bitrate": 192,
        "hls": 0,
        "lastcheckok": 1,
        "lastchecktime": "2023-07-09 05:55:07",
        "lastchecktime_iso8601": "2023-07-09T05:55:07Z",
        "lastcheckoktime": "2023-07-09 05:55:07",
        "lastcheckoktime_iso8601": "2023-07-09T05:55:07Z",
        "lastlocalchecktime": "2023-07-09 01:41:59",
        "lastlocalchecktime_iso8601": "2023-07-09T01:41:59Z",
        "clicktimestamp": "2023-07-09 07:23:52",
        "clicktimestamp_iso8601": "2023-07-09T07:23:52Z",
        "clickcount": 10,
        "clicktrend": 1,
        "ssl_error": 0,
        "geo_lat": null,
        "geo_long": null,
        "has_extended_info": false
    },
    {
        "changeuuid": "ef95490f-0285-4ab8-8e8a-d8e68ddee19a",
        "stationuuid": "4beb9a12-0267-4726-a9ea-33a88754811b",
        "serveruuid": "309177f8-cb8d-420c-b63f-43cd3efa1193",
        "name": "\u0420\u0430\u0434\u0438\u043e \u0422\u0430\u043b\u0430\u043f",
        "url": "https://okeyradio.ru/okey",
        "url_resolved": "https://okeyradio.ru/okey",
        "homepage": "https://talap.com/",
        "favicon": "https://top-radio.ru/assets/image/radio/180/radio-talap.jpg",
        "tags": "kazakh music,russian music",
        "country": "Kazakhstan",
        "countrycode": "KZ",
        "iso_3166_2": null,
        "state": "",
        "language": "kazakh,russian",
        "languagecodes": "kk,ru",
        "votes": 0,
        "lastchangetime": "2023-06-27 19:46:39",
        "lastchangetime_iso8601": "2023-06-27T19:46:39Z",
        "codec": "MP3",
        "bitrate": 192,
        "hls": 0,
        "lastcheckok": 1,
        "lastchecktime": "2023-07-09 03:56:49",
        "lastchecktime_iso8601": "2023-07-09T03:56:49Z",
        "lastcheckoktime": "2023-07-09 03:56:49",
        "lastcheckoktime_iso8601": "2023-07-09T03:56:49Z",
        "lastlocalchecktime": "2023-07-09 03:56:49",
        "lastlocalchecktime_iso8601": "2023-07-09T03:56:49Z",
        "clicktimestamp": "2023-07-07 19:40:46",
        "clicktimestamp_iso8601": "2023-07-07T19:40:46Z",
        "clickcount": 6,
        "clicktrend": -1,
        "ssl_error": 0,
        "geo_lat": null,
        "geo_long": null,
        "has_extended_info": false
    },
    {
        "changeuuid": "9b54c6c4-2c65-41e2-8565-8539acb9e106",
        "stationuuid": "13be947e-3c80-4c75-939b-13a8ac532c83",
        "serveruuid": "d3be8add-3bf4-46a1-a972-9ece9554fec3",
        "name": "Orda FM",
        "url": "https://85.29.129.134:8443/orda",
        "url_resolved": "https://85.29.129.134:8443/orda",
        "homepage": "https://orda.fm/",
        "favicon": "https://orda.fm//build/images/62dd8aab4cf813a7e9ef0e53_ofm-p-500.png",
        "tags": "",
        "country": "Kazakhstan",
        "countrycode": "KZ",
        "iso_3166_2": null,
        "state": "",
        "language": "kazakh,russian",
        "languagecodes": "kk,ru",
        "votes": 0,
        "lastchangetime": "2023-06-22 06:19:15",
        "lastchangetime_iso8601": "2023-06-22T06:19:15Z",
        "codec": "MP3",
        "bitrate": 128,
        "hls": 0,
        "lastcheckok": 1,
        "lastchecktime": "2023-07-09 06:43:52",
        "lastchecktime_iso8601": "2023-07-09T06:43:52Z",
        "lastcheckoktime": "2023-07-09 06:43:52",
        "lastcheckoktime_iso8601": "2023-07-09T06:43:52Z",
        "lastlocalchecktime": "2023-07-09 03:37:13",
        "lastlocalchecktime_iso8601": "2023-07-09T03:37:13Z",
        "clicktimestamp": "2023-07-09 10:37:14",
        "clicktimestamp_iso8601": "2023-07-09T10:37:14Z",
        "clickcount": 19,
        "clicktrend": 2,
        "ssl_error": 0,
        "geo_lat": 51.18141715193876,
        "geo_long": 71.41141712665559,
        "has_extended_info": false
    },
    {
        "changeuuid": "577f80b3-e04f-4439-9409-7a8b371e3f8f",
        "stationuuid": "d5245f7e-3425-42f2-ab6f-6af38ac87a1d",
        "serveruuid": "68d30b61-8c4b-4775-8165-d42a112f4621",
        "name": "Radio Tandem",
        "url": "https://a1.radioheart.ru:9001/RH20072",
        "url_resolved": "https://a1.radioheart.ru:9001/RH20072",
        "homepage": "https://radiotandem.kz/",
        "favicon": "",
        "tags": "kazakh music,pop music,russian music",
        "country": "Kazakhstan",
        "countrycode": "KZ",
        "iso_3166_2": null,
        "state": "",
        "language": "kazakh,russian",
        "languagecodes": "kk,ru",
        "votes": 0,
        "lastchangetime": "2023-06-26 15:47:18",
        "lastchangetime_iso8601": "2023-06-26T15:47:18Z",
        "codec": "MP3",
        "bitrate": 192,
        "hls": 0,
        "lastcheckok": 1,
        "lastchecktime": "2023-07-09 05:18:48",
        "lastchecktime_iso8601": "2023-07-09T05:18:48Z",
        "lastcheckoktime": "2023-07-09 05:18:48",
        "lastcheckoktime_iso8601": "2023-07-09T05:18:48Z",
        "lastlocalchecktime": "2023-07-09 05:18:48",
        "lastlocalchecktime_iso8601": "2023-07-09T05:18:48Z",
        "clicktimestamp": "2023-07-07 19:41:21",
        "clicktimestamp_iso8601": "2023-07-07T19:41:21Z",
        "clickcount": 5,
        "clicktrend": -2,
        "ssl_error": 0,
        "geo_lat": null,
        "geo_long": null,
        "has_extended_info": false
    },
    {
        "changeuuid": "ee09fe53-55f1-4d8a-9534-fdae2e1302f5",
        "stationuuid": "fc79812e-bd56-4b5c-9563-55aed55a7623",
        "serveruuid": "881aba9f-e369-4078-bd69-776b85e417e0",
        "name": "\u0420\u0430\u0434\u0438\u043e \u041a\u041d ",
        "url": "https://radiokn.ddns.net:8080/",
        "url_resolved": "https://radiokn.ddns.net:8080/",
        "homepage": "https://radiokn.kz/",
        "favicon": "https://top-radio.ru/assets/image/radio/180/radio-kn.jpg",
        "tags": "kazakh music,russian music",
        "country": "Kazakhstan",
        "countrycode": "KZ",
        "iso_3166_2": null,
        "state": "",
        "language": "kazakh,russian",
        "languagecodes": "kk,ru",
        "votes": 28,
        "lastchangetime": "2023-07-09 18:00:24",
        "lastchangetime_iso8601": "2023-07-09T18:00:24Z",
        "codec": "AAC+",
        "bitrate": 96,
        "hls": 0,
        "lastcheckok": 1,
        "lastchecktime": "2023-09-03 07:17:54",
        "lastchecktime_iso8601": "2023-09-03T07:17:54Z",
        "lastcheckoktime": "2023-09-03 07:17:54",
        "lastcheckoktime_iso8601": "2023-09-03T07:17:54Z",
        "lastlocalchecktime": "2023-09-03 07:17:54",
        "lastlocalchecktime_iso8601": "2023-09-03T07:17:54Z",
        "clicktimestamp": "2023-08-31 09:35:34",
        "clicktimestamp_iso8601": "2023-08-31T09:35:34Z",
        "clickcount": 7,
        "clicktrend": 0,
        "ssl_error": 0,
        "geo_lat": null,
        "geo_long": null,
        "has_extended_info": false
    },
    {
        "changeuuid": "2ffaaa2e-abb3-43ec-94a0-93205de16c1a",
        "stationuuid": "879f6b2f-e28f-42ee-80a0-03cca480997b",
        "serveruuid": "8cacaf33-d43e-4660-972b-0a135f8703a1",
        "name": "\u0420\u0430\u0434\u0438\u043e \u041c\u0438\u043a\u0441 \u041a\u0430\u0437\u0430\u0445\u0441\u0442\u0430\u043d",
        "url": "http://streaming.radionomy.com/JamendoLounge",
        "url_resolved": "http://streaming.radionomy.com/JamendoLounge",
        "homepage": "http://registan.kz/#",
        "favicon": "http://registan.kz/wp-content/uploads/2013/03/logo2.png   ",
        "tags": "",
        "country": "Kazakhstan",
        "countrycode": "KZ",
        "iso_3166_2": null,
        "state": "",
        "language": "english",
        "languagecodes": "en",
        "votes": 4,
        "lastchangetime": "2023-07-09 17:51:04",
        "lastchangetime_iso8601": "2023-07-09T17:51:04Z",
        "codec": "MP3",
        "bitrate": 128,
        "hls": 0,
        "lastcheckok": 1,
        "lastchecktime": "2023-09-02 22:18:44",
        "lastchecktime_iso8601": "2023-09-02T22:18:44Z",
        "lastcheckoktime": "2023-09-02 22:18:44",
        "lastcheckoktime_iso8601": "2023-09-02T22:18:44Z",
        "lastlocalchecktime": "2023-09-02 22:18:44",
        "lastlocalchecktime_iso8601": "2023-09-02T22:18:44Z",
        "clicktimestamp": "2023-09-03 05:54:45",
        "clicktimestamp_iso8601": "2023-09-03T05:54:45Z",
        "clickcount": 9,
        "clicktrend": 1,
        "ssl_error": 0,
        "geo_lat": null,
        "geo_long": null,
        "has_extended_info": false
    },
    {
        "changeuuid": "5fb18658-0dc9-49b2-bb08-4ca377b5eb7b",
        "stationuuid": "ec84163e-cb4f-4b60-b62a-eb905c84dfdc",
        "serveruuid": "8d8d23ca-0078-4bc6-ac9b-b1e9afecafbb",
        "name": "Auto Radio Kazakhstan",
        "url": "http://178.88.167.62:8080/AVTORADIO_192",
        "url_resolved": "http://178.88.167.62:8080/AVTORADIO_192",
        "homepage": "https://avtoradio.kz/",
        "favicon": "https://avtoradio.kz/wp-content/uploads/2020/05/cropped-mainicon-180x180.png",
        "tags": "kazakh music,pop,russian music",
        "country": "Kazakhstan",
        "countrycode": "KZ",
        "iso_3166_2": null,
        "state": "",
        "language": "kazakh,russian",
        "languagecodes": "kk,ru",
        "votes": 0,
        "lastchangetime": "2023-08-28 07:03:38",
        "lastchangetime_iso8601": "2023-08-28T07:03:38Z",
        "codec": "MP3",
        "bitrate": 192,
        "hls": 0,
        "lastcheckok": 1,
        "lastchecktime": "2023-09-03 07:30:20",
        "lastchecktime_iso8601": "2023-09-03T07:30:20Z",
        "lastcheckoktime": "2023-09-03 07:30:20",
        "lastcheckoktime_iso8601": "2023-09-03T07:30:20Z",
        "lastlocalchecktime": "2023-09-03 07:30:20",
        "lastlocalchecktime_iso8601": "2023-09-03T07:30:20Z",
        "clicktimestamp": "2023-09-02 20:52:04",
        "clicktimestamp_iso8601": "2023-09-02T20:52:04Z",
        "clickcount": 14,
        "clicktrend": -2,
        "ssl_error": 0,
        "geo_lat": 51.3553146394604,
        "geo_long": 68.20312500000001,
        "has_extended_info": false
    }
]