[
    {
        "changeuuid": "d7874110-1935-4c25-9d45-95427d5b3fe5",
        "stationuuid": "368ef657-f8b5-47ce-b578-337e401cc744",
        "serveruuid": "099028e4-4857-4f28-a091-d8be79ff62f3",
        "name": "Voice of Lebanon (Sawtlebnan) Radio",
        "url": "https://l3.itworkscdn.net/itwaudio/9054/stream",
        "url_resolved": "https://l3.itworkscdn.net/itwaudio/9054/stream",
        "homepage": "https://www.vdl.me/",
        "favicon": "https://www.vdl.me/wp-content/themes/vdl/app/images/logo-header-mobile.png",
        "tags": "",
        "country": "Lebanon",
        "countrycode": "LB",
        "iso_3166_2": null,
        "state": "",
        "language": "arabic",
        "languagecodes": "ar",
        "votes": 2991,
        "lastchangetime": "2022-03-28 11:47:20",
        "lastchangetime_iso8601": "2022-03-28T11:47:20Z",
        "codec": "MP3",
        "bitrate": 64,
        "hls": 0,
        "lastcheckok": 1,
        "lastchecktime": "2023-04-08 11:11:10",
        "lastchecktime_iso8601": "2023-04-08T11:11:10Z",
        "lastcheckoktime": "2023-04-08 11:11:10",
        "lastcheckoktime_iso8601": "2023-04-08T11:11:10Z",
        "lastlocalchecktime": "2023-04-08 11:11:10",
        "lastlocalchecktime_iso8601": "2023-04-08T11:11:10Z",
        "clicktimestamp": "2023-04-08 13:03:41",
        "clicktimestamp_iso8601": "2023-04-08T13:03:41Z",
        "clickcount": 186,
        "clicktrend": -6,
        "ssl_error": 0,
        "geo_lat": null,
        "geo_long": null,
        "has_extended_info": false
    },
    {
        "changeuuid": "4735ff81-301b-42ad-a0dc-e1de48081e0f",
        "stationuuid": "a137929c-5f5d-11e8-b15b-52543be04c81",
        "serveruuid": "670f7821-cb8e-4be5-9072-173aba51acf7",
        "name": "Holy Quran Radio Of Lebanon",
        "url": "http://162.244.81.30:8224/;stream.mp3?src=1",
        "url_resolved": "http://162.244.81.30:8224/;stream.mp3?src=1",
        "homepage": "http://www.quranradio.com.lb/",
        "favicon": "",
        "tags": "quran",
        "country": "Lebanon",
        "countrycode": "LB",
        "iso_3166_2": null,
        "state": "",
        "language": "arabic",
        "languagecodes": "ar",
        "votes": 2901,
        "lastchangetime": "2022-03-28 09:18:14",
        "lastchangetime_iso8601": "2022-03-28T09:18:14Z",
        "codec": "MP3",
        "bitrate": 32,
        "hls": 0,
        "lastcheckok": 1,
        "lastchecktime": "2023-04-08 01:10:40",
        "lastchecktime_iso8601": "2023-04-08T01:10:40Z",
        "lastcheckoktime": "2023-04-08 01:10:40",
        "lastcheckoktime_iso8601": "2023-04-08T01:10:40Z",
        "lastlocalchecktime": "2023-04-07 20:02:25",
        "lastlocalchecktime_iso8601": "2023-04-07T20:02:25Z",
        "clicktimestamp": "2023-04-08 14:24:35",
        "clicktimestamp_iso8601": "2023-04-08T14:24:35Z",
        "clickcount": 286,
        "clicktrend": -13,
        "ssl_error": 0,
        "geo_lat": null,
        "geo_long": null,
        "has_extended_info": false
    },
    {
        "changeuuid": "157495cb-992f-4e10-85df-60b8f425d183",
        "stationuuid": "9404d760-7a0c-446a-8d72-5e7d93e089fe",
        "serveruuid": "c4d55d34-29e0-46c5-afa0-d99d8d48e7df",
        "name": "Aghani Aghani",
        "url": "http://cdn.nrjaudio.fm/audio1/lb/1/mp3_128.mp3",
        "url_resolved": "http://185.52.127.132/lb/1/mp3_128.mp3?access_token=dd8969d8376747a9a2e44858867dfb50",
        "homepage": "https://aghaniaghani.com/",
        "favicon": "https://aghaniaghani.com/images/logo.png",
        "tags": "music",
        "country": "Lebanon",
        "countrycode": "LB",
        "iso_3166_2": null,
        "state": "",
        "language": "arabic",
        "languagecodes": "ar",
        "votes": 2481,
        "lastchangetime": "2022-03-28 12:39:31",
        "lastchangetime_iso8601": "2022-03-28T12:39:31Z",
        "codec": "MP3",
        "bitrate": 128,
        "hls": 0,
        "lastcheckok": 1,
        "lastchecktime": "2023-04-08 10:49:51",
        "lastchecktime_iso8601": "2023-04-08T10:49:51Z",
        "lastcheckoktime": "2023-04-08 10:49:51",
        "lastcheckoktime_iso8601": "2023-04-08T10:49:51Z",
        "lastlocalchecktime": "2023-04-08 10:49:51",
        "lastlocalchecktime_iso8601": "2023-04-08T10:49:51Z",
        "clicktimestamp": "2023-04-08 13:46:12",
        "clicktimestamp_iso8601": "2023-04-08T13:46:12Z",
        "clickcount": 139,
        "clicktrend": -4,
        "ssl_error": 0,
        "geo_lat": null,
        "geo_long": null,
        "has_extended_info": false
    },
    {
        "changeuuid": "84e6afe3-d221-4b38-9632-7ef329b9f7b8",
        "stationuuid": "03ecebf1-7164-11e9-af37-52543be04c81",
        "serveruuid": "ec196a68-a248-486c-8720-f0ef3cc26c6a",
        "name": "91.7FM Al Nour Radio - 91.9 / 92.2 \u00a0\u00a0 \u0625\u0630\u0627\u0639\u0629 \u0627\u0644\u0646\u0648\u0631 :: \u0631\u0627\u0626\u062f\u0629 \u0627\u0644\u0635\u0648\u062a \u0648\u0627\u0644\u0643\u0644\u0645\u0629 :: \u0628\u064a\u0631\u0648\u062a - \u0644\u0628\u0646\u0627\u0646",
        "url": "http://audiostreaming.itworkscdn.com:9066/",
        "url_resolved": "http://audiostreaming.itworkscdn.com:9066/",
        "homepage": "http://www.alnour.com.lb/",
        "favicon": "",
        "tags": "",
        "country": "Lebanon",
        "countrycode": "LB",
        "iso_3166_2": null,
        "state": "Beirut",
        "language": "arabic",
        "languagecodes": "ar",
        "votes": 2008,
        "lastchangetime": "2022-03-28 10:14:58",
        "lastchangetime_iso8601": "2022-03-28T10:14:58Z",
        "codec": "MP3",
        "bitrate": 96,
        "hls": 0,
        "lastcheckok": 1,
        "lastchecktime": "2023-04-08 04:48:37",
        "lastchecktime_iso8601": "2023-04-08T04:48:37Z",
        "lastcheckoktime": "2023-04-08 04:48:37",
        "lastcheckoktime_iso8601": "2023-04-08T04:48:37Z",
        "lastlocalchecktime": "2023-04-07 19:57:48",
        "lastlocalchecktime_iso8601": "2023-04-07T19:57:48Z",
        "clicktimestamp": "2023-04-08 14:10:45",
        "clicktimestamp_iso8601": "2023-04-08T14:10:45Z",
        "clickcount": 154,
        "clicktrend": -8,
        "ssl_error": 0,
        "geo_lat": null,
        "geo_long": null,
        "has_extended_info": false
    },
    {
        "changeuuid": "14546a37-5c53-41f9-8cd5-e865c78b9030",
        "stationuuid": "88ac049f-d017-11e9-a861-52543be04c81",
        "serveruuid": "4b4e827d-d264-487c-9350-b1bf0bd8141b",
        "name": "lbi Radio",
        "url": "http://andromeda.shoutca.st:8192/;stream.mp3",
        "url_resolved": "http://andromeda.shoutca.st:8192/;stream.mp3",
        "homepage": "http://lbiradio.com/",
        "favicon": "",
        "tags": "arabic,arabic music,hits,lebanon,online",
        "country": "Lebanon",
        "countrycode": "LB",
        "iso_3166_2": null,
        "state": "Beirut",
        "language": "arabic,english,french",
        "languagecodes": "ar,en,fr",
        "votes": 1814,
        "lastchangetime": "2022-09-05 05:44:18",
        "lastchangetime_iso8601": "2022-09-05T05:44:18Z",
        "codec": "MP3",
        "bitrate": 128,
        "hls": 0,
        "lastcheckok": 1,
        "lastchecktime": "2023-04-08 11:59:36",
        "lastchecktime_iso8601": "2023-04-08T11:59:36Z",
        "lastcheckoktime": "2023-04-08 11:59:36",
        "lastcheckoktime_iso8601": "2023-04-08T11:59:36Z",
        "lastlocalchecktime": "2023-04-07 18:21:49",
        "lastlocalchecktime_iso8601": "2023-04-07T18:21:49Z",
        "clicktimestamp": "2023-04-07 22:38:07",
        "clicktimestamp_iso8601": "2023-04-07T22:38:07Z",
        "clickcount": 94,
        "clicktrend": -5,
        "ssl_error": 0,
        "geo_lat": null,
        "geo_long": null,
        "has_extended_info": false
    },
    {
        "changeuuid": "dbec99dc-9fe9-471d-a4d9-3ac131cc6caf",
        "stationuuid": "535f6646-7ec1-44d7-8d45-c28ffe7344b7",
        "serveruuid": "abc7ed1c-0e66-42f8-b7d5-cf220b4a7963",
        "name": "Sawt El Noujoum",
        "url": "http://s25.myradiostream.com:15298/listen.mp3",
        "url_resolved": "http://s25.myradiostream.com:15298/listen.mp3",
        "homepage": "https://www.sawtelnoujoum.com/",
        "favicon": "",
        "tags": "",
        "country": "Lebanon",
        "countrycode": "LB",
        "iso_3166_2": null,
        "state": "",
        "language": "arabic",
        "languagecodes": "ar",
        "votes": 1693,
        "lastchangetime": "2022-03-28 14:25:46",
        "lastchangetime_iso8601": "2022-03-28T14:25:46Z",
        "codec": "MP3",
        "bitrate": 48,
        "hls": 0,
        "lastcheckok": 1,
        "lastchecktime": "2023-04-08 13:04:22",
        "lastchecktime_iso8601": "2023-04-08T13:04:22Z",
        "lastcheckoktime": "2023-04-08 13:04:22",
        "lastcheckoktime_iso8601": "2023-04-08T13:04:22Z",
        "lastlocalchecktime": "2023-04-08 12:46:49",
        "lastlocalchecktime_iso8601": "2023-04-08T12:46:49Z",
        "clicktimestamp": "2023-04-08 10:18:00",
        "clicktimestamp_iso8601": "2023-04-08T10:18:00Z",
        "clickcount": 52,
        "clicktrend": -1,
        "ssl_error": 0,
        "geo_lat": null,
        "geo_long": null,
        "has_extended_info": false
    },
    {
        "changeuuid": "0418d0e5-4f22-48a8-b3ad-592d9348eb59",
        "stationuuid": "ce5b4511-0856-11e9-a80b-52543be04c81",
        "serveruuid": "0283af5b-62ba-4d16-9fdf-8509070ca492",
        "name": "Sawt Achaab",
        "url": "http://vps1.osina.cloud:9320/;",
        "url_resolved": "http://vps1.osina.cloud:9320/;",
        "homepage": "https://sawtachaab.com/web/",
        "favicon": "",
        "tags": "music,politics,talk shows",
        "country": "Lebanon",
        "countrycode": "LB",
        "iso_3166_2": null,
        "state": "",
        "language": "arabic",
        "languagecodes": "ar",
        "votes": 1597,
        "lastchangetime": "2022-03-28 10:37:35",
        "lastchangetime_iso8601": "2022-03-28T10:37:35Z",
        "codec": "MP3",
        "bitrate": 96,
        "hls": 0,
        "lastcheckok": 1,
        "lastchecktime": "2023-04-08 11:38:25",
        "lastchecktime_iso8601": "2023-04-08T11:38:25Z",
        "lastcheckoktime": "2023-04-08 11:38:25",
        "lastcheckoktime_iso8601": "2023-04-08T11:38:25Z",
        "lastlocalchecktime": "2023-04-08 11:38:25",
        "lastlocalchecktime_iso8601": "2023-04-08T11:38:25Z",
        "clicktimestamp": "2023-04-08 13:10:09",
        "clicktimestamp_iso8601": "2023-04-08T13:10:09Z",
        "clickcount": 102,
        "clicktrend": -3,
        "ssl_error": 0,
        "geo_lat": null,
        "geo_long": null,
        "has_extended_info": false
    },
    {
        "changeuuid": "ae0d41a5-0cef-4710-97de-f41da61d8e17",
        "stationuuid": "6b77cd64-68ef-4984-91ec-9b7e77a26eda",
        "serveruuid": "a20f018e-99c3-4482-ba66-5ae7f9b40033",
        "name": "Radio Liban Libre",
        "url": "https://edge.mixlr.com/channel/qtqeb",
        "url_resolved": "https://edge.mixlr.com/channel/qtqeb",
        "homepage": "https://www.rll.com.lb/",
        "favicon": "",
        "tags": "arabic music,general,local programming,news,talk",
        "country": "Lebanon",
        "countrycode": "LB",
        "iso_3166_2": null,
        "state": "",
        "language": "arabic",
        "languagecodes": "ar",
        "votes": 1505,
        "lastchangetime": "2022-08-25 06:17:31",
        "lastchangetime_iso8601": "2022-08-25T06:17:31Z",
        "codec": "MP3",
        "bitrate": 0,
        "hls": 0,
        "lastcheckok": 1,
        "lastchecktime": "2023-04-08 10:39:45",
        "lastchecktime_iso8601": "2023-04-08T10:39:45Z",
        "lastcheckoktime": "2023-04-08 10:39:45",
        "lastcheckoktime_iso8601": "2023-04-08T10:39:45Z",
        "lastlocalchecktime": "2023-04-07 19:29:06",
        "lastlocalchecktime_iso8601": "2023-04-07T19:29:06Z",
        "clicktimestamp": "2023-04-08 10:18:06",
        "clicktimestamp_iso8601": "2023-04-08T10:18:06Z",
        "clickcount": 123,
        "clicktrend": -6,
        "ssl_error": 0,
        "geo_lat": 33.95504910606795,
        "geo_long": 35.6132259964943,
        "has_extended_info": false
    },
    {
        "changeuuid": "f258b835-7235-49b4-876b-b6e6354fc329",
        "stationuuid": "747af6c2-49fd-4bf3-898e-b5e9bfe1d361",
        "serveruuid": "da983831-f071-4180-83a3-4ccfdd3e2129",
        "name": "Radio Sawt Beirut International",
        "url": "http://hydra.shoutca.st:8325/;",
        "url_resolved": "http://hydra.shoutca.st:8325/;",
        "homepage": "https://sawtbeirut.com/",
        "favicon": "https://www.sawtbeirut.com/wp-content/uploads/2020/12/cropped-favicon-150x150.png",
        "tags": "international,news,world music",
        "country": "Lebanon",
        "countrycode": "LB",
        "iso_3166_2": null,
        "state": "Beirut",
        "language": "arabic,english",
        "languagecodes": "ar,en",
        "votes": 1456,
        "lastchangetime": "2022-05-13 16:04:00",
        "lastchangetime_iso8601": "2022-05-13T16:04:00Z",
        "codec": "MP3",
        "bitrate": 128,
        "hls": 0,
        "lastcheckok": 1,
        "lastchecktime": "2023-04-08 03:02:35",
        "lastchecktime_iso8601": "2023-04-08T03:02:35Z",
        "lastcheckoktime": "2023-04-08 03:02:35",
        "lastcheckoktime_iso8601": "2023-04-08T03:02:35Z",
        "lastlocalchecktime": "2023-04-07 17:14:35",
        "lastlocalchecktime_iso8601": "2023-04-07T17:14:35Z",
        "clicktimestamp": "2023-04-08 08:33:20",
        "clicktimestamp_iso8601": "2023-04-08T08:33:20Z",
        "clickcount": 84,
        "clicktrend": -11,
        "ssl_error": 0,
        "geo_lat": null,
        "geo_long": null,
        "has_extended_info": false
    },
    {
        "changeuuid": "2f1b7a36-8ad7-4cc5-965c-4184569901fb",
        "stationuuid": "f761ebd5-eff4-4b0d-8195-c739911842d9",
        "serveruuid": "da4bfe45-bc9b-431a-8bb9-d850b85881a9",
        "name": "Al Bal Radio",
        "url": "https://albal-lbnet2.radioca.st/stream",
        "url_resolved": "https://albal-lbnet2.radioca.st/stream",
        "homepage": "https://lbiradio.com/albal/",
        "favicon": "https://i.ibb.co/HT3zGP3/cover.png",
        "tags": "",
        "country": "Lebanon",
        "countrycode": "LB",
        "iso_3166_2": null,
        "state": "Beirut",
        "language": "",
        "languagecodes": "",
        "votes": 1336,
        "lastchangetime": "2022-02-12 23:04:44",
        "lastchangetime_iso8601": "2022-02-12T23:04:44Z",
        "codec": "MP3",
        "bitrate": 128,
        "hls": 0,
        "lastcheckok": 1,
        "lastchecktime": "2023-04-08 08:33:44",
        "lastchecktime_iso8601": "2023-04-08T08:33:44Z",
        "lastcheckoktime": "2023-04-08 08:33:44",
        "lastcheckoktime_iso8601": "2023-04-08T08:33:44Z",
        "lastlocalchecktime": "2023-04-08 08:33:44",
        "lastlocalchecktime_iso8601": "2023-04-08T08:33:44Z",
        "clicktimestamp": "2023-04-08 13:03:45",
        "clicktimestamp_iso8601": "2023-04-08T13:03:45Z",
        "clickcount": 129,
        "clicktrend": 2,
        "ssl_error": 0,
        "geo_lat": null,
        "geo_long": null,
        "has_extended_info": false
    },
    {
        "changeuuid": "4e6dc9b0-77e3-4be7-bb5b-77acdb69d5e6",
        "stationuuid": "7cd7f061-5011-4cfa-96d9-7fe2eaae8093",
        "serveruuid": "d6a62bbb-6465-4ea0-824c-b08b0591bfb1",
        "name": "Radio Delta Lebanon",
        "url": "http://radiodelta.fm/live",
        "url_resolved": "http://cast3.my-control-panel.com:8501/",
        "homepage": "http://radiodelta.fm/",
        "favicon": "http://radiodelta.fm/images/logo-2019.png",
        "tags": "",
        "country": "Lebanon",
        "countrycode": "LB",
        "iso_3166_2": null,
        "state": "",
        "language": "arabic",
        "languagecodes": "ar",
        "votes": 1224,
        "lastchangetime": "2022-03-28 13:23:15",
        "lastchangetime_iso8601": "2022-03-28T13:23:15Z",
        "codec": "MP3",
        "bitrate": 128,
        "hls": 0,
        "lastcheckok": 1,
        "lastchecktime": "2023-04-08 10:20:51",
        "lastchecktime_iso8601": "2023-04-08T10:20:51Z",
        "lastcheckoktime": "2023-04-08 10:20:51",
        "lastcheckoktime_iso8601": "2023-04-08T10:20:51Z",
        "lastlocalchecktime": "2023-04-07 15:37:11",
        "lastlocalchecktime_iso8601": "2023-04-07T15:37:11Z",
        "clicktimestamp": "2023-04-08 13:05:48",
        "clicktimestamp_iso8601": "2023-04-08T13:05:48Z",
        "clickcount": 131,
        "clicktrend": -1,
        "ssl_error": 0,
        "geo_lat": null,
        "geo_long": null,
        "has_extended_info": false
    },
    {
        "changeuuid": "08deafce-a7da-495e-a4a9-5528e1c32fef",
        "stationuuid": "c9bc044f-7563-422d-b1ed-e5b0d1fcb84f",
        "serveruuid": "da983831-f071-4180-83a3-4ccfdd3e2129",
        "name": "Radio Sawt Beirut International",
        "url": "http://hydra.shoutca.st:8325/;stream.mp3",
        "url_resolved": "http://hydra.shoutca.st:8325/;stream.mp3",
        "homepage": "https://sawtbeirut.com/",
        "favicon": "https://www.sawtbeirut.com/wp-content/uploads/2020/12/cropped-favicon-150x150.png",
        "tags": "international,news,world",
        "country": "Lebanon",
        "countrycode": "LB",
        "iso_3166_2": null,
        "state": "Beirut",
        "language": "arabic,english",
        "languagecodes": "ar,en",
        "votes": 1201,
        "lastchangetime": "2022-08-29 01:02:19",
        "lastchangetime_iso8601": "2022-08-29T01:02:19Z",
        "codec": "MP3",
        "bitrate": 128,
        "hls": 0,
        "lastcheckok": 1,
        "lastchecktime": "2023-04-08 13:32:43",
        "lastchecktime_iso8601": "2023-04-08T13:32:43Z",
        "lastcheckoktime": "2023-04-08 13:32:43",
        "lastcheckoktime_iso8601": "2023-04-08T13:32:43Z",
        "lastlocalchecktime": "2023-04-08 13:32:43",
        "lastlocalchecktime_iso8601": "2023-04-08T13:32:43Z",
        "clicktimestamp": "2023-04-08 13:28:40",
        "clicktimestamp_iso8601": "2023-04-08T13:28:40Z",
        "clickcount": 71,
        "clicktrend": 5,
        "ssl_error": 0,
        "geo_lat": null,
        "geo_long": null,
        "has_extended_info": false
    },
    {
        "changeuuid": "e92c15cd-aa1c-4c8d-b5cf-48e27c152d4c",
        "stationuuid": "9637cdcf-0601-11e8-ae97-52543be04c81",
        "serveruuid": "c74bf07f-a6e1-4f49-a07b-4cb8ad45c627",
        "name": "Beirut Nights",
        "url": "http://beirutnights.com/live.m3u",
        "url_resolved": "http://byblosnights.com:70/relay",
        "homepage": "http://beirutnights.com/",
        "favicon": "",
        "tags": "eurodance",
        "country": "Lebanon",
        "countrycode": "LB",
        "iso_3166_2": null,
        "state": "",
        "language": "",
        "languagecodes": "",
        "votes": 949,
        "lastchangetime": "2022-09-13 08:01:32",
        "lastchangetime_iso8601": "2022-09-13T08:01:32Z",
        "codec": "MP3",
        "bitrate": 128,
        "hls": 0,
        "lastcheckok": 1,
        "lastchecktime": "2023-04-08 10:33:30",
        "lastchecktime_iso8601": "2023-04-08T10:33:30Z",
        "lastcheckoktime": "2023-04-08 10:33:30",
        "lastcheckoktime_iso8601": "2023-04-08T10:33:30Z",
        "lastlocalchecktime": "2023-04-07 15:12:10",
        "lastlocalchecktime_iso8601": "2023-04-07T15:12:10Z",
        "clicktimestamp": "2023-04-08 13:46:11",
        "clicktimestamp_iso8601": "2023-04-08T13:46:11Z",
        "clickcount": 79,
        "clicktrend": -5,
        "ssl_error": 0,
        "geo_lat": null,
        "geo_long": null,
        "has_extended_info": false
    },
    {
        "changeuuid": "17195c5f-0af4-405e-88ed-6f62f6ba58d2",
        "stationuuid": "9637bb37-0601-11e8-ae97-52543be04c81",
        "serveruuid": "049b1d69-d715-4baa-87f0-f0a8f86fa8b5",
        "name": "Byblos Radio",
        "url": "http://byblosnights.com:8000/byblosaac",
        "url_resolved": "http://byblosnights.com:8000/byblosaac",
        "homepage": "http://byblosradio.com/",
        "favicon": "",
        "tags": "world music",
        "country": "Lebanon",
        "countrycode": "LB",
        "iso_3166_2": null,
        "state": "",
        "language": "",
        "languagecodes": "",
        "votes": 834,
        "lastchangetime": "2022-02-04 03:33:46",
        "lastchangetime_iso8601": "2022-02-04T03:33:46Z",
        "codec": "AAC+",
        "bitrate": 64,
        "hls": 0,
        "lastcheckok": 1,
        "lastchecktime": "2023-04-07 20:49:27",
        "lastchecktime_iso8601": "2023-04-07T20:49:27Z",
        "lastcheckoktime": "2023-04-07 20:49:27",
        "lastcheckoktime_iso8601": "2023-04-07T20:49:27Z",
        "lastlocalchecktime": "2023-04-07 16:21:14",
        "lastlocalchecktime_iso8601": "2023-04-07T16:21:14Z",
        "clicktimestamp": "2023-04-07 20:19:46",
        "clicktimestamp_iso8601": "2023-04-07T20:19:46Z",
        "clickcount": 37,
        "clicktrend": -3,
        "ssl_error": 0,
        "geo_lat": null,
        "geo_long": null,
        "has_extended_info": false
    },
    {
        "changeuuid": "f6efe715-201c-4b47-ade7-4470267e571c",
        "stationuuid": "dc0266fe-ac17-4542-8626-e1155e48b6d2",
        "serveruuid": "62551040-fd0e-4460-9d4b-f07caa5d717a",
        "name": "M Radio Lebanon",
        "url": "https://stream.zeno.fm/nuf630msh98uv",
        "url_resolved": "https://stream-048.zeno.fm/nuf630msh98uv?zs=w1Av1BOESoSP6joVbKBPSw",
        "homepage": "http://radiom.ml/",
        "favicon": "https://i.imgur.com/nnhlKiH.jpg",
        "tags": "arabic music,hits,lebanon,radio m",
        "country": "Lebanon",
        "countrycode": "LB",
        "iso_3166_2": null,
        "state": "Beirut",
        "language": "arabic,english",
        "languagecodes": "ar,en",
        "votes": 826,
        "lastchangetime": "2022-03-28 10:08:45",
        "lastchangetime_iso8601": "2022-03-28T10:08:45Z",
        "codec": "MP3",
        "bitrate": 0,
        "hls": 0,
        "lastcheckok": 1,
        "lastchecktime": "2023-04-08 04:03:07",
        "lastchecktime_iso8601": "2023-04-08T04:03:07Z",
        "lastcheckoktime": "2023-04-08 04:03:07",
        "lastcheckoktime_iso8601": "2023-04-08T04:03:07Z",
        "lastlocalchecktime": "2023-04-07 19:37:58",
        "lastlocalchecktime_iso8601": "2023-04-07T19:37:58Z",
        "clicktimestamp": "2023-04-08 14:18:00",
        "clicktimestamp_iso8601": "2023-04-08T14:18:00Z",
        "clickcount": 46,
        "clicktrend": -1,
        "ssl_error": 0,
        "geo_lat": 33.887824762785456,
        "geo_long": 35.52035182714463,
        "has_extended_info": false
    },
    {
        "changeuuid": "fc8b2182-f558-4b5e-b060-ce6f2aeb0892",
        "stationuuid": "96475698-0601-11e8-ae97-52543be04c81",
        "serveruuid": "d2dfcf4d-87b6-4140-b97f-f0c8759d0484",
        "name": "Light FM 90.5 & 90.7 Beirut",
        "url": "http://provisioning.streamtheworld.com/pls/LIGHTFMAAC.pls",
        "url_resolved": "http://23543.live.streamtheworld.com:3690/LIGHTFMAAC_SC",
        "homepage": "http://www.lightfmlebanon.com/",
        "favicon": "",
        "tags": "beirut,pop,world music",
        "country": "Lebanon",
        "countrycode": "LB",
        "iso_3166_2": null,
        "state": "",
        "language": "english,french",
        "languagecodes": "en,fr",
        "votes": 773,
        "lastchangetime": "2022-03-28 13:02:19",
        "lastchangetime_iso8601": "2022-03-28T13:02:19Z",
        "codec": "AAC+",
        "bitrate": 48,
        "hls": 0,
        "lastcheckok": 1,
        "lastchecktime": "2023-04-08 10:45:53",
        "lastchecktime_iso8601": "2023-04-08T10:45:53Z",
        "lastcheckoktime": "2023-04-08 10:45:53",
        "lastcheckoktime_iso8601": "2023-04-08T10:45:53Z",
        "lastlocalchecktime": "2023-04-07 18:04:52",
        "lastlocalchecktime_iso8601": "2023-04-07T18:04:52Z",
        "clicktimestamp": "2023-04-08 13:04:59",
        "clicktimestamp_iso8601": "2023-04-08T13:04:59Z",
        "clickcount": 57,
        "clicktrend": -5,
        "ssl_error": 0,
        "geo_lat": null,
        "geo_long": null,
        "has_extended_info": false
    },
    {
        "changeuuid": "64876385-05df-49b7-94ea-676ed399c26f",
        "stationuuid": "b3b4053b-45e2-46cb-9a89-0a13b0e43128",
        "serveruuid": "7ba16821-66c6-4aa3-b396-4a1faa456386",
        "name": "Ashohra Radio",
        "url": "http://209.133.216.3:7003/live",
        "url_resolved": "http://209.133.216.3:7003/live",
        "homepage": "http://www.ashohraradio.com/",
        "favicon": "",
        "tags": "",
        "country": "Lebanon",
        "countrycode": "LB",
        "iso_3166_2": null,
        "state": "",
        "language": "arabic",
        "languagecodes": "ar",
        "votes": 732,
        "lastchangetime": "2022-07-12 20:01:18",
        "lastchangetime_iso8601": "2022-07-12T20:01:18Z",
        "codec": "MP3",
        "bitrate": 192,
        "hls": 0,
        "lastcheckok": 1,
        "lastchecktime": "2023-04-07 21:01:19",
        "lastchecktime_iso8601": "2023-04-07T21:01:19Z",
        "lastcheckoktime": "2023-04-07 21:01:19",
        "lastcheckoktime_iso8601": "2023-04-07T21:01:19Z",
        "lastlocalchecktime": "2023-04-07 21:01:19",
        "lastlocalchecktime_iso8601": "2023-04-07T21:01:19Z",
        "clicktimestamp": "2023-04-08 08:43:59",
        "clicktimestamp_iso8601": "2023-04-08T08:43:59Z",
        "clickcount": 34,
        "clicktrend": -5,
        "ssl_error": 0,
        "geo_lat": null,
        "geo_long": null,
        "has_extended_info": false
    },
    {
        "changeuuid": "1210c6f1-5749-461d-81ef-7615bc1504be",
        "stationuuid": "01bdca7a-082d-4363-a366-927691eb5328",
        "serveruuid": "38f72367-56c7-4369-90a4-354c890a3213",
        "name": "Arabica TV",
        "url": "http://istream.binarywaves.com:8081/hls/arabica/playlist.m3u8",
        "url_resolved": "http://istream.binarywaves.com:8081/hls/arabica/playlist.m3u8",
        "homepage": "http://arabicagroup.tv/",
        "favicon": "",
        "tags": "",
        "country": "Lebanon",
        "countrycode": "LB",
        "iso_3166_2": null,
        "state": "",
        "language": "arabic",
        "languagecodes": "ar",
        "votes": 727,
        "lastchangetime": "2022-08-28 23:00:08",
        "lastchangetime_iso8601": "2022-08-28T23:00:08Z",
        "codec": "MP3",
        "bitrate": 2019,
        "hls": 1,
        "lastcheckok": 1,
        "lastchecktime": "2023-04-08 09:10:32",
        "lastchecktime_iso8601": "2023-04-08T09:10:32Z",
        "lastcheckoktime": "2023-04-08 09:10:32",
        "lastcheckoktime_iso8601": "2023-04-08T09:10:32Z",
        "lastlocalchecktime": "2023-04-08 09:10:32",
        "lastlocalchecktime_iso8601": "2023-04-08T09:10:32Z",
        "clicktimestamp": "2023-04-08 12:48:09",
        "clicktimestamp_iso8601": "2023-04-08T12:48:09Z",
        "clickcount": 79,
        "clicktrend": -8,
        "ssl_error": 0,
        "geo_lat": null,
        "geo_long": null,
        "has_extended_info": false
    },
    {
        "changeuuid": "84ff4df1-7bfb-4113-b05e-5f4223bdd609",
        "stationuuid": "db39f56e-d531-492c-9432-8e6a913b0f9f",
        "serveruuid": "62551040-fd0e-4460-9d4b-f07caa5d717a",
        "name": "Radio M",
        "url": "https://stream.zeno.fm/p6r19mphm98uv",
        "url_resolved": "https://stream-037.zeno.fm/p6r19mphm98uv?zs=uKNvk2IQRAuqlmePkiSy9A",
        "homepage": "http://radiom.ml/",
        "favicon": "https://i.imgur.com/nnhlKiH.jpg",
        "tags": "pop,top 40,variety,various music",
        "country": "Lebanon",
        "countrycode": "LB",
        "iso_3166_2": null,
        "state": "Beirut",
        "language": "arabic,english",
        "languagecodes": "ar,en",
        "votes": 699,
        "lastchangetime": "2022-03-28 12:33:57",
        "lastchangetime_iso8601": "2022-03-28T12:33:57Z",
        "codec": "MP3",
        "bitrate": 0,
        "hls": 0,
        "lastcheckok": 1,
        "lastchecktime": "2023-04-08 11:21:00",
        "lastchecktime_iso8601": "2023-04-08T11:21:00Z",
        "lastcheckoktime": "2023-04-08 11:21:00",
        "lastcheckoktime_iso8601": "2023-04-08T11:21:00Z",
        "lastlocalchecktime": "2023-04-07 14:42:39",
        "lastlocalchecktime_iso8601": "2023-04-07T14:42:39Z",
        "clicktimestamp": "2023-04-08 12:52:18",
        "clicktimestamp_iso8601": "2023-04-08T12:52:18Z",
        "clickcount": 63,
        "clicktrend": -6,
        "ssl_error": 0,
        "geo_lat": 33.89038870562909,
        "geo_long": 35.52829653024674,
        "has_extended_info": false
    },
    {
        "changeuuid": "c6ad46b8-1143-4b4a-a20b-49925ca4de53",
        "stationuuid": "d9cad3a7-4709-472f-934b-039303e37f79",
        "serveruuid": "a1e0f29c-d249-4775-8b28-4037ae1382ae",
        "name": "Nidaa FM",
        "url": "http://nidaa.fm:8811/stream.mp3",
        "url_resolved": "http://nidaa.fm:8811/stream.mp3",
        "homepage": "",
        "favicon": "",
        "tags": "classical",
        "country": "Lebanon",
        "countrycode": "LB",
        "iso_3166_2": null,
        "state": "",
        "language": "",
        "languagecodes": "",
        "votes": 683,
        "lastchangetime": "2021-08-06 08:36:44",
        "lastchangetime_iso8601": "2021-08-06T08:36:44Z",
        "codec": "MP3",
        "bitrate": 192,
        "hls": 0,
        "lastcheckok": 1,
        "lastchecktime": "2023-04-08 13:23:06",
        "lastchecktime_iso8601": "2023-04-08T13:23:06Z",
        "lastcheckoktime": "2023-04-08 13:23:06",
        "lastcheckoktime_iso8601": "2023-04-08T13:23:06Z",
        "lastlocalchecktime": "2023-04-08 13:23:06",
        "lastlocalchecktime_iso8601": "2023-04-08T13:23:06Z",
        "clicktimestamp": "2023-04-08 12:58:09",
        "clicktimestamp_iso8601": "2023-04-08T12:58:09Z",
        "clickcount": 68,
        "clicktrend": -7,
        "ssl_error": 0,
        "geo_lat": null,
        "geo_long": null,
        "has_extended_info": false
    },
    {
        "changeuuid": "93af5655-d8ed-4b52-91a4-ba3caa13f920",
        "stationuuid": "62711b6c-735c-4730-8e1d-bd04b16c2701",
        "serveruuid": "a5301cc7-4099-46e1-a290-4c6a3d19deb9",
        "name": "radio maria arabic",
        "url": "http://dreamsiteradiocp4.com:8014/stream",
        "url_resolved": "http://dreamsiteradiocp4.com:8014/stream",
        "homepage": "http://dreamsiteradiocp4.com:8014/stream",
        "favicon": "",
        "tags": "christ",
        "country": "Lebanon",
        "countrycode": "LB",
        "iso_3166_2": null,
        "state": "",
        "language": "arabic",
        "languagecodes": "ar",
        "votes": 652,
        "lastchangetime": "2022-03-29 09:12:01",
        "lastchangetime_iso8601": "2022-03-29T09:12:01Z",
        "codec": "MP3",
        "bitrate": 64,
        "hls": 0,
        "lastcheckok": 1,
        "lastchecktime": "2023-04-08 12:18:43",
        "lastchecktime_iso8601": "2023-04-08T12:18:43Z",
        "lastcheckoktime": "2023-04-08 12:18:43",
        "lastcheckoktime_iso8601": "2023-04-08T12:18:43Z",
        "lastlocalchecktime": "2023-04-08 12:18:43",
        "lastlocalchecktime_iso8601": "2023-04-08T12:18:43Z",
        "clicktimestamp": "2023-04-08 00:20:54",
        "clicktimestamp_iso8601": "2023-04-08T00:20:54Z",
        "clickcount": 41,
        "clicktrend": -6,
        "ssl_error": 0,
        "geo_lat": null,
        "geo_long": null,
        "has_extended_info": false
    },
    {
        "changeuuid": "0c0b2ac7-e6ac-4d81-86f3-a69de05d25c4",
        "stationuuid": "ff211247-c741-11e9-8502-52543be04c81",
        "serveruuid": "fca9430f-534a-4589-a40d-81f800901a67",
        "name": "Beirut Nights Radio (AAC)",
        "url": "http://byblosnights.com:6190/",
        "url_resolved": "http://byblosnights.com:6190/",
        "homepage": "http://beirutnights.com/",
        "favicon": "",
        "tags": "eurodance,european,mediterranean,trance",
        "country": "Lebanon",
        "countrycode": "LB",
        "iso_3166_2": null,
        "state": "",
        "language": "english",
        "languagecodes": "en",
        "votes": 486,
        "lastchangetime": "2022-04-19 17:15:49",
        "lastchangetime_iso8601": "2022-04-19T17:15:49Z",
        "codec": "MP3",
        "bitrate": 128,
        "hls": 0,
        "lastcheckok": 1,
        "lastchecktime": "2023-04-08 11:21:49",
        "lastchecktime_iso8601": "2023-04-08T11:21:49Z",
        "lastcheckoktime": "2023-04-08 11:21:49",
        "lastcheckoktime_iso8601": "2023-04-08T11:21:49Z",
        "lastlocalchecktime": "2023-04-08 11:21:49",
        "lastlocalchecktime_iso8601": "2023-04-08T11:21:49Z",
        "clicktimestamp": "2023-04-07 15:02:47",
        "clicktimestamp_iso8601": "2023-04-07T15:02:47Z",
        "clickcount": 40,
        "clicktrend": -9,
        "ssl_error": 0,
        "geo_lat": null,
        "geo_long": null,
        "has_extended_info": false
    },
    {
        "changeuuid": "7c9e1528-9c9b-4832-9643-a69028df8a04",
        "stationuuid": "effbd680-2261-4ee8-aab9-c771e2ef7109",
        "serveruuid": "e46e9c13-1f0d-458a-88ea-3b95b06f0171",
        "name": "Mix FM Lebanon",
        "url": "https://23543.live.streamtheworld.com/MIXFM_LEBANONAAC_SC",
        "url_resolved": "https://23543.live.streamtheworld.com/MIXFM_LEBANONAAC_SC",
        "homepage": "http://www.mixfm.com.lb/",
        "favicon": "",
        "tags": "",
        "country": "Lebanon",
        "countrycode": "LB",
        "iso_3166_2": null,
        "state": "",
        "language": "arabic,english",
        "languagecodes": "ar,en",
        "votes": 484,
        "lastchangetime": "2022-08-27 05:32:21",
        "lastchangetime_iso8601": "2022-08-27T05:32:21Z",
        "codec": "AAC+",
        "bitrate": 56,
        "hls": 0,
        "lastcheckok": 1,
        "lastchecktime": "2023-04-08 10:20:51",
        "lastchecktime_iso8601": "2023-04-08T10:20:51Z",
        "lastcheckoktime": "2023-04-08 10:20:51",
        "lastcheckoktime_iso8601": "2023-04-08T10:20:51Z",
        "lastlocalchecktime": "2023-04-07 17:51:19",
        "lastlocalchecktime_iso8601": "2023-04-07T17:51:19Z",
        "clicktimestamp": "2023-04-08 13:29:01",
        "clicktimestamp_iso8601": "2023-04-08T13:29:01Z",
        "clickcount": 47,
        "clicktrend": -3,
        "ssl_error": 0,
        "geo_lat": null,
        "geo_long": null,
        "has_extended_info": false
    },
    {
        "changeuuid": "664be602-7760-4a93-a38c-fb60efaeb677",
        "stationuuid": "9409faee-d774-450b-945f-38ecc3aec8c1",
        "serveruuid": "06f92730-7faf-4a43-9d99-8dbe8dec1e01",
        "name": "\u0635\u0648\u062a \u0627\u0644\u063a\u062f \u0627\u0633\u062a\u0631\u0627\u0644\u064a\u0627",
        "url": "http://s4.voscast.com:7648/;stream.mp3",
        "url_resolved": "http://s4.voscast.com:7648/;stream.mp3",
        "homepage": "https://www.sawtelghad.com/",
        "favicon": "",
        "tags": "rock",
        "country": "Lebanon",
        "countrycode": "LB",
        "iso_3166_2": null,
        "state": "",
        "language": "arabesk",
        "languagecodes": "",
        "votes": 455,
        "lastchangetime": "2022-05-29 12:50:34",
        "lastchangetime_iso8601": "2022-05-29T12:50:34Z",
        "codec": "AAC+",
        "bitrate": 64,
        "hls": 0,
        "lastcheckok": 1,
        "lastchecktime": "2023-04-08 02:27:05",
        "lastchecktime_iso8601": "2023-04-08T02:27:05Z",
        "lastcheckoktime": "2023-04-08 02:27:05",
        "lastcheckoktime_iso8601": "2023-04-08T02:27:05Z",
        "lastlocalchecktime": "2023-04-07 18:32:44",
        "lastlocalchecktime_iso8601": "2023-04-07T18:32:44Z",
        "clicktimestamp": "2023-04-07 16:33:17",
        "clicktimestamp_iso8601": "2023-04-07T16:33:17Z",
        "clickcount": 53,
        "clicktrend": -3,
        "ssl_error": 0,
        "geo_lat": null,
        "geo_long": null,
        "has_extended_info": false
    },
    {
        "changeuuid": "32020a30-4f10-434d-9e3c-ae81e7ea2085",
        "stationuuid": "51660ccb-c743-11e9-8502-52543be04c81",
        "serveruuid": "9b8f5f5f-86fd-4592-90e8-503c0b9614d4",
        "name": "Byblos Radio (AAC)",
        "url": "http://byblosnights.com:8360/",
        "url_resolved": "http://byblosnights.com:8360/",
        "homepage": "http://byblosradio.com/",
        "favicon": "",
        "tags": "eurodance,european,mediterranean,trance",
        "country": "Lebanon",
        "countrycode": "LB",
        "iso_3166_2": null,
        "state": "",
        "language": "english",
        "languagecodes": "en",
        "votes": 415,
        "lastchangetime": "2022-04-17 15:14:30",
        "lastchangetime_iso8601": "2022-04-17T15:14:30Z",
        "codec": "MP3",
        "bitrate": 128,
        "hls": 0,
        "lastcheckok": 1,
        "lastchecktime": "2023-04-08 01:31:02",
        "lastchecktime_iso8601": "2023-04-08T01:31:02Z",
        "lastcheckoktime": "2023-04-08 01:31:02",
        "lastcheckoktime_iso8601": "2023-04-08T01:31:02Z",
        "lastlocalchecktime": "2023-04-07 17:57:14",
        "lastlocalchecktime_iso8601": "2023-04-07T17:57:14Z",
        "clicktimestamp": "2023-04-07 20:19:46",
        "clicktimestamp_iso8601": "2023-04-07T20:19:46Z",
        "clickcount": 27,
        "clicktrend": -4,
        "ssl_error": 0,
        "geo_lat": null,
        "geo_long": null,
        "has_extended_info": false
    },
    {
        "changeuuid": "d9bd8b94-ece4-4d04-8957-c213e8c0bcad",
        "stationuuid": "234b8531-a493-4f79-8837-f8f2ad9bbc6b",
        "serveruuid": "991be9d8-e79d-4821-8766-c4edb787e8d6",
        "name": "Virgin Radio Lebanon Stars",
        "url": "https://stream.zeno.fm/h66yxnapga0uv",
        "url_resolved": "https://stream-002.zeno.fm/h66yxnapga0uv?zs=NWuAeodiT_W7nzww3rgo4A",
        "homepage": "https://virginradiolb.com/stars",
        "favicon": "https://virginradiolb.com/assets/themes/TriTheme/images/logo-stars.png",
        "tags": "",
        "country": "Lebanon",
        "countrycode": "LB",
        "iso_3166_2": null,
        "state": "",
        "language": "arabic,english",
        "languagecodes": "ar,en",
        "votes": 413,
        "lastchangetime": "2022-05-15 20:00:34",
        "lastchangetime_iso8601": "2022-05-15T20:00:34Z",
        "codec": "MP3",
        "bitrate": 0,
        "hls": 0,
        "lastcheckok": 1,
        "lastchecktime": "2023-04-08 12:06:33",
        "lastchecktime_iso8601": "2023-04-08T12:06:33Z",
        "lastcheckoktime": "2023-04-08 12:06:33",
        "lastcheckoktime_iso8601": "2023-04-08T12:06:33Z",
        "lastlocalchecktime": "2023-04-07 20:36:52",
        "lastlocalchecktime_iso8601": "2023-04-07T20:36:52Z",
        "clicktimestamp": "2023-04-07 22:16:58",
        "clicktimestamp_iso8601": "2023-04-07T22:16:58Z",
        "clickcount": 38,
        "clicktrend": -4,
        "ssl_error": 0,
        "geo_lat": null,
        "geo_long": null,
        "has_extended_info": false
    },
    {
        "changeuuid": "9e2d9f79-8cc1-4af7-bd58-662009a0987d",
        "stationuuid": "47c10505-5ce4-4b1b-b6f0-16c33bb6b4e8",
        "serveruuid": "c1453116-229b-42cd-a465-af70464154fc",
        "name": "Virgin Radio Lebanon",
        "url": "https://stream.zeno.fm/dwxw3p9vea0uv",
        "url_resolved": "https://stream-023.zeno.fm/dwxw3p9vea0uv?zs=uwcr6WGbQL6iwU95-hQeiA",
        "homepage": "https://virginradiolb.com/lebanon/",
        "favicon": "https://virginradiolb.com/favicon-32x32.png",
        "tags": "",
        "country": "Lebanon",
        "countrycode": "LB",
        "iso_3166_2": null,
        "state": "",
        "language": "arabic,english",
        "languagecodes": "ar,en",
        "votes": 306,
        "lastchangetime": "2022-08-27 07:10:20",
        "lastchangetime_iso8601": "2022-08-27T07:10:20Z",
        "codec": "MP3",
        "bitrate": 0,
        "hls": 0,
        "lastcheckok": 1,
        "lastchecktime": "2023-04-08 09:33:00",
        "lastchecktime_iso8601": "2023-04-08T09:33:00Z",
        "lastcheckoktime": "2023-04-08 09:33:00",
        "lastcheckoktime_iso8601": "2023-04-08T09:33:00Z",
        "lastlocalchecktime": "2023-04-07 20:06:22",
        "lastlocalchecktime_iso8601": "2023-04-07T20:06:22Z",
        "clicktimestamp": "2023-04-08 14:02:46",
        "clicktimestamp_iso8601": "2023-04-08T14:02:46Z",
        "clickcount": 41,
        "clicktrend": -6,
        "ssl_error": 0,
        "geo_lat": null,
        "geo_long": null,
        "has_extended_info": false
    },
    {
        "changeuuid": "5c48dcb6-cee5-467f-9b50-f1a9018602d4",
        "stationuuid": "e158c479-1f22-11e9-a80b-52543be04c81",
        "serveruuid": "1ea1b290-597f-49a8-be64-6af55113c515",
        "name": "Nour Mariam TV",
        "url": "http://svs.itworkscdn.net/nour9satlive/livestream/playlist.m3u8",
        "url_resolved": "http://svs.itworkscdn.net/nour9satlive/livestream/playlist.m3u8",
        "homepage": "http://noursat.tv/",
        "favicon": "http://noursat.tv/assets/icons/icon-152x152.png",
        "tags": "",
        "country": "Lebanon",
        "countrycode": "LB",
        "iso_3166_2": null,
        "state": "Beirut",
        "language": "arabic",
        "languagecodes": "ar",
        "votes": 237,
        "lastchangetime": "2023-03-25 00:04:24",
        "lastchangetime_iso8601": "2023-03-25T00:04:24Z",
        "codec": "AAC,H.264",
        "bitrate": 562,
        "hls": 1,
        "lastcheckok": 1,
        "lastchecktime": "2023-04-08 10:43:33",
        "lastchecktime_iso8601": "2023-04-08T10:43:33Z",
        "lastcheckoktime": "2023-04-08 10:43:33",
        "lastcheckoktime_iso8601": "2023-04-08T10:43:33Z",
        "lastlocalchecktime": "2023-04-08 10:43:33",
        "lastlocalchecktime_iso8601": "2023-04-08T10:43:33Z",
        "clicktimestamp": "2023-04-06 21:45:18",
        "clicktimestamp_iso8601": "2023-04-06T21:45:18Z",
        "clickcount": 25,
        "clicktrend": -3,
        "ssl_error": 0,
        "geo_lat": null,
        "geo_long": null,
        "has_extended_info": false
    },
    {
        "changeuuid": "a8d9ddc1-94fb-4658-a6cb-b92f0db58735",
        "stationuuid": "848bd505-7de5-4c8f-9000-f6fcabf64671",
        "serveruuid": "06f92730-7faf-4a43-9d99-8dbe8dec1e01",
        "name": "SBI Lebanon",
        "url": "http://s4.voscast.com:7648/;stream.mp3",
        "url_resolved": "http://s4.voscast.com:7648/;stream.mp3",
        "homepage": "https://wew.sbilebsnon.com/",
        "favicon": "",
        "tags": "",
        "country": "Lebanon",
        "countrycode": "LB",
        "iso_3166_2": null,
        "state": "",
        "language": "arabic",
        "languagecodes": "ar",
        "votes": 232,
        "lastchangetime": "2022-06-16 11:59:04",
        "lastchangetime_iso8601": "2022-06-16T11:59:04Z",
        "codec": "AAC+",
        "bitrate": 64,
        "hls": 0,
        "lastcheckok": 1,
        "lastchecktime": "2023-04-08 12:52:56",
        "lastchecktime_iso8601": "2023-04-08T12:52:56Z",
        "lastcheckoktime": "2023-04-08 12:52:56",
        "lastcheckoktime_iso8601": "2023-04-08T12:52:56Z",
        "lastlocalchecktime": "2023-04-08 12:52:56",
        "lastlocalchecktime_iso8601": "2023-04-08T12:52:56Z",
        "clicktimestamp": "2023-04-08 14:19:08",
        "clicktimestamp_iso8601": "2023-04-08T14:19:08Z",
        "clickcount": 36,
        "clicktrend": 1,
        "ssl_error": 0,
        "geo_lat": null,
        "geo_long": null,
        "has_extended_info": false
    },
    {
        "changeuuid": "0a449d30-4d9f-4793-b4fd-1885fb2092da",
        "stationuuid": "1f9a1086-1f21-11e9-a80b-52543be04c81",
        "serveruuid": "1ea1b290-597f-49a8-be64-6af55113c515",
        "name": "Nour Al Shabab TV",
        "url": "http://svs.itworkscdn.net/nour3satlive/livestream/playlist.m3u8",
        "url_resolved": "http://svs.itworkscdn.net/nour3satlive/livestream/playlist.m3u8",
        "homepage": "http://noursat.tv/",
        "favicon": "http://noursat.tv/assets/icons/icon-152x152.png",
        "tags": "",
        "country": "Lebanon",
        "countrycode": "LB",
        "iso_3166_2": null,
        "state": "Beirut",
        "language": "arabic",
        "languagecodes": "ar",
        "votes": 218,
        "lastchangetime": "2022-09-18 09:08:42",
        "lastchangetime_iso8601": "2022-09-18T09:08:42Z",
        "codec": "AAC,H.264",
        "bitrate": 2699,
        "hls": 1,
        "lastcheckok": 1,
        "lastchecktime": "2023-04-08 06:40:20",
        "lastchecktime_iso8601": "2023-04-08T06:40:20Z",
        "lastcheckoktime": "2023-04-08 06:40:20",
        "lastcheckoktime_iso8601": "2023-04-08T06:40:20Z",
        "lastlocalchecktime": "2023-04-07 18:51:54",
        "lastlocalchecktime_iso8601": "2023-04-07T18:51:54Z",
        "clicktimestamp": "2023-04-07 22:18:02",
        "clicktimestamp_iso8601": "2023-04-07T22:18:02Z",
        "clickcount": 32,
        "clicktrend": -5,
        "ssl_error": 0,
        "geo_lat": null,
        "geo_long": null,
        "has_extended_info": false
    },
    {
        "changeuuid": "ff28fcf5-6f25-4945-970d-521396a28ab9",
        "stationuuid": "02f5839e-1f22-11e9-a80b-52543be04c81",
        "serveruuid": "1ea1b290-597f-49a8-be64-6af55113c515",
        "name": "Nour El Koddass TV",
        "url": "http://svs.itworkscdn.net/nour1satlive/livestream/playlist.m3u8",
        "url_resolved": "http://svs.itworkscdn.net/nour1satlive/livestream/playlist.m3u8",
        "homepage": "http://noursat.tv/",
        "favicon": "http://noursat.tv/assets/icons/icon-152x152.png",
        "tags": "",
        "country": "Lebanon",
        "countrycode": "LB",
        "iso_3166_2": null,
        "state": "Beirut",
        "language": "arabic",
        "languagecodes": "ar",
        "votes": 197,
        "lastchangetime": "2022-12-29 10:34:49",
        "lastchangetime_iso8601": "2022-12-29T10:34:49Z",
        "codec": "AAC,H.264",
        "bitrate": 269,
        "hls": 1,
        "lastcheckok": 1,
        "lastchecktime": "2023-04-07 22:18:01",
        "lastchecktime_iso8601": "2023-04-07T22:18:01Z",
        "lastcheckoktime": "2023-04-07 22:18:01",
        "lastcheckoktime_iso8601": "2023-04-07T22:18:01Z",
        "lastlocalchecktime": "2023-04-07 20:27:06",
        "lastlocalchecktime_iso8601": "2023-04-07T20:27:06Z",
        "clicktimestamp": "2023-04-07 05:23:53",
        "clicktimestamp_iso8601": "2023-04-07T05:23:53Z",
        "clickcount": 16,
        "clicktrend": -4,
        "ssl_error": 0,
        "geo_lat": null,
        "geo_long": null,
        "has_extended_info": false
    },
    {
        "changeuuid": "d68a11f1-49f4-4360-8a0b-5e6cce39f696",
        "stationuuid": "7d1378e3-8e91-46f9-a98d-6f7426e60a3c",
        "serveruuid": "c9d68123-9b7f-40dd-a13e-9e0c74131135",
        "name": "Sawt El Mada",
        "url": "http://audiostreaming.itworkscdn.com:9018/stream",
        "url_resolved": "http://audiostreaming.itworkscdn.com:9018/stream",
        "homepage": "http://www.sawtelmada.com/livestream/",
        "favicon": "http://www.sawtelmada.com/assets/themes/sawt%20al%20mada/images/logo.png",
        "tags": "",
        "country": "Lebanon",
        "countrycode": "LB",
        "iso_3166_2": null,
        "state": "",
        "language": "arabic",
        "languagecodes": "ar",
        "votes": 182,
        "lastchangetime": "2022-10-19 14:04:09",
        "lastchangetime_iso8601": "2022-10-19T14:04:09Z",
        "codec": "MP3",
        "bitrate": 128,
        "hls": 0,
        "lastcheckok": 1,
        "lastchecktime": "2023-04-07 20:55:08",
        "lastchecktime_iso8601": "2023-04-07T20:55:08Z",
        "lastcheckoktime": "2023-04-07 20:55:08",
        "lastcheckoktime_iso8601": "2023-04-07T20:55:08Z",
        "lastlocalchecktime": "2023-04-07 19:22:23",
        "lastlocalchecktime_iso8601": "2023-04-07T19:22:23Z",
        "clicktimestamp": "2023-04-08 13:04:29",
        "clicktimestamp_iso8601": "2023-04-08T13:04:29Z",
        "clickcount": 40,
        "clicktrend": 0,
        "ssl_error": 0,
        "geo_lat": null,
        "geo_long": null,
        "has_extended_info": false
    },
    {
        "changeuuid": "990f85dc-9a5b-4881-b0dc-270a76743b2d",
        "stationuuid": "1bd1c97a-8472-4c9a-9e50-803afb4c9897",
        "serveruuid": "da983831-f071-4180-83a3-4ccfdd3e2129",
        "name": "SBi",
        "url": "http://hydra.shoutca.st:8325/;stream.mp3",
        "url_resolved": "http://hydra.shoutca.st:8325/;stream.mp3",
        "homepage": "https://www.sbi.net/",
        "favicon": "",
        "tags": "",
        "country": "Lebanon",
        "countrycode": "LB",
        "iso_3166_2": null,
        "state": "",
        "language": "amharic",
        "languagecodes": "am",
        "votes": 148,
        "lastchangetime": "2022-05-21 22:18:04",
        "lastchangetime_iso8601": "2022-05-21T22:18:04Z",
        "codec": "MP3",
        "bitrate": 128,
        "hls": 0,
        "lastcheckok": 1,
        "lastchecktime": "2023-04-07 17:12:08",
        "lastchecktime_iso8601": "2023-04-07T17:12:08Z",
        "lastcheckoktime": "2023-04-07 17:12:08",
        "lastcheckoktime_iso8601": "2023-04-07T17:12:08Z",
        "lastlocalchecktime": "2023-04-07 16:30:25",
        "lastlocalchecktime_iso8601": "2023-04-07T16:30:25Z",
        "clicktimestamp": "2023-04-08 03:52:55",
        "clicktimestamp_iso8601": "2023-04-08T03:52:55Z",
        "clickcount": 29,
        "clicktrend": -5,
        "ssl_error": 0,
        "geo_lat": null,
        "geo_long": null,
        "has_extended_info": false
    },
    {
        "changeuuid": "00343279-21cf-4a31-bcf9-81119641bcca",
        "stationuuid": "d275b356-1068-4012-a46a-46e340e12ab9",
        "serveruuid": "099028e4-4857-4f28-a091-d8be79ff62f3",
        "name": "Fame FM Lebanon",
        "url": "https://l3.itworkscdn.net/itwaudio/9044/stream",
        "url_resolved": "https://l3.itworkscdn.net/itwaudio/9044/stream",
        "homepage": "https://www.instagram.com/famefmlb",
        "favicon": "",
        "tags": "",
        "country": "Lebanon",
        "countrycode": "LB",
        "iso_3166_2": null,
        "state": "",
        "language": "arabic",
        "languagecodes": "ar",
        "votes": 125,
        "lastchangetime": "2022-12-28 15:50:17",
        "lastchangetime_iso8601": "2022-12-28T15:50:17Z",
        "codec": "MP3",
        "bitrate": 128,
        "hls": 0,
        "lastcheckok": 1,
        "lastchecktime": "2023-04-08 12:07:27",
        "lastchecktime_iso8601": "2023-04-08T12:07:27Z",
        "lastcheckoktime": "2023-04-08 12:07:27",
        "lastcheckoktime_iso8601": "2023-04-08T12:07:27Z",
        "lastlocalchecktime": "2023-04-08 12:07:27",
        "lastlocalchecktime_iso8601": "2023-04-08T12:07:27Z",
        "clicktimestamp": "2023-04-08 12:48:19",
        "clicktimestamp_iso8601": "2023-04-08T12:48:19Z",
        "clickcount": 34,
        "clicktrend": -2,
        "ssl_error": 0,
        "geo_lat": null,
        "geo_long": null,
        "has_extended_info": false
    },
    {
        "changeuuid": "ef763184-2d57-4131-947e-675f19120f68",
        "stationuuid": "7025d30a-c87a-4d91-8185-2d5ed02eb88e",
        "serveruuid": "abc7ed1c-0e66-42f8-b7d5-cf220b4a7963",
        "name": "Sawt el Noujoum",
        "url": "http://s25.myradiostream.com:15298/listen.mp3",
        "url_resolved": "http://s25.myradiostream.com:15298/listen.mp3",
        "homepage": "https://www.sawtelnoujoum.com/",
        "favicon": "https://images.squarespace-cdn.com/content/v1/5d42e0e057be6000013579d2/1587571981849-AZ788KTN6K7PGJG7P5M6/1_Sawt_el_noujoum_radio_station_branding_design_identity_logo_circle_visual_communication_channels.jpg",
        "tags": "",
        "country": "Lebanon",
        "countrycode": "LB",
        "iso_3166_2": null,
        "state": "",
        "language": "arabic",
        "languagecodes": "ar",
        "votes": 110,
        "lastchangetime": "2022-07-23 09:47:03",
        "lastchangetime_iso8601": "2022-07-23T09:47:03Z",
        "codec": "MP3",
        "bitrate": 48,
        "hls": 0,
        "lastcheckok": 1,
        "lastchecktime": "2023-04-08 12:39:01",
        "lastchecktime_iso8601": "2023-04-08T12:39:01Z",
        "lastcheckoktime": "2023-04-08 12:39:01",
        "lastcheckoktime_iso8601": "2023-04-08T12:39:01Z",
        "lastlocalchecktime": "2023-04-08 12:39:01",
        "lastlocalchecktime_iso8601": "2023-04-08T12:39:01Z",
        "clicktimestamp": "2023-04-08 07:56:44",
        "clicktimestamp_iso8601": "2023-04-08T07:56:44Z",
        "clickcount": 39,
        "clicktrend": -1,
        "ssl_error": 0,
        "geo_lat": null,
        "geo_long": null,
        "has_extended_info": false
    },
    {
        "changeuuid": "f95299a6-6553-47a0-8b45-d16eb12265cf",
        "stationuuid": "1a6f2da8-2c36-4449-95f6-b371bebb8ba0",
        "serveruuid": "a5301cc7-4099-46e1-a290-4c6a3d19deb9",
        "name": "radio maria arabic",
        "url": "http://dreamsiteradiocp4.com:8014/stream",
        "url_resolved": "http://dreamsiteradiocp4.com:8014/stream",
        "homepage": "",
        "favicon": "",
        "tags": "classical",
        "country": "Lebanon",
        "countrycode": "LB",
        "iso_3166_2": null,
        "state": "",
        "language": "",
        "languagecodes": "",
        "votes": 88,
        "lastchangetime": "2022-04-25 13:44:23",
        "lastchangetime_iso8601": "2022-04-25T13:44:23Z",
        "codec": "MP3",
        "bitrate": 64,
        "hls": 0,
        "lastcheckok": 1,
        "lastchecktime": "2023-04-08 06:50:26",
        "lastchecktime_iso8601": "2023-04-08T06:50:26Z",
        "lastcheckoktime": "2023-04-08 06:50:26",
        "lastcheckoktime_iso8601": "2023-04-08T06:50:26Z",
        "lastlocalchecktime": "2023-04-07 20:43:39",
        "lastlocalchecktime_iso8601": "2023-04-07T20:43:39Z",
        "clicktimestamp": "2023-04-07 05:16:01",
        "clicktimestamp_iso8601": "2023-04-07T05:16:01Z",
        "clickcount": 10,
        "clicktrend": -2,
        "ssl_error": 0,
        "geo_lat": null,
        "geo_long": null,
        "has_extended_info": false
    },
    {
        "changeuuid": "59bf9064-e28a-4d7b-ba55-3364875e21c6",
        "stationuuid": "8e1308d2-776b-4252-a3ab-c75a15077718",
        "serveruuid": "59abdd5b-ac5c-4488-9e89-7b2253d013c1",
        "name": "voice of Grace",
        "url": "https://securestreams5.reliastream.com:1820/;l",
        "url_resolved": "https://securestreams5.reliastream.com:1820/;l",
        "homepage": "",
        "favicon": "",
        "tags": "misc",
        "country": "Lebanon",
        "countrycode": "LB",
        "iso_3166_2": null,
        "state": "",
        "language": "",
        "languagecodes": "",
        "votes": 85,
        "lastchangetime": "2022-11-13 06:52:02",
        "lastchangetime_iso8601": "2022-11-13T06:52:02Z",
        "codec": "MP3",
        "bitrate": 128,
        "hls": 0,
        "lastcheckok": 1,
        "lastchecktime": "2023-04-07 20:47:30",
        "lastchecktime_iso8601": "2023-04-07T20:47:30Z",
        "lastcheckoktime": "2023-04-07 20:47:30",
        "lastcheckoktime_iso8601": "2023-04-07T20:47:30Z",
        "lastlocalchecktime": "2023-04-07 20:47:30",
        "lastlocalchecktime_iso8601": "2023-04-07T20:47:30Z",
        "clicktimestamp": "2023-04-06 23:14:47",
        "clicktimestamp_iso8601": "2023-04-06T23:14:47Z",
        "clickcount": 16,
        "clicktrend": -2,
        "ssl_error": 0,
        "geo_lat": null,
        "geo_long": null,
        "has_extended_info": false
    },
    {
        "changeuuid": "0ead5782-abc2-4e2f-8e99-a54056563cb6",
        "stationuuid": "589cab79-f6e6-4148-bc68-df110770b13b",
        "serveruuid": "a5301cc7-4099-46e1-a290-4c6a3d19deb9",
        "name": "radio maria arabic",
        "url": "http://dreamsiteradiocp4.com:8014/stream",
        "url_resolved": "http://dreamsiteradiocp4.com:8014/stream",
        "homepage": "",
        "favicon": "",
        "tags": "classical",
        "country": "Lebanon",
        "countrycode": "LB",
        "iso_3166_2": null,
        "state": "",
        "language": "",
        "languagecodes": "",
        "votes": 81,
        "lastchangetime": "2022-05-18 22:37:36",
        "lastchangetime_iso8601": "2022-05-18T22:37:36Z",
        "codec": "MP3",
        "bitrate": 64,
        "hls": 0,
        "lastcheckok": 1,
        "lastchecktime": "2023-04-07 20:45:31",
        "lastchecktime_iso8601": "2023-04-07T20:45:31Z",
        "lastcheckoktime": "2023-04-07 20:45:31",
        "lastcheckoktime_iso8601": "2023-04-07T20:45:31Z",
        "lastlocalchecktime": "2023-04-07 20:45:31",
        "lastlocalchecktime_iso8601": "2023-04-07T20:45:31Z",
        "clicktimestamp": "2023-04-08 01:05:59",
        "clicktimestamp_iso8601": "2023-04-08T01:05:59Z",
        "clickcount": 13,
        "clicktrend": -2,
        "ssl_error": 0,
        "geo_lat": null,
        "geo_long": null,
        "has_extended_info": false
    },
    {
        "changeuuid": "ba20ff2c-33a9-427f-9a48-2e059180f2fa",
        "stationuuid": "f8790641-8d51-4fc2-b93d-acb80177cf3b",
        "serveruuid": "a5301cc7-4099-46e1-a290-4c6a3d19deb9",
        "name": "radio maria arbic",
        "url": "http://dreamsiteradiocp4.com:8014/stream",
        "url_resolved": "http://dreamsiteradiocp4.com:8014/stream",
        "homepage": "",
        "favicon": "",
        "tags": "classical",
        "country": "Lebanon",
        "countrycode": "LB",
        "iso_3166_2": null,
        "state": "",
        "language": "",
        "languagecodes": "",
        "votes": 76,
        "lastchangetime": "2022-03-09 19:23:57",
        "lastchangetime_iso8601": "2022-03-09T19:23:57Z",
        "codec": "MP3",
        "bitrate": 64,
        "hls": 0,
        "lastcheckok": 1,
        "lastchecktime": "2023-04-08 10:37:27",
        "lastchecktime_iso8601": "2023-04-08T10:37:27Z",
        "lastcheckoktime": "2023-04-08 10:37:27",
        "lastcheckoktime_iso8601": "2023-04-08T10:37:27Z",
        "lastlocalchecktime": "2023-04-08 10:37:27",
        "lastlocalchecktime_iso8601": "2023-04-08T10:37:27Z",
        "clicktimestamp": "2023-04-07 05:24:00",
        "clicktimestamp_iso8601": "2023-04-07T05:24:00Z",
        "clickcount": 11,
        "clicktrend": -1,
        "ssl_error": 0,
        "geo_lat": null,
        "geo_long": null,
        "has_extended_info": false
    },
    {
        "changeuuid": "779362cc-e833-4cd3-9dce-2650a3a06e37",
        "stationuuid": "052d25bd-5418-41ff-847f-5117654a8ce3",
        "serveruuid": "aa1f98e0-89f2-4c61-a627-9928eebbce8c",
        "name": "Hit 90",
        "url": "http://nrj.de/hits90",
        "url_resolved": "https://scdn.nrjaudio.fm/de/56246/mp3_128.mp3?origine=wlan&cdn_path=adswizz_lbs9&adws_out_a3&access_token=ea4058d044684fa4b701cc25b94994d7",
        "homepage": "",
        "favicon": "",
        "tags": "",
        "country": "Lebanon",
        "countrycode": "LB",
        "iso_3166_2": null,
        "state": "",
        "language": "",
        "languagecodes": "",
        "votes": 75,
        "lastchangetime": "2023-01-04 03:09:02",
        "lastchangetime_iso8601": "2023-01-04T03:09:02Z",
        "codec": "MP3",
        "bitrate": 128,
        "hls": 0,
        "lastcheckok": 1,
        "lastchecktime": "2023-04-08 09:26:17",
        "lastchecktime_iso8601": "2023-04-08T09:26:17Z",
        "lastcheckoktime": "2023-04-08 09:26:17",
        "lastcheckoktime_iso8601": "2023-04-08T09:26:17Z",
        "lastlocalchecktime": "2023-04-07 18:20:09",
        "lastlocalchecktime_iso8601": "2023-04-07T18:20:09Z",
        "clicktimestamp": "2023-04-08 13:04:35",
        "clicktimestamp_iso8601": "2023-04-08T13:04:35Z",
        "clickcount": 33,
        "clicktrend": 1,
        "ssl_error": 0,
        "geo_lat": null,
        "geo_long": null,
        "has_extended_info": false
    },
    {
        "changeuuid": "24af1e8c-97f2-44e9-a7ed-cea5a9a349af",
        "stationuuid": "773c11d0-01fe-4a1d-a6f2-666feaf50b52",
        "serveruuid": "23d8178f-4867-4d3b-ad10-8599a46ec7bb",
        "name": ".. \u0645\u062e\u062a\u0635\u0631 \u0627\u0644\u062a\u0641\u0633\u064a\u0631 ",
        "url": "https://qurango.net/radio/mukhtasartafsir",
        "url_resolved": "https://qurango.net/radio/mukhtasartafsir",
        "homepage": "",
        "favicon": "",
        "tags": "classical",
        "country": "Lebanon",
        "countrycode": "LB",
        "iso_3166_2": null,
        "state": "",
        "language": "",
        "languagecodes": "",
        "votes": 57,
        "lastchangetime": "2023-01-23 12:15:22",
        "lastchangetime_iso8601": "2023-01-23T12:15:22Z",
        "codec": "MP3",
        "bitrate": 128,
        "hls": 0,
        "lastcheckok": 1,
        "lastchecktime": "2023-04-07 20:26:11",
        "lastchecktime_iso8601": "2023-04-07T20:26:11Z",
        "lastcheckoktime": "2023-04-07 20:26:11",
        "lastcheckoktime_iso8601": "2023-04-07T20:26:11Z",
        "lastlocalchecktime": "2023-04-07 20:26:11",
        "lastlocalchecktime_iso8601": "2023-04-07T20:26:11Z",
        "clicktimestamp": "2023-04-08 12:59:08",
        "clicktimestamp_iso8601": "2023-04-08T12:59:08Z",
        "clickcount": 30,
        "clicktrend": 0,
        "ssl_error": 0,
        "geo_lat": null,
        "geo_long": null,
        "has_extended_info": false
    },
    {
        "changeuuid": "6e0f386d-bd00-417a-8c9a-b144e5f316de",
        "stationuuid": "ac7adcb0-496d-468f-bac5-6d91d290d00f",
        "serveruuid": "cd078b55-1305-4eb4-acc9-5bb166f1482e",
        "name": ".\u0625\u0630\u0627\u0639\u0629 \u0627\u0644\u0642\u0631\u0622\u0646 \u0627\u0644\u0643\u0631\u064a\u0645 ",
        "url": "https://n0a.radiojar.com/0tpy1h0kxtzuv?rj-ttl=5&rj-tok=AAABhdgGORQA-2acfyF3_4WY2g",
        "url_resolved": "http://n0c.radiojar.com/0tpy1h0kxtzuv?rj-ttl=5&rj-tok=AAABh2Blm8sAmmtABdgZMSxBqw",
        "homepage": "",
        "favicon": "",
        "tags": "classical",
        "country": "Lebanon",
        "countrycode": "LB",
        "iso_3166_2": null,
        "state": "",
        "language": "",
        "languagecodes": "",
        "votes": 16,
        "lastchangetime": "2023-03-16 09:39:50",
        "lastchangetime_iso8601": "2023-03-16T09:39:50Z",
        "codec": "MP3",
        "bitrate": 0,
        "hls": 0,
        "lastcheckok": 1,
        "lastchecktime": "2023-04-08 10:20:51",
        "lastchecktime_iso8601": "2023-04-08T10:20:51Z",
        "lastcheckoktime": "2023-04-08 10:20:51",
        "lastcheckoktime_iso8601": "2023-04-08T10:20:51Z",
        "lastlocalchecktime": "2023-04-07 18:02:40",
        "lastlocalchecktime_iso8601": "2023-04-07T18:02:40Z",
        "clicktimestamp": "2023-04-08 13:04:41",
        "clicktimestamp_iso8601": "2023-04-08T13:04:41Z",
        "clickcount": 33,
        "clicktrend": -2,
        "ssl_error": 0,
        "geo_lat": null,
        "geo_long": null,
        "has_extended_info": false
    },
    {
        "changeuuid": "c8c1eaae-2b0d-4f4b-be2b-95a84c67aed1",
        "stationuuid": "47c3594b-4520-469f-b27d-2fb011dd22d2",
        "serveruuid": "4b4e827d-d264-487c-9350-b1bf0bd8141b",
        "name": "Ibi Radio",
        "url": "http://andromeda.shoutca.st:8192/;",
        "url_resolved": "http://andromeda.shoutca.st:8192/;",
        "homepage": "https://ibirradio.com/",
        "favicon": "",
        "tags": "",
        "country": "Lebanon",
        "countrycode": "LB",
        "iso_3166_2": null,
        "state": "",
        "language": "english",
        "languagecodes": "en",
        "votes": 26,
        "lastchangetime": "2023-06-07 18:52:29",
        "lastchangetime_iso8601": "2023-06-07T18:52:29Z",
        "codec": "MP3",
        "bitrate": 128,
        "hls": 0,
        "lastcheckok": 1,
        "lastchecktime": "2023-07-09 05:15:35",
        "lastchecktime_iso8601": "2023-07-09T05:15:35Z",
        "lastcheckoktime": "2023-07-09 05:15:35",
        "lastcheckoktime_iso8601": "2023-07-09T05:15:35Z",
        "lastlocalchecktime": "2023-07-09 05:15:35",
        "lastlocalchecktime_iso8601": "2023-07-09T05:15:35Z",
        "clicktimestamp": "2023-07-08 03:30:29",
        "clicktimestamp_iso8601": "2023-07-08T03:30:29Z",
        "clickcount": 14,
        "clicktrend": -1,
        "ssl_error": 0,
        "geo_lat": null,
        "geo_long": null,
        "has_extended_info": false
    },
    {
        "changeuuid": "5cbe6163-6eae-4ebc-9573-62189e8b743c",
        "stationuuid": "0dfe5708-9db4-408f-ab15-7c056381e820",
        "serveruuid": "a5301cc7-4099-46e1-a290-4c6a3d19deb9",
        "name": "radio maria arabic",
        "url": "http://dreamsiteradiocp4.com:8014/stream",
        "url_resolved": "http://dreamsiteradiocp4.com:8014/stream",
        "homepage": "",
        "favicon": "",
        "tags": "classical",
        "country": "Lebanon",
        "countrycode": "LB",
        "iso_3166_2": null,
        "state": "",
        "language": "",
        "languagecodes": "",
        "votes": 24,
        "lastchangetime": "2023-05-08 04:40:54",
        "lastchangetime_iso8601": "2023-05-08T04:40:54Z",
        "codec": "MP3",
        "bitrate": 64,
        "hls": 0,
        "lastcheckok": 1,
        "lastchecktime": "2023-07-09 06:35:14",
        "lastchecktime_iso8601": "2023-07-09T06:35:14Z",
        "lastcheckoktime": "2023-07-09 06:35:14",
        "lastcheckoktime_iso8601": "2023-07-09T06:35:14Z",
        "lastlocalchecktime": "2023-07-09 06:35:14",
        "lastlocalchecktime_iso8601": "2023-07-09T06:35:14Z",
        "clicktimestamp": "2023-07-08 15:04:11",
        "clicktimestamp_iso8601": "2023-07-08T15:04:11Z",
        "clickcount": 14,
        "clicktrend": 0,
        "ssl_error": 0,
        "geo_lat": null,
        "geo_long": null,
        "has_extended_info": false
    },
    {
        "changeuuid": "2e183ebe-bb57-424d-9895-def1fb80ff14",
        "stationuuid": "c12e5230-974f-4dc3-8627-cde2df2c2ac6",
        "serveruuid": "e60af6a8-78d5-456a-98c9-77a69ab9e68c",
        "name": "Naim Halawe",
        "url": "https://streamer.radio.co/sf2fa6ce9d/listen",
        "url_resolved": "https://streamer.radio.co/sf2fa6ce9d/listen",
        "homepage": "https://www.radionaim.com/",
        "favicon": "",
        "tags": "",
        "country": "Lebanon",
        "countrycode": "LB",
        "iso_3166_2": null,
        "state": "",
        "language": "",
        "languagecodes": "",
        "votes": 21,
        "lastchangetime": "2023-06-05 05:12:48",
        "lastchangetime_iso8601": "2023-06-05T05:12:48Z",
        "codec": "MP3",
        "bitrate": 128,
        "hls": 0,
        "lastcheckok": 1,
        "lastchecktime": "2023-07-09 07:01:36",
        "lastchecktime_iso8601": "2023-07-09T07:01:36Z",
        "lastcheckoktime": "2023-07-09 07:01:36",
        "lastcheckoktime_iso8601": "2023-07-09T07:01:36Z",
        "lastlocalchecktime": "2023-07-09 07:01:36",
        "lastlocalchecktime_iso8601": "2023-07-09T07:01:36Z",
        "clicktimestamp": "2023-07-08 11:41:20",
        "clicktimestamp_iso8601": "2023-07-08T11:41:20Z",
        "clickcount": 21,
        "clicktrend": -3,
        "ssl_error": 0,
        "geo_lat": null,
        "geo_long": null,
        "has_extended_info": false
    },
    {
        "changeuuid": "4e18eea2-1139-4aff-a94e-cf87d0040d03",
        "stationuuid": "2f91a94c-c986-4799-8553-2258069628c6",
        "serveruuid": "fc09b7f4-1154-41bd-aa70-42ee5bca1dba",
        "name": "Adeem",
        "url": "https://usa19.fastcast4u.com/adeem",
        "url_resolved": "https://usa19.fastcast4u.com/adeem",
        "homepage": "https://tunein.com/radio/ADEEM-s251693",
        "favicon": "https://cdn-profiles.tunein.com/s251693/images/logod.png",
        "tags": "",
        "country": "Lebanon",
        "countrycode": "LB",
        "iso_3166_2": null,
        "state": "",
        "language": "arabic",
        "languagecodes": "ar",
        "votes": 13,
        "lastchangetime": "2023-06-16 20:09:55",
        "lastchangetime_iso8601": "2023-06-16T20:09:55Z",
        "codec": "MP3",
        "bitrate": 128,
        "hls": 0,
        "lastcheckok": 1,
        "lastchecktime": "2023-07-08 23:13:09",
        "lastchecktime_iso8601": "2023-07-08T23:13:09Z",
        "lastcheckoktime": "2023-07-08 23:13:09",
        "lastcheckoktime_iso8601": "2023-07-08T23:13:09Z",
        "lastlocalchecktime": "2023-07-08 23:13:09",
        "lastlocalchecktime_iso8601": "2023-07-08T23:13:09Z",
        "clicktimestamp": "2023-07-09 08:25:53",
        "clicktimestamp_iso8601": "2023-07-09T08:25:53Z",
        "clickcount": 33,
        "clicktrend": -1,
        "ssl_error": 0,
        "geo_lat": null,
        "geo_long": null,
        "has_extended_info": false
    },
    {
        "changeuuid": "1dfdaddf-fcf5-4a4d-a570-c35ae97c5ab7",
        "stationuuid": "15abccc1-cf25-491f-a3fa-5124ecf1331c",
        "serveruuid": "099028e4-4857-4f28-a091-d8be79ff62f3",
        "name": "Sawt El Ghad - FM 96.7",
        "url": "https://l3.itworkscdn.net/itwaudio/9030/stream/",
        "url_resolved": "https://l3.itworkscdn.net/itwaudio/9030/stream/",
        "homepage": "http://www.sawtelghad.com/",
        "favicon": "https://static-media.streema.com/media/cache/5b/0b/5b0ba54725c027b287edc36674016065.jpg",
        "tags": "",
        "country": "Lebanon",
        "countrycode": "LB",
        "iso_3166_2": null,
        "state": "",
        "language": "",
        "languagecodes": "",
        "votes": 85,
        "lastchangetime": "2023-07-22 08:32:10",
        "lastchangetime_iso8601": "2023-07-22T08:32:10Z",
        "codec": "MP3",
        "bitrate": 128,
        "hls": 0,
        "lastcheckok": 1,
        "lastchecktime": "2023-09-03 12:08:11",
        "lastchecktime_iso8601": "2023-09-03T12:08:11Z",
        "lastcheckoktime": "2023-09-03 12:08:11",
        "lastcheckoktime_iso8601": "2023-09-03T12:08:11Z",
        "lastlocalchecktime": "2023-09-03 05:36:23",
        "lastlocalchecktime_iso8601": "2023-09-03T05:36:23Z",
        "clicktimestamp": "2023-09-03 08:21:48",
        "clicktimestamp_iso8601": "2023-09-03T08:21:48Z",
        "clickcount": 73,
        "clicktrend": -6,
        "ssl_error": 0,
        "geo_lat": null,
        "geo_long": null,
        "has_extended_info": false
    },
    {
        "changeuuid": "f1e64446-cc9d-4735-a20f-20f932d68603",
        "stationuuid": "d241e555-9691-46fb-bbe2-7573b6d14e4d",
        "serveruuid": "5242086b-1a7a-4536-9770-018d6507291b",
        "name": " \u0635\u0648\u062a \u0643\u0644 \u0644\u0628\u0646\u0627\u0646",
        "url": "https://audio.osina.cloud:9323/stream",
        "url_resolved": "https://audio.osina.cloud:9323/stream",
        "homepage": "https://audio.osina.cloud:9323/stream",
        "favicon": "https://ositcom.net/vdtllogo.png",
        "tags": "",
        "country": "Lebanon",
        "countrycode": "LB",
        "iso_3166_2": null,
        "state": "",
        "language": "arabic",
        "languagecodes": "ar",
        "votes": 31,
        "lastchangetime": "2023-07-28 17:01:41",
        "lastchangetime_iso8601": "2023-07-28T17:01:41Z",
        "codec": "MP3",
        "bitrate": 128,
        "hls": 0,
        "lastcheckok": 1,
        "lastchecktime": "2023-09-02 22:55:12",
        "lastchecktime_iso8601": "2023-09-02T22:55:12Z",
        "lastcheckoktime": "2023-09-02 22:55:12",
        "lastcheckoktime_iso8601": "2023-09-02T22:55:12Z",
        "lastlocalchecktime": "2023-09-02 22:55:12",
        "lastlocalchecktime_iso8601": "2023-09-02T22:55:12Z",
        "clicktimestamp": "2023-09-03 07:04:09",
        "clicktimestamp_iso8601": "2023-09-03T07:04:09Z",
        "clickcount": 90,
        "clicktrend": -5,
        "ssl_error": 0,
        "geo_lat": null,
        "geo_long": null,
        "has_extended_info": false
    },
    {
        "changeuuid": "1a459f2d-7d12-460d-b563-cd08a5b918e6",
        "stationuuid": "f67ab7d6-abfb-4e7b-9168-52c454b6ef27",
        "serveruuid": "fca9430f-534a-4589-a40d-81f800901a67",
        "name": "BeirutNights.com",
        "url": "http://byblosnights.com:6190/;",
        "url_resolved": "http://byblosnights.com:6190/;",
        "homepage": "https://beirutnights.com/",
        "favicon": "https://players.rcast.net/uploads/images/202203/img_x300_6224465b577c19-72924061-67218143.png",
        "tags": "",
        "country": "Lebanon",
        "countrycode": "LB",
        "iso_3166_2": null,
        "state": "",
        "language": "",
        "languagecodes": "",
        "votes": 20,
        "lastchangetime": "2023-07-28 14:08:18",
        "lastchangetime_iso8601": "2023-07-28T14:08:18Z",
        "codec": "MP3",
        "bitrate": 128,
        "hls": 0,
        "lastcheckok": 1,
        "lastchecktime": "2023-09-03 08:24:30",
        "lastchecktime_iso8601": "2023-09-03T08:24:30Z",
        "lastcheckoktime": "2023-09-03 08:24:30",
        "lastcheckoktime_iso8601": "2023-09-03T08:24:30Z",
        "lastlocalchecktime": "2023-09-03 08:24:30",
        "lastlocalchecktime_iso8601": "2023-09-03T08:24:30Z",
        "clicktimestamp": "2023-09-03 06:41:15",
        "clicktimestamp_iso8601": "2023-09-03T06:41:15Z",
        "clickcount": 20,
        "clicktrend": 0,
        "ssl_error": 0,
        "geo_lat": null,
        "geo_long": null,
        "has_extended_info": false
    },
    {
        "changeuuid": "ad8e77cb-9d38-4525-afe7-9071552b8f5b",
        "stationuuid": "478a4d2a-5f41-46da-b06c-93d74fcb5137",
        "serveruuid": "59abdd5b-ac5c-4488-9e89-7b2253d013c1",
        "name": "voice of Grace",
        "url": "https://securestreams5.reliastream.com:1820/;l",
        "url_resolved": "https://securestreams5.reliastream.com:1820/;l",
        "homepage": "",
        "favicon": "",
        "tags": "classical",
        "country": "Lebanon",
        "countrycode": "LB",
        "iso_3166_2": null,
        "state": "",
        "language": "",
        "languagecodes": "",
        "votes": 1,
        "lastchangetime": "2023-08-25 04:03:53",
        "lastchangetime_iso8601": "2023-08-25T04:03:53Z",
        "codec": "MP3",
        "bitrate": 128,
        "hls": 0,
        "lastcheckok": 1,
        "lastchecktime": "2023-09-03 11:11:55",
        "lastchecktime_iso8601": "2023-09-03T11:11:55Z",
        "lastcheckoktime": "2023-09-03 11:11:55",
        "lastcheckoktime_iso8601": "2023-09-03T11:11:55Z",
        "lastlocalchecktime": "2023-09-03 11:11:55",
        "lastlocalchecktime_iso8601": "2023-09-03T11:11:55Z",
        "clicktimestamp": "2023-09-03 12:34:59",
        "clicktimestamp_iso8601": "2023-09-03T12:34:59Z",
        "clickcount": 11,
        "clicktrend": -1,
        "ssl_error": 0,
        "geo_lat": null,
        "geo_long": null,
        "has_extended_info": false
    }
]