[
    {
        "changeuuid": "b2d895e6-02f8-46c6-a3e4-eb094c3f3438",
        "stationuuid": "9626d31f-0601-11e8-ae97-52543be04c81",
        "serveruuid": "51ddd087-fc32-49a3-bffa-9bce25e91870",
        "name": "Caribbean Hot FM 105.3 - Castries",
        "url": "http://auds2.intacs.com/caribbeanhotfm",
        "url_resolved": "http://auds2.intacs.com/caribbeanhotfm",
        "homepage": "http://www.caribbeanhotfm.com/",
        "favicon": "",
        "tags": "caribbean music,castries,hot adult contemporary",
        "country": "Saint Lucia",
        "countrycode": "LC",
        "iso_3166_2": null,
        "state": "",
        "language": "english",
        "languagecodes": "en",
        "votes": 2387,
        "lastchangetime": "2022-03-28 11:39:48",
        "lastchangetime_iso8601": "2022-03-28T11:39:48Z",
        "codec": "MP3",
        "bitrate": 128,
        "hls": 0,
        "lastcheckok": 1,
        "lastchecktime": "2023-04-08 08:46:38",
        "lastchecktime_iso8601": "2023-04-08T08:46:38Z",
        "lastcheckoktime": "2023-04-08 08:46:38",
        "lastcheckoktime_iso8601": "2023-04-08T08:46:38Z",
        "lastlocalchecktime": "2023-04-07 19:34:12",
        "lastlocalchecktime_iso8601": "2023-04-07T19:34:12Z",
        "clicktimestamp": "2023-04-08 12:11:23",
        "clicktimestamp_iso8601": "2023-04-08T12:11:23Z",
        "clickcount": 145,
        "clicktrend": -6,
        "ssl_error": 0,
        "geo_lat": null,
        "geo_long": null,
        "has_extended_info": false
    },
    {
        "changeuuid": "403fe0a1-94fe-4fde-a12f-ffca639ffbe9",
        "stationuuid": "34e75d75-efe3-447e-85d7-7b896aa96120",
        "serveruuid": "ad37552c-5ba4-4e92-9d58-a885b0c9d323",
        "name": "RelaxingJazz",
        "url": "http://77.68.84.201/stream/3/",
        "url_resolved": "http://77.68.84.201/stream/3/",
        "homepage": "https://relaxingjazz.com/",
        "favicon": "https://relaxingjazz.com/images/logo.png",
        "tags": "jazz,smooth jazz",
        "country": "Saint Lucia",
        "countrycode": "LC",
        "iso_3166_2": null,
        "state": "",
        "language": "",
        "languagecodes": "",
        "votes": 767,
        "lastchangetime": "2022-05-15 20:00:34",
        "lastchangetime_iso8601": "2022-05-15T20:00:34Z",
        "codec": "MP3",
        "bitrate": 256,
        "hls": 0,
        "lastcheckok": 1,
        "lastchecktime": "2023-04-08 11:59:36",
        "lastchecktime_iso8601": "2023-04-08T11:59:36Z",
        "lastcheckoktime": "2023-04-08 11:59:36",
        "lastcheckoktime_iso8601": "2023-04-08T11:59:36Z",
        "lastlocalchecktime": "2023-04-07 16:48:32",
        "lastlocalchecktime_iso8601": "2023-04-07T16:48:32Z",
        "clicktimestamp": "2023-04-08 09:56:23",
        "clicktimestamp_iso8601": "2023-04-08T09:56:23Z",
        "clickcount": 54,
        "clicktrend": 2,
        "ssl_error": 0,
        "geo_lat": null,
        "geo_long": null,
        "has_extended_info": false
    },
    {
        "changeuuid": "17e45c72-0064-4fb7-9ac8-797f1331a5de",
        "stationuuid": "963482a3-0601-11e8-ae97-52543be04c81",
        "serveruuid": "51ddd087-fc32-49a3-bffa-9bce25e91870",
        "name": "Caribbean KISS FM 105.5 Castries",
        "url": "http://auds2.intacs.com/caribbeankissfm",
        "url_resolved": "http://auds2.intacs.com/caribbeankissfm",
        "homepage": "http://www.caribbeankissfm.com/",
        "favicon": "",
        "tags": "castries,rnb,soul",
        "country": "Saint Lucia",
        "countrycode": "LC",
        "iso_3166_2": null,
        "state": "",
        "language": "english",
        "languagecodes": "en",
        "votes": 618,
        "lastchangetime": "2022-03-28 11:47:20",
        "lastchangetime_iso8601": "2022-03-28T11:47:20Z",
        "codec": "MP3",
        "bitrate": 128,
        "hls": 0,
        "lastcheckok": 1,
        "lastchecktime": "2023-04-08 08:02:45",
        "lastchecktime_iso8601": "2023-04-08T08:02:45Z",
        "lastcheckoktime": "2023-04-08 08:02:45",
        "lastcheckoktime_iso8601": "2023-04-08T08:02:45Z",
        "lastlocalchecktime": "2023-04-07 20:36:52",
        "lastlocalchecktime_iso8601": "2023-04-07T20:36:52Z",
        "clicktimestamp": "2023-04-08 03:26:13",
        "clicktimestamp_iso8601": "2023-04-08T03:26:13Z",
        "clickcount": 52,
        "clicktrend": -2,
        "ssl_error": 0,
        "geo_lat": null,
        "geo_long": null,
        "has_extended_info": false
    },
    {
        "changeuuid": "50978665-a9fd-435d-a79e-0ce8fdbf1b10",
        "stationuuid": "9630dc9b-0601-11e8-ae97-52543be04c81",
        "serveruuid": "85177196-f49b-48f9-857c-9ee528f60463",
        "name": "The Wave 94.5 & 93.7 Castries",
        "url": "http://ice66.securenetsystems.net/THEWAVE",
        "url_resolved": "http://ice66.securenetsystems.net/THEWAVE",
        "homepage": "http://www.thewavestlucia.com/",
        "favicon": "https://static.wixstatic.com/media/7d4435_7b92a4f288274c54a86dd8ea48b985a6~mv2.png/v1/fill/w_208,h_92,al_c,usm_0.66_1.00_0.01/7d4435_7b92a4f288274c54a86dd8ea48b985a6~mv2.png",
        "tags": "adult contemporary,calypso,caribbean music,castries,reggae",
        "country": "Saint Lucia",
        "countrycode": "LC",
        "iso_3166_2": null,
        "state": "",
        "language": "english",
        "languagecodes": "en",
        "votes": 420,
        "lastchangetime": "2022-03-28 12:13:03",
        "lastchangetime_iso8601": "2022-03-28T12:13:03Z",
        "codec": "AAC+",
        "bitrate": 32,
        "hls": 0,
        "lastcheckok": 1,
        "lastchecktime": "2023-04-08 09:33:00",
        "lastchecktime_iso8601": "2023-04-08T09:33:00Z",
        "lastcheckoktime": "2023-04-08 09:33:00",
        "lastcheckoktime_iso8601": "2023-04-08T09:33:00Z",
        "lastlocalchecktime": "2023-04-07 17:31:40",
        "lastlocalchecktime_iso8601": "2023-04-07T17:31:40Z",
        "clicktimestamp": "2023-04-07 18:14:02",
        "clicktimestamp_iso8601": "2023-04-07T18:14:02Z",
        "clickcount": 18,
        "clicktrend": -3,
        "ssl_error": 0,
        "geo_lat": null,
        "geo_long": null,
        "has_extended_info": false
    },
    {
        "changeuuid": "4633d3fb-e73a-485c-a71c-cb6a80d1f119",
        "stationuuid": "7511943f-81a0-11e9-aa30-52543be04c81",
        "serveruuid": "912e3914-cc9d-480c-9f5d-3fd1b1008490",
        "name": "RFI 102.1 FM",
        "url": "http://167.114.131.90:5908/",
        "url_resolved": "http://167.114.131.90:5908/",
        "homepage": "http://www.rfi1021slu.com/",
        "favicon": "",
        "tags": "",
        "country": "Saint Lucia",
        "countrycode": "LC",
        "iso_3166_2": null,
        "state": "Soufri\u00e8re",
        "language": "english",
        "languagecodes": "en",
        "votes": 378,
        "lastchangetime": "2022-03-28 14:09:15",
        "lastchangetime_iso8601": "2022-03-28T14:09:15Z",
        "codec": "MP3",
        "bitrate": 128,
        "hls": 0,
        "lastcheckok": 1,
        "lastchecktime": "2023-04-08 10:20:51",
        "lastchecktime_iso8601": "2023-04-08T10:20:51Z",
        "lastcheckoktime": "2023-04-08 10:20:51",
        "lastcheckoktime_iso8601": "2023-04-08T10:20:51Z",
        "lastlocalchecktime": "2023-04-07 20:38:34",
        "lastlocalchecktime_iso8601": "2023-04-07T20:38:34Z",
        "clicktimestamp": "2023-04-08 03:28:56",
        "clicktimestamp_iso8601": "2023-04-08T03:28:56Z",
        "clickcount": 46,
        "clicktrend": -1,
        "ssl_error": 0,
        "geo_lat": null,
        "geo_long": null,
        "has_extended_info": false
    },
    {
        "changeuuid": "f5fa00de-7dbe-4399-9037-238d463f2dfe",
        "stationuuid": "96353c45-0601-11e8-ae97-52543be04c81",
        "serveruuid": "3b993356-fbe4-4082-a1c6-eb17b1c2a1ca",
        "name": "Vibe Radio 100.9 & 92.9 Vigie",
        "url": "http://45.79.186.124/proxy/vyberadio?mp=/stream",
        "url_resolved": "http://45.79.186.124/proxy/vyberadio?mp=/stream",
        "homepage": "http://www.vyberadio.com/",
        "favicon": "http://www.vyberadio.com/favicon.ico",
        "tags": "adult contemporary,castries,top 40,vigie",
        "country": "Saint Lucia",
        "countrycode": "LC",
        "iso_3166_2": null,
        "state": "",
        "language": "english",
        "languagecodes": "en",
        "votes": 297,
        "lastchangetime": "2022-03-28 13:23:15",
        "lastchangetime_iso8601": "2022-03-28T13:23:15Z",
        "codec": "MP3",
        "bitrate": 128,
        "hls": 0,
        "lastcheckok": 1,
        "lastchecktime": "2023-04-08 14:22:58",
        "lastchecktime_iso8601": "2023-04-08T14:22:58Z",
        "lastcheckoktime": "2023-04-08 14:22:58",
        "lastcheckoktime_iso8601": "2023-04-08T14:22:58Z",
        "lastlocalchecktime": "2023-04-08 14:22:58",
        "lastlocalchecktime_iso8601": "2023-04-08T14:22:58Z",
        "clicktimestamp": "2023-04-07 18:05:38",
        "clicktimestamp_iso8601": "2023-04-07T18:05:38Z",
        "clickcount": 25,
        "clicktrend": -3,
        "ssl_error": 0,
        "geo_lat": null,
        "geo_long": null,
        "has_extended_info": false
    },
    {
        "changeuuid": "9b88ddfe-1356-48ca-8ace-18653261bc19",
        "stationuuid": "989647bf-d892-429d-add8-dcba71241582",
        "serveruuid": "840c2249-9707-4159-92b5-e6895e0e227f",
        "name": "Fire Online Radio",
        "url": "https://usa10.fastcast4u.com/listen",
        "url_resolved": "https://usa10.fastcast4u.com/listen",
        "homepage": "https://fireonlineradio.com/",
        "favicon": "https://fireonlineradio.com/wp-content/uploads/2020/01/cropped-fire_online_logo_512-1-180x180.png",
        "tags": "calypso,soca",
        "country": "Saint Lucia",
        "countrycode": "LC",
        "iso_3166_2": null,
        "state": "",
        "language": "english",
        "languagecodes": "en",
        "votes": 162,
        "lastchangetime": "2023-02-13 20:07:33",
        "lastchangetime_iso8601": "2023-02-13T20:07:33Z",
        "codec": "MP3",
        "bitrate": 128,
        "hls": 0,
        "lastcheckok": 1,
        "lastchecktime": "2023-04-07 23:34:25",
        "lastchecktime_iso8601": "2023-04-07T23:34:25Z",
        "lastcheckoktime": "2023-04-07 23:34:25",
        "lastcheckoktime_iso8601": "2023-04-07T23:34:25Z",
        "lastlocalchecktime": "2023-04-07 20:28:55",
        "lastlocalchecktime_iso8601": "2023-04-07T20:28:55Z",
        "clicktimestamp": "2023-04-07 17:05:22",
        "clicktimestamp_iso8601": "2023-04-07T17:05:22Z",
        "clickcount": 10,
        "clicktrend": -1,
        "ssl_error": 0,
        "geo_lat": 14.040194111435818,
        "geo_long": -60.95352709293366,
        "has_extended_info": false
    },
    {
        "changeuuid": "8e5703d9-b0cf-4c68-8a40-9e1fc5935c56",
        "stationuuid": "193fa61a-713f-40de-9b8d-937ad4d00a06",
        "serveruuid": "454ae35b-ac28-4296-844e-996e6b50f9db",
        "name": "DIMusic Club ",
        "url": "http://stream1.dimusic.club:11496/live",
        "url_resolved": "http://stream1.dimusic.club:11496/live",
        "homepage": "http://dimusic.club/",
        "favicon": "https://firebasestorage.googleapis.com/v0/b/radiogalaxy-580f4.appspot.com/o/images%2FIMG_20230504_060919090.png?alt=media&token=2f1ad39d-66c7-4c7a-93ff-2cf1ef814bda",
        "tags": "dance music,pop music",
        "country": "Saint Lucia",
        "countrycode": "LC",
        "iso_3166_2": null,
        "state": "",
        "language": "english",
        "languagecodes": "en",
        "votes": 9,
        "lastchangetime": "2023-05-04 03:19:14",
        "lastchangetime_iso8601": "2023-05-04T03:19:14Z",
        "codec": "AAC+",
        "bitrate": 96,
        "hls": 0,
        "lastcheckok": 1,
        "lastchecktime": "2023-07-09 07:14:51",
        "lastchecktime_iso8601": "2023-07-09T07:14:51Z",
        "lastcheckoktime": "2023-07-09 07:14:51",
        "lastcheckoktime_iso8601": "2023-07-09T07:14:51Z",
        "lastlocalchecktime": "2023-07-09 07:14:51",
        "lastlocalchecktime_iso8601": "2023-07-09T07:14:51Z",
        "clicktimestamp": "2023-07-07 12:08:59",
        "clicktimestamp_iso8601": "2023-07-07T12:08:59Z",
        "clickcount": 11,
        "clicktrend": 0,
        "ssl_error": 0,
        "geo_lat": null,
        "geo_long": null,
        "has_extended_info": false
    }
]