[
    {
        "changeuuid": "352b7223-9a88-4baa-9cd0-ef4de0aa44d4",
        "stationuuid": "371db5df-d598-4ae6-b263-c1f55662151d",
        "serveruuid": "363f49d1-36dd-46e2-a695-f4d5a6a457ec",
        "name": "Radio Liechtenstein",
        "url": "http://85.31.153.69:8000/live",
        "url_resolved": "http://85.31.153.69:8000/live",
        "homepage": "https://www.radio.li/",
        "favicon": "https://www.radio.li/application/files/3915/7017/6662/favicon-96x96.png",
        "tags": "",
        "country": "Liechtenstein",
        "countrycode": "LI",
        "iso_3166_2": null,
        "state": "",
        "language": "german",
        "languagecodes": "de",
        "votes": 237,
        "lastchangetime": "2022-08-29 03:55:14",
        "lastchangetime_iso8601": "2022-08-29T03:55:14Z",
        "codec": "MP3",
        "bitrate": 128,
        "hls": 0,
        "lastcheckok": 1,
        "lastchecktime": "2023-04-08 05:59:37",
        "lastchecktime_iso8601": "2023-04-08T05:59:37Z",
        "lastcheckoktime": "2023-04-08 05:59:37",
        "lastcheckoktime_iso8601": "2023-04-08T05:59:37Z",
        "lastlocalchecktime": "2023-04-07 17:08:34",
        "lastlocalchecktime_iso8601": "2023-04-07T17:08:34Z",
        "clicktimestamp": "2023-04-08 10:02:24",
        "clicktimestamp_iso8601": "2023-04-08T10:02:24Z",
        "clickcount": 32,
        "clicktrend": 0,
        "ssl_error": 0,
        "geo_lat": null,
        "geo_long": null,
        "has_extended_info": false
    }
]