[
    {
        "changeuuid": "b1349df8-b1fa-427b-a411-0f393850c585",
        "stationuuid": "9300b8d7-0953-48d8-82a2-fa69c3b3030b",
        "serveruuid": "9fe50248-66a0-4a44-b0aa-9da28b05ae88",
        "name": "Generation Dance Radio (64 Kbps)",
        "url": "http://generationdance.lu:8010/mobile",
        "url_resolved": "http://generationdance.lu:8010/mobile",
        "homepage": "https://generation.dance/",
        "favicon": "https://generation.dance/wp-content/uploads/fbrfg/apple-touch-icon.png",
        "tags": "dance,dj,edm,eurodance,handsup,house,trance",
        "country": "Luxembourg",
        "countrycode": "LU",
        "iso_3166_2": null,
        "state": "Luxembourg",
        "language": "english,french",
        "languagecodes": "en,fr",
        "votes": 1437,
        "lastchangetime": "2023-02-28 20:36:31",
        "lastchangetime_iso8601": "2023-02-28T20:36:31Z",
        "codec": "AAC",
        "bitrate": 64,
        "hls": 0,
        "lastcheckok": 1,
        "lastchecktime": "2023-04-08 12:46:03",
        "lastchecktime_iso8601": "2023-04-08T12:46:03Z",
        "lastcheckoktime": "2023-04-08 12:46:03",
        "lastcheckoktime_iso8601": "2023-04-08T12:46:03Z",
        "lastlocalchecktime": "2023-04-07 17:46:11",
        "lastlocalchecktime_iso8601": "2023-04-07T17:46:11Z",
        "clicktimestamp": "2023-04-08 09:56:52",
        "clicktimestamp_iso8601": "2023-04-08T09:56:52Z",
        "clickcount": 32,
        "clicktrend": -1,
        "ssl_error": 0,
        "geo_lat": 49.509605,
        "geo_long": 5.9415757,
        "has_extended_info": false
    },
    {
        "changeuuid": "36c8ae01-8a4a-48c3-95ac-ba9b61f08c5a",
        "stationuuid": "960ef824-0601-11e8-ae97-52543be04c81",
        "serveruuid": "65dc642b-00c5-4305-87a3-6246a8c194c2",
        "name": "RTL Radio Letzebuerg",
        "url": "http://sc-rtllive.newmedia.lu/",
        "url_resolved": "http://sc-rtllive.newmedia.lu/",
        "homepage": "http://www.rtl.lu/",
        "favicon": "http://www.rtl.lu/assets/images/favicon-rtl/favicon-120.png?v=202209231521",
        "tags": "information,pop",
        "country": "Luxembourg",
        "countrycode": "LU",
        "iso_3166_2": null,
        "state": "",
        "language": "luxembourgish",
        "languagecodes": "lb",
        "votes": 1244,
        "lastchangetime": "2022-09-24 07:05:42",
        "lastchangetime_iso8601": "2022-09-24T07:05:42Z",
        "codec": "MP3",
        "bitrate": 256,
        "hls": 0,
        "lastcheckok": 1,
        "lastchecktime": "2023-04-08 07:56:20",
        "lastchecktime_iso8601": "2023-04-08T07:56:20Z",
        "lastcheckoktime": "2023-04-08 07:56:20",
        "lastcheckoktime_iso8601": "2023-04-08T07:56:20Z",
        "lastlocalchecktime": "2023-04-07 19:57:48",
        "lastlocalchecktime_iso8601": "2023-04-07T19:57:48Z",
        "clicktimestamp": "2023-04-08 10:26:41",
        "clicktimestamp_iso8601": "2023-04-08T10:26:41Z",
        "clickcount": 43,
        "clicktrend": 2,
        "ssl_error": 0,
        "geo_lat": null,
        "geo_long": null,
        "has_extended_info": false
    },
    {
        "changeuuid": "cafb1689-9617-49a1-9fbf-85a48d110594",
        "stationuuid": "9611e44f-0601-11e8-ae97-52543be04c81",
        "serveruuid": "8091d2c2-f64d-4ac1-ad2f-df5581c5a686",
        "name": "Eldoradio",
        "url": "http://81.92.238.33/",
        "url_resolved": "http://81.92.238.33/",
        "homepage": "http://radio.eldo.lu/",
        "favicon": "",
        "tags": "pop",
        "country": "Luxembourg",
        "countrycode": "LU",
        "iso_3166_2": null,
        "state": "",
        "language": "luxembourgish",
        "languagecodes": "lb",
        "votes": 1073,
        "lastchangetime": "2022-03-28 12:23:33",
        "lastchangetime_iso8601": "2022-03-28T12:23:33Z",
        "codec": "MP3",
        "bitrate": 256,
        "hls": 0,
        "lastcheckok": 1,
        "lastchecktime": "2023-04-08 10:27:19",
        "lastchecktime_iso8601": "2023-04-08T10:27:19Z",
        "lastcheckoktime": "2023-04-08 10:27:19",
        "lastcheckoktime_iso8601": "2023-04-08T10:27:19Z",
        "lastlocalchecktime": "2023-04-07 17:01:15",
        "lastlocalchecktime_iso8601": "2023-04-07T17:01:15Z",
        "clicktimestamp": "2023-04-08 14:18:47",
        "clicktimestamp_iso8601": "2023-04-08T14:18:47Z",
        "clickcount": 13,
        "clicktrend": 1,
        "ssl_error": 0,
        "geo_lat": null,
        "geo_long": null,
        "has_extended_info": false
    },
    {
        "changeuuid": "5df2dd7a-a7b6-44cf-a29b-aac855fb3322",
        "stationuuid": "0f902505-76c7-489b-8ddc-03b05b5867ae",
        "serveruuid": "9fe50248-66a0-4a44-b0aa-9da28b05ae88",
        "name": "Generation Dance Radio",
        "url": "http://generationdance.lu:8010/hd",
        "url_resolved": "http://generationdance.lu:8010/hd",
        "homepage": "https://generation.dance/",
        "favicon": "https://generation.dance/wp-content/uploads/fbrfg/apple-touch-icon.png",
        "tags": "dance,dj,edm,eurodance,handsup,house,trance",
        "country": "Luxembourg",
        "countrycode": "LU",
        "iso_3166_2": null,
        "state": "Luxembourg",
        "language": "english,french",
        "languagecodes": "en,fr",
        "votes": 919,
        "lastchangetime": "2023-03-01 00:19:52",
        "lastchangetime_iso8601": "2023-03-01T00:19:52Z",
        "codec": "MP3",
        "bitrate": 192,
        "hls": 0,
        "lastcheckok": 1,
        "lastchecktime": "2023-04-08 02:37:18",
        "lastchecktime_iso8601": "2023-04-08T02:37:18Z",
        "lastcheckoktime": "2023-04-08 02:37:18",
        "lastcheckoktime_iso8601": "2023-04-08T02:37:18Z",
        "lastlocalchecktime": "2023-04-07 14:49:40",
        "lastlocalchecktime_iso8601": "2023-04-07T14:49:40Z",
        "clicktimestamp": "2023-04-08 02:47:43",
        "clicktimestamp_iso8601": "2023-04-08T02:47:43Z",
        "clickcount": 29,
        "clicktrend": 0,
        "ssl_error": 0,
        "geo_lat": 49.509605,
        "geo_long": 5.9415757,
        "has_extended_info": false
    },
    {
        "changeuuid": "f4f897a8-5d88-4e49-968a-6aed09f72d0b",
        "stationuuid": "a98264e7-e099-4369-b23b-62c7b016cca1",
        "serveruuid": "39e42e63-6332-494c-8792-aea84a26ecce",
        "name": "RTL Radio - Deutschlands Hit-Radio",
        "url": "http://stream.rtlradio.de/rtl-de-national/mp3-192/",
        "url_resolved": "http://rtlberlin.streamabc.net/rtlb-rtldenational-mp3-192-3082173?sABC=643154qn%230%23r4880qrn6s01nn6n263q843o4n00pqq9%23&aw_0_1st.playerid=&amsparams=playerid:;skey:1680954586",
        "homepage": "",
        "favicon": "https://www.rtlradio.de/assets/fallback/fallback_1x1.jpg",
        "tags": "",
        "country": "Luxembourg",
        "countrycode": "LU",
        "iso_3166_2": null,
        "state": "Luxemburg, mp3 192 Kbit",
        "language": "",
        "languagecodes": "",
        "votes": 628,
        "lastchangetime": "2021-08-06 08:36:45",
        "lastchangetime_iso8601": "2021-08-06T08:36:45Z",
        "codec": "MP3",
        "bitrate": 0,
        "hls": 0,
        "lastcheckok": 1,
        "lastchecktime": "2023-04-08 11:59:36",
        "lastchecktime_iso8601": "2023-04-08T11:59:36Z",
        "lastcheckoktime": "2023-04-08 11:59:36",
        "lastcheckoktime_iso8601": "2023-04-08T11:59:36Z",
        "lastlocalchecktime": "2023-04-07 20:39:55",
        "lastlocalchecktime_iso8601": "2023-04-07T20:39:55Z",
        "clicktimestamp": "2023-04-08 09:27:06",
        "clicktimestamp_iso8601": "2023-04-08T09:27:06Z",
        "clickcount": 32,
        "clicktrend": -1,
        "ssl_error": 0,
        "geo_lat": null,
        "geo_long": null,
        "has_extended_info": false
    },
    {
        "changeuuid": "346fc5d9-92f8-4bf3-a3a4-ffecda5cc36a",
        "stationuuid": "9611e681-0601-11e8-ae97-52543be04c81",
        "serveruuid": "924270a2-8366-449f-ab0d-df232cd1f1bf",
        "name": "Eldoradio 80s",
        "url": "http://sc-eldo80s.newmedia.lu/",
        "url_resolved": "http://shoutcast.rtl.lu/eldo80s",
        "homepage": "http://radio.eldo.lu/",
        "favicon": "",
        "tags": "80s",
        "country": "Luxembourg",
        "countrycode": "LU",
        "iso_3166_2": null,
        "state": "",
        "language": "luxembourgish",
        "languagecodes": "lb",
        "votes": 293,
        "lastchangetime": "2022-03-28 09:28:19",
        "lastchangetime_iso8601": "2022-03-28T09:28:19Z",
        "codec": "MP3",
        "bitrate": 256,
        "hls": 0,
        "lastcheckok": 1,
        "lastchecktime": "2023-04-08 11:46:48",
        "lastchecktime_iso8601": "2023-04-08T11:46:48Z",
        "lastcheckoktime": "2023-04-08 11:46:48",
        "lastcheckoktime_iso8601": "2023-04-08T11:46:48Z",
        "lastlocalchecktime": "2023-04-08 11:46:48",
        "lastlocalchecktime_iso8601": "2023-04-08T11:46:48Z",
        "clicktimestamp": "2023-04-07 20:03:14",
        "clicktimestamp_iso8601": "2023-04-07T20:03:14Z",
        "clickcount": 21,
        "clicktrend": -4,
        "ssl_error": 0,
        "geo_lat": null,
        "geo_long": null,
        "has_extended_info": false
    },
    {
        "changeuuid": "a05e416d-b10e-4196-aaf4-88167040b2cb",
        "stationuuid": "8e9c7156-0d0e-4af1-8d73-0c804c728d15",
        "serveruuid": "39e42e63-6332-494c-8792-aea84a26ecce",
        "name": "RTL Radio - Die besten Hits aller Zeiten",
        "url": "http://stream.rtlradio.de/rtl-de-beste-hits/mp3-192",
        "url_resolved": "http://rtlberlin.streamabc.net/rtlb-rtldebestehits-mp3-192-2026538?sABC=64311870%230%23r4880qrn6s01nn6n263q843o4n00pqq9%23&aw_0_1st.playerid=&amsparams=playerid:;skey:1680939120",
        "homepage": "",
        "favicon": "https://www.rtlradio.de/assets/fallback/fallback_1x1.jpg",
        "tags": "",
        "country": "Luxembourg",
        "countrycode": "LU",
        "iso_3166_2": null,
        "state": "Luxemburg, AAC",
        "language": "",
        "languagecodes": "",
        "votes": 256,
        "lastchangetime": "2021-08-06 08:36:45",
        "lastchangetime_iso8601": "2021-08-06T08:36:45Z",
        "codec": "MP3",
        "bitrate": 0,
        "hls": 0,
        "lastcheckok": 1,
        "lastchecktime": "2023-04-08 07:35:55",
        "lastchecktime_iso8601": "2023-04-08T07:35:55Z",
        "lastcheckoktime": "2023-04-08 07:35:55",
        "lastcheckoktime_iso8601": "2023-04-08T07:35:55Z",
        "lastlocalchecktime": "2023-04-07 17:50:22",
        "lastlocalchecktime_iso8601": "2023-04-07T17:50:22Z",
        "clicktimestamp": "2023-04-08 13:49:05",
        "clicktimestamp_iso8601": "2023-04-08T13:49:05Z",
        "clickcount": 37,
        "clicktrend": 0,
        "ssl_error": 0,
        "geo_lat": null,
        "geo_long": null,
        "has_extended_info": false
    },
    {
        "changeuuid": "6d324643-ec34-475e-82dc-def269d1ab09",
        "stationuuid": "e6839413-9a70-45b1-927e-6f8f54887b44",
        "serveruuid": "86dfe766-5c5b-46fd-b846-47f36a21a413",
        "name": "Generation Dance Radio",
        "url": "https://generationdance.lu/radio/8030/hd",
        "url_resolved": "https://generationdance.lu/radio/8030/hd",
        "homepage": "https://generation.dance/",
        "favicon": "https://generation.dance/wp-content/uploads/fbrfg/apple-touch-icon.png",
        "tags": "dance,dj,edm,eurodance,hands up,handsup,techno,trance,uplifting trance",
        "country": "Luxembourg",
        "countrycode": "LU",
        "iso_3166_2": null,
        "state": "Esch sur Alzette",
        "language": "english,french",
        "languagecodes": "en,fr",
        "votes": 204,
        "lastchangetime": "2023-03-01 05:18:11",
        "lastchangetime_iso8601": "2023-03-01T05:18:11Z",
        "codec": "MP3",
        "bitrate": 192,
        "hls": 0,
        "lastcheckok": 1,
        "lastchecktime": "2023-04-08 09:39:55",
        "lastchecktime_iso8601": "2023-04-08T09:39:55Z",
        "lastcheckoktime": "2023-04-08 09:39:55",
        "lastcheckoktime_iso8601": "2023-04-08T09:39:55Z",
        "lastlocalchecktime": "2023-04-08 09:39:55",
        "lastlocalchecktime_iso8601": "2023-04-08T09:39:55Z",
        "clicktimestamp": "2023-04-08 09:52:24",
        "clicktimestamp_iso8601": "2023-04-08T09:52:24Z",
        "clickcount": 24,
        "clicktrend": 1,
        "ssl_error": 0,
        "geo_lat": 49.50268823217932,
        "geo_long": 5.971906185150147,
        "has_extended_info": false
    },
    {
        "changeuuid": "e82d5561-15f0-4d8f-82b0-6cdcb8fd27e6",
        "stationuuid": "8168ecf5-527a-11e8-a4d1-52543be04c81",
        "serveruuid": "924270a2-8366-449f-ab0d-df232cd1f1bf",
        "name": "Eldoradio 90's",
        "url": "http://sc-eldo90s.newmedia.lu/listen.pls",
        "url_resolved": "http://shoutcast.rtl.lu/eldo90s",
        "homepage": "http://www.eldo.lu/",
        "favicon": "http://www.eldo.lu/assets/images/favicon-eldo/favicon-120.png",
        "tags": "90s",
        "country": "Luxembourg",
        "countrycode": "LU",
        "iso_3166_2": null,
        "state": "",
        "language": "french",
        "languagecodes": "fr",
        "votes": 203,
        "lastchangetime": "2022-03-28 11:01:13",
        "lastchangetime_iso8601": "2022-03-28T11:01:13Z",
        "codec": "MP3",
        "bitrate": 256,
        "hls": 0,
        "lastcheckok": 1,
        "lastchecktime": "2023-04-07 20:49:27",
        "lastchecktime_iso8601": "2023-04-07T20:49:27Z",
        "lastcheckoktime": "2023-04-07 20:49:27",
        "lastcheckoktime_iso8601": "2023-04-07T20:49:27Z",
        "lastlocalchecktime": "2023-04-07 14:56:56",
        "lastlocalchecktime_iso8601": "2023-04-07T14:56:56Z",
        "clicktimestamp": "2023-04-06 21:04:31",
        "clicktimestamp_iso8601": "2023-04-06T21:04:31Z",
        "clickcount": 14,
        "clicktrend": -1,
        "ssl_error": 0,
        "geo_lat": null,
        "geo_long": null,
        "has_extended_info": false
    },
    {
        "changeuuid": "6653334a-59d4-4b86-9292-d03ec6b21680",
        "stationuuid": "971f6221-4fee-11e9-a4d7-52543be04c81",
        "serveruuid": "a2cfe0a0-7245-4758-9154-e964d36dbeb8",
        "name": "Free Radio Luxembourg FRL",
        "url": "https://www.radioking.com/play/rfm-luxembourg/137599",
        "url_resolved": "https://listen.radioking.com/radio/66160/stream/137599",
        "homepage": "https://www.radioking.com/play/rfm-luxembourg/137599",
        "favicon": "",
        "tags": "pop,rock",
        "country": "Luxembourg",
        "countrycode": "LU",
        "iso_3166_2": null,
        "state": "Luxembourg",
        "language": "luxembourgish",
        "languagecodes": "lb",
        "votes": 184,
        "lastchangetime": "2022-03-28 12:47:38",
        "lastchangetime_iso8601": "2022-03-28T12:47:38Z",
        "codec": "MP3",
        "bitrate": 320,
        "hls": 0,
        "lastcheckok": 1,
        "lastchecktime": "2023-04-08 08:59:50",
        "lastchecktime_iso8601": "2023-04-08T08:59:50Z",
        "lastcheckoktime": "2023-04-08 08:59:50",
        "lastcheckoktime_iso8601": "2023-04-08T08:59:50Z",
        "lastlocalchecktime": "2023-04-07 19:44:45",
        "lastlocalchecktime_iso8601": "2023-04-07T19:44:45Z",
        "clicktimestamp": "2023-04-07 12:39:06",
        "clicktimestamp_iso8601": "2023-04-07T12:39:06Z",
        "clickcount": 14,
        "clicktrend": -3,
        "ssl_error": 0,
        "geo_lat": null,
        "geo_long": null,
        "has_extended_info": false
    },
    {
        "changeuuid": "9073f40e-30e8-4344-a4a8-096e41c8f101",
        "stationuuid": "9611e509-0601-11e8-ae97-52543be04c81",
        "serveruuid": "924270a2-8366-449f-ab0d-df232cd1f1bf",
        "name": "Eldoradio Alternative",
        "url": "http://sc-eldoalt.newmedia.lu/",
        "url_resolved": "http://shoutcast.rtl.lu/eldoalt",
        "homepage": "http://radio.eldo.lu/",
        "favicon": "",
        "tags": "alternative",
        "country": "Luxembourg",
        "countrycode": "LU",
        "iso_3166_2": null,
        "state": "",
        "language": "luxembourgish",
        "languagecodes": "lb",
        "votes": 183,
        "lastchangetime": "2022-03-28 11:25:48",
        "lastchangetime_iso8601": "2022-03-28T11:25:48Z",
        "codec": "MP3",
        "bitrate": 256,
        "hls": 0,
        "lastcheckok": 1,
        "lastchecktime": "2023-04-08 09:56:28",
        "lastchecktime_iso8601": "2023-04-08T09:56:28Z",
        "lastcheckoktime": "2023-04-08 09:56:28",
        "lastcheckoktime_iso8601": "2023-04-08T09:56:28Z",
        "lastlocalchecktime": "2023-04-07 17:08:34",
        "lastlocalchecktime_iso8601": "2023-04-07T17:08:34Z",
        "clicktimestamp": "2023-04-06 03:21:35",
        "clicktimestamp_iso8601": "2023-04-06T03:21:35Z",
        "clickcount": 5,
        "clicktrend": 0,
        "ssl_error": 0,
        "geo_lat": null,
        "geo_long": null,
        "has_extended_info": false
    },
    {
        "changeuuid": "d60cbdce-1b16-4c17-81a7-c55c187466a3",
        "stationuuid": "9611e5c4-0601-11e8-ae97-52543be04c81",
        "serveruuid": "924270a2-8366-449f-ab0d-df232cd1f1bf",
        "name": "Eldoradio Chill",
        "url": "http://sc-eldochill.newmedia.lu/",
        "url_resolved": "http://shoutcast.rtl.lu/eldochill",
        "homepage": "http://radio.eldo.lu/",
        "favicon": "",
        "tags": "chillout",
        "country": "Luxembourg",
        "countrycode": "LU",
        "iso_3166_2": null,
        "state": "",
        "language": "luxembourgish",
        "languagecodes": "lb",
        "votes": 153,
        "lastchangetime": "2022-03-28 13:23:15",
        "lastchangetime_iso8601": "2022-03-28T13:23:15Z",
        "codec": "MP3",
        "bitrate": 256,
        "hls": 0,
        "lastcheckok": 1,
        "lastchecktime": "2023-04-08 09:33:00",
        "lastchecktime_iso8601": "2023-04-08T09:33:00Z",
        "lastcheckoktime": "2023-04-08 09:33:00",
        "lastcheckoktime_iso8601": "2023-04-08T09:33:00Z",
        "lastlocalchecktime": "2023-04-07 17:17:33",
        "lastlocalchecktime_iso8601": "2023-04-07T17:17:33Z",
        "clicktimestamp": "2023-04-07 19:44:09",
        "clicktimestamp_iso8601": "2023-04-07T19:44:09Z",
        "clickcount": 9,
        "clicktrend": -1,
        "ssl_error": 0,
        "geo_lat": null,
        "geo_long": null,
        "has_extended_info": false
    },
    {
        "changeuuid": "dc3d80e1-1858-42da-98a9-c77566a72450",
        "stationuuid": "a718c8b6-6f90-4a6d-bba4-dc89cb4aebb7",
        "serveruuid": "3a1c8ceb-442f-44d2-9702-93767ccfa33b",
        "name": "Radio 100,7",
        "url": "http://100komma7.cast.addradio.de/100komma7/live/mp3/128/stream.mp3",
        "url_resolved": "http://100komma7--di--nacs-ice-01--02--cdn.cast.addradio.de/100komma7/live/mp3/128/stream.mp3?_art=dj0yJmlwPTkxLjEzMi4xNDUuMTE0JmlkPWljc2N4bC1sb3Vud3QzbGImdD0xNjgxMDQ3NjAwJnM9Nzg2NmYyOWMjZjE3YTM5NDIwN2U1Y2Y5M2E1MWRhNDI2NmQ5OTNhMWQ",
        "homepage": "https://www.100komma7.lu/",
        "favicon": "https://www.100komma7.lu/img/favicons/apple-touch-icon-120x120.png?202106280909-58",
        "tags": "blues rock,classical,indie",
        "country": "Luxembourg",
        "countrycode": "LU",
        "iso_3166_2": null,
        "state": "",
        "language": "english,luxembourgish",
        "languagecodes": "en,lb",
        "votes": 152,
        "lastchangetime": "2022-03-28 14:30:55",
        "lastchangetime_iso8601": "2022-03-28T14:30:55Z",
        "codec": "MP3",
        "bitrate": 128,
        "hls": 0,
        "lastcheckok": 1,
        "lastchecktime": "2023-04-08 13:40:51",
        "lastchecktime_iso8601": "2023-04-08T13:40:51Z",
        "lastcheckoktime": "2023-04-08 13:40:51",
        "lastcheckoktime_iso8601": "2023-04-08T13:40:51Z",
        "lastlocalchecktime": "2023-04-08 13:40:51",
        "lastlocalchecktime_iso8601": "2023-04-08T13:40:51Z",
        "clicktimestamp": "2023-04-08 13:49:30",
        "clicktimestamp_iso8601": "2023-04-08T13:49:30Z",
        "clickcount": 30,
        "clicktrend": 3,
        "ssl_error": 0,
        "geo_lat": null,
        "geo_long": null,
        "has_extended_info": false
    },
    {
        "changeuuid": "f010483b-1a83-4755-8285-b2d4c50d8ac6",
        "stationuuid": "e25786e7-2658-4243-966f-e92572a50fc4",
        "serveruuid": "f94f10d0-5d7d-46ea-a958-e5acaf644a38",
        "name": "R\u00e1dio Larochette",
        "url": "https://servidor14.brlogic.com:8150/live",
        "url_resolved": "https://servidor14.brlogic.com:8150/live",
        "homepage": "https://radiolarochette.com/",
        "favicon": "https://public-rf-upload.minhawebradio.net/191715/mobileicon/d343bd782a3a1661465a3c3771c2a36cx192.png",
        "tags": "pop rock popular",
        "country": "Luxembourg",
        "countrycode": "LU",
        "iso_3166_2": null,
        "state": "",
        "language": "portugues franc\u00eas",
        "languagecodes": "",
        "votes": 137,
        "lastchangetime": "2022-09-02 04:38:45",
        "lastchangetime_iso8601": "2022-09-02T04:38:45Z",
        "codec": "MP3",
        "bitrate": 192,
        "hls": 0,
        "lastcheckok": 1,
        "lastchecktime": "2023-04-08 11:45:59",
        "lastchecktime_iso8601": "2023-04-08T11:45:59Z",
        "lastcheckoktime": "2023-04-08 11:45:59",
        "lastcheckoktime_iso8601": "2023-04-08T11:45:59Z",
        "lastlocalchecktime": "2023-04-08 10:09:22",
        "lastlocalchecktime_iso8601": "2023-04-08T10:09:22Z",
        "clicktimestamp": "2023-04-03 19:35:56",
        "clicktimestamp_iso8601": "2023-04-03T19:35:56Z",
        "clickcount": 3,
        "clicktrend": 0,
        "ssl_error": 0,
        "geo_lat": 49.61135874649236,
        "geo_long": 6.134748481873939,
        "has_extended_info": false
    },
    {
        "changeuuid": "81bc0827-ebcf-476a-aff1-bccbd1422db6",
        "stationuuid": "5fdc15c7-8c66-11e8-aa66-52543be04c81",
        "serveruuid": "39e42e63-6332-494c-8792-aea84a26ecce",
        "name": "RTL Die besten Hits aller Zeiten",
        "url": "http://stream.rtlradio.de/rtl-de-beste-hits/aac-64",
        "url_resolved": "http://rtlberlin.streamabc.net/rtlb-rtldebestehits-aacplus-64-5270603?sABC=643150sr%230%23r4880qrn6s01nn6n263q843o4n00pqq9%23&aw_0_1st.playerid=&amsparams=playerid:;skey:1680953598",
        "homepage": "http://www.rtlradio.de/musik/radio-hoeren/webradios/rtl-die-besten-hits-aller-zeiten-livestream",
        "favicon": "",
        "tags": "",
        "country": "Luxembourg",
        "countrycode": "LU",
        "iso_3166_2": null,
        "state": "",
        "language": "german",
        "languagecodes": "de",
        "votes": 99,
        "lastchangetime": "2022-03-28 13:02:19",
        "lastchangetime_iso8601": "2022-03-28T13:02:19Z",
        "codec": "AAC",
        "bitrate": 0,
        "hls": 0,
        "lastcheckok": 1,
        "lastchecktime": "2023-04-08 11:40:45",
        "lastchecktime_iso8601": "2023-04-08T11:40:45Z",
        "lastcheckoktime": "2023-04-08 11:40:45",
        "lastcheckoktime_iso8601": "2023-04-08T11:40:45Z",
        "lastlocalchecktime": "2023-04-07 15:26:42",
        "lastlocalchecktime_iso8601": "2023-04-07T15:26:42Z",
        "clicktimestamp": "2023-04-06 15:40:25",
        "clicktimestamp_iso8601": "2023-04-06T15:40:25Z",
        "clickcount": 5,
        "clicktrend": -1,
        "ssl_error": 0,
        "geo_lat": null,
        "geo_long": null,
        "has_extended_info": false
    },
    {
        "changeuuid": "4b6c980f-9d4b-47a6-9fb4-b4ae75ebd806",
        "stationuuid": "961eedea-0601-11e8-ae97-52543be04c81",
        "serveruuid": "924270a2-8366-449f-ab0d-df232cd1f1bf",
        "name": "Eldoradio Top 25",
        "url": "http://sc-eldotop25.newmedia.lu/listen.pls",
        "url_resolved": "http://shoutcast.rtl.lu/eldotop25",
        "homepage": "http://radio.eldo.lu/",
        "favicon": "",
        "tags": "pop",
        "country": "Luxembourg",
        "countrycode": "LU",
        "iso_3166_2": null,
        "state": "",
        "language": "luxembourgish",
        "languagecodes": "lb",
        "votes": 96,
        "lastchangetime": "2022-03-28 12:28:41",
        "lastchangetime_iso8601": "2022-03-28T12:28:41Z",
        "codec": "MP3",
        "bitrate": 256,
        "hls": 0,
        "lastcheckok": 1,
        "lastchecktime": "2023-04-08 05:29:11",
        "lastchecktime_iso8601": "2023-04-08T05:29:11Z",
        "lastcheckoktime": "2023-04-08 05:29:11",
        "lastcheckoktime_iso8601": "2023-04-08T05:29:11Z",
        "lastlocalchecktime": "2023-04-07 19:05:58",
        "lastlocalchecktime_iso8601": "2023-04-07T19:05:58Z",
        "clicktimestamp": "2023-04-04 19:02:00",
        "clicktimestamp_iso8601": "2023-04-04T19:02:00Z",
        "clickcount": 3,
        "clicktrend": 0,
        "ssl_error": 0,
        "geo_lat": null,
        "geo_long": null,
        "has_extended_info": false
    },
    {
        "changeuuid": "a10256aa-3bbc-413e-900b-dca0e88aace4",
        "stationuuid": "9619f061-0601-11e8-ae97-52543be04c81",
        "serveruuid": "6c84e52c-1686-4baf-af3c-3942cfad713a",
        "name": "Radio Aktiv",
        "url": "http://zeus.lrb.lu:8000/stream",
        "url_resolved": "http://zeus.lrb.lu:8000/stream",
        "homepage": "https://www.radioaktiv106-5.org/",
        "favicon": "",
        "tags": "",
        "country": "Luxembourg",
        "countrycode": "LU",
        "iso_3166_2": null,
        "state": "",
        "language": "luxembourgish",
        "languagecodes": "lb",
        "votes": 77,
        "lastchangetime": "2022-05-02 15:25:06",
        "lastchangetime_iso8601": "2022-05-02T15:25:06Z",
        "codec": "MP3",
        "bitrate": 128,
        "hls": 0,
        "lastcheckok": 1,
        "lastchecktime": "2023-04-08 11:59:36",
        "lastchecktime_iso8601": "2023-04-08T11:59:36Z",
        "lastcheckoktime": "2023-04-08 11:59:36",
        "lastcheckoktime_iso8601": "2023-04-08T11:59:36Z",
        "lastlocalchecktime": "2023-04-07 16:28:41",
        "lastlocalchecktime_iso8601": "2023-04-07T16:28:41Z",
        "clicktimestamp": "2023-04-07 04:08:58",
        "clicktimestamp_iso8601": "2023-04-07T04:08:58Z",
        "clickcount": 4,
        "clicktrend": -1,
        "ssl_error": 0,
        "geo_lat": null,
        "geo_long": null,
        "has_extended_info": false
    },
    {
        "changeuuid": "34e2ebd4-9077-47ff-9c30-5012808f0c88",
        "stationuuid": "5a59510c-29a7-44c4-902a-9805817f9a92",
        "serveruuid": "39e42e63-6332-494c-8792-aea84a26ecce",
        "name": "RTL Schlagerliebe",
        "url": "http://stream.rtlradio.de/schlagerliebe/mp3-192/",
        "url_resolved": "http://rtlberlin.streamabc.net/rtlb-schlager-mp3-192-8912786?sABC=643156s9%230%23r4880qrn6s01nn6n263q843o4n00pqq9%23&aw_0_1st.playerid=&amsparams=playerid:;skey:1680955129",
        "homepage": "",
        "favicon": "",
        "tags": "",
        "country": "Luxembourg",
        "countrycode": "LU",
        "iso_3166_2": null,
        "state": "Luxembourg, MP3 192 kbits",
        "language": "",
        "languagecodes": "",
        "votes": 75,
        "lastchangetime": "2022-05-08 17:20:28",
        "lastchangetime_iso8601": "2022-05-08T17:20:28Z",
        "codec": "MP3",
        "bitrate": 0,
        "hls": 0,
        "lastcheckok": 1,
        "lastchecktime": "2023-04-08 12:06:33",
        "lastchecktime_iso8601": "2023-04-08T12:06:33Z",
        "lastcheckoktime": "2023-04-08 12:06:33",
        "lastcheckoktime_iso8601": "2023-04-08T12:06:33Z",
        "lastlocalchecktime": "2023-04-08 09:43:12",
        "lastlocalchecktime_iso8601": "2023-04-08T09:43:12Z",
        "clicktimestamp": "2023-04-06 17:15:35",
        "clicktimestamp_iso8601": "2023-04-06T17:15:35Z",
        "clickcount": 6,
        "clicktrend": -1,
        "ssl_error": 0,
        "geo_lat": null,
        "geo_long": null,
        "has_extended_info": false
    },
    {
        "changeuuid": "92c42a88-33de-437f-9296-e491bdcdfade",
        "stationuuid": "80f07344-504e-48dd-8775-ab60c4a82068",
        "serveruuid": "d3556c9c-545e-4fb2-b5e6-09099bd94ee9",
        "name": "Radio 100komma7",
        "url": "https://stream.100komma7.lu/100komma7/live/mp3/128/stream.mp3",
        "url_resolved": "https://100komma7--di--nacs-ice-01--01--cdn.cast.addradio.de/100komma7/live/mp3/128/stream.mp3?_art=dj0yJmlwPTk1LjE3OS4xMzkuMTA2JmlkPWljc2N4bC02dWRmNXJlbmImdD0xNjgxMDA1NDc4JnM9Nzg2NmYyOWMjNThhZGZhZDEyYWM5M2RlYmU0NTE2YzViNTgwMGNiMDk",
        "homepage": "https://100komma7.lu/",
        "favicon": "https://100komma7.lu/img/favicons/apple-touch-icon-120x120.png?202203161449-39",
        "tags": "",
        "country": "Luxembourg",
        "countrycode": "LU",
        "iso_3166_2": null,
        "state": "",
        "language": "french,luxembourgish",
        "languagecodes": "fr,lb",
        "votes": 67,
        "lastchangetime": "2022-08-30 20:56:32",
        "lastchangetime_iso8601": "2022-08-30T20:56:32Z",
        "codec": "MP3",
        "bitrate": 128,
        "hls": 0,
        "lastcheckok": 1,
        "lastchecktime": "2023-04-08 02:01:36",
        "lastchecktime_iso8601": "2023-04-08T02:01:36Z",
        "lastcheckoktime": "2023-04-08 02:01:36",
        "lastcheckoktime_iso8601": "2023-04-08T02:01:36Z",
        "lastlocalchecktime": "2023-04-07 20:18:26",
        "lastlocalchecktime_iso8601": "2023-04-07T20:18:26Z",
        "clicktimestamp": "2023-04-06 21:04:44",
        "clicktimestamp_iso8601": "2023-04-06T21:04:44Z",
        "clickcount": 6,
        "clicktrend": -2,
        "ssl_error": 0,
        "geo_lat": 49.622130114339306,
        "geo_long": 6.15212380886078,
        "has_extended_info": false
    },
    {
        "changeuuid": "7282200f-d5e6-4f32-901e-2acbcb047c15",
        "stationuuid": "9630c517-0601-11e8-ae97-52543be04c81",
        "serveruuid": "6e38b166-4189-4e27-b3e3-2982376bef35",
        "name": "RadioARA",
        "url": "http://stream.ara.lu/stream.mp3.pls",
        "url_resolved": "http://stream.ara.lu/stream.mp3",
        "homepage": "http://www.ara.lu/",
        "favicon": "https://www.ara.lu/wp-content/themes/ara/dist/images/favicon/apple-touch-icon_8046ad73.png",
        "tags": "",
        "country": "Luxembourg",
        "countrycode": "LU",
        "iso_3166_2": null,
        "state": "",
        "language": "luxembourgish",
        "languagecodes": "lb",
        "votes": 66,
        "lastchangetime": "2022-06-10 17:21:47",
        "lastchangetime_iso8601": "2022-06-10T17:21:47Z",
        "codec": "AAC",
        "bitrate": 64,
        "hls": 0,
        "lastcheckok": 1,
        "lastchecktime": "2023-04-07 20:57:06",
        "lastchecktime_iso8601": "2023-04-07T20:57:06Z",
        "lastcheckoktime": "2023-04-07 20:57:06",
        "lastcheckoktime_iso8601": "2023-04-07T20:57:06Z",
        "lastlocalchecktime": "2023-04-07 20:57:06",
        "lastlocalchecktime_iso8601": "2023-04-07T20:57:06Z",
        "clicktimestamp": "2023-04-08 12:52:58",
        "clicktimestamp_iso8601": "2023-04-08T12:52:58Z",
        "clickcount": 4,
        "clicktrend": 1,
        "ssl_error": 0,
        "geo_lat": null,
        "geo_long": null,
        "has_extended_info": false
    },
    {
        "changeuuid": "81924a3d-f632-4cc4-85ae-cb608c31074c",
        "stationuuid": "07ac09f1-61b8-40bf-9ffa-7b602cfc4716",
        "serveruuid": "3ff27001-40a1-4410-a3f5-d54846757e2a",
        "name": "Radio C Luxembourg",
        "url": "https://edge02.streamonkey.net/radioc-live",
        "url_resolved": "https://edge02.streamonkey.net/radioc-live",
        "homepage": "https://radioc.eu/",
        "favicon": "https://radioc.eu/wp-content/uploads/2020/06/cropped-radioc_330-180x180.png",
        "tags": "alternative,alternative rock,matthias matuschik,matuschke",
        "country": "Luxembourg",
        "countrycode": "LU",
        "iso_3166_2": null,
        "state": "",
        "language": "german",
        "languagecodes": "de",
        "votes": 53,
        "lastchangetime": "2022-04-18 23:21:34",
        "lastchangetime_iso8601": "2022-04-18T23:21:34Z",
        "codec": "AAC",
        "bitrate": 0,
        "hls": 0,
        "lastcheckok": 1,
        "lastchecktime": "2023-04-08 09:33:00",
        "lastchecktime_iso8601": "2023-04-08T09:33:00Z",
        "lastcheckoktime": "2023-04-08 09:33:00",
        "lastcheckoktime_iso8601": "2023-04-08T09:33:00Z",
        "lastlocalchecktime": "2023-04-07 17:42:32",
        "lastlocalchecktime_iso8601": "2023-04-07T17:42:32Z",
        "clicktimestamp": "2023-04-08 13:58:09",
        "clicktimestamp_iso8601": "2023-04-08T13:58:09Z",
        "clickcount": 27,
        "clicktrend": 3,
        "ssl_error": 0,
        "geo_lat": null,
        "geo_long": null,
        "has_extended_info": false
    },
    {
        "changeuuid": "400eaa5f-6f13-45a0-bd6f-ba91fe447a67",
        "stationuuid": "133a4c16-f338-11e9-a96c-52543be04c81",
        "serveruuid": "7850fd03-7cb0-4d09-9860-50cb2cc16b5c",
        "name": "L'Essentiel Radio",
        "url": "http://lessentielradio.ice.infomaniak.ch/lessentielradio-128.mp3",
        "url_resolved": "http://lessentielradio.ice.infomaniak.ch/lessentielradio-128.mp3",
        "homepage": "http://lessentielradio.lu/",
        "favicon": "",
        "tags": "hits,pop,pop music,top 40",
        "country": "Luxembourg",
        "countrycode": "LU",
        "iso_3166_2": null,
        "state": "",
        "language": "",
        "languagecodes": "",
        "votes": 50,
        "lastchangetime": "2022-09-08 06:23:11",
        "lastchangetime_iso8601": "2022-09-08T06:23:11Z",
        "codec": "MP3",
        "bitrate": 128,
        "hls": 0,
        "lastcheckok": 1,
        "lastchecktime": "2023-04-08 02:42:23",
        "lastchecktime_iso8601": "2023-04-08T02:42:23Z",
        "lastcheckoktime": "2023-04-08 02:42:23",
        "lastcheckoktime_iso8601": "2023-04-08T02:42:23Z",
        "lastlocalchecktime": "2023-04-07 19:20:31",
        "lastlocalchecktime_iso8601": "2023-04-07T19:20:31Z",
        "clicktimestamp": "2023-04-07 10:52:01",
        "clicktimestamp_iso8601": "2023-04-07T10:52:01Z",
        "clickcount": 22,
        "clicktrend": -6,
        "ssl_error": 0,
        "geo_lat": null,
        "geo_long": null,
        "has_extended_info": false
    },
    {
        "changeuuid": "480dce20-ebf7-4885-ad61-caf0ec21e358",
        "stationuuid": "6a893f37-f749-11e9-bbf2-52543be04c81",
        "serveruuid": "8a0dfd72-5e92-4e28-9b90-191c86c1403a",
        "name": "RTL Radio L\u00ebtzebuerg",
        "url": "https://live-edge.rtl.lu/rtlradiowebtv/smil:rtlradiowebtv/playlist.m3u8",
        "url_resolved": "https://rtlradio-streaming.rtl.lu/rtlradiowebtv/smil:rtlradiowebtv/playlist.m3u8",
        "homepage": "http://www.rtl.lu/",
        "favicon": "http://www.rtl.lu//assets/images/favicon-rtl/favicon.ico",
        "tags": "",
        "country": "Luxembourg",
        "countrycode": "LU",
        "iso_3166_2": null,
        "state": "",
        "language": "luxembourgish",
        "languagecodes": "lb",
        "votes": 44,
        "lastchangetime": "2022-04-20 10:21:38",
        "lastchangetime_iso8601": "2022-04-20T10:21:38Z",
        "codec": "AAC,H.264",
        "bitrate": 5050,
        "hls": 1,
        "lastcheckok": 1,
        "lastchecktime": "2023-04-08 01:25:57",
        "lastchecktime_iso8601": "2023-04-08T01:25:57Z",
        "lastcheckoktime": "2023-04-08 01:25:57",
        "lastcheckoktime_iso8601": "2023-04-08T01:25:57Z",
        "lastlocalchecktime": "2023-04-07 19:05:58",
        "lastlocalchecktime_iso8601": "2023-04-07T19:05:58Z",
        "clicktimestamp": "2023-04-07 07:20:37",
        "clicktimestamp_iso8601": "2023-04-07T07:20:37Z",
        "clickcount": 4,
        "clicktrend": -1,
        "ssl_error": 0,
        "geo_lat": null,
        "geo_long": null,
        "has_extended_info": false
    },
    {
        "changeuuid": "c0736f6d-4e9e-46a4-a909-9f2739609017",
        "stationuuid": "8ab1a2c2-8322-4453-bbec-d38eda48fc64",
        "serveruuid": "86dfe766-5c5b-46fd-b846-47f36a21a413",
        "name": "Generation Dance Radio (64 Kbps)",
        "url": "https://generationdance.lu/radio/8030/mobile",
        "url_resolved": "https://generationdance.lu/radio/8030/mobile",
        "homepage": "https://generation.dance/",
        "favicon": "https://generation.dance/wp-content/uploads/fbrfg/apple-touch-icon.png",
        "tags": "dance,dj,edm,eurodance,hands up,handsup,techno,trance,uplifting trance",
        "country": "Luxembourg",
        "countrycode": "LU",
        "iso_3166_2": null,
        "state": "Esch sur Alzette",
        "language": "english,french",
        "languagecodes": "en,fr",
        "votes": 39,
        "lastchangetime": "2023-03-01 03:31:35",
        "lastchangetime_iso8601": "2023-03-01T03:31:35Z",
        "codec": "AAC",
        "bitrate": 64,
        "hls": 0,
        "lastcheckok": 1,
        "lastchecktime": "2023-04-08 13:05:48",
        "lastchecktime_iso8601": "2023-04-08T13:05:48Z",
        "lastcheckoktime": "2023-04-08 13:05:48",
        "lastcheckoktime_iso8601": "2023-04-08T13:05:48Z",
        "lastlocalchecktime": "2023-04-08 13:05:48",
        "lastlocalchecktime_iso8601": "2023-04-08T13:05:48Z",
        "clicktimestamp": "2023-04-07 00:02:22",
        "clicktimestamp_iso8601": "2023-04-07T00:02:22Z",
        "clickcount": 11,
        "clicktrend": -1,
        "ssl_error": 0,
        "geo_lat": 49.502666077896066,
        "geo_long": 5.971726477146149,
        "has_extended_info": false
    },
    {
        "changeuuid": "f48751a4-898e-4010-b41e-2259b3704907",
        "stationuuid": "d6a0e47f-7d94-456b-b23c-25fa0b8676a6",
        "serveruuid": "5f91875c-c6f9-4a9d-86b5-19626785a689",
        "name": "Radio ARA",
        "url": "https://s1.voscast.com:11187/RadioARA.mp3",
        "url_resolved": "https://s1.voscast.com:11187/RadioARA.mp3",
        "homepage": "https://www.ara.lu/",
        "favicon": "https://www.ara.lu/wp-content/themes/ara/dist/images/logo-frequencies_ecee0c84.svg",
        "tags": "community radio",
        "country": "Luxembourg",
        "countrycode": "LU",
        "iso_3166_2": null,
        "state": "Luxembourg City",
        "language": "arabic,english,italian,luxembourgish,portuguese,ukrainian",
        "languagecodes": "ar,en,it,lb,pt,uk",
        "votes": 38,
        "lastchangetime": "2022-06-16 07:01:05",
        "lastchangetime_iso8601": "2022-06-16T07:01:05Z",
        "codec": "AAC",
        "bitrate": 64,
        "hls": 0,
        "lastcheckok": 1,
        "lastchecktime": "2023-04-08 11:14:57",
        "lastchecktime_iso8601": "2023-04-08T11:14:57Z",
        "lastcheckoktime": "2023-04-08 11:14:57",
        "lastcheckoktime_iso8601": "2023-04-08T11:14:57Z",
        "lastlocalchecktime": "2023-04-08 11:14:57",
        "lastlocalchecktime_iso8601": "2023-04-08T11:14:57Z",
        "clicktimestamp": "2023-04-08 01:30:49",
        "clicktimestamp_iso8601": "2023-04-08T01:30:49Z",
        "clickcount": 18,
        "clicktrend": 1,
        "ssl_error": 0,
        "geo_lat": 49.601252288771576,
        "geo_long": 6.136363985569916,
        "has_extended_info": false
    },
    {
        "changeuuid": "2c20de8a-46bf-4299-96a0-e166f53034cd",
        "stationuuid": "03657684-576c-4a47-aa13-43cf6831b5c2",
        "serveruuid": "8abc37b9-dd1e-4865-98c3-ded94f953921",
        "name": "Radio 100komma7",
        "url": "http://100komma7.cast.addradio.de/100komma7/live/mp3/320/stream.mp3",
        "url_resolved": "http://100komma7--di--nacs-ice-01--01--cdn.cast.addradio.de/100komma7/live/mp3/320/stream.mp3?_art=dj0yJmlwPTk1LjE3OS4xMzkuMTA2JmlkPWljc2N4bC01NHRyemw2bGImdD0xNjgwOTkwMDc5JnM9Nzg2NmYyOWMjYzU3M2IxOTNlZDdkYmMzNmM0YmM2MjAzMjBkMDVlZjU",
        "homepage": "https://100komma7.lu/",
        "favicon": "https://100komma7.lu/img/favicons/apple-touch-icon-120x120.png?202203161449-39",
        "tags": "classical,classical music,culture,local news,music,news,society",
        "country": "Luxembourg",
        "countrycode": "LU",
        "iso_3166_2": null,
        "state": "Luxembourg",
        "language": "luxembourgish",
        "languagecodes": "lb",
        "votes": 37,
        "lastchangetime": "2022-12-23 14:56:36",
        "lastchangetime_iso8601": "2022-12-23T14:56:36Z",
        "codec": "MP3",
        "bitrate": 320,
        "hls": 0,
        "lastcheckok": 1,
        "lastchecktime": "2023-04-07 21:42:35",
        "lastchecktime_iso8601": "2023-04-07T21:42:35Z",
        "lastcheckoktime": "2023-04-07 21:42:35",
        "lastcheckoktime_iso8601": "2023-04-07T21:42:35Z",
        "lastlocalchecktime": "2023-04-07 18:41:11",
        "lastlocalchecktime_iso8601": "2023-04-07T18:41:11Z",
        "clicktimestamp": "2023-04-08 06:33:59",
        "clicktimestamp_iso8601": "2023-04-08T06:33:59Z",
        "clickcount": 11,
        "clicktrend": 1,
        "ssl_error": 0,
        "geo_lat": 49.62221151291465,
        "geo_long": 6.152285474818201,
        "has_extended_info": false
    },
    {
        "changeuuid": "b8be1756-2773-4e59-a4a5-f936e2d366e1",
        "stationuuid": "cd3c305e-7058-482f-97f0-f3362a60972d",
        "serveruuid": "cd390d4e-b775-4538-9040-c3b52512d0b6",
        "name": "Radio Puls Luxembourg",
        "url": "https://uk1.listen2myradio.com:2199/listen.php?port=8312&type=s2&mount=/stream",
        "url_resolved": "https://uk1.listen2myradio.com:2199/listen.php?port=8312&type=s2&mount=/stream",
        "homepage": "https://www.radiopuls.lu/",
        "favicon": "https://radiopuls.lu/wp-content/uploads/2016/02/cropped-original_radio_puls_logo_3d_png_1000px-180x180.png",
        "tags": "folk,serbian",
        "country": "Luxembourg",
        "countrycode": "LU",
        "iso_3166_2": null,
        "state": "",
        "language": "serbian",
        "languagecodes": "sr",
        "votes": 36,
        "lastchangetime": "2022-10-03 23:45:45",
        "lastchangetime_iso8601": "2022-10-03T23:45:45Z",
        "codec": "MP3",
        "bitrate": 0,
        "hls": 0,
        "lastcheckok": 1,
        "lastchecktime": "2023-04-08 14:25:59",
        "lastchecktime_iso8601": "2023-04-08T14:25:59Z",
        "lastcheckoktime": "2023-04-08 14:25:59",
        "lastcheckoktime_iso8601": "2023-04-08T14:25:59Z",
        "lastlocalchecktime": "2023-04-08 14:25:59",
        "lastlocalchecktime_iso8601": "2023-04-08T14:25:59Z",
        "clicktimestamp": "2023-04-08 10:52:44",
        "clicktimestamp_iso8601": "2023-04-08T10:52:44Z",
        "clickcount": 5,
        "clicktrend": 1,
        "ssl_error": 0,
        "geo_lat": null,
        "geo_long": null,
        "has_extended_info": false
    },
    {
        "changeuuid": "8758f01d-f240-430c-bfd0-2298aa087529",
        "stationuuid": "f5e8a89f-4016-4f5f-baca-aeb74aad668a",
        "serveruuid": "2f00a1d2-1e4f-4fea-88d5-66e1c5336ed5",
        "name": "Eldo Radio Chill",
        "url": "https://stream.rtl.lu/live/hls/radio/eldochill",
        "url_resolved": "https://eldo-streaming.eldo.lu/radio/eldochill/playlist.m3u8",
        "homepage": "https://www.eldo.lu/radio/livestream/chill",
        "favicon": "https://www.eldo.lu/assets/images/favicon-eldo/favicon-120.png",
        "tags": "chillout",
        "country": "Luxembourg",
        "countrycode": "LU",
        "iso_3166_2": null,
        "state": "",
        "language": "",
        "languagecodes": "",
        "votes": 34,
        "lastchangetime": "2022-10-05 04:18:17",
        "lastchangetime_iso8601": "2022-10-05T04:18:17Z",
        "codec": "AAC",
        "bitrate": 256,
        "hls": 1,
        "lastcheckok": 1,
        "lastchecktime": "2023-04-08 04:43:35",
        "lastchecktime_iso8601": "2023-04-08T04:43:35Z",
        "lastcheckoktime": "2023-04-08 04:43:35",
        "lastcheckoktime_iso8601": "2023-04-08T04:43:35Z",
        "lastlocalchecktime": "2023-04-07 16:13:34",
        "lastlocalchecktime_iso8601": "2023-04-07T16:13:34Z",
        "clicktimestamp": "2023-04-08 11:57:47",
        "clicktimestamp_iso8601": "2023-04-08T11:57:47Z",
        "clickcount": 11,
        "clicktrend": 1,
        "ssl_error": 0,
        "geo_lat": null,
        "geo_long": null,
        "has_extended_info": false
    },
    {
        "changeuuid": "3e82387a-0725-4ec8-b63c-8667d92943ea",
        "stationuuid": "d23cbd93-c551-48a2-adf6-be662abcf468",
        "serveruuid": "15ce2f91-219f-4c8c-8b0a-c306550bf511",
        "name": "Radio ARA",
        "url": "https://stream.ara.lu/stream.mp3",
        "url_resolved": "https://stream.ara.lu/stream.mp3",
        "homepage": "https://www.ara.lu/",
        "favicon": "https://www.ara.lu/wp-content/themes/ara/dist/images/favicon/apple-touch-icon_8046ad73.png",
        "tags": "",
        "country": "Luxembourg",
        "countrycode": "LU",
        "iso_3166_2": null,
        "state": "Lu",
        "language": "arabic,english,french,german,italian,luxembourgish,russian",
        "languagecodes": "ar,de,en,fr,it,lb,ru",
        "votes": 27,
        "lastchangetime": "2022-06-10 22:21:27",
        "lastchangetime_iso8601": "2022-06-10T22:21:27Z",
        "codec": "AAC",
        "bitrate": 64,
        "hls": 0,
        "lastcheckok": 1,
        "lastchecktime": "2023-04-07 21:05:08",
        "lastchecktime_iso8601": "2023-04-07T21:05:08Z",
        "lastcheckoktime": "2023-04-07 21:05:08",
        "lastcheckoktime_iso8601": "2023-04-07T21:05:08Z",
        "lastlocalchecktime": "2023-04-07 21:05:08",
        "lastlocalchecktime_iso8601": "2023-04-07T21:05:08Z",
        "clicktimestamp": "2023-04-08 01:32:27",
        "clicktimestamp_iso8601": "2023-04-08T01:32:27Z",
        "clickcount": 12,
        "clicktrend": -1,
        "ssl_error": 0,
        "geo_lat": null,
        "geo_long": null,
        "has_extended_info": false
    },
    {
        "changeuuid": "2cfc65e7-867c-4fca-8266-e42627541377",
        "stationuuid": "14ef7efc-5537-439e-8155-c11cc2ef8154",
        "serveruuid": "f1b91b0d-31a3-4319-b39f-cfdd00bf364c",
        "name": "Radio Gutt Laun",
        "url": "https://streams.radio.co/sa631ff66a/listen",
        "url_resolved": "https://streams.radio.co/sa631ff66a/listen",
        "homepage": "https://www.rgl.lu/index.php",
        "favicon": "",
        "tags": "",
        "country": "Luxembourg",
        "countrycode": "LU",
        "iso_3166_2": null,
        "state": "",
        "language": "",
        "languagecodes": "",
        "votes": 20,
        "lastchangetime": "2022-01-21 12:53:01",
        "lastchangetime_iso8601": "2022-01-21T12:53:01Z",
        "codec": "MP3",
        "bitrate": 64,
        "hls": 0,
        "lastcheckok": 1,
        "lastchecktime": "2023-04-08 10:22:49",
        "lastchecktime_iso8601": "2023-04-08T10:22:49Z",
        "lastcheckoktime": "2023-04-08 10:22:49",
        "lastcheckoktime_iso8601": "2023-04-08T10:22:49Z",
        "lastlocalchecktime": "2023-04-08 10:22:49",
        "lastlocalchecktime_iso8601": "2023-04-08T10:22:49Z",
        "clicktimestamp": "2023-04-06 21:04:55",
        "clicktimestamp_iso8601": "2023-04-06T21:04:55Z",
        "clickcount": 5,
        "clicktrend": -1,
        "ssl_error": 0,
        "geo_lat": null,
        "geo_long": null,
        "has_extended_info": false
    },
    {
        "changeuuid": "536272d3-714d-44b4-a015-70e039639c73",
        "stationuuid": "64105958-4a20-420b-a218-a944df2563ac",
        "serveruuid": "066a7bea-2d97-454c-b048-c08555aed76c",
        "name": "Radio Rosengarten",
        "url": "https://frontend.streamonkey.net/radiorosengarten-live",
        "url_resolved": "https://edge07.streamonkey.net/radiorosengarten-live",
        "homepage": "https://radiorosengarten.eu/",
        "favicon": "https://radiorosengarten.eu/images/apple-touch-icon.png",
        "tags": "dance,disco,mashup",
        "country": "Luxembourg",
        "countrycode": "LU",
        "iso_3166_2": null,
        "state": "",
        "language": "german,italian",
        "languagecodes": "de,it",
        "votes": 5,
        "lastchangetime": "2022-12-24 15:40:10",
        "lastchangetime_iso8601": "2022-12-24T15:40:10Z",
        "codec": "AAC",
        "bitrate": 0,
        "hls": 0,
        "lastcheckok": 1,
        "lastchecktime": "2023-04-07 22:38:28",
        "lastchecktime_iso8601": "2023-04-07T22:38:28Z",
        "lastcheckoktime": "2023-04-07 22:38:28",
        "lastcheckoktime_iso8601": "2023-04-07T22:38:28Z",
        "lastlocalchecktime": "2023-04-07 18:25:31",
        "lastlocalchecktime_iso8601": "2023-04-07T18:25:31Z",
        "clicktimestamp": "2023-04-07 16:18:55",
        "clicktimestamp_iso8601": "2023-04-07T16:18:55Z",
        "clickcount": 17,
        "clicktrend": -1,
        "ssl_error": 0,
        "geo_lat": 49.662016114529024,
        "geo_long": 6.0152989625930795,
        "has_extended_info": false
    },
    {
        "changeuuid": "3d67a5a0-5736-4fe2-9510-c491985b9ee1",
        "stationuuid": "8259a0dc-9c0e-4696-8f66-4bad021f0c55",
        "serveruuid": "e9586ec7-b271-4388-990a-a13523a46957",
        "name": "RTL Gold",
        "url": "https://shoutcast.rtl.lu/rtlgold",
        "url_resolved": "https://shoutcast.rtl.lu/rtlgold",
        "homepage": "https://play.rtl.lu/live/rtl-gold",
        "favicon": "https://www.rtl.lu/components/images/5e0dff17b0d8bf7fda79103a20b011b7-logo_rtl-gold.svg",
        "tags": "",
        "country": "Luxembourg",
        "countrycode": "LU",
        "iso_3166_2": null,
        "state": "",
        "language": "",
        "languagecodes": "",
        "votes": 12,
        "lastchangetime": "2023-05-22 08:19:38",
        "lastchangetime_iso8601": "2023-05-22T08:19:38Z",
        "codec": "MP3",
        "bitrate": 256,
        "hls": 0,
        "lastcheckok": 1,
        "lastchecktime": "2023-07-09 09:15:30",
        "lastchecktime_iso8601": "2023-07-09T09:15:30Z",
        "lastcheckoktime": "2023-07-09 09:15:30",
        "lastcheckoktime_iso8601": "2023-07-09T09:15:30Z",
        "lastlocalchecktime": "2023-07-09 04:41:19",
        "lastlocalchecktime_iso8601": "2023-07-09T04:41:19Z",
        "clicktimestamp": "2023-07-09 11:32:59",
        "clicktimestamp_iso8601": "2023-07-09T11:32:59Z",
        "clickcount": 6,
        "clicktrend": 3,
        "ssl_error": 0,
        "geo_lat": null,
        "geo_long": null,
        "has_extended_info": false
    },
    {
        "changeuuid": "eb5e0132-af9a-4039-999b-5963093d9e1f",
        "stationuuid": "82504e4e-d90f-4502-805b-defcb28ced02",
        "serveruuid": "8a0dfd72-5e92-4e28-9b90-191c86c1403a",
        "name": "RTL Gold",
        "url": "https://live-edge.rtl.lu/radio/rtlgold/playlist.m3u8",
        "url_resolved": "https://rtlradio-streaming.rtl.lu/radio/rtlgold/playlist.m3u8",
        "homepage": "",
        "favicon": "",
        "tags": "",
        "country": "Luxembourg",
        "countrycode": "LU",
        "iso_3166_2": null,
        "state": "Luxembourg, MP3 256kbits",
        "language": "",
        "languagecodes": "",
        "votes": 3,
        "lastchangetime": "2023-08-06 20:43:43",
        "lastchangetime_iso8601": "2023-08-06T20:43:43Z",
        "codec": "AAC",
        "bitrate": 256,
        "hls": 1,
        "lastcheckok": 1,
        "lastchecktime": "2023-09-03 11:04:06",
        "lastchecktime_iso8601": "2023-09-03T11:04:06Z",
        "lastcheckoktime": "2023-09-03 11:04:06",
        "lastcheckoktime_iso8601": "2023-09-03T11:04:06Z",
        "lastlocalchecktime": "2023-09-03 11:04:06",
        "lastlocalchecktime_iso8601": "2023-09-03T11:04:06Z",
        "clicktimestamp": "2023-09-02 07:39:51",
        "clicktimestamp_iso8601": "2023-09-02T07:39:51Z",
        "clickcount": 5,
        "clicktrend": -3,
        "ssl_error": 0,
        "geo_lat": null,
        "geo_long": null,
        "has_extended_info": false
    },
    {
        "changeuuid": "ec160eee-3940-4541-b793-ae777d979180",
        "stationuuid": "133b8ddf-627a-48fb-ab6f-ab6ed4b2e737",
        "serveruuid": "508f8bc1-c477-4aa2-9b7a-d6e9314d31e0",
        "name": "Radio RBV",
        "url": "https://shoutcast.datateam.center:8000/radio/rbv/;",
        "url_resolved": "https://shoutcast.datateam.center:8000/radio/rbv/;",
        "homepage": "",
        "favicon": "https://liveonlineradio.net/wp-content/uploads/2018/04/RBV-Radio-Belle-Vallee-100x47.jpg",
        "tags": "pop",
        "country": "Luxembourg",
        "countrycode": "LU",
        "iso_3166_2": null,
        "state": "",
        "language": "",
        "languagecodes": "",
        "votes": 0,
        "lastchangetime": "2023-08-27 21:28:39",
        "lastchangetime_iso8601": "2023-08-27T21:28:39Z",
        "codec": "MP3",
        "bitrate": 192,
        "hls": 0,
        "lastcheckok": 1,
        "lastchecktime": "2023-09-03 07:25:08",
        "lastchecktime_iso8601": "2023-09-03T07:25:08Z",
        "lastcheckoktime": "2023-09-03 07:25:08",
        "lastcheckoktime_iso8601": "2023-09-03T07:25:08Z",
        "lastlocalchecktime": "2023-09-03 07:25:08",
        "lastlocalchecktime_iso8601": "2023-09-03T07:25:08Z",
        "clicktimestamp": "2023-08-27 21:46:01",
        "clicktimestamp_iso8601": "2023-08-27T21:46:01Z",
        "clickcount": 3,
        "clicktrend": 0,
        "ssl_error": 0,
        "geo_lat": null,
        "geo_long": null,
        "has_extended_info": false
    },
    {
        "changeuuid": "0d64ff8f-69d8-418c-bb64-b8cdf4e95b46",
        "stationuuid": "98cbddf8-51df-4bb4-8375-200c4eea618b",
        "serveruuid": "4ecb2f36-9d60-47e0-b5f3-4c9bec8b5097",
        "name": "Groovetime",
        "url": "http://kotdt.com:8000/groovetime",
        "url_resolved": "http://kotdt.com:8000/groovetime",
        "homepage": "https://groovetime.lu/",
        "favicon": "",
        "tags": "acid jazz,funk,jazz,jazz fusion,jazz-funk,nu-jazz,r&b,soul",
        "country": "Luxembourg",
        "countrycode": "LU",
        "iso_3166_2": null,
        "state": "",
        "language": "",
        "languagecodes": "",
        "votes": 2,
        "lastchangetime": "2023-10-31 09:17:18",
        "lastchangetime_iso8601": "2023-10-31T09:17:18Z",
        "codec": "OGG",
        "bitrate": 0,
        "hls": 0,
        "lastcheckok": 1,
        "lastchecktime": "2023-11-07 09:20:13",
        "lastchecktime_iso8601": "2023-11-07T09:20:13Z",
        "lastcheckoktime": "2023-11-07 09:20:13",
        "lastcheckoktime_iso8601": "2023-11-07T09:20:13Z",
        "lastlocalchecktime": "2023-11-07 09:20:13",
        "lastlocalchecktime_iso8601": "2023-11-07T09:20:13Z",
        "clicktimestamp": "2023-11-07 00:55:53",
        "clicktimestamp_iso8601": "2023-11-07T00:55:53Z",
        "clickcount": 12,
        "clicktrend": 1,
        "ssl_error": 0,
        "geo_lat": 49.49924576083002,
        "geo_long": 5.973472595214845,
        "has_extended_info": false
    }
]