[
    {
        "changeuuid": "8e2964b3-7369-49a0-bd2f-bb70531d9561",
        "stationuuid": "d42cb646-0c16-11e9-a80b-52543be04c81",
        "serveruuid": "410f0b06-ec3e-43ed-9fcd-a8ad4ac03097",
        "name": "Libyana Hits FM",
        "url": "http://proxima.shoutca.st:8946/stream",
        "url_resolved": "http://proxima.shoutca.st:8946/stream",
        "homepage": "http://libyanahits.fm/#",
        "favicon": "",
        "tags": "arabic,benghazi,libya,tripoli",
        "country": "Libya",
        "countrycode": "LY",
        "iso_3166_2": null,
        "state": "",
        "language": "arabic",
        "languagecodes": "ar",
        "votes": 1799,
        "lastchangetime": "2023-01-15 17:23:13",
        "lastchangetime_iso8601": "2023-01-15T17:23:13Z",
        "codec": "AAC+",
        "bitrate": 96,
        "hls": 0,
        "lastcheckok": 1,
        "lastchecktime": "2023-04-08 01:51:26",
        "lastchecktime_iso8601": "2023-04-08T01:51:26Z",
        "lastcheckoktime": "2023-04-08 01:51:26",
        "lastcheckoktime_iso8601": "2023-04-08T01:51:26Z",
        "lastlocalchecktime": "2023-04-07 20:09:22",
        "lastlocalchecktime_iso8601": "2023-04-07T20:09:22Z",
        "clicktimestamp": "2023-04-08 14:25:16",
        "clicktimestamp_iso8601": "2023-04-08T14:25:16Z",
        "clickcount": 198,
        "clicktrend": 2,
        "ssl_error": 0,
        "geo_lat": null,
        "geo_long": null,
        "has_extended_info": false
    },
    {
        "changeuuid": "67616d09-28da-49a5-be77-d9e72cf4ca2c",
        "stationuuid": "e5619870-9002-4b2c-9f0f-a6e6664a40dd",
        "serveruuid": "d1f249e6-fcad-4ec2-bb58-aaf4beaa95b4",
        "name": "\u0631\u0627\u062f\u064a\u0648 \u0641\u0646\u0648\u0646 \u0637\u0631\u0627\u0628\u0644\u0633 - Radio Arts Tripoli",
        "url": "https://stream.zeno.fm/z9wfrdpmgg0uv",
        "url_resolved": "https://stream-054.zeno.fm/z9wfrdpmgg0uv?zs=h4-w-g3QQCy7fWa6ZG6O-Q",
        "homepage": "https://mobile.twitter.com/Tripoliarts/status/1305165236023033856",
        "favicon": "https://abs.twimg.com/favicons/twitter.2.ico",
        "tags": "",
        "country": "Libya",
        "countrycode": "LY",
        "iso_3166_2": null,
        "state": "Tripolitania",
        "language": "arabic",
        "languagecodes": "ar",
        "votes": 1442,
        "lastchangetime": "2022-09-08 07:11:53",
        "lastchangetime_iso8601": "2022-09-08T07:11:53Z",
        "codec": "MP3",
        "bitrate": 0,
        "hls": 0,
        "lastcheckok": 1,
        "lastchecktime": "2023-04-08 04:03:07",
        "lastchecktime_iso8601": "2023-04-08T04:03:07Z",
        "lastcheckoktime": "2023-04-08 04:03:07",
        "lastcheckoktime_iso8601": "2023-04-08T04:03:07Z",
        "lastlocalchecktime": "2023-04-07 18:32:44",
        "lastlocalchecktime_iso8601": "2023-04-07T18:32:44Z",
        "clicktimestamp": "2023-04-08 08:30:35",
        "clicktimestamp_iso8601": "2023-04-08T08:30:35Z",
        "clickcount": 194,
        "clicktrend": -20,
        "ssl_error": 0,
        "geo_lat": null,
        "geo_long": null,
        "has_extended_info": false
    },
    {
        "changeuuid": "7c5e3c46-0b7f-4e37-be63-34e78092f132",
        "stationuuid": "ce121409-bc02-41df-80de-01d7c88451b9",
        "serveruuid": "a70c1ce0-a7e8-469e-ba9c-7bbc835bef3a",
        "name": "LeBDa FM",
        "url": "http://audio1.meway.tv:8082/;",
        "url_resolved": "http://audio1.meway.tv:8082/;",
        "homepage": "http://www.rtvlebda.com/",
        "favicon": "",
        "tags": "arabic music,folk,news",
        "country": "Libya",
        "countrycode": "LY",
        "iso_3166_2": null,
        "state": "Tripoli",
        "language": "arabic",
        "languagecodes": "ar",
        "votes": 1376,
        "lastchangetime": "2022-03-28 14:44:30",
        "lastchangetime_iso8601": "2022-03-28T14:44:30Z",
        "codec": "MP3",
        "bitrate": 128,
        "hls": 0,
        "lastcheckok": 1,
        "lastchecktime": "2023-04-08 10:20:51",
        "lastchecktime_iso8601": "2023-04-08T10:20:51Z",
        "lastcheckoktime": "2023-04-08 10:20:51",
        "lastcheckoktime_iso8601": "2023-04-08T10:20:51Z",
        "lastlocalchecktime": "2023-04-07 16:26:14",
        "lastlocalchecktime_iso8601": "2023-04-07T16:26:14Z",
        "clicktimestamp": "2023-04-08 14:25:15",
        "clicktimestamp_iso8601": "2023-04-08T14:25:15Z",
        "clickcount": 225,
        "clicktrend": -11,
        "ssl_error": 0,
        "geo_lat": null,
        "geo_long": null,
        "has_extended_info": false
    },
    {
        "changeuuid": "623f5ce7-21f0-40e8-b7aa-6e45f95a1bc3",
        "stationuuid": "702da7ed-b420-46ee-a962-6e59348fbe6e",
        "serveruuid": "91f57661-0d59-4f51-bbab-c82cb1a0edce",
        "name": "Hala Sabratha",
        "url": "http://stream.zeno.fm/1dy2395z3k8uv",
        "url_resolved": "http://stream-053.zeno.fm/1dy2395z3k8uv?zs=ofJIa6UhRaqSZgA45R-xyQ",
        "homepage": "https://zeno.fm/hala-sabratha",
        "favicon": "https://zeno.fm/static/icons/apple-icon-120x120.png",
        "tags": "80's,music",
        "country": "Libya",
        "countrycode": "LY",
        "iso_3166_2": null,
        "state": "Sabratha",
        "language": "arabic",
        "languagecodes": "ar",
        "votes": 1304,
        "lastchangetime": "2022-05-15 23:54:12",
        "lastchangetime_iso8601": "2022-05-15T23:54:12Z",
        "codec": "MP3",
        "bitrate": 0,
        "hls": 0,
        "lastcheckok": 1,
        "lastchecktime": "2023-04-08 10:51:43",
        "lastchecktime_iso8601": "2023-04-08T10:51:43Z",
        "lastcheckoktime": "2023-04-08 10:51:43",
        "lastcheckoktime_iso8601": "2023-04-08T10:51:43Z",
        "lastlocalchecktime": "2023-04-07 20:02:25",
        "lastlocalchecktime_iso8601": "2023-04-07T20:02:25Z",
        "clicktimestamp": "2023-04-08 14:25:27",
        "clicktimestamp_iso8601": "2023-04-08T14:25:27Z",
        "clickcount": 111,
        "clicktrend": -11,
        "ssl_error": 0,
        "geo_lat": null,
        "geo_long": null,
        "has_extended_info": false
    },
    {
        "changeuuid": "0bee2e10-0577-423f-98c5-5ee3a2e88913",
        "stationuuid": "ef670e9b-2609-4031-a923-78ab3c193745",
        "serveruuid": "1b346b57-1a48-4b47-930e-286b57af6f31",
        "name": "\u0625\u0630\u0627\u0639\u0629 \u0627\u0644\u0642\u0631\u0622\u0646 \u0627\u0644\u0643\u0631\u064a\u0645 ",
        "url": "http://stream.radiojar.com/0tpy1h0kxtzuv",
        "url_resolved": "http://n10.radiojar.com/0tpy1h0kxtzuv?rj-ttl=5&rj-tok=AAABh17L_xMAiPXmtdPWunGJFw",
        "homepage": "",
        "favicon": "",
        "tags": "classical",
        "country": "Libya",
        "countrycode": "LY",
        "iso_3166_2": null,
        "state": "",
        "language": "",
        "languagecodes": "",
        "votes": 942,
        "lastchangetime": "2022-02-25 10:06:48",
        "lastchangetime_iso8601": "2022-02-25T10:06:48Z",
        "codec": "MP3",
        "bitrate": 0,
        "hls": 0,
        "lastcheckok": 1,
        "lastchecktime": "2023-04-08 02:52:31",
        "lastchecktime_iso8601": "2023-04-08T02:52:31Z",
        "lastcheckoktime": "2023-04-08 02:52:31",
        "lastcheckoktime_iso8601": "2023-04-08T02:52:31Z",
        "lastlocalchecktime": "2023-04-07 18:15:45",
        "lastlocalchecktime_iso8601": "2023-04-07T18:15:45Z",
        "clicktimestamp": "2023-04-07 14:44:06",
        "clicktimestamp_iso8601": "2023-04-07T14:44:06Z",
        "clickcount": 82,
        "clicktrend": -6,
        "ssl_error": 0,
        "geo_lat": null,
        "geo_long": null,
        "has_extended_info": false
    },
    {
        "changeuuid": "dbcd6a1e-b4cb-48b6-acd5-db1f5f9bb353",
        "stationuuid": "26a92657-ad2e-43bc-93d1-0dc863273965",
        "serveruuid": "88ef0682-892c-4a2a-a36b-6c516bd2fe62",
        "name": "The Salaf Way 100.3 FM Tripoli LY",
        "url": "http://airtime.salafway.ly/",
        "url_resolved": "http://airtime.salafway.ly/",
        "homepage": "https://www.salafwayfm.ly/",
        "favicon": "https://www.salafwayfm.ly/assets/img/icon.webp",
        "tags": "islam,islamic,salaf",
        "country": "Libya",
        "countrycode": "LY",
        "iso_3166_2": null,
        "state": "Tripoli",
        "language": "arabic",
        "languagecodes": "ar",
        "votes": 913,
        "lastchangetime": "2022-04-24 14:28:03",
        "lastchangetime_iso8601": "2022-04-24T14:28:03Z",
        "codec": "MP3",
        "bitrate": 128,
        "hls": 0,
        "lastcheckok": 1,
        "lastchecktime": "2023-04-08 13:19:50",
        "lastchecktime_iso8601": "2023-04-08T13:19:50Z",
        "lastcheckoktime": "2023-04-08 13:19:50",
        "lastcheckoktime_iso8601": "2023-04-08T13:19:50Z",
        "lastlocalchecktime": "2023-04-08 13:19:50",
        "lastlocalchecktime_iso8601": "2023-04-08T13:19:50Z",
        "clicktimestamp": "2023-04-08 11:24:55",
        "clicktimestamp_iso8601": "2023-04-08T11:24:55Z",
        "clickcount": 107,
        "clicktrend": -14,
        "ssl_error": 0,
        "geo_lat": 32.88464176208257,
        "geo_long": 13.186683654785158,
        "has_extended_info": false
    },
    {
        "changeuuid": "b8533b88-7224-42c9-91c9-fe022b7b13cc",
        "stationuuid": "26abe303-b210-4c41-96da-4ce75b1c4feb",
        "serveruuid": "8a307ed8-3cb5-49cd-91c3-18a4e7ef8461",
        "name": "\u0625\u0630\u0627\u0639\u0629 \u0627\u0644\u0646\u0647\u062c \u0627\u0644\u0648\u0627\u0636\u062d ",
        "url": "https://node33.obviousapproach.com:9000/stream",
        "url_resolved": "https://node33.obviousapproach.com:9000/stream",
        "homepage": "",
        "favicon": "",
        "tags": "classical",
        "country": "Libya",
        "countrycode": "LY",
        "iso_3166_2": null,
        "state": "",
        "language": "",
        "languagecodes": "",
        "votes": 747,
        "lastchangetime": "2022-02-25 10:12:32",
        "lastchangetime_iso8601": "2022-02-25T10:12:32Z",
        "codec": "MP3",
        "bitrate": 32,
        "hls": 0,
        "lastcheckok": 1,
        "lastchecktime": "2023-04-08 07:41:05",
        "lastchecktime_iso8601": "2023-04-08T07:41:05Z",
        "lastcheckoktime": "2023-04-08 07:41:05",
        "lastcheckoktime_iso8601": "2023-04-08T07:41:05Z",
        "lastlocalchecktime": "2023-04-07 15:58:46",
        "lastlocalchecktime_iso8601": "2023-04-07T15:58:46Z",
        "clicktimestamp": "2023-04-08 11:24:45",
        "clicktimestamp_iso8601": "2023-04-08T11:24:45Z",
        "clickcount": 97,
        "clicktrend": -6,
        "ssl_error": 0,
        "geo_lat": null,
        "geo_long": null,
        "has_extended_info": false
    },
    {
        "changeuuid": "a7bc32d2-3c1a-49ea-8864-32bed44fb39b",
        "stationuuid": "c1f34d20-70d7-4301-b822-ca83d1e2a489",
        "serveruuid": "c6a44553-dd16-45e9-9b08-65ef445113c5",
        "name": "\u0625\u0630\u0627\u0639\u0629 \u0637\u0631\u064a\u0642 \u0627\u0644\u0633\u0644\u0641\n\n",
        "url": "https://airtime.salafwayfm.ly/",
        "url_resolved": "https://airtime.salafwayfm.ly/",
        "homepage": "",
        "favicon": "https://salafwayfm.ly/assets/img/logo.png",
        "tags": "classical",
        "country": "Libya",
        "countrycode": "LY",
        "iso_3166_2": null,
        "state": "",
        "language": "",
        "languagecodes": "",
        "votes": 295,
        "lastchangetime": "2022-12-27 06:33:57",
        "lastchangetime_iso8601": "2022-12-27T06:33:57Z",
        "codec": "MP3",
        "bitrate": 128,
        "hls": 0,
        "lastcheckok": 1,
        "lastchecktime": "2023-04-07 18:29:38",
        "lastchecktime_iso8601": "2023-04-07T18:29:38Z",
        "lastcheckoktime": "2023-04-07 18:29:38",
        "lastcheckoktime_iso8601": "2023-04-07T18:29:38Z",
        "lastlocalchecktime": "2023-04-07 17:04:31",
        "lastlocalchecktime_iso8601": "2023-04-07T17:04:31Z",
        "clicktimestamp": "2023-04-08 13:50:16",
        "clicktimestamp_iso8601": "2023-04-08T13:50:16Z",
        "clickcount": 117,
        "clicktrend": 0,
        "ssl_error": 0,
        "geo_lat": null,
        "geo_long": null,
        "has_extended_info": false
    },
    {
        "changeuuid": "d24b4ca4-f0e0-4bb5-a214-7bea7d221ad4",
        "stationuuid": "da55473f-ea56-47f9-bd9f-25ae3ca25b35",
        "serveruuid": "23d8178f-4867-4d3b-ad10-8599a46ec7bb",
        "name": "\u062a\u0641\u0633\u064a\u0631 \u0628\u0646 \u0639\u062b\u064a\u0645\u064a\u0646",
        "url": "https://qurango.net/radio/tafseer",
        "url_resolved": "https://qurango.net/radio/tafseer",
        "homepage": "",
        "favicon": "",
        "tags": "classical",
        "country": "Libya",
        "countrycode": "LY",
        "iso_3166_2": null,
        "state": "",
        "language": "",
        "languagecodes": "",
        "votes": 264,
        "lastchangetime": "2022-12-06 07:04:18",
        "lastchangetime_iso8601": "2022-12-06T07:04:18Z",
        "codec": "MP3",
        "bitrate": 128,
        "hls": 0,
        "lastcheckok": 1,
        "lastchecktime": "2023-04-08 12:22:38",
        "lastchecktime_iso8601": "2023-04-08T12:22:38Z",
        "lastcheckoktime": "2023-04-08 12:22:38",
        "lastcheckoktime_iso8601": "2023-04-08T12:22:38Z",
        "lastlocalchecktime": "2023-04-08 12:22:38",
        "lastlocalchecktime_iso8601": "2023-04-08T12:22:38Z",
        "clicktimestamp": "2023-04-08 12:20:11",
        "clicktimestamp_iso8601": "2023-04-08T12:20:11Z",
        "clickcount": 128,
        "clicktrend": 0,
        "ssl_error": 0,
        "geo_lat": null,
        "geo_long": null,
        "has_extended_info": false
    },
    {
        "changeuuid": "b9d18b51-23b0-4fd5-8203-f9d1fac17461",
        "stationuuid": "11ac0360-4020-4d34-a200-3f1df66565b8",
        "serveruuid": "3974fe65-e65e-416a-8482-4218f2480a61",
        "name": "\u0627\u0630\u0627\u0639\u0629 \u0627\u0644\u0642\u0631\u0622\u0646 \u0627\u0644\u0643\u0631\u064a\u0645",
        "url": "http://stream.radiojar.com/0tpy1h0kxtzuv",
        "url_resolved": "http://n0e.radiojar.com/0tpy1h0kxtzuv?rj-ttl=5&rj-tok=AAABh2EY0j4AO4YX7Px8GQXHYw",
        "homepage": "",
        "favicon": "",
        "tags": "classical",
        "country": "Libya",
        "countrycode": "LY",
        "iso_3166_2": null,
        "state": "",
        "language": "",
        "languagecodes": "",
        "votes": 246,
        "lastchangetime": "2022-12-10 05:09:17",
        "lastchangetime_iso8601": "2022-12-10T05:09:17Z",
        "codec": "MP3",
        "bitrate": 0,
        "hls": 0,
        "lastcheckok": 1,
        "lastchecktime": "2023-04-08 13:37:31",
        "lastchecktime_iso8601": "2023-04-08T13:37:31Z",
        "lastcheckoktime": "2023-04-08 13:37:31",
        "lastcheckoktime_iso8601": "2023-04-08T13:37:31Z",
        "lastlocalchecktime": "2023-04-07 16:55:38",
        "lastlocalchecktime_iso8601": "2023-04-07T16:55:38Z",
        "clicktimestamp": "2023-04-08 12:20:09",
        "clicktimestamp_iso8601": "2023-04-08T12:20:09Z",
        "clickcount": 89,
        "clicktrend": 6,
        "ssl_error": 0,
        "geo_lat": null,
        "geo_long": null,
        "has_extended_info": false
    },
    {
        "changeuuid": "ef22e1bf-ab8f-4f4d-be45-c2ac122a83e7",
        "stationuuid": "adfe783b-026d-42ea-9be4-873a53d7dd62",
        "serveruuid": "d138b9ae-0282-45d9-9d6f-141b2f034244",
        "name": ". Islam call ",
        "url": "https://n0c.radiojar.com/59096z743d0uv?rj-ttl=5&rj-tok=AAABhd07tHIAJ2GRl2KNynaKow",
        "url_resolved": "http://n09.radiojar.com/59096z743d0uv?rj-ttl=5&rj-tok=AAABh2C6phkAUwGCbX8IQEDIRQ",
        "homepage": "",
        "favicon": "https://yt3.googleusercontent.com/g7QLQFSQFZyGLz-IHCxjLEl7hEU8_-5KwZufvkeyqvvYORHEB3QxUZGaRmWjbC2Ewe7QGk8L5A=s900-c-k-c0x00ffffff-no-rj",
        "tags": "classical",
        "country": "Libya",
        "countrycode": "LY",
        "iso_3166_2": null,
        "state": "",
        "language": "",
        "languagecodes": "",
        "votes": 192,
        "lastchangetime": "2023-01-23 06:13:40",
        "lastchangetime_iso8601": "2023-01-23T06:13:40Z",
        "codec": "MP3",
        "bitrate": 0,
        "hls": 0,
        "lastcheckok": 1,
        "lastchecktime": "2023-04-08 11:59:36",
        "lastchecktime_iso8601": "2023-04-08T11:59:36Z",
        "lastcheckoktime": "2023-04-08 11:59:36",
        "lastcheckoktime_iso8601": "2023-04-08T11:59:36Z",
        "lastlocalchecktime": "2023-04-07 19:33:06",
        "lastlocalchecktime_iso8601": "2023-04-07T19:33:06Z",
        "clicktimestamp": "2023-04-08 03:20:21",
        "clicktimestamp_iso8601": "2023-04-08T03:20:21Z",
        "clickcount": 62,
        "clicktrend": -5,
        "ssl_error": 0,
        "geo_lat": null,
        "geo_long": null,
        "has_extended_info": false
    }
]