[
    {
        "changeuuid": "f68ddb89-a60d-41df-b13e-dedab9ee07ca",
        "stationuuid": "960d75a0-0601-11e8-ae97-52543be04c81",
        "serveruuid": "fdaad1e7-fd78-4128-8d63-cdeb2c7c0893",
        "name": "Radio Monaco 98.2",
        "url": "http://radiomonaco.ice.infomaniak.ch/radiomonaco-128.mp3",
        "url_resolved": "http://radiomonaco.ice.infomaniak.ch/radiomonaco-128.mp3",
        "homepage": "http://www.radio-monaco.com/",
        "favicon": "",
        "tags": "euro hits,monte carlo",
        "country": "Monaco",
        "countrycode": "MC",
        "iso_3166_2": null,
        "state": "",
        "language": "french",
        "languagecodes": "fr",
        "votes": 2006,
        "lastchangetime": "2022-03-28 11:58:33",
        "lastchangetime_iso8601": "2022-03-28T11:58:33Z",
        "codec": "MP3",
        "bitrate": 128,
        "hls": 0,
        "lastcheckok": 1,
        "lastchecktime": "2023-04-07 20:38:45",
        "lastchecktime_iso8601": "2023-04-07T20:38:45Z",
        "lastcheckoktime": "2023-04-07 20:38:45",
        "lastcheckoktime_iso8601": "2023-04-07T20:38:45Z",
        "lastlocalchecktime": "2023-04-07 16:19:40",
        "lastlocalchecktime_iso8601": "2023-04-07T16:19:40Z",
        "clicktimestamp": "2023-04-08 11:06:51",
        "clicktimestamp_iso8601": "2023-04-08T11:06:51Z",
        "clickcount": 69,
        "clicktrend": 4,
        "ssl_error": 0,
        "geo_lat": null,
        "geo_long": null,
        "has_extended_info": false
    },
    {
        "changeuuid": "6d2dea42-fd1e-4327-a924-84e86288805e",
        "stationuuid": "346d36f4-497a-11e8-b1b0-52543be04c81",
        "serveruuid": "72f30370-b9c0-4011-939f-8d535653bac8",
        "name": "Radio Monte Carlo",
        "url": "http://edge.radiomontecarlo.net/RMC.mp3",
        "url_resolved": "http://edge.radiomontecarlo.net/RMC.mp3",
        "homepage": "http://www.radiomontecarlo.net/",
        "favicon": "http://www.radiomontecarlo.net/favicon_1.ico?v=1607956475608",
        "tags": "music,news",
        "country": "Monaco",
        "countrycode": "MC",
        "iso_3166_2": null,
        "state": "",
        "language": "italian",
        "languagecodes": "it",
        "votes": 455,
        "lastchangetime": "2023-03-23 23:41:22",
        "lastchangetime_iso8601": "2023-03-23T23:41:22Z",
        "codec": "MP3",
        "bitrate": 128,
        "hls": 0,
        "lastcheckok": 1,
        "lastchecktime": "2023-04-08 12:49:30",
        "lastchecktime_iso8601": "2023-04-08T12:49:30Z",
        "lastcheckoktime": "2023-04-08 12:49:30",
        "lastcheckoktime_iso8601": "2023-04-08T12:49:30Z",
        "lastlocalchecktime": "2023-04-08 12:49:30",
        "lastlocalchecktime_iso8601": "2023-04-08T12:49:30Z",
        "clicktimestamp": "2023-04-08 01:07:09",
        "clicktimestamp_iso8601": "2023-04-08T01:07:09Z",
        "clickcount": 35,
        "clicktrend": 0,
        "ssl_error": 0,
        "geo_lat": null,
        "geo_long": null,
        "has_extended_info": false
    },
    {
        "changeuuid": "8356ee24-f749-4b2b-a082-4577a85705c4",
        "stationuuid": "469a80f5-755e-11e9-af37-52543be04c81",
        "serveruuid": "fe10313b-7824-4c14-bb10-dc3a32a26f59",
        "name": "Radio Monte Carlo Italia",
        "url": "https://icy.unitedradio.it/rmcweb005",
        "url_resolved": "https://icy.unitedradio.it/rmcweb005",
        "homepage": "https://www.radiomontecarlo.net/sezioni/478/rmc-italia",
        "favicon": "",
        "tags": "italian,italian oldies,italian pop",
        "country": "Monaco",
        "countrycode": "MC",
        "iso_3166_2": null,
        "state": "Monte Carlo",
        "language": "italian",
        "languagecodes": "it",
        "votes": 323,
        "lastchangetime": "2022-06-23 21:39:54",
        "lastchangetime_iso8601": "2022-06-23T21:39:54Z",
        "codec": "MP3",
        "bitrate": 128,
        "hls": 0,
        "lastcheckok": 1,
        "lastchecktime": "2023-04-08 12:46:49",
        "lastchecktime_iso8601": "2023-04-08T12:46:49Z",
        "lastcheckoktime": "2023-04-08 12:46:49",
        "lastcheckoktime_iso8601": "2023-04-08T12:46:49Z",
        "lastlocalchecktime": "2023-04-08 12:46:49",
        "lastlocalchecktime_iso8601": "2023-04-08T12:46:49Z",
        "clicktimestamp": "2023-04-07 21:38:59",
        "clicktimestamp_iso8601": "2023-04-07T21:38:59Z",
        "clickcount": 16,
        "clicktrend": 1,
        "ssl_error": 0,
        "geo_lat": null,
        "geo_long": null,
        "has_extended_info": false
    },
    {
        "changeuuid": "e5e31b20-ec20-4cac-ae73-560e75ea074c",
        "stationuuid": "960cc89f-0601-11e8-ae97-52543be04c81",
        "serveruuid": "6725bce8-8c64-4ab0-a0ae-015a891cd40b",
        "name": "Riviera Radio 106.5 La Condamine",
        "url": "http://statslive.infomaniak.ch/playlist/rivieraradio/rivieraradio-high.mp3/playlist.pls",
        "url_resolved": "http://rivieraradio.ice.infomaniak.ch/rivieraradio-high",
        "homepage": "http://rivieraradio.mc/",
        "favicon": "",
        "tags": "adult contemporary,top 40",
        "country": "Monaco",
        "countrycode": "MC",
        "iso_3166_2": null,
        "state": "",
        "language": "english",
        "languagecodes": "en",
        "votes": 296,
        "lastchangetime": "2022-11-14 13:14:40",
        "lastchangetime_iso8601": "2022-11-14T13:14:40Z",
        "codec": "MP3",
        "bitrate": 256,
        "hls": 0,
        "lastcheckok": 1,
        "lastchecktime": "2023-04-07 22:18:01",
        "lastchecktime_iso8601": "2023-04-07T22:18:01Z",
        "lastcheckoktime": "2023-04-07 22:18:01",
        "lastcheckoktime_iso8601": "2023-04-07T22:18:01Z",
        "lastlocalchecktime": "2023-04-07 15:29:30",
        "lastlocalchecktime_iso8601": "2023-04-07T15:29:30Z",
        "clicktimestamp": "2023-04-07 15:27:30",
        "clicktimestamp_iso8601": "2023-04-07T15:27:30Z",
        "clickcount": 19,
        "clicktrend": -1,
        "ssl_error": 0,
        "geo_lat": null,
        "geo_long": null,
        "has_extended_info": false
    },
    {
        "changeuuid": "7b9dcc03-67fb-4433-a523-48b6d382759b",
        "stationuuid": "593541ad-70da-4ee8-8462-0296feeff870",
        "serveruuid": "e2fc7862-931f-419e-8298-e88ab829c3bc",
        "name": "Hits 1 Monaco",
        "url": "https://player.mc.hits1radio.com/",
        "url_resolved": "https://radio7.pro-fhi.net/live/Hits1radio",
        "homepage": "https://www.hits1radio.com/",
        "favicon": "https://www.hits1radio.com/wp-content/uploads/2019/03/cropped-1024-5-180x180.png",
        "tags": "synthpop,top40",
        "country": "Monaco",
        "countrycode": "MC",
        "iso_3166_2": null,
        "state": "Monte Carlo",
        "language": "french",
        "languagecodes": "fr",
        "votes": 257,
        "lastchangetime": "2022-08-28 19:32:38",
        "lastchangetime_iso8601": "2022-08-28T19:32:38Z",
        "codec": "MP3",
        "bitrate": 192,
        "hls": 0,
        "lastcheckok": 1,
        "lastchecktime": "2023-04-08 04:28:24",
        "lastchecktime_iso8601": "2023-04-08T04:28:24Z",
        "lastcheckoktime": "2023-04-08 04:28:24",
        "lastcheckoktime_iso8601": "2023-04-08T04:28:24Z",
        "lastlocalchecktime": "2023-04-07 18:20:47",
        "lastlocalchecktime_iso8601": "2023-04-07T18:20:47Z",
        "clicktimestamp": "2023-04-08 04:26:58",
        "clicktimestamp_iso8601": "2023-04-08T04:26:58Z",
        "clickcount": 21,
        "clicktrend": 0,
        "ssl_error": 0,
        "geo_lat": null,
        "geo_long": null,
        "has_extended_info": false
    },
    {
        "changeuuid": "45edebd7-229b-42dd-b275-cea897b0f625",
        "stationuuid": "ca5129a8-43b7-4c2d-882f-83c412265358",
        "serveruuid": "b75899e0-7e1b-4551-817b-5f59f4c82348",
        "name": "Yellow.radio",
        "url": "https://yellowradio.ice.infomaniak.ch/yellowradio.mp3",
        "url_resolved": "https://yellowradio.ice.infomaniak.ch/yellowradio.mp3",
        "homepage": "https://yellow.radio/",
        "favicon": "https://yellow.radio/logo-yellow.radio.jaune.png",
        "tags": "dance,deep,electro,pop",
        "country": "Monaco",
        "countrycode": "MC",
        "iso_3166_2": null,
        "state": "Monaco",
        "language": "",
        "languagecodes": "",
        "votes": 30,
        "lastchangetime": "2023-01-02 17:41:10",
        "lastchangetime_iso8601": "2023-01-02T17:41:10Z",
        "codec": "MP3",
        "bitrate": 192,
        "hls": 0,
        "lastcheckok": 1,
        "lastchecktime": "2023-04-08 01:25:57",
        "lastchecktime_iso8601": "2023-04-08T01:25:57Z",
        "lastcheckoktime": "2023-04-08 01:25:57",
        "lastcheckoktime_iso8601": "2023-04-08T01:25:57Z",
        "lastlocalchecktime": "2023-04-07 14:33:41",
        "lastlocalchecktime_iso8601": "2023-04-07T14:33:41Z",
        "clicktimestamp": "2023-04-08 08:19:30",
        "clicktimestamp_iso8601": "2023-04-08T08:19:30Z",
        "clickcount": 17,
        "clicktrend": 1,
        "ssl_error": 0,
        "geo_lat": 43.73263987015333,
        "geo_long": 7.425684928894044,
        "has_extended_info": false
    },
    {
        "changeuuid": "610da4e9-71a4-48ba-8ba8-4e5c9749aa22",
        "stationuuid": "519571c2-2434-4a9c-99d1-a64538a3b8c7",
        "serveruuid": "e2fc7862-931f-419e-8298-e88ab829c3bc",
        "name": "Hits1 Monaco",
        "url": "https://player.mc.hits1radio.com/",
        "url_resolved": "https://radio7.pro-fhi.net/live/Hits1radio",
        "homepage": "https://www..hits1radio.com/",
        "favicon": "https://images.radiovolna.net/_files/images/stations/406003/xp685babe84f74e4a329159016.jpg",
        "tags": "dance,dance top40,edm,electro,electronic,pop,pop music,top 40,top 40 hits,top hits,top40",
        "country": "Monaco",
        "countrycode": "MC",
        "iso_3166_2": null,
        "state": "",
        "language": "french",
        "languagecodes": "fr",
        "votes": 20,
        "lastchangetime": "2022-12-02 09:33:55",
        "lastchangetime_iso8601": "2022-12-02T09:33:55Z",
        "codec": "MP3",
        "bitrate": 192,
        "hls": 0,
        "lastcheckok": 1,
        "lastchecktime": "2023-04-07 18:13:41",
        "lastchecktime_iso8601": "2023-04-07T18:13:41Z",
        "lastcheckoktime": "2023-04-07 18:13:41",
        "lastcheckoktime_iso8601": "2023-04-07T18:13:41Z",
        "lastlocalchecktime": "2023-04-07 16:44:30",
        "lastlocalchecktime_iso8601": "2023-04-07T16:44:30Z",
        "clicktimestamp": "2023-04-06 22:00:59",
        "clicktimestamp_iso8601": "2023-04-06T22:00:59Z",
        "clickcount": 12,
        "clicktrend": -1,
        "ssl_error": 0,
        "geo_lat": null,
        "geo_long": null,
        "has_extended_info": false
    },
    {
        "changeuuid": "a149e014-ad88-48b9-a6f8-08683793c7d0",
        "stationuuid": "69b91c3b-f044-467b-888a-847eb3319388",
        "serveruuid": "454ae35b-ac28-4296-844e-996e6b50f9db",
        "name": "DIMusic Club World ",
        "url": "http://stream1.dimusic.club:11496/live",
        "url_resolved": "http://stream1.dimusic.club:11496/live",
        "homepage": "http://dimusic.club/",
        "favicon": "https://firebasestorage.googleapis.com/v0/b/radiogalaxy-580f4.appspot.com/o/images%2FIMG_20230504_073103515.jpg?alt=media&token=bb9b03c0-39d2-4d0b-a79d-dd9f6e8a5bee",
        "tags": "dance,eurodance music,pop",
        "country": "Monaco",
        "countrycode": "MC",
        "iso_3166_2": null,
        "state": "",
        "language": "english",
        "languagecodes": "en",
        "votes": 21,
        "lastchangetime": "2023-05-04 04:36:40",
        "lastchangetime_iso8601": "2023-05-04T04:36:40Z",
        "codec": "AAC+",
        "bitrate": 96,
        "hls": 0,
        "lastcheckok": 1,
        "lastchecktime": "2023-07-09 06:28:26",
        "lastchecktime_iso8601": "2023-07-09T06:28:26Z",
        "lastcheckoktime": "2023-07-09 06:28:26",
        "lastcheckoktime_iso8601": "2023-07-09T06:28:26Z",
        "lastlocalchecktime": "2023-07-09 06:21:45",
        "lastlocalchecktime_iso8601": "2023-07-09T06:21:45Z",
        "clicktimestamp": "2023-07-09 10:15:23",
        "clicktimestamp_iso8601": "2023-07-09T10:15:23Z",
        "clickcount": 9,
        "clicktrend": 0,
        "ssl_error": 0,
        "geo_lat": null,
        "geo_long": null,
        "has_extended_info": false
    },
    {
        "changeuuid": "40c2a40e-8bae-47bf-83f3-c36173e57623",
        "stationuuid": "ff9d91cd-6163-42d8-8937-ab310f8f4454",
        "serveruuid": "d28d8f9e-278e-4069-b725-eddd127622d1",
        "name": "chilli moje",
        "url": "https://media-ssl.musicradio.com/ChillMP3",
        "url_resolved": "https://media-ssl.musicradio.com/ChillMP3",
        "homepage": "https://media-ssl.musicradio.com/",
        "favicon": "",
        "tags": "",
        "country": "Monaco",
        "countrycode": "MC",
        "iso_3166_2": null,
        "state": "",
        "language": "english",
        "languagecodes": "en",
        "votes": 1,
        "lastchangetime": "2023-10-11 21:13:54",
        "lastchangetime_iso8601": "2023-10-11T21:13:54Z",
        "codec": "MP3",
        "bitrate": 128,
        "hls": 0,
        "lastcheckok": 1,
        "lastchecktime": "2023-10-20 21:22:09",
        "lastchecktime_iso8601": "2023-10-20T21:22:09Z",
        "lastcheckoktime": "2023-10-20 21:22:09",
        "lastcheckoktime_iso8601": "2023-10-20T21:22:09Z",
        "lastlocalchecktime": "2023-10-20 21:09:42",
        "lastlocalchecktime_iso8601": "2023-10-20T21:09:42Z",
        "clicktimestamp": "2023-10-18 18:31:59",
        "clicktimestamp_iso8601": "2023-10-18T18:31:59Z",
        "clickcount": 8,
        "clicktrend": 0,
        "ssl_error": 0,
        "geo_lat": null,
        "geo_long": null,
        "has_extended_info": false
    },
    {
        "changeuuid": "acf7abcf-0889-43f5-a6b5-a151c5d5f10a",
        "stationuuid": "712055c8-ef83-46fd-ab73-371b9f9db9cb",
        "serveruuid": "d28d8f9e-278e-4069-b725-eddd127622d1",
        "name": "chilli moje",
        "url": "https://media-ssl.musicradio.com/ChillMP3",
        "url_resolved": "https://media-ssl.musicradio.com/ChillMP3",
        "homepage": "https://media-ssl.musicradio.com/",
        "favicon": "https://firebasestorage.googleapis.com/v0/b/radiogalaxy-580f4.appspot.com/o/images%2FIMG_20231011_230403761.jpg?alt=media&token=08945837-31e2-49cf-9e65-e8bb1efe8c72",
        "tags": "",
        "country": "Monaco",
        "countrycode": "MC",
        "iso_3166_2": null,
        "state": "",
        "language": "english",
        "languagecodes": "en",
        "votes": 0,
        "lastchangetime": "2023-10-11 21:13:54",
        "lastchangetime_iso8601": "2023-10-11T21:13:54Z",
        "codec": "MP3",
        "bitrate": 128,
        "hls": 0,
        "lastcheckok": 1,
        "lastchecktime": "2023-10-20 21:22:09",
        "lastchecktime_iso8601": "2023-10-20T21:22:09Z",
        "lastcheckoktime": "2023-10-20 21:22:09",
        "lastcheckoktime_iso8601": "2023-10-20T21:22:09Z",
        "lastlocalchecktime": "2023-10-20 21:09:42",
        "lastlocalchecktime_iso8601": "2023-10-20T21:09:42Z",
        "clicktimestamp": "2023-10-18 18:31:59",
        "clicktimestamp_iso8601": "2023-10-18T18:31:59Z",
        "clickcount": 12,
        "clicktrend": 0,
        "ssl_error": 0,
        "geo_lat": null,
        "geo_long": null,
        "has_extended_info": false
    }
]