[
    {
        "changeuuid": "825894e0-3c6c-40df-b0b0-8e1b7ed9a43a",
        "stationuuid": "129ca528-3bc2-430a-8529-bb37492d4328",
        "serveruuid": "1df4d434-43e9-49bb-8563-dac449685b62",
        "name": "RADIO PLAI",
        "url": "http://stream.radioplai.md:8000/live",
        "url_resolved": "http://stream.radioplai.md:8000/live",
        "homepage": "http://www.radioplai.md/",
        "favicon": "http://www.radioplai.md/favicon.ico",
        "tags": "",
        "country": "The Republic Of Moldova",
        "countrycode": "MD",
        "iso_3166_2": null,
        "state": "",
        "language": "romanian",
        "languagecodes": "ro",
        "votes": 1908,
        "lastchangetime": "2022-03-28 09:33:20",
        "lastchangetime_iso8601": "2022-03-28T09:33:20Z",
        "codec": "MP3",
        "bitrate": 128,
        "hls": 0,
        "lastcheckok": 1,
        "lastchecktime": "2023-04-08 10:12:16",
        "lastchecktime_iso8601": "2023-04-08T10:12:16Z",
        "lastcheckoktime": "2023-04-08 10:12:16",
        "lastcheckoktime_iso8601": "2023-04-08T10:12:16Z",
        "lastlocalchecktime": "2023-04-08 10:12:16",
        "lastlocalchecktime_iso8601": "2023-04-08T10:12:16Z",
        "clicktimestamp": "2023-04-08 13:20:02",
        "clicktimestamp_iso8601": "2023-04-08T13:20:02Z",
        "clickcount": 29,
        "clicktrend": 1,
        "ssl_error": 0,
        "geo_lat": null,
        "geo_long": null,
        "has_extended_info": false
    },
    {
        "changeuuid": "278f6c59-d859-4b6e-8423-391aa79c6ef3",
        "stationuuid": "9628d60e-0601-11e8-ae97-52543be04c81",
        "serveruuid": "92f0dfe0-3d56-402b-8c5a-f4546b939383",
        "name": "RADIO NOROC",
        "url": "http://live.noroc.tv:8000/radionoroc.mp3",
        "url_resolved": "http://live.noroc.tv:8000/radionoroc.mp3",
        "homepage": "https://www.radionoroc.md/",
        "favicon": "https://www.radionoroc.md/apple-touch-icon-120x120.png",
        "tags": "",
        "country": "The Republic Of Moldova",
        "countrycode": "MD",
        "iso_3166_2": null,
        "state": "",
        "language": "romanian",
        "languagecodes": "ro",
        "votes": 1366,
        "lastchangetime": "2023-03-29 06:58:05",
        "lastchangetime_iso8601": "2023-03-29T06:58:05Z",
        "codec": "MP3",
        "bitrate": 128,
        "hls": 0,
        "lastcheckok": 1,
        "lastchecktime": "2023-04-08 11:59:36",
        "lastchecktime_iso8601": "2023-04-08T11:59:36Z",
        "lastcheckoktime": "2023-04-08 11:59:36",
        "lastcheckoktime_iso8601": "2023-04-08T11:59:36Z",
        "lastlocalchecktime": "2023-04-07 18:32:44",
        "lastlocalchecktime_iso8601": "2023-04-07T18:32:44Z",
        "clicktimestamp": "2023-04-08 06:45:21",
        "clicktimestamp_iso8601": "2023-04-08T06:45:21Z",
        "clickcount": 66,
        "clicktrend": -4,
        "ssl_error": 0,
        "geo_lat": null,
        "geo_long": null,
        "has_extended_info": false
    },
    {
        "changeuuid": "93d89d7d-1c1d-4f8f-8794-b4203de22cf4",
        "stationuuid": "6bc7c106-9fc8-11e8-a767-52543be04c81",
        "serveruuid": "e965316f-3c67-4da7-8f50-7655186f838f",
        "name": "Like FM - \u0420\u0443\u0441\u0441\u043a\u043e\u0435 \u0440\u0430\u0434\u0438\u043e",
        "url": "http://live.ruradio.md:8000/ruradio",
        "url_resolved": "http://live.ruradio.md:8000/ruradio",
        "homepage": "http://ruradio.md/",
        "favicon": "http://www.frocus.net/images/logotv/original/russkoe-radio-moldova-2016.jpg",
        "tags": "russian pop",
        "country": "The Republic Of Moldova",
        "countrycode": "MD",
        "iso_3166_2": null,
        "state": "Chi\u0219in\u0103u",
        "language": "russian",
        "languagecodes": "ru",
        "votes": 1311,
        "lastchangetime": "2022-03-28 12:33:57",
        "lastchangetime_iso8601": "2022-03-28T12:33:57Z",
        "codec": "MP3",
        "bitrate": 128,
        "hls": 0,
        "lastcheckok": 1,
        "lastchecktime": "2023-04-08 07:56:20",
        "lastchecktime_iso8601": "2023-04-08T07:56:20Z",
        "lastcheckoktime": "2023-04-08 07:56:20",
        "lastcheckoktime_iso8601": "2023-04-08T07:56:20Z",
        "lastlocalchecktime": "2023-04-07 19:21:32",
        "lastlocalchecktime_iso8601": "2023-04-07T19:21:32Z",
        "clicktimestamp": "2023-04-08 13:05:33",
        "clicktimestamp_iso8601": "2023-04-08T13:05:33Z",
        "clickcount": 126,
        "clicktrend": -7,
        "ssl_error": 0,
        "geo_lat": null,
        "geo_long": null,
        "has_extended_info": false
    },
    {
        "changeuuid": "47f7425c-58a2-4b53-a551-004aa1f2d496",
        "stationuuid": "8a880290-9fcf-11e8-a767-52543be04c81",
        "serveruuid": "67b2e431-26e9-4357-a101-54d554d2b811",
        "name": "Aquarelle FM",
        "url": "http://93.115.137.75:8000/aquarellefm.mp3",
        "url_resolved": "http://93.115.137.75:8000/aquarellefm.mp3",
        "homepage": "http://aquarellefm.md/",
        "favicon": "http://www.frocus.net/images/logotv/aquarelle-fm.jpg",
        "tags": "",
        "country": "The Republic Of Moldova",
        "countrycode": "MD",
        "iso_3166_2": null,
        "state": "Chi\u0219in\u0103u",
        "language": "romanian",
        "languagecodes": "ro",
        "votes": 1304,
        "lastchangetime": "2022-03-28 09:13:05",
        "lastchangetime_iso8601": "2022-03-28T09:13:05Z",
        "codec": "MP3",
        "bitrate": 96,
        "hls": 0,
        "lastcheckok": 1,
        "lastchecktime": "2023-04-08 12:22:38",
        "lastchecktime_iso8601": "2023-04-08T12:22:38Z",
        "lastcheckoktime": "2023-04-08 12:22:38",
        "lastcheckoktime_iso8601": "2023-04-08T12:22:38Z",
        "lastlocalchecktime": "2023-04-08 12:22:38",
        "lastlocalchecktime_iso8601": "2023-04-08T12:22:38Z",
        "clicktimestamp": "2023-04-08 13:23:16",
        "clicktimestamp_iso8601": "2023-04-08T13:23:16Z",
        "clickcount": 21,
        "clicktrend": 0,
        "ssl_error": 0,
        "geo_lat": null,
        "geo_long": null,
        "has_extended_info": false
    },
    {
        "changeuuid": "64f6b2c6-af64-4e45-b13e-e64565a679cd",
        "stationuuid": "c693be24-a05a-11e8-a9f3-52543be04c81",
        "serveruuid": "ee3ccc47-cd92-4dce-aa0c-491af1c14b1b",
        "name": "POLI DISC - \u041d\u043e\u0432\u043e\u0435 \u0440\u0430\u0434\u0438\u043e",
        "url": "http://77.89.206.126:7030/live",
        "url_resolved": "http://77.89.206.126:7030/live",
        "homepage": "http://newradio.md/",
        "favicon": "http://www.frocus.net/images/logotv/original/new-radio-md.jpg",
        "tags": "russian pop",
        "country": "The Republic Of Moldova",
        "countrycode": "MD",
        "iso_3166_2": null,
        "state": "Chi\u0219in\u0103u",
        "language": "romanian",
        "languagecodes": "ro",
        "votes": 502,
        "lastchangetime": "2022-03-28 11:00:40",
        "lastchangetime_iso8601": "2022-03-28T11:00:40Z",
        "codec": "MP3",
        "bitrate": 0,
        "hls": 0,
        "lastcheckok": 1,
        "lastchecktime": "2023-04-08 13:50:30",
        "lastchecktime_iso8601": "2023-04-08T13:50:30Z",
        "lastcheckoktime": "2023-04-08 13:50:30",
        "lastcheckoktime_iso8601": "2023-04-08T13:50:30Z",
        "lastlocalchecktime": "2023-04-08 13:50:30",
        "lastlocalchecktime_iso8601": "2023-04-08T13:50:30Z",
        "clicktimestamp": "2023-04-08 13:19:36",
        "clicktimestamp_iso8601": "2023-04-08T13:19:36Z",
        "clickcount": 30,
        "clicktrend": -1,
        "ssl_error": 0,
        "geo_lat": null,
        "geo_long": null,
        "has_extended_info": false
    },
    {
        "changeuuid": "8cf4f900-9b19-42bd-a458-aaad9126f6b2",
        "stationuuid": "3d0bf2b6-9fcc-11e8-a767-52543be04c81",
        "serveruuid": "4d5dadcf-e81c-49fc-9b96-07ad00cc9c1b",
        "name": "Radio ZUM",
        "url": "http://185.181.229.196:8000/live",
        "url_resolved": "http://185.181.229.196:8000/live",
        "homepage": "http://radiozum.md/",
        "favicon": "",
        "tags": "music",
        "country": "The Republic Of Moldova",
        "countrycode": "MD",
        "iso_3166_2": null,
        "state": "Chi\u0219in\u0103u",
        "language": "romanian",
        "languagecodes": "ro",
        "votes": 457,
        "lastchangetime": "2022-08-28 02:16:24",
        "lastchangetime_iso8601": "2022-08-28T02:16:24Z",
        "codec": "AAC+",
        "bitrate": 128,
        "hls": 0,
        "lastcheckok": 1,
        "lastchecktime": "2023-04-08 07:51:17",
        "lastchecktime_iso8601": "2023-04-08T07:51:17Z",
        "lastcheckoktime": "2023-04-08 07:51:17",
        "lastcheckoktime_iso8601": "2023-04-08T07:51:17Z",
        "lastlocalchecktime": "2023-04-07 14:53:40",
        "lastlocalchecktime_iso8601": "2023-04-07T14:53:40Z",
        "clicktimestamp": "2023-04-08 12:28:58",
        "clicktimestamp_iso8601": "2023-04-08T12:28:58Z",
        "clickcount": 17,
        "clicktrend": 1,
        "ssl_error": 0,
        "geo_lat": null,
        "geo_long": null,
        "has_extended_info": false
    },
    {
        "changeuuid": "7901091a-f569-453c-b123-457b0d9f5f92",
        "stationuuid": "077d9a97-ffc2-11e8-a1be-52543be04c81",
        "serveruuid": "3d1133d4-18c0-4fc7-9644-c4b9ab967dc4",
        "name": "Radio Orhei FM",
        "url": "http://live.prodjradio.net:8030/;",
        "url_resolved": "http://live.prodjradio.net:8030/;",
        "homepage": "http://radioorhei.md/",
        "favicon": "",
        "tags": "",
        "country": "The Republic Of Moldova",
        "countrycode": "MD",
        "iso_3166_2": null,
        "state": "Orhei",
        "language": "romanian",
        "languagecodes": "ro",
        "votes": 423,
        "lastchangetime": "2022-03-28 12:23:33",
        "lastchangetime_iso8601": "2022-03-28T12:23:33Z",
        "codec": "MP3",
        "bitrate": 192,
        "hls": 0,
        "lastcheckok": 1,
        "lastchecktime": "2023-04-08 11:34:43",
        "lastchecktime_iso8601": "2023-04-08T11:34:43Z",
        "lastcheckoktime": "2023-04-08 11:34:43",
        "lastcheckoktime_iso8601": "2023-04-08T11:34:43Z",
        "lastlocalchecktime": "2023-04-08 11:34:43",
        "lastlocalchecktime_iso8601": "2023-04-08T11:34:43Z",
        "clicktimestamp": "2023-04-08 13:24:36",
        "clicktimestamp_iso8601": "2023-04-08T13:24:36Z",
        "clickcount": 16,
        "clicktrend": 1,
        "ssl_error": 0,
        "geo_lat": null,
        "geo_long": null,
        "has_extended_info": false
    },
    {
        "changeuuid": "1e4016f3-4f16-4056-8ebb-8cf90835dcf0",
        "stationuuid": "6ba87798-adbb-4900-b6b5-c896cb335c72",
        "serveruuid": "301c7e4f-11d4-4eed-8132-dd870160fd2e",
        "name": "RadioRetroFM Moldova",
        "url": "https://europaplus.hostingradio.ru:8014/retro320.mp3",
        "url_resolved": "https://europaplus.hostingradio.ru:8014/retro320.mp3",
        "homepage": "https://www.radio.md/retrofm.html",
        "favicon": "",
        "tags": "retro",
        "country": "The Republic Of Moldova",
        "countrycode": "MD",
        "iso_3166_2": null,
        "state": "",
        "language": "english,romanian,russian",
        "languagecodes": "en,ro,ru",
        "votes": 407,
        "lastchangetime": "2022-04-19 17:18:46",
        "lastchangetime_iso8601": "2022-04-19T17:18:46Z",
        "codec": "MP3",
        "bitrate": 128,
        "hls": 0,
        "lastcheckok": 1,
        "lastchecktime": "2023-04-08 13:13:18",
        "lastchecktime_iso8601": "2023-04-08T13:13:18Z",
        "lastcheckoktime": "2023-04-08 13:13:18",
        "lastcheckoktime_iso8601": "2023-04-08T13:13:18Z",
        "lastlocalchecktime": "2023-04-08 13:13:18",
        "lastlocalchecktime_iso8601": "2023-04-08T13:13:18Z",
        "clicktimestamp": "2023-04-08 11:10:46",
        "clicktimestamp_iso8601": "2023-04-08T11:10:46Z",
        "clickcount": 63,
        "clicktrend": 3,
        "ssl_error": 0,
        "geo_lat": 47.01771635397925,
        "geo_long": 28.841857910156257,
        "has_extended_info": false
    },
    {
        "changeuuid": "2eabcab7-2824-4aed-8605-7eebb23b1fae",
        "stationuuid": "cfbcb0c4-ef7f-11e9-a96c-52543be04c81",
        "serveruuid": "74d6febf-53c9-41f7-81ca-11190b0f9c9b",
        "name": "Diaspora Media",
        "url": "https://n01.radiojar.com/58ts0hd5hrquv?rj-ttl=5&rj-tok=AAABbdDdznQAS4mz5X2BNKzzdA",
        "url_resolved": "https://n06.radiojar.com/58ts0hd5hrquv?rj-ttl=5&rj-tok=AAABh2B8Wa0AG1X8wR85uVsWzQ",
        "homepage": "https://diaspora.media/",
        "favicon": "https://diaspora.media/app/assets/img/i/niceicon.png",
        "tags": "",
        "country": "The Republic Of Moldova",
        "countrycode": "MD",
        "iso_3166_2": null,
        "state": "Chi\u0219in\u0103u",
        "language": "romanian",
        "languagecodes": "ro",
        "votes": 360,
        "lastchangetime": "2022-03-28 14:09:15",
        "lastchangetime_iso8601": "2022-03-28T14:09:15Z",
        "codec": "MP3",
        "bitrate": 0,
        "hls": 0,
        "lastcheckok": 1,
        "lastchecktime": "2023-04-08 10:45:53",
        "lastchecktime_iso8601": "2023-04-08T10:45:53Z",
        "lastcheckoktime": "2023-04-08 10:45:53",
        "lastcheckoktime_iso8601": "2023-04-08T10:45:53Z",
        "lastlocalchecktime": "2023-04-07 20:10:30",
        "lastlocalchecktime_iso8601": "2023-04-07T20:10:30Z",
        "clicktimestamp": "2023-04-08 11:27:46",
        "clicktimestamp_iso8601": "2023-04-08T11:27:46Z",
        "clickcount": 53,
        "clicktrend": -7,
        "ssl_error": 0,
        "geo_lat": null,
        "geo_long": null,
        "has_extended_info": false
    },
    {
        "changeuuid": "273e294b-68d8-4ced-9abb-df1162be978a",
        "stationuuid": "b10e935e-c6ba-48f8-9cc7-e25c7406814d",
        "serveruuid": "e02b8c50-ea64-435a-8e7a-d6f4117a55ce",
        "name": "love radio",
        "url": "http://37.233.41.76:8000/lovefm",
        "url_resolved": "http://37.233.41.76:8000/lovefm",
        "homepage": "https://www.loveradio.md/",
        "favicon": "",
        "tags": "",
        "country": "The Republic Of Moldova",
        "countrycode": "MD",
        "iso_3166_2": null,
        "state": "",
        "language": "russian",
        "languagecodes": "ru",
        "votes": 309,
        "lastchangetime": "2022-04-19 15:33:13",
        "lastchangetime_iso8601": "2022-04-19T15:33:13Z",
        "codec": "MP3",
        "bitrate": 320,
        "hls": 0,
        "lastcheckok": 1,
        "lastchecktime": "2023-04-08 11:26:45",
        "lastchecktime_iso8601": "2023-04-08T11:26:45Z",
        "lastcheckoktime": "2023-04-08 11:26:45",
        "lastcheckoktime_iso8601": "2023-04-08T11:26:45Z",
        "lastlocalchecktime": "2023-04-07 15:23:13",
        "lastlocalchecktime_iso8601": "2023-04-07T15:23:13Z",
        "clicktimestamp": "2023-04-08 08:03:52",
        "clicktimestamp_iso8601": "2023-04-08T08:03:52Z",
        "clickcount": 26,
        "clicktrend": 0,
        "ssl_error": 0,
        "geo_lat": null,
        "geo_long": null,
        "has_extended_info": false
    },
    {
        "changeuuid": "97c70679-1688-48ba-b539-da686054a1b3",
        "stationuuid": "960ef757-0601-11e8-ae97-52543be04c81",
        "serveruuid": "3eeffdad-0e3c-4e5d-9797-70cd45853ece",
        "name": "LOVE PRO Dj Radio Chisinau",
        "url": "http://live.prodjradio.net:8000/;",
        "url_resolved": "http://live.prodjradio.net:8000/;",
        "homepage": "http://www.prodjradio.net/",
        "favicon": "",
        "tags": "pop,top 40",
        "country": "The Republic Of Moldova",
        "countrycode": "MD",
        "iso_3166_2": null,
        "state": "",
        "language": "romanian",
        "languagecodes": "ro",
        "votes": 301,
        "lastchangetime": "2022-08-22 00:07:12",
        "lastchangetime_iso8601": "2022-08-22T00:07:12Z",
        "codec": "MP3",
        "bitrate": 320,
        "hls": 0,
        "lastcheckok": 1,
        "lastchecktime": "2023-04-08 02:47:27",
        "lastchecktime_iso8601": "2023-04-08T02:47:27Z",
        "lastcheckoktime": "2023-04-08 02:47:27",
        "lastcheckoktime_iso8601": "2023-04-08T02:47:27Z",
        "lastlocalchecktime": "2023-04-07 18:49:42",
        "lastlocalchecktime_iso8601": "2023-04-07T18:49:42Z",
        "clicktimestamp": "2023-04-08 03:23:00",
        "clicktimestamp_iso8601": "2023-04-08T03:23:00Z",
        "clickcount": 20,
        "clicktrend": -3,
        "ssl_error": 0,
        "geo_lat": null,
        "geo_long": null,
        "has_extended_info": false
    },
    {
        "changeuuid": "8fb4aca0-1f41-47ea-937c-49e34fd6d134",
        "stationuuid": "3dab35c6-941b-4118-adbf-b9b130a5ab2b",
        "serveruuid": "3ba61d9a-abd6-48a9-81ab-9d5e5b42c414",
        "name": "Radio Sputnik Moldova",
        "url": "https://nfw.ria.ru/flv/audio.aspx?ID=52319385&type=mp3",
        "url_resolved": "https://icecast-rian.cdnvideo.ru/voicemda",
        "homepage": "https://sputnik.md/radio/",
        "favicon": "",
        "tags": "news",
        "country": "The Republic Of Moldova",
        "countrycode": "MD",
        "iso_3166_2": null,
        "state": "Chi\u0219in\u0103u",
        "language": "romanian,russian",
        "languagecodes": "ro,ru",
        "votes": 165,
        "lastchangetime": "2022-03-28 11:32:29",
        "lastchangetime_iso8601": "2022-03-28T11:32:29Z",
        "codec": "MP3",
        "bitrate": 128,
        "hls": 0,
        "lastcheckok": 1,
        "lastchecktime": "2023-04-08 07:46:13",
        "lastchecktime_iso8601": "2023-04-08T07:46:13Z",
        "lastcheckoktime": "2023-04-08 07:46:13",
        "lastcheckoktime_iso8601": "2023-04-08T07:46:13Z",
        "lastlocalchecktime": "2023-04-07 14:39:24",
        "lastlocalchecktime_iso8601": "2023-04-07T14:39:24Z",
        "clicktimestamp": "2023-04-08 13:19:46",
        "clicktimestamp_iso8601": "2023-04-08T13:19:46Z",
        "clickcount": 31,
        "clicktrend": -2,
        "ssl_error": 0,
        "geo_lat": 47.023333688184934,
        "geo_long": 28.85902404785157,
        "has_extended_info": false
    },
    {
        "changeuuid": "2f6d7080-2abe-4428-bfcd-914e73cb311b",
        "stationuuid": "9e18290a-7670-11ea-b1cf-52543be04c81",
        "serveruuid": "3eeffdad-0e3c-4e5d-9797-70cd45853ece",
        "name": "PRODj Radio",
        "url": "http://live.prodjradio.net:8000/;?type=http&nocache=4585",
        "url_resolved": "http://live.prodjradio.net:8000/;?type=http&nocache=4585",
        "homepage": "https://www.prodjradio.net/",
        "favicon": "",
        "tags": "",
        "country": "The Republic Of Moldova",
        "countrycode": "MD",
        "iso_3166_2": null,
        "state": "",
        "language": "romanian",
        "languagecodes": "ro",
        "votes": 141,
        "lastchangetime": "2022-03-28 13:23:15",
        "lastchangetime_iso8601": "2022-03-28T13:23:15Z",
        "codec": "MP3",
        "bitrate": 320,
        "hls": 0,
        "lastcheckok": 1,
        "lastchecktime": "2023-04-08 08:46:38",
        "lastchecktime_iso8601": "2023-04-08T08:46:38Z",
        "lastcheckoktime": "2023-04-08 08:46:38",
        "lastcheckoktime_iso8601": "2023-04-08T08:46:38Z",
        "lastlocalchecktime": "2023-04-08 08:10:38",
        "lastlocalchecktime_iso8601": "2023-04-08T08:10:38Z",
        "clicktimestamp": "2023-04-08 09:27:43",
        "clicktimestamp_iso8601": "2023-04-08T09:27:43Z",
        "clickcount": 13,
        "clicktrend": -1,
        "ssl_error": 0,
        "geo_lat": null,
        "geo_long": null,
        "has_extended_info": false
    },
    {
        "changeuuid": "9612694b-0601-11e8-ae97-52543be04c81",
        "stationuuid": "96126941-0601-11e8-ae97-52543be04c81",
        "serveruuid": "c4551ba5-cb3a-4b2e-9667-d58d409b8ecb",
        "name": "OM Radio 2",
        "url": "http://om.md/radio/play2/listen.pls",
        "url_resolved": "http://188.138.198.247:8002/",
        "homepage": "http://om.md/radio/",
        "favicon": "http://om.md/favicon.ico",
        "tags": "new age",
        "country": "The Republic Of Moldova",
        "countrycode": "MD",
        "iso_3166_2": null,
        "state": "",
        "language": "",
        "languagecodes": "",
        "votes": 127,
        "lastchangetime": "2021-08-06 08:36:43",
        "lastchangetime_iso8601": "2021-08-06T08:36:43Z",
        "codec": "MP3",
        "bitrate": 256,
        "hls": 0,
        "lastcheckok": 1,
        "lastchecktime": "2023-04-08 07:05:34",
        "lastchecktime_iso8601": "2023-04-08T07:05:34Z",
        "lastcheckoktime": "2023-04-08 07:05:34",
        "lastcheckoktime_iso8601": "2023-04-08T07:05:34Z",
        "lastlocalchecktime": "2023-04-07 19:34:12",
        "lastlocalchecktime_iso8601": "2023-04-07T19:34:12Z",
        "clicktimestamp": "2023-04-07 19:54:23",
        "clicktimestamp_iso8601": "2023-04-07T19:54:23Z",
        "clickcount": 17,
        "clicktrend": -1,
        "ssl_error": 0,
        "geo_lat": null,
        "geo_long": null,
        "has_extended_info": false
    },
    {
        "changeuuid": "1b8c2696-9a6a-4258-9949-afad2df4b6d8",
        "stationuuid": "978c9832-a05e-11e8-a9f3-52543be04c81",
        "serveruuid": "fbe2662c-0ceb-44b2-812b-5a2af9d0663a",
        "name": "Eco FM",
        "url": "http://188.138.204.98:8080/ecoFM",
        "url_resolved": "http://188.138.204.98:8080/ecoFM",
        "homepage": "http://ecofm.md/",
        "favicon": "",
        "tags": "",
        "country": "The Republic Of Moldova",
        "countrycode": "MD",
        "iso_3166_2": null,
        "state": "Chi\u0219in\u0103u",
        "language": "romanian",
        "languagecodes": "ro",
        "votes": 122,
        "lastchangetime": "2022-10-03 08:59:06",
        "lastchangetime_iso8601": "2022-10-03T08:59:06Z",
        "codec": "MP3",
        "bitrate": 96,
        "hls": 0,
        "lastcheckok": 1,
        "lastchecktime": "2023-04-08 09:33:00",
        "lastchecktime_iso8601": "2023-04-08T09:33:00Z",
        "lastcheckoktime": "2023-04-08 09:33:00",
        "lastcheckoktime_iso8601": "2023-04-08T09:33:00Z",
        "lastlocalchecktime": "2023-04-07 18:15:45",
        "lastlocalchecktime_iso8601": "2023-04-07T18:15:45Z",
        "clicktimestamp": "2023-04-08 13:41:47",
        "clicktimestamp_iso8601": "2023-04-08T13:41:47Z",
        "clickcount": 7,
        "clicktrend": 0,
        "ssl_error": 0,
        "geo_lat": null,
        "geo_long": null,
        "has_extended_info": false
    },
    {
        "changeuuid": "6d7fdeb6-28a0-4796-911e-5d5b04e3a1e3",
        "stationuuid": "7d84d374-5472-11e9-a4d7-52543be04c81",
        "serveruuid": "8c997bfd-5988-4b93-9c72-b356eb4b43a9",
        "name": "Maestro FM",
        "url": "http://live.maestrofm.md:8000/maestro",
        "url_resolved": "http://live.maestrofm.md:8000/maestro",
        "homepage": "http://www.maestrofm.md/",
        "favicon": "",
        "tags": "",
        "country": "The Republic Of Moldova",
        "countrycode": "MD",
        "iso_3166_2": null,
        "state": "Chi\u0219in\u0103u",
        "language": "romanian",
        "languagecodes": "ro",
        "votes": 116,
        "lastchangetime": "2022-08-25 03:36:49",
        "lastchangetime_iso8601": "2022-08-25T03:36:49Z",
        "codec": "MP3",
        "bitrate": 128,
        "hls": 0,
        "lastcheckok": 1,
        "lastchecktime": "2023-04-08 07:59:11",
        "lastchecktime_iso8601": "2023-04-08T07:59:11Z",
        "lastcheckoktime": "2023-04-08 07:59:11",
        "lastcheckoktime_iso8601": "2023-04-08T07:59:11Z",
        "lastlocalchecktime": "2023-04-08 07:59:11",
        "lastlocalchecktime_iso8601": "2023-04-08T07:59:11Z",
        "clicktimestamp": "2023-04-07 16:51:42",
        "clicktimestamp_iso8601": "2023-04-07T16:51:42Z",
        "clickcount": 31,
        "clicktrend": 0,
        "ssl_error": 0,
        "geo_lat": null,
        "geo_long": null,
        "has_extended_info": false
    },
    {
        "changeuuid": "d7692832-ab8a-4d09-957f-81fc6543c293",
        "stationuuid": "a01f320c-a05d-11e8-a9f3-52543be04c81",
        "serveruuid": "5c8923ce-052c-4608-9094-5bd65fd3f677",
        "name": "Radio Albena Taraclia",
        "url": "http://109.185.191.129:49400/",
        "url_resolved": "http://109.185.191.129:49400/",
        "homepage": "http://radioalbena.md/",
        "favicon": "http://www.frocus.net/images/logotv/radio-albena-2017.jpg",
        "tags": "music",
        "country": "The Republic Of Moldova",
        "countrycode": "MD",
        "iso_3166_2": null,
        "state": "Taraclia",
        "language": "russian",
        "languagecodes": "ru",
        "votes": 100,
        "lastchangetime": "2022-03-28 12:00:52",
        "lastchangetime_iso8601": "2022-03-28T12:00:52Z",
        "codec": "MP3",
        "bitrate": 160,
        "hls": 0,
        "lastcheckok": 1,
        "lastchecktime": "2023-04-08 09:59:25",
        "lastchecktime_iso8601": "2023-04-08T09:59:25Z",
        "lastcheckoktime": "2023-04-08 09:59:25",
        "lastcheckoktime_iso8601": "2023-04-08T09:59:25Z",
        "lastlocalchecktime": "2023-04-08 09:59:25",
        "lastlocalchecktime_iso8601": "2023-04-08T09:59:25Z",
        "clicktimestamp": "2023-04-08 07:58:51",
        "clicktimestamp_iso8601": "2023-04-08T07:58:51Z",
        "clickcount": 27,
        "clicktrend": -2,
        "ssl_error": 0,
        "geo_lat": null,
        "geo_long": null,
        "has_extended_info": false
    },
    {
        "changeuuid": "7c6f8930-a8b8-461c-9a59-4eb08b9b99f6",
        "stationuuid": "6486194c-2234-49b7-934a-a362f542f0d7",
        "serveruuid": "71fd1ada-e49e-4b2b-81f1-f2621b23fae6",
        "name": "RetroFM",
        "url": "http://retro256.streamr.ru/",
        "url_resolved": "http://retroserver.streamr.ru:8043/retro256.mp3",
        "homepage": "http://retro256.streamr.ru/",
        "favicon": "",
        "tags": "",
        "country": "The Republic Of Moldova",
        "countrycode": "MD",
        "iso_3166_2": null,
        "state": "",
        "language": "",
        "languagecodes": "",
        "votes": 67,
        "lastchangetime": "2023-01-17 08:44:30",
        "lastchangetime_iso8601": "2023-01-17T08:44:30Z",
        "codec": "MP3",
        "bitrate": 256,
        "hls": 0,
        "lastcheckok": 1,
        "lastchecktime": "2023-04-08 10:20:51",
        "lastchecktime_iso8601": "2023-04-08T10:20:51Z",
        "lastcheckoktime": "2023-04-08 10:20:51",
        "lastcheckoktime_iso8601": "2023-04-08T10:20:51Z",
        "lastlocalchecktime": "2023-04-07 17:10:24",
        "lastlocalchecktime_iso8601": "2023-04-07T17:10:24Z",
        "clicktimestamp": "2023-04-07 10:17:40",
        "clicktimestamp_iso8601": "2023-04-07T10:17:40Z",
        "clickcount": 11,
        "clicktrend": -4,
        "ssl_error": 0,
        "geo_lat": null,
        "geo_long": null,
        "has_extended_info": false
    },
    {
        "changeuuid": "73f0519c-00bc-405c-9dd2-181c40df575c",
        "stationuuid": "e9680f99-116f-43a4-aba5-f1d3bb54edc9",
        "serveruuid": "4b86b796-a24e-4471-9c9a-c91f5b91c085",
        "name": "imago.fm",
        "url": "http://109.233.192.78:8000/_a",
        "url_resolved": "http://109.233.192.78:8000/_a",
        "homepage": "http://imago.fm/",
        "favicon": "http://imago.fm/img/favicons/favicon-96x96.png",
        "tags": "",
        "country": "The Republic Of Moldova",
        "countrycode": "MD",
        "iso_3166_2": null,
        "state": "",
        "language": "",
        "languagecodes": "",
        "votes": 61,
        "lastchangetime": "2023-04-04 20:48:05",
        "lastchangetime_iso8601": "2023-04-04T20:48:05Z",
        "codec": "MP3",
        "bitrate": 128,
        "hls": 0,
        "lastcheckok": 1,
        "lastchecktime": "2023-04-08 00:10:03",
        "lastchecktime_iso8601": "2023-04-08T00:10:03Z",
        "lastcheckoktime": "2023-04-08 00:10:03",
        "lastcheckoktime_iso8601": "2023-04-08T00:10:03Z",
        "lastlocalchecktime": "2023-04-07 21:03:48",
        "lastlocalchecktime_iso8601": "2023-04-07T21:03:48Z",
        "clicktimestamp": "2023-04-07 16:13:31",
        "clicktimestamp_iso8601": "2023-04-07T16:13:31Z",
        "clickcount": 24,
        "clicktrend": 0,
        "ssl_error": 0,
        "geo_lat": 47.02426985309355,
        "geo_long": 28.85215759277344,
        "has_extended_info": false
    },
    {
        "changeuuid": "24a81b9f-fdf6-4eee-b7b0-2c524f345195",
        "stationuuid": "2fb2f96f-3acb-4c08-9ece-4666b08d8ec7",
        "serveruuid": "ef34958f-7091-4c86-bc94-f613d074ff9a",
        "name": "Crucial Velocity Radio",
        "url": "http://ais-sa2.cdnstream1.com/1369_128",
        "url_resolved": "http://ais-sa2.cdnstream1.com/1369_128",
        "homepage": "https://live.mystreamplayer.com/crucialvelocityradio",
        "favicon": "https://live.mystreamplayer.com/configs/images/crucialvelocityradio_icon.png",
        "tags": "rock",
        "country": "The Republic Of Moldova",
        "countrycode": "MD",
        "iso_3166_2": null,
        "state": "",
        "language": "",
        "languagecodes": "",
        "votes": 33,
        "lastchangetime": "2022-06-02 19:59:46",
        "lastchangetime_iso8601": "2022-06-02T19:59:46Z",
        "codec": "MP3",
        "bitrate": 192,
        "hls": 0,
        "lastcheckok": 1,
        "lastchecktime": "2023-04-08 12:06:33",
        "lastchecktime_iso8601": "2023-04-08T12:06:33Z",
        "lastcheckoktime": "2023-04-08 12:06:33",
        "lastcheckoktime_iso8601": "2023-04-08T12:06:33Z",
        "lastlocalchecktime": "2023-04-08 07:54:02",
        "lastlocalchecktime_iso8601": "2023-04-08T07:54:02Z",
        "clicktimestamp": "2023-04-07 19:54:29",
        "clicktimestamp_iso8601": "2023-04-07T19:54:29Z",
        "clickcount": 8,
        "clicktrend": 0,
        "ssl_error": 0,
        "geo_lat": 46.02442760712411,
        "geo_long": 28.828125000000004,
        "has_extended_info": false
    },
    {
        "changeuuid": "88366045-92bf-4f0d-8466-dc2fc0578454",
        "stationuuid": "883fa647-a454-4775-8197-10d28e2529a4",
        "serveruuid": "1efad0be-363d-4237-9190-9e3e43438d42",
        "name": "Relax Tricolor",
        "url": "https://stream.dixi.md:9443/Relax_Tricolor_aacp64",
        "url_resolved": "https://stream.dixi.md:9443/Relax_Tricolor_aacp64",
        "homepage": "https://www.radiorelax.md/",
        "favicon": "https://www.radiorelax.md/front-assets/favicon/apple-touch-icon.png",
        "tags": "country",
        "country": "The Republic Of Moldova",
        "countrycode": "MD",
        "iso_3166_2": null,
        "state": "",
        "language": "",
        "languagecodes": "",
        "votes": 32,
        "lastchangetime": "2022-12-07 17:42:20",
        "lastchangetime_iso8601": "2022-12-07T17:42:20Z",
        "codec": "AAC+",
        "bitrate": 64,
        "hls": 0,
        "lastcheckok": 1,
        "lastchecktime": "2023-04-08 02:01:36",
        "lastchecktime_iso8601": "2023-04-08T02:01:36Z",
        "lastcheckoktime": "2023-04-08 02:01:36",
        "lastcheckoktime_iso8601": "2023-04-08T02:01:36Z",
        "lastlocalchecktime": "2023-04-07 19:06:53",
        "lastlocalchecktime_iso8601": "2023-04-07T19:06:53Z",
        "clicktimestamp": "2023-04-07 10:16:34",
        "clicktimestamp_iso8601": "2023-04-07T10:16:34Z",
        "clickcount": 12,
        "clicktrend": -2,
        "ssl_error": 0,
        "geo_lat": null,
        "geo_long": null,
        "has_extended_info": false
    },
    {
        "changeuuid": "d7261cbd-10b0-4683-a51d-529daabae022",
        "stationuuid": "494665f3-8b6c-47c8-a8d2-6c7a4041a91f",
        "serveruuid": "c4551ba5-cb3a-4b2e-9667-d58d409b8ecb",
        "name": "OM \u0950 Radio",
        "url": "http://188.138.198.247:8002/",
        "url_resolved": "http://188.138.198.247:8002/",
        "homepage": "http://om.md/radio/play2/listen.pls",
        "favicon": "",
        "tags": "psybient psychill",
        "country": "The Republic Of Moldova",
        "countrycode": "MD",
        "iso_3166_2": null,
        "state": "",
        "language": "english",
        "languagecodes": "en",
        "votes": 19,
        "lastchangetime": "2022-10-23 11:29:57",
        "lastchangetime_iso8601": "2022-10-23T11:29:57Z",
        "codec": "MP3",
        "bitrate": 256,
        "hls": 0,
        "lastcheckok": 1,
        "lastchecktime": "2023-04-08 12:49:30",
        "lastchecktime_iso8601": "2023-04-08T12:49:30Z",
        "lastcheckoktime": "2023-04-08 12:49:30",
        "lastcheckoktime_iso8601": "2023-04-08T12:49:30Z",
        "lastlocalchecktime": "2023-04-08 12:49:30",
        "lastlocalchecktime_iso8601": "2023-04-08T12:49:30Z",
        "clicktimestamp": "2023-04-06 10:52:47",
        "clicktimestamp_iso8601": "2023-04-06T10:52:47Z",
        "clickcount": 7,
        "clicktrend": 0,
        "ssl_error": 0,
        "geo_lat": null,
        "geo_long": null,
        "has_extended_info": false
    },
    {
        "changeuuid": "ecfb6284-ef62-4187-b306-e44877f19e65",
        "stationuuid": "220e3f38-4f2b-402a-af1a-350e82aaddcb",
        "serveruuid": "09288e1d-5124-4cf3-b6aa-81fae811df4b",
        "name": "Radio Micul Samaritean",
        "url": "https://s5.radio.co/sfff7b7e97/listen",
        "url_resolved": "https://s5.radio.co/sfff7b7e97/listen",
        "homepage": "https://www.miculsamaritean.com/",
        "favicon": "",
        "tags": "",
        "country": "The Republic Of Moldova",
        "countrycode": "MD",
        "iso_3166_2": null,
        "state": "",
        "language": "",
        "languagecodes": "",
        "votes": 19,
        "lastchangetime": "2022-09-06 03:13:19",
        "lastchangetime_iso8601": "2022-09-06T03:13:19Z",
        "codec": "MP3",
        "bitrate": 192,
        "hls": 0,
        "lastcheckok": 1,
        "lastchecktime": "2023-04-08 12:21:10",
        "lastchecktime_iso8601": "2023-04-08T12:21:10Z",
        "lastcheckoktime": "2023-04-08 12:21:10",
        "lastcheckoktime_iso8601": "2023-04-08T12:21:10Z",
        "lastlocalchecktime": "2023-04-07 19:48:55",
        "lastlocalchecktime_iso8601": "2023-04-07T19:48:55Z",
        "clicktimestamp": "2023-04-07 14:36:39",
        "clicktimestamp_iso8601": "2023-04-07T14:36:39Z",
        "clickcount": 6,
        "clicktrend": 1,
        "ssl_error": 0,
        "geo_lat": null,
        "geo_long": null,
        "has_extended_info": false
    },
    {
        "changeuuid": "cec821cf-405a-4431-83fd-7d51498b6c2c",
        "stationuuid": "f274dda8-28db-4d19-b220-c7156e446c22",
        "serveruuid": "c4551ba5-cb3a-4b2e-9667-d58d409b8ecb",
        "name": "OM \u0950 Radio",
        "url": "http://188.138.198.247:8002/",
        "url_resolved": "http://188.138.198.247:8002/",
        "homepage": "http://om.md/radio/play2/listen.pls",
        "favicon": "",
        "tags": "psybient psychill",
        "country": "The Republic Of Moldova",
        "countrycode": "MD",
        "iso_3166_2": null,
        "state": "",
        "language": "english",
        "languagecodes": "en",
        "votes": 7,
        "lastchangetime": "2022-10-22 11:36:55",
        "lastchangetime_iso8601": "2022-10-22T11:36:55Z",
        "codec": "MP3",
        "bitrate": 256,
        "hls": 0,
        "lastcheckok": 1,
        "lastchecktime": "2023-04-07 19:34:25",
        "lastchecktime_iso8601": "2023-04-07T19:34:25Z",
        "lastcheckoktime": "2023-04-07 19:34:25",
        "lastcheckoktime_iso8601": "2023-04-07T19:34:25Z",
        "lastlocalchecktime": "2023-04-07 15:26:42",
        "lastlocalchecktime_iso8601": "2023-04-07T15:26:42Z",
        "clicktimestamp": "2023-04-06 07:31:06",
        "clicktimestamp_iso8601": "2023-04-06T07:31:06Z",
        "clickcount": 7,
        "clicktrend": 0,
        "ssl_error": 0,
        "geo_lat": null,
        "geo_long": null,
        "has_extended_info": false
    },
    {
        "changeuuid": "0e1324f0-465a-4735-9349-e8b007018011",
        "stationuuid": "765dd828-013d-4279-a818-d527c43d0322",
        "serveruuid": "c4551ba5-cb3a-4b2e-9667-d58d409b8ecb",
        "name": "OM Radio",
        "url": "http://188.138.198.247:8002/listen.pls",
        "url_resolved": "http://188.138.198.247:8002/;",
        "homepage": "http://azblog.me/radio",
        "favicon": "https://azblog.me/templates/zo2_charitable/favicon.ico",
        "tags": "ambient,breaks,chillout,house,instrumental,meditative,psychedelic,trance",
        "country": "The Republic Of Moldova",
        "countrycode": "MD",
        "iso_3166_2": null,
        "state": "",
        "language": "englsih",
        "languagecodes": "",
        "votes": 3,
        "lastchangetime": "2023-02-25 10:32:28",
        "lastchangetime_iso8601": "2023-02-25T10:32:28Z",
        "codec": "MP3",
        "bitrate": 256,
        "hls": 0,
        "lastcheckok": 1,
        "lastchecktime": "2023-04-08 11:59:36",
        "lastchecktime_iso8601": "2023-04-08T11:59:36Z",
        "lastcheckoktime": "2023-04-08 11:59:36",
        "lastcheckoktime_iso8601": "2023-04-08T11:59:36Z",
        "lastlocalchecktime": "2023-04-08 10:37:27",
        "lastlocalchecktime_iso8601": "2023-04-08T10:37:27Z",
        "clicktimestamp": "2023-04-08 07:48:35",
        "clicktimestamp_iso8601": "2023-04-08T07:48:35Z",
        "clickcount": 19,
        "clicktrend": -2,
        "ssl_error": 0,
        "geo_lat": null,
        "geo_long": null,
        "has_extended_info": false
    },
    {
        "changeuuid": "68c309be-f0f4-4d6f-b474-4478071fc329",
        "stationuuid": "ab6e4529-cea5-457f-a614-64dd531fb6b1",
        "serveruuid": "8c997bfd-5988-4b93-9c72-b356eb4b43a9",
        "name": "MaestroFM",
        "url": "http://live.maestrofm.md:8000/maestro",
        "url_resolved": "http://live.maestrofm.md:8000/maestro",
        "homepage": "http://www.maestrofm.md/",
        "favicon": "",
        "tags": "chillout,classics,lounge,smooth",
        "country": "The Republic Of Moldova",
        "countrycode": "MD",
        "iso_3166_2": null,
        "state": "",
        "language": "romanian,rom\u00e2na,russian",
        "languagecodes": "ro,ru",
        "votes": 0,
        "lastchangetime": "2023-03-07 20:00:10",
        "lastchangetime_iso8601": "2023-03-07T20:00:10Z",
        "codec": "MP3",
        "bitrate": 128,
        "hls": 0,
        "lastcheckok": 1,
        "lastchecktime": "2023-04-07 20:49:27",
        "lastchecktime_iso8601": "2023-04-07T20:49:27Z",
        "lastcheckoktime": "2023-04-07 20:49:27",
        "lastcheckoktime_iso8601": "2023-04-07T20:49:27Z",
        "lastlocalchecktime": "2023-04-07 20:26:11",
        "lastlocalchecktime_iso8601": "2023-04-07T20:26:11Z",
        "clicktimestamp": "2023-04-08 13:12:59",
        "clicktimestamp_iso8601": "2023-04-08T13:12:59Z",
        "clickcount": 10,
        "clicktrend": 1,
        "ssl_error": 0,
        "geo_lat": null,
        "geo_long": null,
        "has_extended_info": false
    },
    {
        "changeuuid": "de298f67-95ce-4988-b87a-2e4c5457b75e",
        "stationuuid": "9a608389-3cae-4614-8768-2561f18472f7",
        "serveruuid": "276a37dc-9308-4c20-8ccd-e22edc0e95f8",
        "name": "Radio DAR",
        "url": "http://188.138.191.214/RadioDar",
        "url_resolved": "http://188.138.191.214/RadioDar",
        "homepage": "",
        "favicon": "http://radiodar.md/images/logo.jpg",
        "tags": "classical",
        "country": "The Republic Of Moldova",
        "countrycode": "MD",
        "iso_3166_2": null,
        "state": "",
        "language": "",
        "languagecodes": "",
        "votes": 84,
        "lastchangetime": "2023-05-01 06:06:40",
        "lastchangetime_iso8601": "2023-05-01T06:06:40Z",
        "codec": "MP3",
        "bitrate": 96,
        "hls": 0,
        "lastcheckok": 1,
        "lastchecktime": "2023-07-09 07:39:41",
        "lastchecktime_iso8601": "2023-07-09T07:39:41Z",
        "lastcheckoktime": "2023-07-09 07:39:41",
        "lastcheckoktime_iso8601": "2023-07-09T07:39:41Z",
        "lastlocalchecktime": "2023-07-09 05:05:03",
        "lastlocalchecktime_iso8601": "2023-07-09T05:05:03Z",
        "clicktimestamp": "2023-07-09 08:12:58",
        "clicktimestamp_iso8601": "2023-07-09T08:12:58Z",
        "clickcount": 19,
        "clicktrend": 2,
        "ssl_error": 0,
        "geo_lat": null,
        "geo_long": null,
        "has_extended_info": false
    },
    {
        "changeuuid": "1fa92c6b-dd67-4ab8-93c5-2e8510f8955e",
        "stationuuid": "ea780c45-31c5-42bf-90c8-b16387d9dc0c",
        "serveruuid": "d8812031-3072-4818-8fa3-60ca41324726",
        "name": "Kiss Fm Chi\u0219in\u0103u",
        "url": "https://live.kissfm.ro/kissfm.chisinau",
        "url_resolved": "https://live.kissfm.ro/kissfm.chisinau",
        "homepage": "https://www.kissfm.md/",
        "favicon": "https://www.kissfm.md/assets/logo/kissfm-inverted.svg",
        "tags": "dance,hits,new music,pop,pop dance",
        "country": "The Republic Of Moldova",
        "countrycode": "MD",
        "iso_3166_2": null,
        "state": "Chi\u0219in\u0103u",
        "language": "moldovian,romanian",
        "languagecodes": "ro",
        "votes": 72,
        "lastchangetime": "2023-04-15 00:20:41",
        "lastchangetime_iso8601": "2023-04-15T00:20:41Z",
        "codec": "AAC",
        "bitrate": 128,
        "hls": 0,
        "lastcheckok": 1,
        "lastchecktime": "2023-07-09 04:34:41",
        "lastchecktime_iso8601": "2023-07-09T04:34:41Z",
        "lastcheckoktime": "2023-07-09 04:34:41",
        "lastcheckoktime_iso8601": "2023-07-09T04:34:41Z",
        "lastlocalchecktime": "2023-07-09 04:34:41",
        "lastlocalchecktime_iso8601": "2023-07-09T04:34:41Z",
        "clicktimestamp": "2023-07-08 17:58:21",
        "clicktimestamp_iso8601": "2023-07-08T17:58:21Z",
        "clickcount": 24,
        "clicktrend": -1,
        "ssl_error": 0,
        "geo_lat": null,
        "geo_long": null,
        "has_extended_info": false
    },
    {
        "changeuuid": "84c399c4-e9ac-4372-a9f8-25c659a56ef5",
        "stationuuid": "4381c52a-1e6a-4d8c-b67c-3ff61c5c456d",
        "serveruuid": "b1f1f276-1bf3-48ec-867b-581f40f0b984",
        "name": "HIT FM",
        "url": "https://stream.hitfm.md:8443/HitFM",
        "url_resolved": "https://stream.hitfm.md:8443/HitFM",
        "homepage": "https://hitfm.md/",
        "favicon": "https://hitfm.md/img/HITLOGO.jpg",
        "tags": "dance,hits,new music,pop,pop dance",
        "country": "The Republic Of Moldova",
        "countrycode": "MD",
        "iso_3166_2": null,
        "state": "",
        "language": "moldovian,romanian,russian",
        "languagecodes": "ro,ru",
        "votes": 59,
        "lastchangetime": "2023-04-15 00:15:18",
        "lastchangetime_iso8601": "2023-04-15T00:15:18Z",
        "codec": "AAC+",
        "bitrate": 128,
        "hls": 0,
        "lastcheckok": 1,
        "lastchecktime": "2023-07-09 03:16:00",
        "lastchecktime_iso8601": "2023-07-09T03:16:00Z",
        "lastcheckoktime": "2023-07-09 03:16:00",
        "lastcheckoktime_iso8601": "2023-07-09T03:16:00Z",
        "lastlocalchecktime": "2023-07-08 22:59:19",
        "lastlocalchecktime_iso8601": "2023-07-08T22:59:19Z",
        "clicktimestamp": "2023-07-09 10:47:27",
        "clicktimestamp_iso8601": "2023-07-09T10:47:27Z",
        "clickcount": 40,
        "clicktrend": -1,
        "ssl_error": 0,
        "geo_lat": null,
        "geo_long": null,
        "has_extended_info": false
    },
    {
        "changeuuid": "21d402f6-6139-4a54-b4ef-cb7b3cc0da37",
        "stationuuid": "0e527d75-30db-4d43-850c-4db38984c18e",
        "serveruuid": "08c82ae1-5fed-462b-a24f-717ae641f4c2",
        "name": "Megapolis Fm",
        "url": "https://megapolisfm.md:8443/886",
        "url_resolved": "https://megapolisfm.md:8443/886",
        "homepage": "https://megapolisfm.md/",
        "favicon": "https://megapolisfm.md/templates/images/logo.png",
        "tags": "dance,dance pop,electronic,house,new music",
        "country": "The Republic Of Moldova",
        "countrycode": "MD",
        "iso_3166_2": null,
        "state": "Chi\u0219in\u0103u",
        "language": "moldovian,romanian,russian",
        "languagecodes": "ro,ru",
        "votes": 55,
        "lastchangetime": "2023-04-15 00:55:48",
        "lastchangetime_iso8601": "2023-04-15T00:55:48Z",
        "codec": "MP3",
        "bitrate": 128,
        "hls": 0,
        "lastcheckok": 1,
        "lastchecktime": "2023-07-09 05:40:39",
        "lastchecktime_iso8601": "2023-07-09T05:40:39Z",
        "lastcheckoktime": "2023-07-09 05:40:39",
        "lastcheckoktime_iso8601": "2023-07-09T05:40:39Z",
        "lastlocalchecktime": "2023-07-09 05:40:39",
        "lastlocalchecktime_iso8601": "2023-07-09T05:40:39Z",
        "clicktimestamp": "2023-07-09 10:46:28",
        "clicktimestamp_iso8601": "2023-07-09T10:46:28Z",
        "clickcount": 13,
        "clicktrend": 1,
        "ssl_error": 0,
        "geo_lat": null,
        "geo_long": null,
        "has_extended_info": false
    },
    {
        "changeuuid": "dfe49e08-f39c-4e25-9c7b-1545c6275018",
        "stationuuid": "b8cc0b5b-8425-4735-bdcc-c72c7935c84d",
        "serveruuid": "e02b8c50-ea64-435a-8e7a-d6f4117a55ce",
        "name": "Dance Fm Moldova",
        "url": "http://37.233.41.76:8000/dancefm",
        "url_resolved": "http://37.233.41.76:8000/dancefm",
        "homepage": "http://dancefmmoldova.md/",
        "favicon": "http://dancefmmoldova.md/wp-content/uploads/2023/01/logo-1.png",
        "tags": "dance,dance pop,electronic,house,new music,pop",
        "country": "The Republic Of Moldova",
        "countrycode": "MD",
        "iso_3166_2": null,
        "state": "Chi\u0219in\u0103u",
        "language": "moldovian,romanian,russian",
        "languagecodes": "ro,ru",
        "votes": 37,
        "lastchangetime": "2023-04-15 01:16:10",
        "lastchangetime_iso8601": "2023-04-15T01:16:10Z",
        "codec": "MP3",
        "bitrate": 192,
        "hls": 0,
        "lastcheckok": 1,
        "lastchecktime": "2023-07-09 07:04:35",
        "lastchecktime_iso8601": "2023-07-09T07:04:35Z",
        "lastcheckoktime": "2023-07-09 07:04:35",
        "lastcheckoktime_iso8601": "2023-07-09T07:04:35Z",
        "lastlocalchecktime": "2023-07-09 07:04:35",
        "lastlocalchecktime_iso8601": "2023-07-09T07:04:35Z",
        "clicktimestamp": "2023-07-09 12:31:55",
        "clicktimestamp_iso8601": "2023-07-09T12:31:55Z",
        "clickcount": 84,
        "clicktrend": -8,
        "ssl_error": 0,
        "geo_lat": null,
        "geo_long": null,
        "has_extended_info": false
    },
    {
        "changeuuid": "808885c9-6383-443d-8820-d35599603e8f",
        "stationuuid": "a0a6f439-c0d1-4afd-b760-dbb4b089aaeb",
        "serveruuid": "b1f1f276-1bf3-48ec-867b-581f40f0b984",
        "name": "HIT FM 200s Hits",
        "url": "https://stream.hitfm.md:8443/00_hits_mp3_320",
        "url_resolved": "https://stream.hitfm.md:8443/00_hits_mp3_320",
        "homepage": "https://hitfm.md/",
        "favicon": "https://hitfm.md/img/HITLOGO.jpg",
        "tags": "00s,2000s,hits,pop",
        "country": "The Republic Of Moldova",
        "countrycode": "MD",
        "iso_3166_2": null,
        "state": "",
        "language": "moldovian,romanian,russian",
        "languagecodes": "ro,ru",
        "votes": 37,
        "lastchangetime": "2023-04-16 23:11:58",
        "lastchangetime_iso8601": "2023-04-16T23:11:58Z",
        "codec": "MP3",
        "bitrate": 320,
        "hls": 0,
        "lastcheckok": 1,
        "lastchecktime": "2023-07-09 00:46:55",
        "lastchecktime_iso8601": "2023-07-09T00:46:55Z",
        "lastcheckoktime": "2023-07-09 00:46:55",
        "lastcheckoktime_iso8601": "2023-07-09T00:46:55Z",
        "lastlocalchecktime": "2023-07-08 22:08:06",
        "lastlocalchecktime_iso8601": "2023-07-08T22:08:06Z",
        "clicktimestamp": "2023-07-09 12:32:27",
        "clicktimestamp_iso8601": "2023-07-09T12:32:27Z",
        "clickcount": 16,
        "clicktrend": 1,
        "ssl_error": 0,
        "geo_lat": null,
        "geo_long": null,
        "has_extended_info": false
    },
    {
        "changeuuid": "ddfc8505-a469-4570-8bc3-514cec2dd82e",
        "stationuuid": "8b6000a2-0eeb-4eb2-8511-a168de0e9ce9",
        "serveruuid": "de86fa4a-31ef-46aa-99f2-89237eaafeb3",
        "name": "Kiss FM Moldova",
        "url": "https://live.kissfm.md/kissfm.chisinau",
        "url_resolved": "https://live.kissfm.md/kissfm.chisinau",
        "homepage": "https://www.kissfm.md/",
        "favicon": "",
        "tags": "top hits,top40",
        "country": "The Republic Of Moldova",
        "countrycode": "MD",
        "iso_3166_2": null,
        "state": "",
        "language": "moldovian",
        "languagecodes": "",
        "votes": 36,
        "lastchangetime": "2023-04-24 19:51:55",
        "lastchangetime_iso8601": "2023-04-24T19:51:55Z",
        "codec": "AAC",
        "bitrate": 128,
        "hls": 0,
        "lastcheckok": 1,
        "lastchecktime": "2023-07-09 04:47:20",
        "lastchecktime_iso8601": "2023-07-09T04:47:20Z",
        "lastcheckoktime": "2023-07-09 04:47:20",
        "lastcheckoktime_iso8601": "2023-07-09T04:47:20Z",
        "lastlocalchecktime": "2023-07-09 04:47:20",
        "lastlocalchecktime_iso8601": "2023-07-09T04:47:20Z",
        "clicktimestamp": "2023-07-07 23:26:03",
        "clicktimestamp_iso8601": "2023-07-07T23:26:03Z",
        "clickcount": 10,
        "clicktrend": -1,
        "ssl_error": 0,
        "geo_lat": 47.01912074293779,
        "geo_long": 28.851814270019535,
        "has_extended_info": false
    },
    {
        "changeuuid": "d05b576a-02e3-473d-bece-45b1d074b705",
        "stationuuid": "3d8b1284-142e-4b13-a141-24c458c96a2a",
        "serveruuid": "3b7db5cc-9d3c-4d1b-bece-a249df22782e",
        "name": "Jurnal Fm",
        "url": "https://audio.jurnalfm.md/hq",
        "url_resolved": "https://audio.jurnalfm.md/hq",
        "homepage": "https://jurnalfm.md/",
        "favicon": "https://jurnalfm.md/wp-content/uploads/2020/08/JFM-LOGO.png",
        "tags": "hits,music,new music,news,pop,talk",
        "country": "The Republic Of Moldova",
        "countrycode": "MD",
        "iso_3166_2": null,
        "state": "",
        "language": "moldovian,romanian,russian",
        "languagecodes": "ro,ru",
        "votes": 30,
        "lastchangetime": "2023-04-15 00:25:45",
        "lastchangetime_iso8601": "2023-04-15T00:25:45Z",
        "codec": "AAC+",
        "bitrate": 96,
        "hls": 0,
        "lastcheckok": 1,
        "lastchecktime": "2023-07-09 06:00:25",
        "lastchecktime_iso8601": "2023-07-09T06:00:25Z",
        "lastcheckoktime": "2023-07-09 06:00:25",
        "lastcheckoktime_iso8601": "2023-07-09T06:00:25Z",
        "lastlocalchecktime": "2023-07-09 06:00:25",
        "lastlocalchecktime_iso8601": "2023-07-09T06:00:25Z",
        "clicktimestamp": "2023-07-09 12:32:08",
        "clicktimestamp_iso8601": "2023-07-09T12:32:08Z",
        "clickcount": 28,
        "clicktrend": 6,
        "ssl_error": 0,
        "geo_lat": null,
        "geo_long": null,
        "has_extended_info": false
    },
    {
        "changeuuid": "ef9680e4-296a-4bc5-b3d1-90ac39b6cda6",
        "stationuuid": "f3e4f032-30ba-4979-8e36-502684869387",
        "serveruuid": "b1f1f276-1bf3-48ec-867b-581f40f0b984",
        "name": "Hit FM Moldova",
        "url": "https://stream.hitfm.md:8443/HitFM_mp3",
        "url_resolved": "https://stream.hitfm.md:8443/HitFM_mp3",
        "homepage": "http://www.hitfm.md/",
        "favicon": "",
        "tags": "top 40,top hits",
        "country": "The Republic Of Moldova",
        "countrycode": "MD",
        "iso_3166_2": null,
        "state": "",
        "language": "english,moldovian",
        "languagecodes": "en",
        "votes": 30,
        "lastchangetime": "2023-04-24 20:07:31",
        "lastchangetime_iso8601": "2023-04-24T20:07:31Z",
        "codec": "MP3",
        "bitrate": 320,
        "hls": 0,
        "lastcheckok": 1,
        "lastchecktime": "2023-07-08 21:36:37",
        "lastchecktime_iso8601": "2023-07-08T21:36:37Z",
        "lastcheckoktime": "2023-07-08 21:36:37",
        "lastcheckoktime_iso8601": "2023-07-08T21:36:37Z",
        "lastlocalchecktime": "2023-07-08 21:36:37",
        "lastlocalchecktime_iso8601": "2023-07-08T21:36:37Z",
        "clicktimestamp": "2023-07-09 12:32:20",
        "clicktimestamp_iso8601": "2023-07-09T12:32:20Z",
        "clickcount": 18,
        "clicktrend": 3,
        "ssl_error": 0,
        "geo_lat": 47.01958886438217,
        "geo_long": 28.850784301757816,
        "has_extended_info": false
    },
    {
        "changeuuid": "9648fafc-0508-4913-adc6-571b888eee04",
        "stationuuid": "414206f4-2c4c-446c-b7c1-9f38eac842cb",
        "serveruuid": "0dfa959e-5984-49f8-b54c-c6d7dee9ed64",
        "name": "Radio Moldova Tineret",
        "url": "http://radiolive.trm.md:8000/RM-Tineret-320",
        "url_resolved": "http://radiolive.trm.md:8000/RM-Tineret-320",
        "homepage": "https://trm.md/ro/radio-moldova-tineret",
        "favicon": "https://topradio.me/assets/image/radio/180/moldova-tineret-radio.jpg",
        "tags": "dance,hits,new music,pop,student,teen,youth",
        "country": "The Republic Of Moldova",
        "countrycode": "MD",
        "iso_3166_2": null,
        "state": "",
        "language": "moldovian,romanian",
        "languagecodes": "ro",
        "votes": 23,
        "lastchangetime": "2023-04-15 00:40:59",
        "lastchangetime_iso8601": "2023-04-15T00:40:59Z",
        "codec": "MP3",
        "bitrate": 320,
        "hls": 0,
        "lastcheckok": 1,
        "lastchecktime": "2023-07-09 05:25:12",
        "lastchecktime_iso8601": "2023-07-09T05:25:12Z",
        "lastcheckoktime": "2023-07-09 05:25:12",
        "lastcheckoktime_iso8601": "2023-07-09T05:25:12Z",
        "lastlocalchecktime": "2023-07-09 05:25:12",
        "lastlocalchecktime_iso8601": "2023-07-09T05:25:12Z",
        "clicktimestamp": "2023-07-08 15:23:55",
        "clicktimestamp_iso8601": "2023-07-08T15:23:55Z",
        "clickcount": 13,
        "clicktrend": 1,
        "ssl_error": 0,
        "geo_lat": null,
        "geo_long": null,
        "has_extended_info": false
    },
    {
        "changeuuid": "99263da4-7d47-4c36-bd82-397c429066cd",
        "stationuuid": "ad013d77-cdf0-42b0-ae73-a5c12347237b",
        "serveruuid": "2fde714b-76c7-4faf-9090-fce1d01d15f3",
        "name": "Radio ZUM 2",
        "url": "https://streams.radiozum.md/listen/zum2/ZUM2",
        "url_resolved": "https://streams.radiozum.md/listen/zum2/ZUM2",
        "homepage": "https://radiozum.md/",
        "favicon": "https://res.cloudinary.com/super7/image/upload/v1637683703/rz-api-prod/images/agnni2vhfudmfoun8vpg.png",
        "tags": "00s,10s,2000s,2010s,hits,pop",
        "country": "The Republic Of Moldova",
        "countrycode": "MD",
        "iso_3166_2": null,
        "state": "",
        "language": "moldovian,romanian",
        "languagecodes": "ro",
        "votes": 22,
        "lastchangetime": "2023-04-14 23:44:46",
        "lastchangetime_iso8601": "2023-04-14T23:44:46Z",
        "codec": "AAC",
        "bitrate": 128,
        "hls": 0,
        "lastcheckok": 1,
        "lastchecktime": "2023-07-09 07:05:13",
        "lastchecktime_iso8601": "2023-07-09T07:05:13Z",
        "lastcheckoktime": "2023-07-09 07:05:13",
        "lastcheckoktime_iso8601": "2023-07-09T07:05:13Z",
        "lastlocalchecktime": "2023-07-09 07:05:13",
        "lastlocalchecktime_iso8601": "2023-07-09T07:05:13Z",
        "clicktimestamp": "2023-07-05 08:52:45",
        "clicktimestamp_iso8601": "2023-07-05T08:52:45Z",
        "clickcount": 10,
        "clicktrend": 0,
        "ssl_error": 0,
        "geo_lat": null,
        "geo_long": null,
        "has_extended_info": false
    },
    {
        "changeuuid": "9adf0966-9d12-4983-8653-2a20377d6586",
        "stationuuid": "d5d2b578-cefb-44e4-8196-a765f1a97355",
        "serveruuid": "b1f1f276-1bf3-48ec-867b-581f40f0b984",
        "name": "Radio Relax",
        "url": "https://stream.hitfm.md:8443/Relax_mp3_320",
        "url_resolved": "https://stream.hitfm.md:8443/Relax_mp3_320",
        "homepage": "https://www.radiorelax.md/",
        "favicon": "https://www.radiorelax.md/front-assets/favicon/apple-touch-icon.png",
        "tags": "chill,chillout,relax",
        "country": "The Republic Of Moldova",
        "countrycode": "MD",
        "iso_3166_2": null,
        "state": "",
        "language": "moldovian,romanian,russian",
        "languagecodes": "ro,ru",
        "votes": 22,
        "lastchangetime": "2023-04-16 23:06:51",
        "lastchangetime_iso8601": "2023-04-16T23:06:51Z",
        "codec": "MP3",
        "bitrate": 320,
        "hls": 0,
        "lastcheckok": 1,
        "lastchecktime": "2023-07-09 06:11:51",
        "lastchecktime_iso8601": "2023-07-09T06:11:51Z",
        "lastcheckoktime": "2023-07-09 06:11:51",
        "lastcheckoktime_iso8601": "2023-07-09T06:11:51Z",
        "lastlocalchecktime": "2023-07-09 06:11:51",
        "lastlocalchecktime_iso8601": "2023-07-09T06:11:51Z",
        "clicktimestamp": "2023-07-09 13:02:42",
        "clicktimestamp_iso8601": "2023-07-09T13:02:42Z",
        "clickcount": 22,
        "clicktrend": 1,
        "ssl_error": 0,
        "geo_lat": null,
        "geo_long": null,
        "has_extended_info": false
    },
    {
        "changeuuid": "bec66737-56e3-4083-af76-47538074e3e6",
        "stationuuid": "ef7e6372-87d6-426e-bced-e2fa92401666",
        "serveruuid": "98ddef07-1785-4d92-bee6-4983ec415201",
        "name": "Radio RFI Moldova",
        "url": "https://asculta.radiorfi.ro/live.mp3",
        "url_resolved": "https://asculta.radiorfi.ro/live.mp3",
        "homepage": "http://www.rfi.ro/r-moldova",
        "favicon": "",
        "tags": "",
        "country": "The Republic Of Moldova",
        "countrycode": "MD",
        "iso_3166_2": null,
        "state": "",
        "language": "english,french,romanian",
        "languagecodes": "en,fr,ro",
        "votes": 20,
        "lastchangetime": "2023-04-24 20:29:04",
        "lastchangetime_iso8601": "2023-04-24T20:29:04Z",
        "codec": "MP3",
        "bitrate": 128,
        "hls": 0,
        "lastcheckok": 1,
        "lastchecktime": "2023-07-09 03:05:16",
        "lastchecktime_iso8601": "2023-07-09T03:05:16Z",
        "lastcheckoktime": "2023-07-09 03:05:16",
        "lastcheckoktime_iso8601": "2023-07-09T03:05:16Z",
        "lastlocalchecktime": "2023-07-09 03:05:16",
        "lastlocalchecktime_iso8601": "2023-07-09T03:05:16Z",
        "clicktimestamp": "2023-07-09 01:13:38",
        "clicktimestamp_iso8601": "2023-07-09T01:13:38Z",
        "clickcount": 21,
        "clicktrend": -1,
        "ssl_error": 0,
        "geo_lat": 47.00647991252098,
        "geo_long": 28.86245727539063,
        "has_extended_info": false
    },
    {
        "changeuuid": "8459aca7-ccc3-4c61-b1f2-36cc2524a5f3",
        "stationuuid": "92b99738-5c8f-4450-9f19-c8f0ca235559",
        "serveruuid": "094861e7-2957-47b7-8744-72459c16c795",
        "name": "Radio Record Moldova",
        "url": "http://212.56.220.74:8000/RecordMD",
        "url_resolved": "http://212.56.220.74:8000/RecordMD",
        "homepage": "https://radiorecord.md/",
        "favicon": "https://radiorecord.md/images/rlogowhite.png",
        "tags": "dance,dance pop,electronic,house,new music",
        "country": "The Republic Of Moldova",
        "countrycode": "MD",
        "iso_3166_2": null,
        "state": "Chi\u0219in\u0103u",
        "language": "moldovian,romanian,russian",
        "languagecodes": "ro,ru",
        "votes": 18,
        "lastchangetime": "2023-04-15 01:05:57",
        "lastchangetime_iso8601": "2023-04-15T01:05:57Z",
        "codec": "AAC+",
        "bitrate": 128,
        "hls": 0,
        "lastcheckok": 1,
        "lastchecktime": "2023-07-09 06:00:25",
        "lastchecktime_iso8601": "2023-07-09T06:00:25Z",
        "lastcheckoktime": "2023-07-09 06:00:25",
        "lastcheckoktime_iso8601": "2023-07-09T06:00:25Z",
        "lastlocalchecktime": "2023-07-09 06:00:25",
        "lastlocalchecktime_iso8601": "2023-07-09T06:00:25Z",
        "clicktimestamp": "2023-07-08 14:58:36",
        "clicktimestamp_iso8601": "2023-07-08T14:58:36Z",
        "clickcount": 22,
        "clicktrend": 0,
        "ssl_error": 0,
        "geo_lat": null,
        "geo_long": null,
        "has_extended_info": false
    },
    {
        "changeuuid": "5dad167f-c61a-44e1-a6bb-d0d1e9956e66",
        "stationuuid": "1ba80bf1-109f-421a-a99f-f5cd01c6772b",
        "serveruuid": "a310d746-f1ba-4272-a836-a5a43db2f29a",
        "name": "Vocea Basarabiei Radio",
        "url": "https://storage.voceabasarabiei.md:8001/radiovb_aac",
        "url_resolved": "https://storage.voceabasarabiei.md:8001/radiovb_aac",
        "homepage": "http://voceabasarabiei.md/",
        "favicon": "http://voceabasarabiei.md/favicon.ico",
        "tags": "",
        "country": "The Republic Of Moldova",
        "countrycode": "MD",
        "iso_3166_2": null,
        "state": "",
        "language": "moldovian",
        "languagecodes": "",
        "votes": 15,
        "lastchangetime": "2023-04-24 20:02:58",
        "lastchangetime_iso8601": "2023-04-24T20:02:58Z",
        "codec": "AAC",
        "bitrate": 64,
        "hls": 0,
        "lastcheckok": 1,
        "lastchecktime": "2023-07-09 05:15:35",
        "lastchecktime_iso8601": "2023-07-09T05:15:35Z",
        "lastcheckoktime": "2023-07-09 05:15:35",
        "lastcheckoktime_iso8601": "2023-07-09T05:15:35Z",
        "lastlocalchecktime": "2023-07-09 05:15:35",
        "lastlocalchecktime_iso8601": "2023-07-09T05:15:35Z",
        "clicktimestamp": "2023-07-09 04:57:40",
        "clicktimestamp_iso8601": "2023-07-09T04:57:40Z",
        "clickcount": 17,
        "clicktrend": 2,
        "ssl_error": 0,
        "geo_lat": 47.01397113616876,
        "geo_long": 28.85971069335938,
        "has_extended_info": false
    },
    {
        "changeuuid": "1b8fb1a0-3a44-4e02-bb2d-62ae8f419270",
        "stationuuid": "835c1306-01f8-4291-ac6d-623739c9b891",
        "serveruuid": "2fde714b-76c7-4faf-9090-fce1d01d15f3",
        "name": "Radio ZUM 1",
        "url": "https://streams.radiozum.md/listen/zum1/ZUM1",
        "url_resolved": "https://streams.radiozum.md/listen/zum1/ZUM1",
        "homepage": "https://radiozum.md/",
        "favicon": "https://res.cloudinary.com/super7/image/upload/v1637683737/rz-api-prod/images/pqthijlqa2bx6kmlajt6.png",
        "tags": "dance,hits,new,new music,pop",
        "country": "The Republic Of Moldova",
        "countrycode": "MD",
        "iso_3166_2": null,
        "state": "",
        "language": "moldovian,romanian",
        "languagecodes": "ro",
        "votes": 13,
        "lastchangetime": "2023-04-14 23:44:46",
        "lastchangetime_iso8601": "2023-04-14T23:44:46Z",
        "codec": "AAC",
        "bitrate": 128,
        "hls": 0,
        "lastcheckok": 1,
        "lastchecktime": "2023-07-09 03:54:10",
        "lastchecktime_iso8601": "2023-07-09T03:54:10Z",
        "lastcheckoktime": "2023-07-09 03:54:10",
        "lastcheckoktime_iso8601": "2023-07-09T03:54:10Z",
        "lastlocalchecktime": "2023-07-09 03:54:10",
        "lastlocalchecktime_iso8601": "2023-07-09T03:54:10Z",
        "clicktimestamp": "2023-07-09 08:13:14",
        "clicktimestamp_iso8601": "2023-07-09T08:13:14Z",
        "clickcount": 11,
        "clicktrend": 0,
        "ssl_error": 0,
        "geo_lat": null,
        "geo_long": null,
        "has_extended_info": false
    },
    {
        "changeuuid": "56c65a08-aa9e-44ec-b453-ef21036425b3",
        "stationuuid": "78160e93-0a17-49ff-9903-7f97c0e501c5",
        "serveruuid": "446d0c60-1e10-4d82-a43a-fb69e65279fb",
        "name": "Drive FM",
        "url": "http://109.185.236.241:8000/DriveFM",
        "url_resolved": "http://109.185.236.241:8000/DriveFM",
        "homepage": "http://drivefm.md/",
        "favicon": "",
        "tags": "hits",
        "country": "The Republic Of Moldova",
        "countrycode": "MD",
        "iso_3166_2": null,
        "state": "",
        "language": "english,romanian,russian",
        "languagecodes": "en,ro,ru",
        "votes": 13,
        "lastchangetime": "2023-04-24 20:40:53",
        "lastchangetime_iso8601": "2023-04-24T20:40:53Z",
        "codec": "MP3",
        "bitrate": 320,
        "hls": 0,
        "lastcheckok": 1,
        "lastchecktime": "2023-07-08 22:04:05",
        "lastchecktime_iso8601": "2023-07-08T22:04:05Z",
        "lastcheckoktime": "2023-07-08 22:04:05",
        "lastcheckoktime_iso8601": "2023-07-08T22:04:05Z",
        "lastlocalchecktime": "2023-07-08 20:25:57",
        "lastlocalchecktime_iso8601": "2023-07-08T20:25:57Z",
        "clicktimestamp": "2023-07-08 20:30:34",
        "clicktimestamp_iso8601": "2023-07-08T20:30:34Z",
        "clickcount": 12,
        "clicktrend": 0,
        "ssl_error": 0,
        "geo_lat": 47.01771635397925,
        "geo_long": 28.84597778320313,
        "has_extended_info": false
    },
    {
        "changeuuid": "803c2b1a-318f-40ac-b227-0bd81771e7f0",
        "stationuuid": "f88df68e-d21e-4db8-b889-bff3403eec87",
        "serveruuid": "2fde714b-76c7-4faf-9090-fce1d01d15f3",
        "name": "Radio ZUM 3",
        "url": "https://streams.radiozum.md/listen/zum3/ZUM3",
        "url_resolved": "https://streams.radiozum.md/listen/zum3/ZUM3",
        "homepage": "https://radiozum.md/",
        "favicon": "https://res.cloudinary.com/super7/image/upload/v1637683597/rz-api-prod/images/smgjtablhq8zrt9ww2vy.png",
        "tags": "international,world,world music",
        "country": "The Republic Of Moldova",
        "countrycode": "MD",
        "iso_3166_2": null,
        "state": "",
        "language": "moldovian,romanian",
        "languagecodes": "ro",
        "votes": 11,
        "lastchangetime": "2023-04-14 23:49:51",
        "lastchangetime_iso8601": "2023-04-14T23:49:51Z",
        "codec": "AAC",
        "bitrate": 128,
        "hls": 0,
        "lastcheckok": 1,
        "lastchecktime": "2023-07-09 03:50:43",
        "lastchecktime_iso8601": "2023-07-09T03:50:43Z",
        "lastcheckoktime": "2023-07-09 03:50:43",
        "lastcheckoktime_iso8601": "2023-07-09T03:50:43Z",
        "lastlocalchecktime": "2023-07-09 03:50:43",
        "lastlocalchecktime_iso8601": "2023-07-09T03:50:43Z",
        "clicktimestamp": "2023-07-09 08:09:54",
        "clicktimestamp_iso8601": "2023-07-09T08:09:54Z",
        "clickcount": 10,
        "clicktrend": 2,
        "ssl_error": 0,
        "geo_lat": null,
        "geo_long": null,
        "has_extended_info": false
    },
    {
        "changeuuid": "dc20716d-ebcb-47b6-a7b1-5f76fb69a563",
        "stationuuid": "0ac7a04c-9c37-41f8-9335-258529aae238",
        "serveruuid": "30508580-4e29-4966-b9fc-d8efdce31a2b",
        "name": "Radio Vocea Sperantei Moldova",
        "url": "https://www.radio.md/stream/voceasperantei",
        "url_resolved": "https://www.radio.md/stream/voceasperantei",
        "homepage": "http://rvs.md/",
        "favicon": "http://rvs.md/favicon.ico",
        "tags": "catholic",
        "country": "The Republic Of Moldova",
        "countrycode": "MD",
        "iso_3166_2": null,
        "state": "",
        "language": "romanian",
        "languagecodes": "ro",
        "votes": 10,
        "lastchangetime": "2023-05-25 22:02:02",
        "lastchangetime_iso8601": "2023-05-25T22:02:02Z",
        "codec": "MP3",
        "bitrate": 320,
        "hls": 0,
        "lastcheckok": 1,
        "lastchecktime": "2023-07-09 06:51:08",
        "lastchecktime_iso8601": "2023-07-09T06:51:08Z",
        "lastcheckoktime": "2023-07-09 06:51:08",
        "lastcheckoktime_iso8601": "2023-07-09T06:51:08Z",
        "lastlocalchecktime": "2023-07-09 06:51:08",
        "lastlocalchecktime_iso8601": "2023-07-09T06:51:08Z",
        "clicktimestamp": "2023-07-08 15:28:03",
        "clicktimestamp_iso8601": "2023-07-08T15:28:03Z",
        "clickcount": 7,
        "clicktrend": 1,
        "ssl_error": 0,
        "geo_lat": 47.002733906678834,
        "geo_long": 28.868637084960938,
        "has_extended_info": false
    },
    {
        "changeuuid": "98cb8134-6398-4ef4-843d-24fd7ba96973",
        "stationuuid": "5b74f9f4-5d24-4069-9167-618465315661",
        "serveruuid": "5e367abd-0b82-4ad0-af43-79a5f17fd2c4",
        "name": "Radio Studentus",
        "url": "http://radiolive.studentus.md:8000/live",
        "url_resolved": "http://radiolive.studentus.md:8000/live",
        "homepage": "http://studentus.md/",
        "favicon": "",
        "tags": "hits",
        "country": "The Republic Of Moldova",
        "countrycode": "MD",
        "iso_3166_2": null,
        "state": "",
        "language": "moldovian",
        "languagecodes": "",
        "votes": 8,
        "lastchangetime": "2023-04-24 20:07:09",
        "lastchangetime_iso8601": "2023-04-24T20:07:09Z",
        "codec": "MP3",
        "bitrate": 128,
        "hls": 0,
        "lastcheckok": 1,
        "lastchecktime": "2023-07-08 22:25:44",
        "lastchecktime_iso8601": "2023-07-08T22:25:44Z",
        "lastcheckoktime": "2023-07-08 22:25:44",
        "lastcheckoktime_iso8601": "2023-07-08T22:25:44Z",
        "lastlocalchecktime": "2023-07-08 22:25:44",
        "lastlocalchecktime_iso8601": "2023-07-08T22:25:44Z",
        "clicktimestamp": "2023-07-08 21:41:54",
        "clicktimestamp_iso8601": "2023-07-08T21:41:54Z",
        "clickcount": 10,
        "clicktrend": 1,
        "ssl_error": 0,
        "geo_lat": 47.023333688184934,
        "geo_long": 28.84803771972657,
        "has_extended_info": false
    },
    {
        "changeuuid": "d1af333a-2119-4f99-aeaf-27db1000369b",
        "stationuuid": "272507fc-f3b7-4a10-a280-7da26bafb901",
        "serveruuid": "08c82ae1-5fed-462b-a24f-717ae641f4c2",
        "name": "Megapolis FM Moldova",
        "url": "https://megapolisfm.md:8443/886",
        "url_resolved": "https://megapolisfm.md:8443/886",
        "homepage": "http://megapolisfm.md/",
        "favicon": "http://megapolisfm.md/templates/images/favicon/favicon-120x120.png",
        "tags": "classic hits,contemporary hits",
        "country": "The Republic Of Moldova",
        "countrycode": "MD",
        "iso_3166_2": null,
        "state": "",
        "language": "moldovian",
        "languagecodes": "",
        "votes": 7,
        "lastchangetime": "2023-04-24 19:57:41",
        "lastchangetime_iso8601": "2023-04-24T19:57:41Z",
        "codec": "MP3",
        "bitrate": 128,
        "hls": 0,
        "lastcheckok": 1,
        "lastchecktime": "2023-07-09 06:08:06",
        "lastchecktime_iso8601": "2023-07-09T06:08:06Z",
        "lastcheckoktime": "2023-07-09 06:08:06",
        "lastcheckoktime_iso8601": "2023-07-09T06:08:06Z",
        "lastlocalchecktime": "2023-07-09 06:08:06",
        "lastlocalchecktime_iso8601": "2023-07-09T06:08:06Z",
        "clicktimestamp": "2023-07-05 19:22:46",
        "clicktimestamp_iso8601": "2023-07-05T19:22:46Z",
        "clickcount": 8,
        "clicktrend": 0,
        "ssl_error": 0,
        "geo_lat": 47.01116205043071,
        "geo_long": 28.85490417480469,
        "has_extended_info": false
    },
    {
        "changeuuid": "a2d7077e-96ea-4446-b914-de7a7a56c30a",
        "stationuuid": "2360b2f9-95b9-4c83-9f8a-3e64faeae46a",
        "serveruuid": "a310d746-f1ba-4272-a836-a5a43db2f29a",
        "name": "Radio Vocea Basarabiei ",
        "url": "https://storage.voceabasarabiei.md:8001/radiovb_aac",
        "url_resolved": "https://storage.voceabasarabiei.md:8001/radiovb_aac",
        "homepage": "https://voceabasarabiei.md/",
        "favicon": "https://voceabasarabiei.md/wp-content/uploads/2022/07/logo-corectat-300x65.png",
        "tags": "hits,music,news,pop,talk",
        "country": "The Republic Of Moldova",
        "countrycode": "MD",
        "iso_3166_2": null,
        "state": "",
        "language": "moldovian,romanian",
        "languagecodes": "ro",
        "votes": 5,
        "lastchangetime": "2023-04-16 22:21:12",
        "lastchangetime_iso8601": "2023-04-16T22:21:12Z",
        "codec": "AAC",
        "bitrate": 64,
        "hls": 0,
        "lastcheckok": 1,
        "lastchecktime": "2023-07-09 00:14:08",
        "lastchecktime_iso8601": "2023-07-09T00:14:08Z",
        "lastcheckoktime": "2023-07-09 00:14:08",
        "lastcheckoktime_iso8601": "2023-07-09T00:14:08Z",
        "lastlocalchecktime": "2023-07-08 19:21:56",
        "lastlocalchecktime_iso8601": "2023-07-08T19:21:56Z",
        "clicktimestamp": "2023-07-09 08:06:46",
        "clicktimestamp_iso8601": "2023-07-09T08:06:46Z",
        "clickcount": 21,
        "clicktrend": 1,
        "ssl_error": 0,
        "geo_lat": null,
        "geo_long": null,
        "has_extended_info": false
    },
    {
        "changeuuid": "ada0d09f-8a49-40bf-a2d6-a0ad46495dd8",
        "stationuuid": "86217563-660f-49ae-8822-18f31cbb2889",
        "serveruuid": "544c4a48-59bc-42db-adda-04cf7a944143",
        "name": "Radio Logos",
        "url": "http://asculta.logos.md:10000/live256.m3u",
        "url_resolved": "http://asculta.logos.md:10000/live256",
        "homepage": "http://radio.logos.md/",
        "favicon": "",
        "tags": "",
        "country": "The Republic Of Moldova",
        "countrycode": "MD",
        "iso_3166_2": null,
        "state": "",
        "language": "greek,romanian,russian",
        "languagecodes": "el,ro,ru",
        "votes": 5,
        "lastchangetime": "2023-07-02 09:24:44",
        "lastchangetime_iso8601": "2023-07-02T09:24:44Z",
        "codec": "MP3",
        "bitrate": 256,
        "hls": 0,
        "lastcheckok": 1,
        "lastchecktime": "2023-07-09 09:30:49",
        "lastchecktime_iso8601": "2023-07-09T09:30:49Z",
        "lastcheckoktime": "2023-07-09 09:30:49",
        "lastcheckoktime_iso8601": "2023-07-09T09:30:49Z",
        "lastlocalchecktime": "2023-07-08 23:50:42",
        "lastlocalchecktime_iso8601": "2023-07-08T23:50:42Z",
        "clicktimestamp": "2023-07-08 20:25:32",
        "clicktimestamp_iso8601": "2023-07-08T20:25:32Z",
        "clickcount": 13,
        "clicktrend": 2,
        "ssl_error": 0,
        "geo_lat": 47.02858346190763,
        "geo_long": 28.83843844688632,
        "has_extended_info": false
    },
    {
        "changeuuid": "ecfdf67f-e113-4315-aa6b-9cb34f40aca2",
        "stationuuid": "32cbdc2a-3e4e-4160-9eb3-ceeef61316ab",
        "serveruuid": "e02b8c50-ea64-435a-8e7a-d6f4117a55ce",
        "name": "Love Radio Moldova",
        "url": "http://37.233.41.76:8000/lovefm",
        "url_resolved": "http://37.233.41.76:8000/lovefm",
        "homepage": "http://loveradio.md/",
        "favicon": "",
        "tags": "",
        "country": "The Republic Of Moldova",
        "countrycode": "MD",
        "iso_3166_2": null,
        "state": "",
        "language": "english,romanian",
        "languagecodes": "en,ro",
        "votes": 5,
        "lastchangetime": "2023-04-24 20:25:56",
        "lastchangetime_iso8601": "2023-04-24T20:25:56Z",
        "codec": "MP3",
        "bitrate": 320,
        "hls": 0,
        "lastcheckok": 1,
        "lastchecktime": "2023-07-08 22:04:05",
        "lastchecktime_iso8601": "2023-07-08T22:04:05Z",
        "lastcheckoktime": "2023-07-08 22:04:05",
        "lastcheckoktime_iso8601": "2023-07-08T22:04:05Z",
        "lastlocalchecktime": "2023-07-08 21:39:43",
        "lastlocalchecktime_iso8601": "2023-07-08T21:39:43Z",
        "clicktimestamp": "2023-07-09 08:09:49",
        "clicktimestamp_iso8601": "2023-07-09T08:09:49Z",
        "clickcount": 9,
        "clicktrend": 1,
        "ssl_error": 0,
        "geo_lat": 47.021929410040514,
        "geo_long": 28.843574523925785,
        "has_extended_info": false
    },
    {
        "changeuuid": "9501c221-f1cb-4173-b7e4-f3e4f4282c80",
        "stationuuid": "e2b9db0a-f552-46fe-a2d0-31e5ddf4a64e",
        "serveruuid": "544c4a48-59bc-42db-adda-04cf7a944143",
        "name": "Radio Logos",
        "url": "http://asculta.logos.md:10000/live.m3u",
        "url_resolved": "http://asculta.logos.md:10000/live",
        "homepage": "http://radio.logos.md/",
        "favicon": "http://radio.logos.md/wp-content/uploads/2017/02/button.jpg",
        "tags": "",
        "country": "The Republic Of Moldova",
        "countrycode": "MD",
        "iso_3166_2": null,
        "state": "",
        "language": "greek,romanian,russian",
        "languagecodes": "el,ro,ru",
        "votes": 1,
        "lastchangetime": "2023-07-01 09:41:39",
        "lastchangetime_iso8601": "2023-07-01T09:41:39Z",
        "codec": "MP3",
        "bitrate": 96,
        "hls": 0,
        "lastcheckok": 1,
        "lastchecktime": "2023-07-09 09:45:58",
        "lastchecktime_iso8601": "2023-07-09T09:45:58Z",
        "lastcheckoktime": "2023-07-09 09:45:58",
        "lastcheckoktime_iso8601": "2023-07-09T09:45:58Z",
        "lastlocalchecktime": "2023-07-09 00:36:24",
        "lastlocalchecktime_iso8601": "2023-07-09T00:36:24Z",
        "clicktimestamp": "2023-07-09 08:11:18",
        "clicktimestamp_iso8601": "2023-07-09T08:11:18Z",
        "clickcount": 9,
        "clicktrend": 3,
        "ssl_error": 0,
        "geo_lat": 46.84303217458005,
        "geo_long": 28.76141388825448,
        "has_extended_info": false
    },
    {
        "changeuuid": "f1469c26-9aa1-4262-ba62-81414d5d46b0",
        "stationuuid": "8760624a-d50f-4227-9c9f-ae0922f0eb21",
        "serveruuid": "b1f1f276-1bf3-48ec-867b-581f40f0b984",
        "name": "Radio Relax Moldova",
        "url": "https://stream.hitfm.md:8443/Relax_mp3_320",
        "url_resolved": "https://stream.hitfm.md:8443/Relax_mp3_320",
        "homepage": "http://radiorelax.md/",
        "favicon": "https://www.radiorelax.md/front-assets/favicon/apple-touch-icon.png",
        "tags": "",
        "country": "The Republic Of Moldova",
        "countrycode": "MD",
        "iso_3166_2": null,
        "state": "",
        "language": "romanian",
        "languagecodes": "ro",
        "votes": 1,
        "lastchangetime": "2023-04-24 20:21:18",
        "lastchangetime_iso8601": "2023-04-24T20:21:18Z",
        "codec": "MP3",
        "bitrate": 320,
        "hls": 0,
        "lastcheckok": 1,
        "lastchecktime": "2023-07-09 05:59:11",
        "lastchecktime_iso8601": "2023-07-09T05:59:11Z",
        "lastcheckoktime": "2023-07-09 05:59:11",
        "lastcheckoktime_iso8601": "2023-07-09T05:59:11Z",
        "lastlocalchecktime": "2023-07-09 05:59:11",
        "lastlocalchecktime_iso8601": "2023-07-09T05:59:11Z",
        "clicktimestamp": "2023-07-04 15:15:00",
        "clicktimestamp_iso8601": "2023-07-04T15:15:00Z",
        "clickcount": 6,
        "clicktrend": 0,
        "ssl_error": 0,
        "geo_lat": 47.023333688184934,
        "geo_long": 28.850784301757816,
        "has_extended_info": false
    },
    {
        "changeuuid": "e30ddc74-fa55-4916-857b-f9fbb79f6a75",
        "stationuuid": "52ae3cfd-a4eb-4291-a32a-3378ab4c9945",
        "serveruuid": "e965316f-3c67-4da7-8f50-7655186f838f",
        "name": "RU Radio",
        "url": "http://live.ruradio.md:8000/ruradio",
        "url_resolved": "http://live.ruradio.md:8000/ruradio",
        "homepage": "https://ruradio.md/",
        "favicon": "",
        "tags": "dance,hits,top40",
        "country": "The Republic Of Moldova",
        "countrycode": "MD",
        "iso_3166_2": null,
        "state": "",
        "language": "english/russian",
        "languagecodes": "",
        "votes": 0,
        "lastchangetime": "2023-05-15 23:31:50",
        "lastchangetime_iso8601": "2023-05-15T23:31:50Z",
        "codec": "MP3",
        "bitrate": 128,
        "hls": 0,
        "lastcheckok": 1,
        "lastchecktime": "2023-07-09 07:37:19",
        "lastchecktime_iso8601": "2023-07-09T07:37:19Z",
        "lastcheckoktime": "2023-07-09 07:37:19",
        "lastcheckoktime_iso8601": "2023-07-09T07:37:19Z",
        "lastlocalchecktime": "2023-07-09 07:37:19",
        "lastlocalchecktime_iso8601": "2023-07-09T07:37:19Z",
        "clicktimestamp": "2023-07-05 07:40:55",
        "clicktimestamp_iso8601": "2023-07-05T07:40:55Z",
        "clickcount": 4,
        "clicktrend": 0,
        "ssl_error": 0,
        "geo_lat": null,
        "geo_long": null,
        "has_extended_info": false
    },
    {
        "changeuuid": "01f10b1c-4d6a-4159-8dbb-dbd4b682eaf6",
        "stationuuid": "d1c740e8-38b9-4ab8-a78a-8b8ac8529489",
        "serveruuid": "8c997bfd-5988-4b93-9c72-b356eb4b43a9",
        "name": "Radio One Moldova",
        "url": "http://live.maestrofm.md:8000/r1",
        "url_resolved": "http://live.maestrofm.md:8000/r1",
        "homepage": "http://www.radio1.md/",
        "favicon": "",
        "tags": "moldova,radio one moldova,rock",
        "country": "The Republic Of Moldova",
        "countrycode": "MD",
        "iso_3166_2": null,
        "state": "Chi\u0219in\u0103u",
        "language": "",
        "languagecodes": "",
        "votes": 8,
        "lastchangetime": "2023-10-24 11:51:26",
        "lastchangetime_iso8601": "2023-10-24T11:51:26Z",
        "codec": "MP3",
        "bitrate": 320,
        "hls": 0,
        "lastcheckok": 1,
        "lastchecktime": "2023-11-07 15:00:01",
        "lastchecktime_iso8601": "2023-11-07T15:00:01Z",
        "lastcheckoktime": "2023-11-07 15:00:01",
        "lastcheckoktime_iso8601": "2023-11-07T15:00:01Z",
        "lastlocalchecktime": "2023-11-07 15:00:01",
        "lastlocalchecktime_iso8601": "2023-11-07T15:00:01Z",
        "clicktimestamp": "2023-11-06 16:17:59",
        "clicktimestamp_iso8601": "2023-11-06T16:17:59Z",
        "clickcount": 7,
        "clicktrend": -2,
        "ssl_error": 0,
        "geo_lat": 47.0149594024844,
        "geo_long": 28.854976978184457,
        "has_extended_info": false
    },
    {
        "changeuuid": "1a25c425-a842-4d17-bbe7-b27766e3882b",
        "stationuuid": "c27d1314-f31b-47d1-81b4-7e821102f50a",
        "serveruuid": "1efad0be-363d-4237-9190-9e3e43438d42",
        "name": "Radio ROKS Moldova",
        "url": "https://stream.dixi.md:9443/Roks",
        "url_resolved": "https://stream.dixi.md:9443/Roks",
        "homepage": "https://www.radioroks.md/",
        "favicon": "https://www.radioroks.md/front-assets/img/logo/logo-roks-new.svg",
        "tags": "",
        "country": "The Republic Of Moldova",
        "countrycode": "MD",
        "iso_3166_2": null,
        "state": "Chi\u0219in\u0103u",
        "language": "romanian",
        "languagecodes": "ro",
        "votes": 4,
        "lastchangetime": "2023-11-04 17:07:49",
        "lastchangetime_iso8601": "2023-11-04T17:07:49Z",
        "codec": "AAC",
        "bitrate": 128,
        "hls": 0,
        "lastcheckok": 1,
        "lastchecktime": "2023-11-07 17:39:11",
        "lastchecktime_iso8601": "2023-11-07T17:39:11Z",
        "lastcheckoktime": "2023-11-07 17:39:11",
        "lastcheckoktime_iso8601": "2023-11-07T17:39:11Z",
        "lastlocalchecktime": "2023-11-07 09:20:13",
        "lastlocalchecktime_iso8601": "2023-11-07T09:20:13Z",
        "clicktimestamp": "2023-11-05 18:07:57",
        "clicktimestamp_iso8601": "2023-11-05T18:07:57Z",
        "clickcount": 11,
        "clicktrend": 0,
        "ssl_error": 0,
        "geo_lat": null,
        "geo_long": null,
        "has_extended_info": false
    },
    {
        "changeuuid": "cc516656-4e5a-460c-baa1-70159e06e0bd",
        "stationuuid": "5306033e-8ae2-4e29-82a5-70045a0994ed",
        "serveruuid": "1efad0be-363d-4237-9190-9e3e43438d42",
        "name": "Radio ROKS Moldova",
        "url": "https://stream.dixi.md:9443/Roks",
        "url_resolved": "https://stream.dixi.md:9443/Roks",
        "homepage": "https://www.radioroks.md/",
        "favicon": "https://www.radioroks.md/front-assets/img/logo/logo-roks-new.svg",
        "tags": "moldova,radio roks,radio roks moldova,rock",
        "country": "The Republic Of Moldova",
        "countrycode": "MD",
        "iso_3166_2": null,
        "state": "Chi\u0219in\u0103u",
        "language": "romanian",
        "languagecodes": "ro",
        "votes": 3,
        "lastchangetime": "2023-11-04 21:17:36",
        "lastchangetime_iso8601": "2023-11-04T21:17:36Z",
        "codec": "AAC",
        "bitrate": 128,
        "hls": 0,
        "lastcheckok": 1,
        "lastchecktime": "2023-11-07 13:26:10",
        "lastchecktime_iso8601": "2023-11-07T13:26:10Z",
        "lastcheckoktime": "2023-11-07 13:26:10",
        "lastcheckoktime_iso8601": "2023-11-07T13:26:10Z",
        "lastlocalchecktime": "2023-11-07 13:26:10",
        "lastlocalchecktime_iso8601": "2023-11-07T13:26:10Z",
        "clicktimestamp": "2023-11-05 14:45:48",
        "clicktimestamp_iso8601": "2023-11-05T14:45:48Z",
        "clickcount": 6,
        "clicktrend": 0,
        "ssl_error": 0,
        "geo_lat": 47.01284752246169,
        "geo_long": 28.843928306568447,
        "has_extended_info": false
    },
    {
        "changeuuid": "cce94cdb-7c15-4e19-9812-939d93c68eaf",
        "stationuuid": "8551fc8f-51b8-45ba-b916-d5908939433b",
        "serveruuid": "8c997bfd-5988-4b93-9c72-b356eb4b43a9",
        "name": "Moldova Radio One ",
        "url": "http://live.maestrofm.md:8000/r1",
        "url_resolved": "http://live.maestrofm.md:8000/r1",
        "homepage": "https://radio1.md/",
        "favicon": "",
        "tags": "",
        "country": "The Republic Of Moldova",
        "countrycode": "MD",
        "iso_3166_2": null,
        "state": "Chi\u0219in\u0103u",
        "language": "english uk",
        "languagecodes": "",
        "votes": 2,
        "lastchangetime": "2023-09-25 19:32:38",
        "lastchangetime_iso8601": "2023-09-25T19:32:38Z",
        "codec": "MP3",
        "bitrate": 320,
        "hls": 0,
        "lastcheckok": 1,
        "lastchecktime": "2023-11-07 15:05:06",
        "lastchecktime_iso8601": "2023-11-07T15:05:06Z",
        "lastcheckoktime": "2023-11-07 15:05:06",
        "lastcheckoktime_iso8601": "2023-11-07T15:05:06Z",
        "lastlocalchecktime": "2023-11-07 15:05:06",
        "lastlocalchecktime_iso8601": "2023-11-07T15:05:06Z",
        "clicktimestamp": "2023-11-06 16:26:00",
        "clicktimestamp_iso8601": "2023-11-06T16:26:00Z",
        "clickcount": 9,
        "clicktrend": -2,
        "ssl_error": 0,
        "geo_lat": null,
        "geo_long": null,
        "has_extended_info": false
    },
    {
        "changeuuid": "f4e0efbc-87a7-4e1f-8d80-d0ac619facd0",
        "stationuuid": "2232f0da-4c55-4ee9-9412-443b7cc171e8",
        "serveruuid": "71fd1ada-e49e-4b2b-81f1-f2621b23fae6",
        "name": "Retro FM",
        "url": "http://retroserver.streamr.ru:8043/retro256.mp3",
        "url_resolved": "http://retroserver.streamr.ru:8043/retro256.mp3",
        "homepage": "https://retrofm.md/index.php?go=Content&id=415",
        "favicon": "",
        "tags": "retro fm",
        "country": "The Republic Of Moldova",
        "countrycode": "MD",
        "iso_3166_2": null,
        "state": "",
        "language": "",
        "languagecodes": "",
        "votes": 1,
        "lastchangetime": "2023-11-04 17:57:41",
        "lastchangetime_iso8601": "2023-11-04T17:57:41Z",
        "codec": "MP3",
        "bitrate": 256,
        "hls": 0,
        "lastcheckok": 1,
        "lastchecktime": "2023-11-07 18:01:59",
        "lastchecktime_iso8601": "2023-11-07T18:01:59Z",
        "lastcheckoktime": "2023-11-07 18:01:59",
        "lastcheckoktime_iso8601": "2023-11-07T18:01:59Z",
        "lastlocalchecktime": "2023-11-07 18:01:59",
        "lastlocalchecktime_iso8601": "2023-11-07T18:01:59Z",
        "clicktimestamp": "2023-11-07 17:04:48",
        "clicktimestamp_iso8601": "2023-11-07T17:04:48Z",
        "clickcount": 12,
        "clicktrend": 1,
        "ssl_error": 0,
        "geo_lat": null,
        "geo_long": null,
        "has_extended_info": false
    }
]