[
    {
        "changeuuid": "146ac784-2a60-4394-99a4-cce6d86fad91",
        "stationuuid": "96088746-0601-11e8-ae97-52543be04c81",
        "serveruuid": "3e06ee4f-4de6-46aa-922a-0e25bc58928f",
        "name": "Radio Svetigora",
        "url": "http://svetigoralive.com:8879/;",
        "url_resolved": "http://svetigoralive.com:8879/;",
        "homepage": "http://www.svetigora.com/",
        "favicon": "https://svetigora.com/wp-content/uploads/2017/08/cropped-svetigora_logo-3-150x150.png",
        "tags": "christian,orthodox,religion",
        "country": "Montenegro",
        "countrycode": "ME",
        "iso_3166_2": null,
        "state": "",
        "language": "serbian",
        "languagecodes": "sr",
        "votes": 324,
        "lastchangetime": "2023-02-23 05:58:34",
        "lastchangetime_iso8601": "2023-02-23T05:58:34Z",
        "codec": "AAC+",
        "bitrate": 96,
        "hls": 0,
        "lastcheckok": 1,
        "lastchecktime": "2023-04-08 08:40:02",
        "lastchecktime_iso8601": "2023-04-08T08:40:02Z",
        "lastcheckoktime": "2023-04-08 08:40:02",
        "lastcheckoktime_iso8601": "2023-04-08T08:40:02Z",
        "lastlocalchecktime": "2023-04-07 15:58:46",
        "lastlocalchecktime_iso8601": "2023-04-07T15:58:46Z",
        "clicktimestamp": "2023-04-08 10:03:00",
        "clicktimestamp_iso8601": "2023-04-08T10:03:00Z",
        "clickcount": 12,
        "clicktrend": 1,
        "ssl_error": 0,
        "geo_lat": null,
        "geo_long": null,
        "has_extended_info": false
    },
    {
        "changeuuid": "af4fc373-b005-4259-a11d-155acd1fc183",
        "stationuuid": "961e7b81-0601-11e8-ae97-52543be04c81",
        "serveruuid": "a66c38b5-9f96-4dca-8ac3-1c5900474751",
        "name": "Radio Herceg Novi 90.0 & 102.7",
        "url": "http://s2.voscast.com:10354/;stream1490674747632/1",
        "url_resolved": "http://s2.voscast.com:10354/;stream1490674747632/1",
        "homepage": "http://www.radiohercegnovi.net/",
        "favicon": "https://www.inspiralifes.com/slot-gacor/favicon.png",
        "tags": "pop",
        "country": "Montenegro",
        "countrycode": "ME",
        "iso_3166_2": null,
        "state": "",
        "language": "serbian",
        "languagecodes": "sr",
        "votes": 250,
        "lastchangetime": "2022-11-16 07:20:38",
        "lastchangetime_iso8601": "2022-11-16T07:20:38Z",
        "codec": "AAC+",
        "bitrate": 32,
        "hls": 0,
        "lastcheckok": 1,
        "lastchecktime": "2023-04-08 10:02:20",
        "lastchecktime_iso8601": "2023-04-08T10:02:20Z",
        "lastcheckoktime": "2023-04-08 10:02:20",
        "lastcheckoktime_iso8601": "2023-04-08T10:02:20Z",
        "lastlocalchecktime": "2023-04-08 08:07:15",
        "lastlocalchecktime_iso8601": "2023-04-08T08:07:15Z",
        "clicktimestamp": "2023-04-07 16:32:59",
        "clicktimestamp_iso8601": "2023-04-07T16:32:59Z",
        "clickcount": 13,
        "clicktrend": 2,
        "ssl_error": 0,
        "geo_lat": null,
        "geo_long": null,
        "has_extended_info": false
    },
    {
        "changeuuid": "e8998fab-c51b-4275-8017-c5d17c519133",
        "stationuuid": "961f1075-0601-11e8-ae97-52543be04c81",
        "serveruuid": "6af0f5bf-d652-4984-9d39-26a601ec8c22",
        "name": "Antena M",
        "url": "http://radioservis.me:8010/antenamlive",
        "url_resolved": "http://radioservis.me:8010/antenamlive",
        "homepage": "http://antenam.net/",
        "favicon": "",
        "tags": "",
        "country": "Montenegro",
        "countrycode": "ME",
        "iso_3166_2": null,
        "state": "Montenegro",
        "language": "",
        "languagecodes": "",
        "votes": 204,
        "lastchangetime": "2021-11-11 16:10:38",
        "lastchangetime_iso8601": "2021-11-11T16:10:38Z",
        "codec": "MP3",
        "bitrate": 128,
        "hls": 0,
        "lastcheckok": 1,
        "lastchecktime": "2023-04-07 22:38:28",
        "lastchecktime_iso8601": "2023-04-07T22:38:28Z",
        "lastcheckoktime": "2023-04-07 22:38:28",
        "lastcheckoktime_iso8601": "2023-04-07T22:38:28Z",
        "lastlocalchecktime": "2023-04-07 19:05:11",
        "lastlocalchecktime_iso8601": "2023-04-07T19:05:11Z",
        "clicktimestamp": "2023-04-08 11:55:59",
        "clicktimestamp_iso8601": "2023-04-08T11:55:59Z",
        "clickcount": 25,
        "clicktrend": -1,
        "ssl_error": 0,
        "geo_lat": null,
        "geo_long": null,
        "has_extended_info": false
    },
    {
        "changeuuid": "a8e69916-210d-4dbf-960f-c0b175d99c4d",
        "stationuuid": "58b3a30b-ba56-4cc1-880f-8b1657877810",
        "serveruuid": "b70c43b3-3325-473c-8fb9-7acc13f78ac9",
        "name": "Skadar",
        "url": "http://radioservis.me:8050/radioskadar",
        "url_resolved": "http://radioservis.me:8050/radioskadar",
        "homepage": "https://radioskadar.com/",
        "favicon": "https://radioskadar.com/favicon.ico",
        "tags": "international",
        "country": "Montenegro",
        "countrycode": "ME",
        "iso_3166_2": null,
        "state": "",
        "language": "",
        "languagecodes": "",
        "votes": 84,
        "lastchangetime": "2022-11-15 05:09:07",
        "lastchangetime_iso8601": "2022-11-15T05:09:07Z",
        "codec": "MP3",
        "bitrate": 320,
        "hls": 0,
        "lastcheckok": 1,
        "lastchecktime": "2023-04-07 21:05:08",
        "lastchecktime_iso8601": "2023-04-07T21:05:08Z",
        "lastcheckoktime": "2023-04-07 21:05:08",
        "lastcheckoktime_iso8601": "2023-04-07T21:05:08Z",
        "lastlocalchecktime": "2023-04-07 21:05:08",
        "lastlocalchecktime_iso8601": "2023-04-07T21:05:08Z",
        "clicktimestamp": "2023-04-08 08:24:52",
        "clicktimestamp_iso8601": "2023-04-08T08:24:52Z",
        "clickcount": 7,
        "clicktrend": 3,
        "ssl_error": 0,
        "geo_lat": null,
        "geo_long": null,
        "has_extended_info": false
    },
    {
        "changeuuid": "9291c8fb-394f-4b31-85e2-74b502c83074",
        "stationuuid": "07e11e1f-25da-4f7b-b4b0-d7b1294aff09",
        "serveruuid": "1a5fcde4-8163-4ca6-b82b-e03a922764ec",
        "name": "Radio D+ Podgorica",
        "url": "http://tachyon.shoutca.st:8303/xstream",
        "url_resolved": "http://tachyon.shoutca.st:8303/xstream",
        "homepage": "http://www.radiodplus.com/",
        "favicon": "",
        "tags": "muzicki",
        "country": "Montenegro",
        "countrycode": "ME",
        "iso_3166_2": null,
        "state": "",
        "language": "montenegrin",
        "languagecodes": "",
        "votes": 56,
        "lastchangetime": "2022-11-12 08:31:07",
        "lastchangetime_iso8601": "2022-11-12T08:31:07Z",
        "codec": "MP3",
        "bitrate": 102,
        "hls": 0,
        "lastcheckok": 1,
        "lastchecktime": "2023-04-07 19:05:11",
        "lastchecktime_iso8601": "2023-04-07T19:05:11Z",
        "lastcheckoktime": "2023-04-07 19:05:11",
        "lastcheckoktime_iso8601": "2023-04-07T19:05:11Z",
        "lastlocalchecktime": "2023-04-07 19:05:11",
        "lastlocalchecktime_iso8601": "2023-04-07T19:05:11Z",
        "clicktimestamp": "2023-04-08 05:18:49",
        "clicktimestamp_iso8601": "2023-04-08T05:18:49Z",
        "clickcount": 19,
        "clicktrend": 1,
        "ssl_error": 0,
        "geo_lat": null,
        "geo_long": null,
        "has_extended_info": false
    },
    {
        "changeuuid": "906294e2-3b4a-4355-be99-f2253ae56fea",
        "stationuuid": "d3e8d0ca-7b12-4855-af84-31eede0a093f",
        "serveruuid": "2c315585-6f50-4813-ab19-c8a15c4adc88",
        "name": "Jupok radio",
        "url": "http://176.9.59.144:8062/",
        "url_resolved": "http://176.9.59.144:8062/",
        "homepage": "http://176.9.59.144:8062/",
        "favicon": "",
        "tags": "muzika",
        "country": "Montenegro",
        "countrycode": "ME",
        "iso_3166_2": null,
        "state": "",
        "language": "montenegrin",
        "languagecodes": "",
        "votes": 50,
        "lastchangetime": "2022-06-15 20:13:17",
        "lastchangetime_iso8601": "2022-06-15T20:13:17Z",
        "codec": "MP3",
        "bitrate": 64,
        "hls": 0,
        "lastcheckok": 1,
        "lastchecktime": "2023-04-08 09:44:36",
        "lastchecktime_iso8601": "2023-04-08T09:44:36Z",
        "lastcheckoktime": "2023-04-08 09:44:36",
        "lastcheckoktime_iso8601": "2023-04-08T09:44:36Z",
        "lastlocalchecktime": "2023-04-07 18:11:06",
        "lastlocalchecktime_iso8601": "2023-04-07T18:11:06Z",
        "clicktimestamp": "2023-04-07 14:37:15",
        "clicktimestamp_iso8601": "2023-04-07T14:37:15Z",
        "clickcount": 10,
        "clicktrend": -1,
        "ssl_error": 0,
        "geo_lat": null,
        "geo_long": null,
        "has_extended_info": false
    },
    {
        "changeuuid": "216d9ed0-9dd1-4c15-9936-df62bf2b015d",
        "stationuuid": "d76ebdee-dd87-4af1-bfd2-b894ecb61dac",
        "serveruuid": "30b729b2-60ad-4a7f-beba-af84a08c90f4",
        "name": "Radio Crne Gore 1",
        "url": "https://rtcg.ipradio.rs:9008/;",
        "url_resolved": "https://rtcg.ipradio.rs:9008/;",
        "homepage": "http://www.rtcg.me/",
        "favicon": "http://www.rtcg.me/assets/img/favicons/apple-icon-180x180.png",
        "tags": "javni servis",
        "country": "Montenegro",
        "countrycode": "ME",
        "iso_3166_2": null,
        "state": "",
        "language": "serbian",
        "languagecodes": "sr",
        "votes": 46,
        "lastchangetime": "2022-12-26 18:09:24",
        "lastchangetime_iso8601": "2022-12-26T18:09:24Z",
        "codec": "MP3",
        "bitrate": 128,
        "hls": 0,
        "lastcheckok": 1,
        "lastchecktime": "2023-04-08 01:25:57",
        "lastchecktime_iso8601": "2023-04-08T01:25:57Z",
        "lastcheckoktime": "2023-04-08 01:25:57",
        "lastcheckoktime_iso8601": "2023-04-08T01:25:57Z",
        "lastlocalchecktime": "2023-04-07 14:59:00",
        "lastlocalchecktime_iso8601": "2023-04-07T14:59:00Z",
        "clicktimestamp": "2023-04-08 08:26:06",
        "clicktimestamp_iso8601": "2023-04-08T08:26:06Z",
        "clickcount": 12,
        "clicktrend": 2,
        "ssl_error": 0,
        "geo_lat": null,
        "geo_long": null,
        "has_extended_info": false
    },
    {
        "changeuuid": "c0257975-a692-4b4a-97d9-1411b6f0f3cf",
        "stationuuid": "6d5706cd-0afb-42a8-a171-351378cd82b0",
        "serveruuid": "23f2897f-1eba-4713-b64f-7987a0bf4d78",
        "name": "Radio Crne Gore 2 R98",
        "url": "https://r98.ipradio.rs:10100/;",
        "url_resolved": "https://r98.ipradio.rs:10100/;",
        "homepage": "http://www.rtcg.me/",
        "favicon": "http://www.rtcg.me/assets/img/favicons/apple-icon-180x180.png",
        "tags": "javni servis",
        "country": "Montenegro",
        "countrycode": "ME",
        "iso_3166_2": null,
        "state": "",
        "language": "montenegrin",
        "languagecodes": "",
        "votes": 35,
        "lastchangetime": "2022-12-31 06:36:37",
        "lastchangetime_iso8601": "2022-12-31T06:36:37Z",
        "codec": "MP3",
        "bitrate": 128,
        "hls": 0,
        "lastcheckok": 1,
        "lastchecktime": "2023-04-08 12:13:03",
        "lastchecktime_iso8601": "2023-04-08T12:13:03Z",
        "lastcheckoktime": "2023-04-08 12:13:03",
        "lastcheckoktime_iso8601": "2023-04-08T12:13:03Z",
        "lastlocalchecktime": "2023-04-08 10:12:16",
        "lastlocalchecktime_iso8601": "2023-04-08T10:12:16Z",
        "clicktimestamp": "2023-04-03 06:17:47",
        "clicktimestamp_iso8601": "2023-04-03T06:17:47Z",
        "clickcount": 5,
        "clicktrend": 0,
        "ssl_error": 0,
        "geo_lat": null,
        "geo_long": null,
        "has_extended_info": false
    },
    {
        "changeuuid": "5a668794-2292-4e09-9193-f5ba169a9142",
        "stationuuid": "dd32351f-a86c-4991-b0e3-51276ad87b94",
        "serveruuid": "200ced76-2349-4dee-98c5-14555dbb6cbd",
        "name": "Reggaeneracija Montenegro",
        "url": "http://5.189.179.77:8000/stream",
        "url_resolved": "http://5.189.179.77:8000/stream",
        "homepage": "",
        "favicon": "",
        "tags": "reggae",
        "country": "Montenegro",
        "countrycode": "ME",
        "iso_3166_2": null,
        "state": "",
        "language": "",
        "languagecodes": "",
        "votes": 34,
        "lastchangetime": "2023-01-19 16:10:24",
        "lastchangetime_iso8601": "2023-01-19T16:10:24Z",
        "codec": "MP3",
        "bitrate": 320,
        "hls": 0,
        "lastcheckok": 1,
        "lastchecktime": "2023-04-07 22:53:40",
        "lastchecktime_iso8601": "2023-04-07T22:53:40Z",
        "lastcheckoktime": "2023-04-07 22:53:40",
        "lastcheckoktime_iso8601": "2023-04-07T22:53:40Z",
        "lastlocalchecktime": "2023-04-07 18:34:44",
        "lastlocalchecktime_iso8601": "2023-04-07T18:34:44Z",
        "clicktimestamp": "2023-04-08 10:41:25",
        "clicktimestamp_iso8601": "2023-04-08T10:41:25Z",
        "clickcount": 17,
        "clicktrend": 3,
        "ssl_error": 0,
        "geo_lat": null,
        "geo_long": null,
        "has_extended_info": false
    },
    {
        "changeuuid": "d91390d2-e1bf-47a7-9ba1-09658b29d855",
        "stationuuid": "22cc8c4c-5921-46ae-886e-8f32d26da28b",
        "serveruuid": "c4c5506a-b99f-44e7-bef5-a25c42a38fae",
        "name": "Radio Berane",
        "url": "https://stream.iradio.pro/proxy/radioberane?mp=/stream;",
        "url_resolved": "https://stream.iradio.pro/proxy/radioberane?mp=/stream;",
        "homepage": "https://stream.iradio.pro/proxy/radioberane?mp=/stream;",
        "favicon": "",
        "tags": "lokalni",
        "country": "Montenegro",
        "countrycode": "ME",
        "iso_3166_2": null,
        "state": "",
        "language": "montenegro",
        "languagecodes": "",
        "votes": 32,
        "lastchangetime": "2022-11-10 11:16:47",
        "lastchangetime_iso8601": "2022-11-10T11:16:47Z",
        "codec": "MP3",
        "bitrate": 128,
        "hls": 0,
        "lastcheckok": 1,
        "lastchecktime": "2023-04-08 09:16:35",
        "lastchecktime_iso8601": "2023-04-08T09:16:35Z",
        "lastcheckoktime": "2023-04-08 09:16:35",
        "lastcheckoktime_iso8601": "2023-04-08T09:16:35Z",
        "lastlocalchecktime": "2023-04-08 09:16:35",
        "lastlocalchecktime_iso8601": "2023-04-08T09:16:35Z",
        "clicktimestamp": "2023-04-07 22:23:59",
        "clicktimestamp_iso8601": "2023-04-07T22:23:59Z",
        "clickcount": 6,
        "clicktrend": 2,
        "ssl_error": 0,
        "geo_lat": null,
        "geo_long": null,
        "has_extended_info": false
    },
    {
        "changeuuid": "e2f8e1c5-0b5c-447c-be26-2a16543c1383",
        "stationuuid": "9c6500f4-bf4e-45f3-b814-4a7b2bed3e75",
        "serveruuid": "2c315585-6f50-4813-ab19-c8a15c4adc88",
        "name": "Jupok radio",
        "url": "http://176.9.59.144:8062/",
        "url_resolved": "http://176.9.59.144:8062/",
        "homepage": "http://176.9.59.144:8062/",
        "favicon": "",
        "tags": "muzika",
        "country": "Montenegro",
        "countrycode": "ME",
        "iso_3166_2": null,
        "state": "",
        "language": "montenegrin",
        "languagecodes": "",
        "votes": 23,
        "lastchangetime": "2022-06-15 20:16:56",
        "lastchangetime_iso8601": "2022-06-15T20:16:56Z",
        "codec": "MP3",
        "bitrate": 64,
        "hls": 0,
        "lastcheckok": 1,
        "lastchecktime": "2023-04-08 10:46:43",
        "lastchecktime_iso8601": "2023-04-08T10:46:43Z",
        "lastcheckoktime": "2023-04-08 10:46:43",
        "lastcheckoktime_iso8601": "2023-04-08T10:46:43Z",
        "lastlocalchecktime": "2023-04-08 10:46:43",
        "lastlocalchecktime_iso8601": "2023-04-08T10:46:43Z",
        "clicktimestamp": "2023-04-07 14:37:09",
        "clicktimestamp_iso8601": "2023-04-07T14:37:09Z",
        "clickcount": 7,
        "clicktrend": -1,
        "ssl_error": 0,
        "geo_lat": null,
        "geo_long": null,
        "has_extended_info": false
    },
    {
        "changeuuid": "34b9558b-9cfc-408a-9823-71167fcf8bdd",
        "stationuuid": "02b7ed21-b23c-4c61-a691-fbf2a066688c",
        "serveruuid": "beaaaebf-ee61-432b-8db6-b2ec7f5afe8e",
        "name": "Radio Bijelo Polje",
        "url": "http://136.243.134.202:8122/stream",
        "url_resolved": "http://136.243.134.202:8122/stream",
        "homepage": "http://www.radiobijelopolje.me/",
        "favicon": "",
        "tags": "local",
        "country": "Montenegro",
        "countrycode": "ME",
        "iso_3166_2": null,
        "state": "",
        "language": "montenegrin",
        "languagecodes": "",
        "votes": 20,
        "lastchangetime": "2022-11-11 04:04:30",
        "lastchangetime_iso8601": "2022-11-11T04:04:30Z",
        "codec": "MP3",
        "bitrate": 128,
        "hls": 0,
        "lastcheckok": 1,
        "lastchecktime": "2023-04-08 12:06:33",
        "lastchecktime_iso8601": "2023-04-08T12:06:33Z",
        "lastcheckoktime": "2023-04-08 12:06:33",
        "lastcheckoktime_iso8601": "2023-04-08T12:06:33Z",
        "lastlocalchecktime": "2023-04-07 14:53:40",
        "lastlocalchecktime_iso8601": "2023-04-07T14:53:40Z",
        "clicktimestamp": "2023-04-04 08:54:09",
        "clicktimestamp_iso8601": "2023-04-04T08:54:09Z",
        "clickcount": 7,
        "clicktrend": 0,
        "ssl_error": 0,
        "geo_lat": null,
        "geo_long": null,
        "has_extended_info": false
    },
    {
        "changeuuid": "a7772b32-2c6b-4146-bc45-c790717c12a7",
        "stationuuid": "4384a02b-3625-44df-aaae-dede1a96e4b8",
        "serveruuid": "c4c5506a-b99f-44e7-bef5-a25c42a38fae",
        "name": "Radio Berane",
        "url": "https://stream.iradio.pro/proxy/radioberane?mp=/stream;",
        "url_resolved": "https://stream.iradio.pro/proxy/radioberane?mp=/stream;",
        "homepage": "http://www.radioberane.com/",
        "favicon": "",
        "tags": "lokalni",
        "country": "Montenegro",
        "countrycode": "ME",
        "iso_3166_2": null,
        "state": "",
        "language": "montenegro",
        "languagecodes": "",
        "votes": 14,
        "lastchangetime": "2022-11-10 11:16:47",
        "lastchangetime_iso8601": "2022-11-10T11:16:47Z",
        "codec": "MP3",
        "bitrate": 128,
        "hls": 0,
        "lastcheckok": 1,
        "lastchecktime": "2023-04-07 19:39:30",
        "lastchecktime_iso8601": "2023-04-07T19:39:30Z",
        "lastcheckoktime": "2023-04-07 19:39:30",
        "lastcheckoktime_iso8601": "2023-04-07T19:39:30Z",
        "lastlocalchecktime": "2023-04-07 16:12:12",
        "lastlocalchecktime_iso8601": "2023-04-07T16:12:12Z",
        "clicktimestamp": "2023-04-08 05:24:56",
        "clicktimestamp_iso8601": "2023-04-08T05:24:56Z",
        "clickcount": 7,
        "clicktrend": 4,
        "ssl_error": 0,
        "geo_lat": null,
        "geo_long": null,
        "has_extended_info": false
    },
    {
        "changeuuid": "8b773560-200d-4f69-a17a-7af0f0990976",
        "stationuuid": "f50ee833-c5c9-40bc-9bec-068481d773c2",
        "serveruuid": "1f2dc3d2-465e-48c1-aec7-58a6ea5a1680",
        "name": "Radio Glas Plava",
        "url": "https://glasplava-rowrigos.radioca.st/",
        "url_resolved": "https://glasplava-rowrigos.radioca.st/",
        "homepage": "https://glasplava.com/",
        "favicon": "https://s3.us-west-1.wasabisys.com/glasplavacom/2023/03/LOGO-glasplava.jpg",
        "tags": "folk",
        "country": "Montenegro",
        "countrycode": "ME",
        "iso_3166_2": null,
        "state": "",
        "language": "",
        "languagecodes": "",
        "votes": 1,
        "lastchangetime": "2023-03-28 11:09:46",
        "lastchangetime_iso8601": "2023-03-28T11:09:46Z",
        "codec": "MP3",
        "bitrate": 128,
        "hls": 0,
        "lastcheckok": 1,
        "lastchecktime": "2023-04-08 11:21:00",
        "lastchecktime_iso8601": "2023-04-08T11:21:00Z",
        "lastcheckoktime": "2023-04-08 11:21:00",
        "lastcheckoktime_iso8601": "2023-04-08T11:21:00Z",
        "lastlocalchecktime": "2023-04-07 18:55:41",
        "lastlocalchecktime_iso8601": "2023-04-07T18:55:41Z",
        "clicktimestamp": "2023-04-07 14:36:13",
        "clicktimestamp_iso8601": "2023-04-07T14:36:13Z",
        "clickcount": 6,
        "clicktrend": 1,
        "ssl_error": 0,
        "geo_lat": null,
        "geo_long": null,
        "has_extended_info": false
    },
    {
        "changeuuid": "4f486ea9-7079-4539-ad53-9bfdcb0a4a7a",
        "stationuuid": "572df8cc-3c18-44b3-add6-1b52c0a13c0e",
        "serveruuid": "c8dddfbf-a70c-4af3-93c3-88e276843a01",
        "name": "Radio Andrijevica",
        "url": "https://mpc2.mediacp.eu/stream/andrijevica/stream",
        "url_resolved": "https://mpc2.mediacp.eu/stream/andrijevica/stream",
        "homepage": "https://www.radioandrijevica.me/",
        "favicon": "",
        "tags": "folk",
        "country": "Montenegro",
        "countrycode": "ME",
        "iso_3166_2": null,
        "state": "",
        "language": "",
        "languagecodes": "",
        "votes": 0,
        "lastchangetime": "2023-03-28 11:20:00",
        "lastchangetime_iso8601": "2023-03-28T11:20:00Z",
        "codec": "MP3",
        "bitrate": 64,
        "hls": 0,
        "lastcheckok": 1,
        "lastchecktime": "2023-04-08 11:33:56",
        "lastchecktime_iso8601": "2023-04-08T11:33:56Z",
        "lastcheckoktime": "2023-04-08 11:33:56",
        "lastcheckoktime_iso8601": "2023-04-08T11:33:56Z",
        "lastlocalchecktime": "2023-04-07 16:13:34",
        "lastlocalchecktime_iso8601": "2023-04-07T16:13:34Z",
        "clicktimestamp": "2023-04-08 05:19:20",
        "clicktimestamp_iso8601": "2023-04-08T05:19:20Z",
        "clickcount": 4,
        "clicktrend": 1,
        "ssl_error": 0,
        "geo_lat": null,
        "geo_long": null,
        "has_extended_info": false
    },
    {
        "changeuuid": "57f8eb54-245f-4f59-8b07-ecb55ff6343d",
        "stationuuid": "398f407b-3fac-441f-8b8a-96d7ef1f53be",
        "serveruuid": "c8dddfbf-a70c-4af3-93c3-88e276843a01",
        "name": "Radio Andrijevica",
        "url": "https://mpc2.mediacp.eu/stream/andrijevica/stream",
        "url_resolved": "https://mpc2.mediacp.eu/stream/andrijevica/stream",
        "homepage": "",
        "favicon": "",
        "tags": "folk",
        "country": "Montenegro",
        "countrycode": "ME",
        "iso_3166_2": null,
        "state": "",
        "language": "",
        "languagecodes": "",
        "votes": 0,
        "lastchangetime": "2023-03-28 11:23:05",
        "lastchangetime_iso8601": "2023-03-28T11:23:05Z",
        "codec": "MP3",
        "bitrate": 64,
        "hls": 0,
        "lastcheckok": 1,
        "lastchecktime": "2023-04-08 11:45:59",
        "lastchecktime_iso8601": "2023-04-08T11:45:59Z",
        "lastcheckoktime": "2023-04-08 11:45:59",
        "lastcheckoktime_iso8601": "2023-04-08T11:45:59Z",
        "lastlocalchecktime": "2023-04-07 20:15:46",
        "lastlocalchecktime_iso8601": "2023-04-07T20:15:46Z",
        "clicktimestamp": "2023-04-05 03:21:58",
        "clicktimestamp_iso8601": "2023-04-05T03:21:58Z",
        "clickcount": 3,
        "clicktrend": 0,
        "ssl_error": 0,
        "geo_lat": null,
        "geo_long": null,
        "has_extended_info": false
    },
    {
        "changeuuid": "143f34a8-8881-44fb-8082-147663bc5df0",
        "stationuuid": "39f31145-58b1-4a8c-8a4a-2188592a832f",
        "serveruuid": "1d42258e-262d-49bf-8688-ed9918f377fb",
        "name": "Bru\u0161kin",
        "url": "https://player.radiobruskin.me/proxy/radiobruskin/stream",
        "url_resolved": "https://player.radiobruskin.me/proxy/radiobruskin/stream",
        "homepage": "https://radiobruskin.me/",
        "favicon": "https://radiobruskin.me/wp-content/uploads/2020/10/bruskin-logo-web.png",
        "tags": "hits,pop,rock",
        "country": "Montenegro",
        "countrycode": "ME",
        "iso_3166_2": null,
        "state": "",
        "language": "",
        "languagecodes": "",
        "votes": 11,
        "lastchangetime": "2023-04-19 14:06:25",
        "lastchangetime_iso8601": "2023-04-19T14:06:25Z",
        "codec": "MP3",
        "bitrate": 128,
        "hls": 0,
        "lastcheckok": 1,
        "lastchecktime": "2023-07-09 02:59:08",
        "lastchecktime_iso8601": "2023-07-09T02:59:08Z",
        "lastcheckoktime": "2023-07-09 02:59:08",
        "lastcheckoktime_iso8601": "2023-07-09T02:59:08Z",
        "lastlocalchecktime": "2023-07-09 02:59:08",
        "lastlocalchecktime_iso8601": "2023-07-09T02:59:08Z",
        "clicktimestamp": "2023-07-07 22:37:46",
        "clicktimestamp_iso8601": "2023-07-07T22:37:46Z",
        "clickcount": 5,
        "clicktrend": -1,
        "ssl_error": 0,
        "geo_lat": null,
        "geo_long": null,
        "has_extended_info": false
    },
    {
        "changeuuid": "5d5f07c8-a696-4809-8681-8890153e68ae",
        "stationuuid": "049f1a33-78e6-45dc-a94d-ae5fae629408",
        "serveruuid": "f82bbe84-9c7b-4937-8dce-6a03b0d859ff",
        "name": "Radio Porto Montenegro",
        "url": "https://malta1491.startdedicated.de:8443/main",
        "url_resolved": "https://malta1491.startdedicated.de:8443/main",
        "homepage": "https://radio-portomontenegro.com/",
        "favicon": "https://www.radio-portomontenegro.com/wp-content/plugins/essential-addons-for-elementor-lite/assets/admin/images/templately/logo-icon.svg",
        "tags": "dance,electro,house",
        "country": "Montenegro",
        "countrycode": "ME",
        "iso_3166_2": null,
        "state": "Tivat",
        "language": "english,montenegrin",
        "languagecodes": "en",
        "votes": 11,
        "lastchangetime": "2023-04-19 14:41:16",
        "lastchangetime_iso8601": "2023-04-19T14:41:16Z",
        "codec": "MP3",
        "bitrate": 320,
        "hls": 0,
        "lastcheckok": 1,
        "lastchecktime": "2023-07-09 02:17:31",
        "lastchecktime_iso8601": "2023-07-09T02:17:31Z",
        "lastcheckoktime": "2023-07-09 02:17:31",
        "lastcheckoktime_iso8601": "2023-07-09T02:17:31Z",
        "lastlocalchecktime": "2023-07-09 02:17:31",
        "lastlocalchecktime_iso8601": "2023-07-09T02:17:31Z",
        "clicktimestamp": "2023-07-08 20:17:03",
        "clicktimestamp_iso8601": "2023-07-08T20:17:03Z",
        "clickcount": 11,
        "clicktrend": 1,
        "ssl_error": 0,
        "geo_lat": null,
        "geo_long": null,
        "has_extended_info": false
    },
    {
        "changeuuid": "60ec7c1c-d37c-426b-8b82-9eee827ffbed",
        "stationuuid": "f0123b62-827f-4803-95ba-ef500b2fabf6",
        "serveruuid": "75eb0e17-91eb-45ab-9728-a3a97c33b775",
        "name": "Radio Elmag Izvorne i Starogradske",
        "url": "https://radio.elmag.me/izvorne.mp3",
        "url_resolved": "https://radio.elmag.me/izvorne.mp3",
        "homepage": "https://www.elmag.me/",
        "favicon": "https://www.elmag.me/wp-content/uploads/2018/01/favicon-114.png",
        "tags": "narodna - izvorna - starogradska",
        "country": "Montenegro",
        "countrycode": "ME",
        "iso_3166_2": null,
        "state": "",
        "language": "montenegro",
        "languagecodes": "",
        "votes": 11,
        "lastchangetime": "2023-05-15 13:40:29",
        "lastchangetime_iso8601": "2023-05-15T13:40:29Z",
        "codec": "MP3",
        "bitrate": 128,
        "hls": 0,
        "lastcheckok": 1,
        "lastchecktime": "2023-07-08 20:47:12",
        "lastchecktime_iso8601": "2023-07-08T20:47:12Z",
        "lastcheckoktime": "2023-07-08 20:47:12",
        "lastcheckoktime_iso8601": "2023-07-08T20:47:12Z",
        "lastlocalchecktime": "2023-07-08 20:47:12",
        "lastlocalchecktime_iso8601": "2023-07-08T20:47:12Z",
        "clicktimestamp": "2023-07-09 02:51:26",
        "clicktimestamp_iso8601": "2023-07-09T02:51:26Z",
        "clickcount": 14,
        "clicktrend": 0,
        "ssl_error": 0,
        "geo_lat": null,
        "geo_long": null,
        "has_extended_info": false
    },
    {
        "changeuuid": "eb700ad0-1dda-40ca-b5a9-c49a4140ee41",
        "stationuuid": "1e8ef893-e52f-4850-8d29-e0a6a0c43307",
        "serveruuid": "f43212d3-c896-41a0-8f10-504d897d0574",
        "name": "Elmag Jazz",
        "url": "http://radio.elmag.me/jazz.mp3",
        "url_resolved": "http://radio.elmag.me/jazz.mp3",
        "homepage": "https://elmag.me/",
        "favicon": "https://www.elmag.me/wp-content/uploads/2018/01/logo-elmag-retina.jpg",
        "tags": "jazz",
        "country": "Montenegro",
        "countrycode": "ME",
        "iso_3166_2": null,
        "state": "",
        "language": "",
        "languagecodes": "",
        "votes": 10,
        "lastchangetime": "2023-04-19 13:56:03",
        "lastchangetime_iso8601": "2023-04-19T13:56:03Z",
        "codec": "MP3",
        "bitrate": 128,
        "hls": 0,
        "lastcheckok": 1,
        "lastchecktime": "2023-07-09 07:32:43",
        "lastchecktime_iso8601": "2023-07-09T07:32:43Z",
        "lastcheckoktime": "2023-07-09 07:32:43",
        "lastcheckoktime_iso8601": "2023-07-09T07:32:43Z",
        "lastlocalchecktime": "2023-07-09 07:32:43",
        "lastlocalchecktime_iso8601": "2023-07-09T07:32:43Z",
        "clicktimestamp": "2023-07-08 18:18:28",
        "clicktimestamp_iso8601": "2023-07-08T18:18:28Z",
        "clickcount": 10,
        "clicktrend": 0,
        "ssl_error": 0,
        "geo_lat": null,
        "geo_long": null,
        "has_extended_info": false
    },
    {
        "changeuuid": "6187e098-d8b1-4cf7-85b3-4694ac5b42fa",
        "stationuuid": "edf8f62c-4d8f-47fa-a220-48ef8f4ab3ee",
        "serveruuid": "bdd6334b-93b7-4371-9c96-874e8b781bb4",
        "name": "Radio S1 Crna Gora",
        "url": "https://stream.radios.rs:9008/;",
        "url_resolved": "https://stream.radios.rs:9008/;",
        "homepage": "https://www.radios.rs/",
        "favicon": "https://www.radios.rs/images/radios/favicon/apple-icon-120x120.png",
        "tags": "zabavna",
        "country": "Montenegro",
        "countrycode": "ME",
        "iso_3166_2": null,
        "state": "",
        "language": "montenegro",
        "languagecodes": "",
        "votes": 9,
        "lastchangetime": "2023-05-15 19:23:48",
        "lastchangetime_iso8601": "2023-05-15T19:23:48Z",
        "codec": "AAC+",
        "bitrate": 64,
        "hls": 0,
        "lastcheckok": 1,
        "lastchecktime": "2023-07-09 07:50:56",
        "lastchecktime_iso8601": "2023-07-09T07:50:56Z",
        "lastcheckoktime": "2023-07-09 07:50:56",
        "lastcheckoktime_iso8601": "2023-07-09T07:50:56Z",
        "lastlocalchecktime": "2023-07-09 07:50:56",
        "lastlocalchecktime_iso8601": "2023-07-09T07:50:56Z",
        "clicktimestamp": "2023-07-09 02:51:30",
        "clicktimestamp_iso8601": "2023-07-09T02:51:30Z",
        "clickcount": 5,
        "clicktrend": 1,
        "ssl_error": 0,
        "geo_lat": null,
        "geo_long": null,
        "has_extended_info": false
    },
    {
        "changeuuid": "72e2d7b3-3d27-401e-8acc-939b72c91d7e",
        "stationuuid": "98b21b7f-ae52-4aa7-a6a6-3d4289d67201",
        "serveruuid": "75eb0e17-91eb-45ab-9728-a3a97c33b775",
        "name": "Radio Elmag Nostalgija",
        "url": "https://radio.elmag.me/nostalgija.mp3",
        "url_resolved": "https://radio.elmag.me/nostalgija.mp3",
        "homepage": "https://www.elmag.me/",
        "favicon": "https://www.elmag.me/wp-content/uploads/2018/01/favicon-114.png",
        "tags": "pop - 80s - 90s",
        "country": "Montenegro",
        "countrycode": "ME",
        "iso_3166_2": null,
        "state": "",
        "language": "montenegrin",
        "languagecodes": "",
        "votes": 9,
        "lastchangetime": "2023-05-15 14:02:21",
        "lastchangetime_iso8601": "2023-05-15T14:02:21Z",
        "codec": "MP3",
        "bitrate": 128,
        "hls": 0,
        "lastcheckok": 1,
        "lastchecktime": "2023-07-09 03:56:49",
        "lastchecktime_iso8601": "2023-07-09T03:56:49Z",
        "lastcheckoktime": "2023-07-09 03:56:49",
        "lastcheckoktime_iso8601": "2023-07-09T03:56:49Z",
        "lastlocalchecktime": "2023-07-09 03:56:49",
        "lastlocalchecktime_iso8601": "2023-07-09T03:56:49Z",
        "clicktimestamp": "2023-07-08 18:19:04",
        "clicktimestamp_iso8601": "2023-07-08T18:19:04Z",
        "clickcount": 7,
        "clicktrend": 1,
        "ssl_error": 0,
        "geo_lat": null,
        "geo_long": null,
        "has_extended_info": false
    },
    {
        "changeuuid": "ee90c821-8d31-436c-b2e8-3bd0aecb45aa",
        "stationuuid": "163dd663-c098-4bc9-9034-db22757d08f8",
        "serveruuid": "75eb0e17-91eb-45ab-9728-a3a97c33b775",
        "name": "Radio Elmag Caffe",
        "url": "https://radio.elmag.me/cafe.mp3",
        "url_resolved": "https://radio.elmag.me/cafe.mp3",
        "homepage": "https://www.elmag.me/",
        "favicon": "https://www.elmag.me/wp-content/uploads/2018/01/favicon-114.png",
        "tags": "zabavna - pop - rock",
        "country": "Montenegro",
        "countrycode": "ME",
        "iso_3166_2": null,
        "state": "",
        "language": "montenegro",
        "languagecodes": "",
        "votes": 7,
        "lastchangetime": "2023-05-16 01:58:14",
        "lastchangetime_iso8601": "2023-05-16T01:58:14Z",
        "codec": "MP3",
        "bitrate": 128,
        "hls": 0,
        "lastcheckok": 1,
        "lastchecktime": "2023-07-09 03:04:25",
        "lastchecktime_iso8601": "2023-07-09T03:04:25Z",
        "lastcheckoktime": "2023-07-09 03:04:25",
        "lastcheckoktime_iso8601": "2023-07-09T03:04:25Z",
        "lastlocalchecktime": "2023-07-08 19:27:45",
        "lastlocalchecktime_iso8601": "2023-07-08T19:27:45Z",
        "clicktimestamp": "2023-07-08 19:48:54",
        "clicktimestamp_iso8601": "2023-07-08T19:48:54Z",
        "clickcount": 6,
        "clicktrend": 0,
        "ssl_error": 0,
        "geo_lat": null,
        "geo_long": null,
        "has_extended_info": false
    },
    {
        "changeuuid": "8ff7f407-3cbc-4095-8319-d512233c9107",
        "stationuuid": "6632cefc-115e-4f66-97bd-7b851f7d9494",
        "serveruuid": "f43212d3-c896-41a0-8f10-504d897d0574",
        "name": "Novi Elmag radio",
        "url": "http://radio.elmag.me/elmag.mp3",
        "url_resolved": "http://radio.elmag.me/elmag.mp3",
        "homepage": "https://www.elmag.me/",
        "favicon": "https://firebasestorage.googleapis.com/v0/b/radiogalaxy-580f4.appspot.com/o/images%2FIMG_20230514_204421633.jpg?alt=media&token=e9a09b34-148d-4787-9a18-081c15590c99",
        "tags": "pop",
        "country": "Montenegro",
        "countrycode": "ME",
        "iso_3166_2": null,
        "state": "",
        "language": "montenegro",
        "languagecodes": "",
        "votes": 5,
        "lastchangetime": "2023-05-14 18:47:49",
        "lastchangetime_iso8601": "2023-05-14T18:47:49Z",
        "codec": "MP3",
        "bitrate": 128,
        "hls": 0,
        "lastcheckok": 1,
        "lastchecktime": "2023-07-09 01:20:23",
        "lastchecktime_iso8601": "2023-07-09T01:20:23Z",
        "lastcheckoktime": "2023-07-09 01:20:23",
        "lastcheckoktime_iso8601": "2023-07-09T01:20:23Z",
        "lastlocalchecktime": "2023-07-09 01:20:23",
        "lastlocalchecktime_iso8601": "2023-07-09T01:20:23Z",
        "clicktimestamp": "2023-07-09 05:42:52",
        "clicktimestamp_iso8601": "2023-07-09T05:42:52Z",
        "clickcount": 6,
        "clicktrend": 1,
        "ssl_error": 0,
        "geo_lat": null,
        "geo_long": null,
        "has_extended_info": false
    },
    {
        "changeuuid": "840e2801-e77f-476b-bc12-dd9d98470df0",
        "stationuuid": "dea33e50-3897-4486-a587-81c9c3499219",
        "serveruuid": "9c699b21-b2b1-46fb-80fa-5b35c1d9e39d",
        "name": "Radio Cetinje",
        "url": "http://78.129.228.187:8007/stream",
        "url_resolved": "http://78.129.228.187:8007/stream",
        "homepage": "https://cetinjskilist.com/",
        "favicon": "http://www.exyuradio.net/pub/catalog/radio-cetinje-uzivo.jpg",
        "tags": "dance,electronic,folk",
        "country": "Montenegro",
        "countrycode": "ME",
        "iso_3166_2": null,
        "state": "Cetinje",
        "language": "montenegrin",
        "languagecodes": "",
        "votes": 4,
        "lastchangetime": "2023-04-19 14:01:05",
        "lastchangetime_iso8601": "2023-04-19T14:01:05Z",
        "codec": "MP3",
        "bitrate": 64,
        "hls": 0,
        "lastcheckok": 1,
        "lastchecktime": "2023-07-09 06:55:17",
        "lastchecktime_iso8601": "2023-07-09T06:55:17Z",
        "lastcheckoktime": "2023-07-09 06:55:17",
        "lastcheckoktime_iso8601": "2023-07-09T06:55:17Z",
        "lastlocalchecktime": "2023-07-09 06:55:17",
        "lastlocalchecktime_iso8601": "2023-07-09T06:55:17Z",
        "clicktimestamp": "2023-07-08 18:16:48",
        "clicktimestamp_iso8601": "2023-07-08T18:16:48Z",
        "clickcount": 9,
        "clicktrend": 0,
        "ssl_error": 0,
        "geo_lat": null,
        "geo_long": null,
        "has_extended_info": false
    },
    {
        "changeuuid": "8a1d07f5-a777-498a-87d6-f95cac456739",
        "stationuuid": "69563e6f-4a4c-4f7e-8389-1c3db2ab8f47",
        "serveruuid": "9019e731-27ee-47dc-8208-1cd7b44ce09f",
        "name": "Radio Elita",
        "url": "http://136.243.134.202:8098/stream",
        "url_resolved": "http://136.243.134.202:8098/stream",
        "homepage": "https://elitaradio.me/",
        "favicon": "https://elitaradio.me/wp-content/uploads/fbrfg/apple-touch-icon.png",
        "tags": "narodna - mix",
        "country": "Montenegro",
        "countrycode": "ME",
        "iso_3166_2": null,
        "state": "",
        "language": "montenegro",
        "languagecodes": "",
        "votes": 4,
        "lastchangetime": "2023-06-22 12:10:08",
        "lastchangetime_iso8601": "2023-06-22T12:10:08Z",
        "codec": "MP3",
        "bitrate": 128,
        "hls": 0,
        "lastcheckok": 1,
        "lastchecktime": "2023-07-09 12:08:23",
        "lastchecktime_iso8601": "2023-07-09T12:08:23Z",
        "lastcheckoktime": "2023-07-09 12:08:23",
        "lastcheckoktime_iso8601": "2023-07-09T12:08:23Z",
        "lastlocalchecktime": "2023-07-09 06:14:12",
        "lastlocalchecktime_iso8601": "2023-07-09T06:14:12Z",
        "clicktimestamp": "2023-07-08 21:07:42",
        "clicktimestamp_iso8601": "2023-07-08T21:07:42Z",
        "clickcount": 11,
        "clicktrend": 1,
        "ssl_error": 0,
        "geo_lat": null,
        "geo_long": null,
        "has_extended_info": false
    },
    {
        "changeuuid": "1dff2492-4ef1-497a-86a8-380365668fd9",
        "stationuuid": "40294b7d-0e2e-4f1f-b3f4-a487f57ad5f5",
        "serveruuid": "75eb0e17-91eb-45ab-9728-a3a97c33b775",
        "name": "Radio Elmag Pop Rock EX YU",
        "url": "https://radio.elmag.me/poprock.mp3",
        "url_resolved": "https://radio.elmag.me/poprock.mp3",
        "homepage": "https://www.elmag.me/",
        "favicon": "https://firebasestorage.googleapis.com/v0/b/radiogalaxy-580f4.appspot.com/o/images%2FIMG_20230515_032014719.jpg?alt=media&token=18cf7446-1678-43d6-a8a5-9fef11d37659",
        "tags": "pop-rock",
        "country": "Montenegro",
        "countrycode": "ME",
        "iso_3166_2": null,
        "state": "",
        "language": "montenegro",
        "languagecodes": "",
        "votes": 4,
        "lastchangetime": "2023-05-15 01:22:22",
        "lastchangetime_iso8601": "2023-05-15T01:22:22Z",
        "codec": "MP3",
        "bitrate": 128,
        "hls": 0,
        "lastcheckok": 1,
        "lastchecktime": "2023-07-09 07:44:17",
        "lastchecktime_iso8601": "2023-07-09T07:44:17Z",
        "lastcheckoktime": "2023-07-09 07:44:17",
        "lastcheckoktime_iso8601": "2023-07-09T07:44:17Z",
        "lastlocalchecktime": "2023-07-09 07:44:17",
        "lastlocalchecktime_iso8601": "2023-07-09T07:44:17Z",
        "clicktimestamp": "2023-07-09 12:44:47",
        "clicktimestamp_iso8601": "2023-07-09T12:44:47Z",
        "clickcount": 9,
        "clicktrend": 0,
        "ssl_error": 0,
        "geo_lat": null,
        "geo_long": null,
        "has_extended_info": false
    },
    {
        "changeuuid": "ea6b7539-1650-4b84-baba-80c0d561a0a4",
        "stationuuid": "ed196624-87b0-40fa-8587-df2cd8e435a0",
        "serveruuid": "e8feaa83-52b3-4a1f-8c48-1ca96e0bc17b",
        "name": "Elektroniq Radio",
        "url": "http://109.169.76.155:25542/stream",
        "url_resolved": "http://109.169.76.155:25542/stream",
        "homepage": "https://elektroniqradio.wixsite.com/elektroniqradio",
        "favicon": "https://www.wix.com/favicon.ico",
        "tags": "house - electro - dance - club music - techno",
        "country": "Montenegro",
        "countrycode": "ME",
        "iso_3166_2": null,
        "state": "",
        "language": "montenegro",
        "languagecodes": "",
        "votes": 4,
        "lastchangetime": "2023-05-15 14:22:24",
        "lastchangetime_iso8601": "2023-05-15T14:22:24Z",
        "codec": "MP3",
        "bitrate": 128,
        "hls": 0,
        "lastcheckok": 1,
        "lastchecktime": "2023-07-09 02:17:31",
        "lastchecktime_iso8601": "2023-07-09T02:17:31Z",
        "lastcheckoktime": "2023-07-09 02:17:31",
        "lastcheckoktime_iso8601": "2023-07-09T02:17:31Z",
        "lastlocalchecktime": "2023-07-09 02:17:31",
        "lastlocalchecktime_iso8601": "2023-07-09T02:17:31Z",
        "clicktimestamp": "2023-07-08 18:18:00",
        "clicktimestamp_iso8601": "2023-07-08T18:18:00Z",
        "clickcount": 12,
        "clicktrend": -1,
        "ssl_error": 0,
        "geo_lat": null,
        "geo_long": null,
        "has_extended_info": false
    },
    {
        "changeuuid": "405c1a91-5632-48bf-818c-26e5d9f3e107",
        "stationuuid": "cfe52db3-7529-49e8-b0eb-4bfc93599ae8",
        "serveruuid": "75eb0e17-91eb-45ab-9728-a3a97c33b775",
        "name": "Radio Elmag Evergreen",
        "url": "https://radio.elmag.me/evergreen.mp3",
        "url_resolved": "https://radio.elmag.me/evergreen.mp3",
        "homepage": "https://www.elmag.me/",
        "favicon": "https://www.elmag.me/wp-content/uploads/2018/01/favicon-114.png",
        "tags": "evergreen",
        "country": "Montenegro",
        "countrycode": "ME",
        "iso_3166_2": null,
        "state": "",
        "language": "montenegro",
        "languagecodes": "",
        "votes": 3,
        "lastchangetime": "2023-05-15 19:14:17",
        "lastchangetime_iso8601": "2023-05-15T19:14:17Z",
        "codec": "MP3",
        "bitrate": 128,
        "hls": 0,
        "lastcheckok": 1,
        "lastchecktime": "2023-07-08 21:52:11",
        "lastchecktime_iso8601": "2023-07-08T21:52:11Z",
        "lastcheckoktime": "2023-07-08 21:52:11",
        "lastcheckoktime_iso8601": "2023-07-08T21:52:11Z",
        "lastlocalchecktime": "2023-07-08 21:52:11",
        "lastlocalchecktime_iso8601": "2023-07-08T21:52:11Z",
        "clicktimestamp": "2023-07-08 18:25:30",
        "clicktimestamp_iso8601": "2023-07-08T18:25:30Z",
        "clickcount": 6,
        "clicktrend": 1,
        "ssl_error": 0,
        "geo_lat": null,
        "geo_long": null,
        "has_extended_info": false
    },
    {
        "changeuuid": "81aa378f-e526-43d0-9a42-7c87e83237fc",
        "stationuuid": "b319caad-a572-4d5e-b09e-21fd5c36924a",
        "serveruuid": "f43212d3-c896-41a0-8f10-504d897d0574",
        "name": "Mag radio",
        "url": "http://radio.elmag.me/mag.mp3",
        "url_resolved": "http://radio.elmag.me/mag.mp3",
        "homepage": "https://www.magradio.me/",
        "favicon": "https://firebasestorage.googleapis.com/v0/b/radiogalaxy-580f4.appspot.com/o/images%2FIMG_20230514_200357919.jpg?alt=media&token=46c51919-c705-4b19-9b51-75568af49e93",
        "tags": "narodna",
        "country": "Montenegro",
        "countrycode": "ME",
        "iso_3166_2": null,
        "state": "",
        "language": "montenegro",
        "languagecodes": "",
        "votes": 3,
        "lastchangetime": "2023-05-14 18:07:56",
        "lastchangetime_iso8601": "2023-05-14T18:07:56Z",
        "codec": "MP3",
        "bitrate": 128,
        "hls": 0,
        "lastcheckok": 1,
        "lastchecktime": "2023-07-09 04:36:50",
        "lastchecktime_iso8601": "2023-07-09T04:36:50Z",
        "lastcheckoktime": "2023-07-09 04:36:50",
        "lastcheckoktime_iso8601": "2023-07-09T04:36:50Z",
        "lastlocalchecktime": "2023-07-09 04:36:50",
        "lastlocalchecktime_iso8601": "2023-07-09T04:36:50Z",
        "clicktimestamp": "2023-07-09 05:06:47",
        "clicktimestamp_iso8601": "2023-07-09T05:06:47Z",
        "clickcount": 7,
        "clicktrend": 1,
        "ssl_error": 0,
        "geo_lat": null,
        "geo_long": null,
        "has_extended_info": false
    },
    {
        "changeuuid": "30f51413-cafe-4c9f-ad92-beaa1c52ce5f",
        "stationuuid": "4949fc63-01cd-46e1-a17d-a99fdd461c62",
        "serveruuid": "75eb0e17-91eb-45ab-9728-a3a97c33b775",
        "name": "Radio Elmag Folk Gold",
        "url": "https://radio.elmag.me/folkgold.mp3",
        "url_resolved": "https://radio.elmag.me/folkgold.mp3",
        "homepage": "https://www.elmag.me/",
        "favicon": "https://www.elmag.me/wp-content/uploads/2018/01/favicon-114.png",
        "tags": "narodna",
        "country": "Montenegro",
        "countrycode": "ME",
        "iso_3166_2": null,
        "state": "",
        "language": "montenegro",
        "languagecodes": "",
        "votes": 3,
        "lastchangetime": "2023-05-15 13:04:52",
        "lastchangetime_iso8601": "2023-05-15T13:04:52Z",
        "codec": "MP3",
        "bitrate": 128,
        "hls": 0,
        "lastcheckok": 1,
        "lastchecktime": "2023-07-09 05:35:45",
        "lastchecktime_iso8601": "2023-07-09T05:35:45Z",
        "lastcheckoktime": "2023-07-09 05:35:45",
        "lastcheckoktime_iso8601": "2023-07-09T05:35:45Z",
        "lastlocalchecktime": "2023-07-09 05:35:45",
        "lastlocalchecktime_iso8601": "2023-07-09T05:35:45Z",
        "clicktimestamp": "2023-07-08 18:16:41",
        "clicktimestamp_iso8601": "2023-07-08T18:16:41Z",
        "clickcount": 10,
        "clicktrend": 0,
        "ssl_error": 0,
        "geo_lat": null,
        "geo_long": null,
        "has_extended_info": false
    },
    {
        "changeuuid": "b79ea0a2-2813-472b-8fce-03ec35ed3145",
        "stationuuid": "ff10addd-d236-4d0c-b943-52440086fef4",
        "serveruuid": "75eb0e17-91eb-45ab-9728-a3a97c33b775",
        "name": "Radio Elmag Party",
        "url": "https://radio.elmag.me/party.mp3",
        "url_resolved": "https://radio.elmag.me/party.mp3",
        "homepage": "https://www.elmag.me/",
        "favicon": "https://www.elmag.me/wp-content/uploads/2018/01/favicon-114.png",
        "tags": "house - electro - club music - techno",
        "country": "Montenegro",
        "countrycode": "ME",
        "iso_3166_2": null,
        "state": "",
        "language": "montenegrin",
        "languagecodes": "",
        "votes": 3,
        "lastchangetime": "2023-05-15 13:34:27",
        "lastchangetime_iso8601": "2023-05-15T13:34:27Z",
        "codec": "MP3",
        "bitrate": 128,
        "hls": 0,
        "lastcheckok": 1,
        "lastchecktime": "2023-07-09 04:47:20",
        "lastchecktime_iso8601": "2023-07-09T04:47:20Z",
        "lastcheckoktime": "2023-07-09 04:47:20",
        "lastcheckoktime_iso8601": "2023-07-09T04:47:20Z",
        "lastlocalchecktime": "2023-07-09 04:47:20",
        "lastlocalchecktime_iso8601": "2023-07-09T04:47:20Z",
        "clicktimestamp": "2023-07-08 20:29:14",
        "clicktimestamp_iso8601": "2023-07-08T20:29:14Z",
        "clickcount": 5,
        "clicktrend": 1,
        "ssl_error": 0,
        "geo_lat": null,
        "geo_long": null,
        "has_extended_info": false
    },
    {
        "changeuuid": "15ac5e58-3236-43f8-ac3d-d0a713b6d6a6",
        "stationuuid": "6e33bec5-86ac-49ab-917b-7e0f48eb5a8f",
        "serveruuid": "b8f77034-ae20-43ed-869b-57cc7dbf23bc",
        "name": "Play Radio Montenegro",
        "url": "https://stream.playradio.me:8443/play-me.mp3",
        "url_resolved": "https://stream.playradio.me:8443/play-me.mp3",
        "homepage": "https://www.playradio.me/",
        "favicon": "",
        "tags": "pop - zabavna - rock",
        "country": "Montenegro",
        "countrycode": "ME",
        "iso_3166_2": null,
        "state": "",
        "language": "montenegro",
        "languagecodes": "",
        "votes": 2,
        "lastchangetime": "2023-05-15 19:19:54",
        "lastchangetime_iso8601": "2023-05-15T19:19:54Z",
        "codec": "MP3",
        "bitrate": 128,
        "hls": 0,
        "lastcheckok": 1,
        "lastchecktime": "2023-07-09 07:32:43",
        "lastchecktime_iso8601": "2023-07-09T07:32:43Z",
        "lastcheckoktime": "2023-07-09 07:32:43",
        "lastcheckoktime_iso8601": "2023-07-09T07:32:43Z",
        "lastlocalchecktime": "2023-07-09 07:32:43",
        "lastlocalchecktime_iso8601": "2023-07-09T07:32:43Z",
        "clicktimestamp": "2023-07-08 20:40:29",
        "clicktimestamp_iso8601": "2023-07-08T20:40:29Z",
        "clickcount": 4,
        "clicktrend": 2,
        "ssl_error": 0,
        "geo_lat": null,
        "geo_long": null,
        "has_extended_info": false
    },
    {
        "changeuuid": "6753c35f-97bc-499e-ae38-a9f37417866e",
        "stationuuid": "e2b36847-b93d-432f-8fa1-c863456f4314",
        "serveruuid": "7872de1e-3ffc-4cfc-9a1b-f82b979c1e14",
        "name": "Radio Tivat",
        "url": "https://radio.dukahosting.com/8008/stream",
        "url_resolved": "https://radio.dukahosting.com/8008/stream",
        "homepage": "http://radiotivat.com/",
        "favicon": "http://radiotivat.com/wp-content/uploads/2021/11/cropped-favicon3-1-180x180.png",
        "tags": "zabavna",
        "country": "Montenegro",
        "countrycode": "ME",
        "iso_3166_2": null,
        "state": "",
        "language": "montenegro",
        "languagecodes": "",
        "votes": 2,
        "lastchangetime": "2023-05-16 08:11:46",
        "lastchangetime_iso8601": "2023-05-16T08:11:46Z",
        "codec": "MP3",
        "bitrate": 192,
        "hls": 0,
        "lastcheckok": 1,
        "lastchecktime": "2023-07-09 09:15:30",
        "lastchecktime_iso8601": "2023-07-09T09:15:30Z",
        "lastcheckoktime": "2023-07-09 09:15:30",
        "lastcheckoktime_iso8601": "2023-07-09T09:15:30Z",
        "lastlocalchecktime": "2023-07-09 02:02:06",
        "lastlocalchecktime_iso8601": "2023-07-09T02:02:06Z",
        "clicktimestamp": "2023-07-08 21:12:32",
        "clicktimestamp_iso8601": "2023-07-08T21:12:32Z",
        "clickcount": 7,
        "clicktrend": 2,
        "ssl_error": 0,
        "geo_lat": null,
        "geo_long": null,
        "has_extended_info": false
    },
    {
        "changeuuid": "e3ff59f9-1dc8-4670-aab6-2dfb1b9fdf8a",
        "stationuuid": "aec42053-0516-4317-b645-d20f6348f54a",
        "serveruuid": "c42ec9b6-e59c-4a30-bda9-1b3d2527d98c",
        "name": "Radio Bar",
        "url": "http://livestream.barinfo.me:9000/;",
        "url_resolved": "http://livestream.barinfo.me:9000/;",
        "homepage": "http://barinfo.me/",
        "favicon": "",
        "tags": "zabavna - pop - rock",
        "country": "Montenegro",
        "countrycode": "ME",
        "iso_3166_2": null,
        "state": "",
        "language": "montenegro",
        "languagecodes": "",
        "votes": 2,
        "lastchangetime": "2023-05-16 08:26:49",
        "lastchangetime_iso8601": "2023-05-16T08:26:49Z",
        "codec": "MP3",
        "bitrate": 128,
        "hls": 0,
        "lastcheckok": 1,
        "lastchecktime": "2023-07-09 09:45:58",
        "lastchecktime_iso8601": "2023-07-09T09:45:58Z",
        "lastcheckoktime": "2023-07-09 09:45:58",
        "lastcheckoktime_iso8601": "2023-07-09T09:45:58Z",
        "lastlocalchecktime": "2023-07-09 01:44:34",
        "lastlocalchecktime_iso8601": "2023-07-09T01:44:34Z",
        "clicktimestamp": "2023-07-08 22:39:32",
        "clicktimestamp_iso8601": "2023-07-08T22:39:32Z",
        "clickcount": 7,
        "clicktrend": 3,
        "ssl_error": 0,
        "geo_lat": null,
        "geo_long": null,
        "has_extended_info": false
    },
    {
        "changeuuid": "d114a72d-5168-4e46-964c-d8e80b0016b3",
        "stationuuid": "0a35e569-d2f9-4315-b49f-e8f6535a9665",
        "serveruuid": "0a24026a-38f8-48f7-80a7-c5350373cb17",
        "name": "Radio Kr\u0161",
        "url": "https://stream.radiokrs.me:8443/lq.mp3",
        "url_resolved": "https://stream.radiokrs.me:8443/lq.mp3",
        "homepage": "https://radiokrs.com/",
        "favicon": "",
        "tags": "classic - instrumental",
        "country": "Montenegro",
        "countrycode": "ME",
        "iso_3166_2": null,
        "state": "",
        "language": "montenegro",
        "languagecodes": "",
        "votes": 2,
        "lastchangetime": "2023-05-16 09:03:00",
        "lastchangetime_iso8601": "2023-05-16T09:03:00Z",
        "codec": "MP3",
        "bitrate": 320,
        "hls": 0,
        "lastcheckok": 1,
        "lastchecktime": "2023-07-09 10:31:44",
        "lastchecktime_iso8601": "2023-07-09T10:31:44Z",
        "lastcheckoktime": "2023-07-09 10:31:44",
        "lastcheckoktime_iso8601": "2023-07-09T10:31:44Z",
        "lastlocalchecktime": "2023-07-09 07:01:36",
        "lastlocalchecktime_iso8601": "2023-07-09T07:01:36Z",
        "clicktimestamp": "2023-07-09 11:01:18",
        "clicktimestamp_iso8601": "2023-07-09T11:01:18Z",
        "clickcount": 12,
        "clicktrend": 3,
        "ssl_error": 0,
        "geo_lat": null,
        "geo_long": null,
        "has_extended_info": false
    },
    {
        "changeuuid": "ac90c542-d3c4-47ad-b94f-0c58586a038b",
        "stationuuid": "52c29739-8000-43da-986e-1de154405fe1",
        "serveruuid": "a67a336b-2639-4775-9f71-e364b61f06c0",
        "name": "Srpski Radio",
        "url": "http://188.166.30.166:8000/stream",
        "url_resolved": "http://188.166.30.166:8000/stream",
        "homepage": "https://www.srpskenovinecg.com/",
        "favicon": "",
        "tags": "narodna - vesti",
        "country": "Montenegro",
        "countrycode": "ME",
        "iso_3166_2": null,
        "state": "",
        "language": "montenegro",
        "languagecodes": "",
        "votes": 2,
        "lastchangetime": "2023-05-15 13:20:04",
        "lastchangetime_iso8601": "2023-05-15T13:20:04Z",
        "codec": "MP3",
        "bitrate": 128,
        "hls": 0,
        "lastcheckok": 1,
        "lastchecktime": "2023-07-09 07:38:58",
        "lastchecktime_iso8601": "2023-07-09T07:38:58Z",
        "lastcheckoktime": "2023-07-09 07:38:58",
        "lastcheckoktime_iso8601": "2023-07-09T07:38:58Z",
        "lastlocalchecktime": "2023-07-09 07:38:58",
        "lastlocalchecktime_iso8601": "2023-07-09T07:38:58Z",
        "clicktimestamp": "2023-07-08 10:54:01",
        "clicktimestamp_iso8601": "2023-07-08T10:54:01Z",
        "clickcount": 6,
        "clicktrend": -1,
        "ssl_error": 0,
        "geo_lat": null,
        "geo_long": null,
        "has_extended_info": false
    },
    {
        "changeuuid": "0537e7ab-4062-4f9e-b9ee-a92ac604a790",
        "stationuuid": "62d7436b-7db0-4091-b373-88c87d5ae61d",
        "serveruuid": "9ba2a515-dd95-4d03-9b91-60f7a581bfe5",
        "name": "Bum radio",
        "url": "https://r.name.ba:7324/;",
        "url_resolved": "https://r.name.ba:7324/;",
        "homepage": "http://ww38.bumradiocg.com/",
        "favicon": "",
        "tags": "narodna - izvorna - etno",
        "country": "Montenegro",
        "countrycode": "ME",
        "iso_3166_2": null,
        "state": "",
        "language": "montenegrin",
        "languagecodes": "",
        "votes": 2,
        "lastchangetime": "2023-05-15 14:21:48",
        "lastchangetime_iso8601": "2023-05-15T14:21:48Z",
        "codec": "MP3",
        "bitrate": 128,
        "hls": 0,
        "lastcheckok": 1,
        "lastchecktime": "2023-07-09 02:36:58",
        "lastchecktime_iso8601": "2023-07-09T02:36:58Z",
        "lastcheckoktime": "2023-07-09 02:36:58",
        "lastcheckoktime_iso8601": "2023-07-09T02:36:58Z",
        "lastlocalchecktime": "2023-07-09 02:36:58",
        "lastlocalchecktime_iso8601": "2023-07-09T02:36:58Z",
        "clicktimestamp": "2023-07-08 20:28:43",
        "clicktimestamp_iso8601": "2023-07-08T20:28:43Z",
        "clickcount": 5,
        "clicktrend": 1,
        "ssl_error": 0,
        "geo_lat": null,
        "geo_long": null,
        "has_extended_info": false
    },
    {
        "changeuuid": "94d1d932-11f9-48c4-bd0b-a824b3df509e",
        "stationuuid": "119dc8a3-f360-47e8-8949-7d5991a79d28",
        "serveruuid": "75eb0e17-91eb-45ab-9728-a3a97c33b775",
        "name": "Radio Elmag Love",
        "url": "https://radio.elmag.me/love.mp3",
        "url_resolved": "https://radio.elmag.me/love.mp3",
        "homepage": "https://www.elmag.me/",
        "favicon": "https://www.elmag.me/wp-content/uploads/2018/01/favicon-114.png",
        "tags": "zabavna - lagana",
        "country": "Montenegro",
        "countrycode": "ME",
        "iso_3166_2": null,
        "state": "",
        "language": "montenegro",
        "languagecodes": "",
        "votes": 1,
        "lastchangetime": "2023-05-16 01:45:37",
        "lastchangetime_iso8601": "2023-05-16T01:45:37Z",
        "codec": "MP3",
        "bitrate": 128,
        "hls": 0,
        "lastcheckok": 1,
        "lastchecktime": "2023-07-09 04:04:57",
        "lastchecktime_iso8601": "2023-07-09T04:04:57Z",
        "lastcheckoktime": "2023-07-09 04:04:57",
        "lastcheckoktime_iso8601": "2023-07-09T04:04:57Z",
        "lastlocalchecktime": "2023-07-09 04:04:57",
        "lastlocalchecktime_iso8601": "2023-07-09T04:04:57Z",
        "clicktimestamp": "2023-07-08 18:56:56",
        "clicktimestamp_iso8601": "2023-07-08T18:56:56Z",
        "clickcount": 6,
        "clicktrend": 1,
        "ssl_error": 0,
        "geo_lat": null,
        "geo_long": null,
        "has_extended_info": false
    },
    {
        "changeuuid": "ac0a41a5-85bf-4bda-99ff-363de34ccd5f",
        "stationuuid": "87461d15-221e-40db-ab2e-df0efda03598",
        "serveruuid": "e1cca933-27ae-48b9-9f3a-53781981be63",
        "name": "Radio Boka News",
        "url": "http://bokanews.me:8000/source",
        "url_resolved": "http://bokanews.me:8000/source",
        "homepage": "https://bokanews.me/",
        "favicon": "",
        "tags": "zabavna",
        "country": "Montenegro",
        "countrycode": "ME",
        "iso_3166_2": null,
        "state": "",
        "language": "montenegro",
        "languagecodes": "",
        "votes": 1,
        "lastchangetime": "2023-05-16 01:48:56",
        "lastchangetime_iso8601": "2023-05-16T01:48:56Z",
        "codec": "AAC+",
        "bitrate": 48,
        "hls": 0,
        "lastcheckok": 1,
        "lastchecktime": "2023-07-09 03:42:39",
        "lastchecktime_iso8601": "2023-07-09T03:42:39Z",
        "lastcheckoktime": "2023-07-09 03:42:39",
        "lastcheckoktime_iso8601": "2023-07-09T03:42:39Z",
        "lastlocalchecktime": "2023-07-09 03:42:39",
        "lastlocalchecktime_iso8601": "2023-07-09T03:42:39Z",
        "clicktimestamp": "2023-07-08 20:29:48",
        "clicktimestamp_iso8601": "2023-07-08T20:29:48Z",
        "clickcount": 4,
        "clicktrend": 0,
        "ssl_error": 0,
        "geo_lat": null,
        "geo_long": null,
        "has_extended_info": false
    },
    {
        "changeuuid": "a31ca305-e081-492f-94d0-da253d0ace9d",
        "stationuuid": "fcd4e492-9fb9-48b2-8d3e-53db20122718",
        "serveruuid": "937b3504-6e84-4951-b318-cc484936aa21",
        "name": "Radio Budva",
        "url": "https://c8.radioboss.fm:18199/stream",
        "url_resolved": "https://c8.radioboss.fm:18199/stream",
        "homepage": "https://www.rtvbudva.me/",
        "favicon": "",
        "tags": "pop - zabavna - vesti",
        "country": "Montenegro",
        "countrycode": "ME",
        "iso_3166_2": null,
        "state": "",
        "language": "montenegro",
        "languagecodes": "",
        "votes": 1,
        "lastchangetime": "2023-05-16 07:26:20",
        "lastchangetime_iso8601": "2023-05-16T07:26:20Z",
        "codec": "MP3",
        "bitrate": 128,
        "hls": 0,
        "lastcheckok": 1,
        "lastchecktime": "2023-07-09 08:34:49",
        "lastchecktime_iso8601": "2023-07-09T08:34:49Z",
        "lastcheckoktime": "2023-07-09 08:34:49",
        "lastcheckoktime_iso8601": "2023-07-09T08:34:49Z",
        "lastlocalchecktime": "2023-07-09 04:43:25",
        "lastlocalchecktime_iso8601": "2023-07-09T04:43:25Z",
        "clicktimestamp": "2023-07-08 18:18:46",
        "clicktimestamp_iso8601": "2023-07-08T18:18:46Z",
        "clickcount": 9,
        "clicktrend": 0,
        "ssl_error": 0,
        "geo_lat": null,
        "geo_long": null,
        "has_extended_info": false
    },
    {
        "changeuuid": "35085aef-49f5-4821-8577-16a6880efebf",
        "stationuuid": "fa325ba3-f7f7-49c6-b1cd-e65a010546d2",
        "serveruuid": "75eb0e17-91eb-45ab-9728-a3a97c33b775",
        "name": "Radio Elmag Kids",
        "url": "https://radio.elmag.me/kids.mp3",
        "url_resolved": "https://radio.elmag.me/kids.mp3",
        "homepage": "https://www.elmag.me/",
        "favicon": "https://www.elmag.me/wp-content/uploads/2018/01/favicon-114.png",
        "tags": "muzika za decu",
        "country": "Montenegro",
        "countrycode": "ME",
        "iso_3166_2": null,
        "state": "",
        "language": "montenegro",
        "languagecodes": "",
        "votes": 1,
        "lastchangetime": "2023-05-16 08:32:05",
        "lastchangetime_iso8601": "2023-05-16T08:32:05Z",
        "codec": "MP3",
        "bitrate": 128,
        "hls": 0,
        "lastcheckok": 1,
        "lastchecktime": "2023-07-09 09:56:07",
        "lastchecktime_iso8601": "2023-07-09T09:56:07Z",
        "lastcheckoktime": "2023-07-09 09:56:07",
        "lastcheckoktime_iso8601": "2023-07-09T09:56:07Z",
        "lastlocalchecktime": "2023-07-09 03:50:43",
        "lastlocalchecktime_iso8601": "2023-07-09T03:50:43Z",
        "clicktimestamp": "2023-07-08 18:25:22",
        "clicktimestamp_iso8601": "2023-07-08T18:25:22Z",
        "clickcount": 6,
        "clicktrend": 1,
        "ssl_error": 0,
        "geo_lat": null,
        "geo_long": null,
        "has_extended_info": false
    },
    {
        "changeuuid": "b82746cd-ae43-4a95-9a76-78f9c9b2a646",
        "stationuuid": "91333695-4f6b-4150-9892-c2fb03237b10",
        "serveruuid": "767ad866-2843-4626-afc5-c0cedf437ee4",
        "name": "Radio Homer",
        "url": "https://radiohomerpg.radioca.st/;",
        "url_resolved": "https://radiohomerpg.radioca.st/;",
        "homepage": "https://radiohomer.com/",
        "favicon": "https://sp-ao.shortpixel.ai/client/to_auto,q_glossy,ret_img,w_180,h_180/https://radiohomer.com/wp-content/uploads/2021/02/cropped-dashboard-icon-180x180.png",
        "tags": "mix",
        "country": "Montenegro",
        "countrycode": "ME",
        "iso_3166_2": null,
        "state": "",
        "language": "montenegro",
        "languagecodes": "",
        "votes": 1,
        "lastchangetime": "2023-05-16 10:16:08",
        "lastchangetime_iso8601": "2023-05-16T10:16:08Z",
        "codec": "MP3",
        "bitrate": 128,
        "hls": 0,
        "lastcheckok": 1,
        "lastchecktime": "2023-07-09 11:53:00",
        "lastchecktime_iso8601": "2023-07-09T11:53:00Z",
        "lastcheckoktime": "2023-07-09 11:53:00",
        "lastcheckoktime_iso8601": "2023-07-09T11:53:00Z",
        "lastlocalchecktime": "2023-07-08 20:04:18",
        "lastlocalchecktime_iso8601": "2023-07-08T20:04:18Z",
        "clicktimestamp": "2023-07-08 20:49:30",
        "clicktimestamp_iso8601": "2023-07-08T20:49:30Z",
        "clickcount": 8,
        "clicktrend": 2,
        "ssl_error": 0,
        "geo_lat": null,
        "geo_long": null,
        "has_extended_info": false
    },
    {
        "changeuuid": "2e16f029-37b0-4a81-9533-72212c35fee9",
        "stationuuid": "38d9b70e-e6bc-47bf-ba3a-c74cc3fa3d74",
        "serveruuid": "8f6265a0-47ce-4675-95fe-d9fdda4bc20d",
        "name": "Radio Zeta",
        "url": "http://freeuk18.listen2myradio.com:33901/;",
        "url_resolved": "http://freeuk18.listen2myradio.com:33901/;",
        "homepage": "https://m.facebook.com/people/Radio-Zeta-938-MHz/100063610536807/",
        "favicon": "",
        "tags": "narodna",
        "country": "Montenegro",
        "countrycode": "ME",
        "iso_3166_2": null,
        "state": "",
        "language": "montenegrin",
        "languagecodes": "",
        "votes": 1,
        "lastchangetime": "2023-05-17 13:26:57",
        "lastchangetime_iso8601": "2023-05-17T13:26:57Z",
        "codec": "MP3",
        "bitrate": 96,
        "hls": 0,
        "lastcheckok": 1,
        "lastchecktime": "2023-07-09 04:38:39",
        "lastchecktime_iso8601": "2023-07-09T04:38:39Z",
        "lastcheckoktime": "2023-07-09 04:38:39",
        "lastcheckoktime_iso8601": "2023-07-09T04:38:39Z",
        "lastlocalchecktime": "2023-07-09 04:38:39",
        "lastlocalchecktime_iso8601": "2023-07-09T04:38:39Z",
        "clicktimestamp": "2023-07-08 18:19:16",
        "clicktimestamp_iso8601": "2023-07-08T18:19:16Z",
        "clickcount": 7,
        "clicktrend": 0,
        "ssl_error": 0,
        "geo_lat": null,
        "geo_long": null,
        "has_extended_info": false
    },
    {
        "changeuuid": "a92a3903-4d05-41cf-a991-4734f77294e5",
        "stationuuid": "887b5bc7-413f-4dd0-b02a-5b268f794b43",
        "serveruuid": "0d5c10b6-78e5-4fff-83ee-db7a72c830a2",
        "name": "Radio Mojkovac",
        "url": "http://163.172.142.150:8000/stream",
        "url_resolved": "http://163.172.142.150:8000/stream",
        "homepage": "http://www.slobodnarijec.net/",
        "favicon": "https://firebasestorage.googleapis.com/v0/b/radiogalaxy-580f4.appspot.com/o/images%2FIMG_20230513_163112866.jpg?alt=media&token=ba0a3e2c-9a18-46cb-932a-2e6914405373",
        "tags": "lokalni",
        "country": "Montenegro",
        "countrycode": "ME",
        "iso_3166_2": null,
        "state": "",
        "language": "montenegrin",
        "languagecodes": "",
        "votes": 1,
        "lastchangetime": "2023-05-13 14:37:39",
        "lastchangetime_iso8601": "2023-05-13T14:37:39Z",
        "codec": "MP3",
        "bitrate": 128,
        "hls": 0,
        "lastcheckok": 1,
        "lastchecktime": "2023-07-09 01:14:30",
        "lastchecktime_iso8601": "2023-07-09T01:14:30Z",
        "lastcheckoktime": "2023-07-09 01:14:30",
        "lastcheckoktime_iso8601": "2023-07-09T01:14:30Z",
        "lastlocalchecktime": "2023-07-09 01:14:30",
        "lastlocalchecktime_iso8601": "2023-07-09T01:14:30Z",
        "clicktimestamp": "2023-07-08 18:18:50",
        "clicktimestamp_iso8601": "2023-07-08T18:18:50Z",
        "clickcount": 8,
        "clicktrend": -1,
        "ssl_error": 0,
        "geo_lat": null,
        "geo_long": null,
        "has_extended_info": false
    },
    {
        "changeuuid": "bf947cc1-4915-46a4-81c2-dd210815f732",
        "stationuuid": "3cb00022-e471-4315-8b3c-b00296d0b947",
        "serveruuid": "09225e40-6a7f-4aa6-91e2-746b813d8c60",
        "name": "TDI Radio Crna Gora",
        "url": "https://streaming.tdiradio.com/crnagora.mp3",
        "url_resolved": "https://streaming.tdiradio.com/crnagora.mp3",
        "homepage": "https://tdiradio.com/",
        "favicon": "https://tdiradio.com/wp-content/uploads/2022/05/cropped-tds-180x180.png",
        "tags": "pop - house - dance",
        "country": "Montenegro",
        "countrycode": "ME",
        "iso_3166_2": null,
        "state": "",
        "language": "montenegrin",
        "languagecodes": "",
        "votes": 1,
        "lastchangetime": "2023-05-15 13:15:14",
        "lastchangetime_iso8601": "2023-05-15T13:15:14Z",
        "codec": "MP3",
        "bitrate": 128,
        "hls": 0,
        "lastcheckok": 1,
        "lastchecktime": "2023-07-08 19:54:46",
        "lastchecktime_iso8601": "2023-07-08T19:54:46Z",
        "lastcheckoktime": "2023-07-08 19:54:46",
        "lastcheckoktime_iso8601": "2023-07-08T19:54:46Z",
        "lastlocalchecktime": "2023-07-08 19:54:46",
        "lastlocalchecktime_iso8601": "2023-07-08T19:54:46Z",
        "clicktimestamp": "2023-07-08 20:29:18",
        "clicktimestamp_iso8601": "2023-07-08T20:29:18Z",
        "clickcount": 5,
        "clicktrend": 0,
        "ssl_error": 0,
        "geo_lat": null,
        "geo_long": null,
        "has_extended_info": false
    },
    {
        "changeuuid": "c1707e2b-20a0-416d-af30-cb09a49f5038",
        "stationuuid": "0d1ae8b3-e8c5-4ec7-a8b3-7ea70bd87025",
        "serveruuid": "c4c5506a-b99f-44e7-bef5-a25c42a38fae",
        "name": "Radio Kotor",
        "url": "https://stream.iradio.pro/proxy/radiokotor?mp=/stream",
        "url_resolved": "https://stream.iradio.pro/proxy/radiokotor?mp=/stream",
        "homepage": "https://radiokotor.info/",
        "favicon": "https://radiokotor.info/images/favicon/apple-touch-icon.png",
        "tags": "zabavna",
        "country": "Montenegro",
        "countrycode": "ME",
        "iso_3166_2": null,
        "state": "",
        "language": "montenegrin",
        "languagecodes": "",
        "votes": 1,
        "lastchangetime": "2023-05-15 14:09:58",
        "lastchangetime_iso8601": "2023-05-15T14:09:58Z",
        "codec": "MP3",
        "bitrate": 192,
        "hls": 0,
        "lastcheckok": 1,
        "lastchecktime": "2023-07-09 00:14:53",
        "lastchecktime_iso8601": "2023-07-09T00:14:53Z",
        "lastcheckoktime": "2023-07-09 00:14:53",
        "lastcheckoktime_iso8601": "2023-07-09T00:14:53Z",
        "lastlocalchecktime": "2023-07-09 00:14:53",
        "lastlocalchecktime_iso8601": "2023-07-09T00:14:53Z",
        "clicktimestamp": "2023-07-08 20:49:08",
        "clicktimestamp_iso8601": "2023-07-08T20:49:08Z",
        "clickcount": 9,
        "clicktrend": 1,
        "ssl_error": 0,
        "geo_lat": null,
        "geo_long": null,
        "has_extended_info": false
    },
    {
        "changeuuid": "a48ccdf9-44d7-44b4-bda8-bf4891a93239",
        "stationuuid": "a4d017e5-ed82-4b1a-87c5-b0d4f24134c8",
        "serveruuid": "87013bd5-cb01-4b69-a2ec-582ad3b71306",
        "name": "Radio Saraj",
        "url": "https://eu4.fastcast4u.com/proxy/stilradiomk?mp=/s",
        "url_resolved": "https://eu4.fastcast4u.com/proxy/stilradiomk?mp=/s",
        "homepage": "http://radiogora.org/saraj/",
        "favicon": "http://radiogora.org/favicon.ico",
        "tags": "pop - folk - ex-yu",
        "country": "Montenegro",
        "countrycode": "ME",
        "iso_3166_2": null,
        "state": "",
        "language": "montenegro",
        "languagecodes": "",
        "votes": 0,
        "lastchangetime": "2023-05-16 02:01:17",
        "lastchangetime_iso8601": "2023-05-16T02:01:17Z",
        "codec": "AAC+",
        "bitrate": 320,
        "hls": 0,
        "lastcheckok": 1,
        "lastchecktime": "2023-07-09 07:43:02",
        "lastchecktime_iso8601": "2023-07-09T07:43:02Z",
        "lastcheckoktime": "2023-07-09 07:43:02",
        "lastcheckoktime_iso8601": "2023-07-09T07:43:02Z",
        "lastlocalchecktime": "2023-07-09 07:43:02",
        "lastlocalchecktime_iso8601": "2023-07-09T07:43:02Z",
        "clicktimestamp": "2023-07-08 20:29:54",
        "clicktimestamp_iso8601": "2023-07-08T20:29:54Z",
        "clickcount": 4,
        "clicktrend": 0,
        "ssl_error": 0,
        "geo_lat": null,
        "geo_long": null,
        "has_extended_info": false
    },
    {
        "changeuuid": "f4c5f1da-cc2f-40db-995e-51670d5b6f50",
        "stationuuid": "c2a93329-c1b0-4fe6-80a1-fcd20ff58169",
        "serveruuid": "652b642c-1406-42e2-a526-0b2f884a0d82",
        "name": "Budva Summer Radio",
        "url": "https://c4.radioboss.fm:18181/stream",
        "url_resolved": "https://c4.radioboss.fm:18181/stream",
        "homepage": "https://www.budvanocu.com/me/budva-summer-radio",
        "favicon": "",
        "tags": "house - club music - electronic",
        "country": "Montenegro",
        "countrycode": "ME",
        "iso_3166_2": null,
        "state": "",
        "language": "montenegro",
        "languagecodes": "",
        "votes": 0,
        "lastchangetime": "2023-05-16 07:41:02",
        "lastchangetime_iso8601": "2023-05-16T07:41:02Z",
        "codec": "MP3",
        "bitrate": 128,
        "hls": 0,
        "lastcheckok": 1,
        "lastchecktime": "2023-07-09 08:45:00",
        "lastchecktime_iso8601": "2023-07-09T08:45:00Z",
        "lastcheckoktime": "2023-07-08 19:07:49",
        "lastcheckoktime_iso8601": "2023-07-08T19:07:49Z",
        "lastlocalchecktime": "2023-07-08 19:07:49",
        "lastlocalchecktime_iso8601": "2023-07-08T19:07:49Z",
        "clicktimestamp": "2023-07-08 18:24:45",
        "clicktimestamp_iso8601": "2023-07-08T18:24:45Z",
        "clickcount": 7,
        "clicktrend": 0,
        "ssl_error": 0,
        "geo_lat": null,
        "geo_long": null,
        "has_extended_info": false
    },
    {
        "changeuuid": "11ef79c8-98d5-416b-9dfc-782b06097089",
        "stationuuid": "2baf5673-911f-4d34-840c-a3872991523d",
        "serveruuid": "c396d429-5df4-4b4a-a17b-c3cda8380906",
        "name": "Radio S2 Crna Gora",
        "url": "https://stream.radios.rs:9010/;",
        "url_resolved": "https://stream.radios.rs:9010/;",
        "homepage": "https://www.radios.rs/",
        "favicon": "https://www.radios.rs/images/radios/favicon/apple-icon-120x120.png",
        "tags": "pop - zabavna",
        "country": "Montenegro",
        "countrycode": "ME",
        "iso_3166_2": null,
        "state": "",
        "language": "montenegro",
        "languagecodes": "",
        "votes": 0,
        "lastchangetime": "2023-05-16 08:30:59",
        "lastchangetime_iso8601": "2023-05-16T08:30:59Z",
        "codec": "AAC+",
        "bitrate": 32,
        "hls": 0,
        "lastcheckok": 1,
        "lastchecktime": "2023-07-09 09:56:07",
        "lastchecktime_iso8601": "2023-07-09T09:56:07Z",
        "lastcheckoktime": "2023-07-09 09:56:07",
        "lastcheckoktime_iso8601": "2023-07-09T09:56:07Z",
        "lastlocalchecktime": "2023-07-09 04:40:37",
        "lastlocalchecktime_iso8601": "2023-07-09T04:40:37Z",
        "clicktimestamp": "2023-07-04 17:53:49",
        "clicktimestamp_iso8601": "2023-07-04T17:53:49Z",
        "clickcount": 4,
        "clicktrend": 0,
        "ssl_error": 0,
        "geo_lat": null,
        "geo_long": null,
        "has_extended_info": false
    },
    {
        "changeuuid": "be5ec856-56da-44f3-8541-56a916eaf411",
        "stationuuid": "d140d0db-94a7-4211-a5c8-280914dac21e",
        "serveruuid": "a20635d1-997a-422b-a2e3-85299c273439",
        "name": "City Radio",
        "url": "http://eu7.fastcast4u.com:6166/;",
        "url_resolved": "http://eu7.fastcast4u.com:6166/;",
        "homepage": "http://www.cityradio.me/",
        "favicon": "",
        "tags": "zabavna - pop-rock",
        "country": "Montenegro",
        "countrycode": "ME",
        "iso_3166_2": null,
        "state": "",
        "language": "montenegro",
        "languagecodes": "",
        "votes": 0,
        "lastchangetime": "2023-05-16 10:24:26",
        "lastchangetime_iso8601": "2023-05-16T10:24:26Z",
        "codec": "AAC+",
        "bitrate": 64,
        "hls": 0,
        "lastcheckok": 1,
        "lastchecktime": "2023-07-09 11:58:04",
        "lastchecktime_iso8601": "2023-07-09T11:58:04Z",
        "lastcheckoktime": "2023-07-09 11:58:04",
        "lastcheckoktime_iso8601": "2023-07-09T11:58:04Z",
        "lastlocalchecktime": "2023-07-09 04:58:19",
        "lastlocalchecktime_iso8601": "2023-07-09T04:58:19Z",
        "clicktimestamp": "2023-07-08 20:30:08",
        "clicktimestamp_iso8601": "2023-07-08T20:30:08Z",
        "clickcount": 3,
        "clicktrend": 1,
        "ssl_error": 0,
        "geo_lat": null,
        "geo_long": null,
        "has_extended_info": false
    },
    {
        "changeuuid": "e0c21e21-4854-4a72-a2b2-27e986f52438",
        "stationuuid": "89068777-0e30-48be-b751-f25f6b27e976",
        "serveruuid": "d83135ec-95a2-4068-8911-94d682aee0cc",
        "name": "Aroma radio",
        "url": "http://5.63.151.52:7025/;",
        "url_resolved": "http://5.63.151.52:7025/;",
        "homepage": "https://aromamarketi.me/",
        "favicon": "https://aromamarketi.me/wp-content/themes/aroma/frontend_stuff/assets/images/favicon/v3/apple-icon-120x120.png",
        "tags": "mix",
        "country": "Montenegro",
        "countrycode": "ME",
        "iso_3166_2": null,
        "state": "",
        "language": "montenegro",
        "languagecodes": "",
        "votes": 0,
        "lastchangetime": "2023-05-16 10:27:17",
        "lastchangetime_iso8601": "2023-05-16T10:27:17Z",
        "codec": "MP3",
        "bitrate": 128,
        "hls": 0,
        "lastcheckok": 1,
        "lastchecktime": "2023-07-09 12:08:23",
        "lastchecktime_iso8601": "2023-07-09T12:08:23Z",
        "lastcheckoktime": "2023-07-09 12:08:23",
        "lastcheckoktime_iso8601": "2023-07-09T12:08:23Z",
        "lastlocalchecktime": "2023-07-09 03:54:10",
        "lastlocalchecktime_iso8601": "2023-07-09T03:54:10Z",
        "clicktimestamp": "2023-07-08 19:49:01",
        "clicktimestamp_iso8601": "2023-07-08T19:49:01Z",
        "clickcount": 5,
        "clicktrend": 1,
        "ssl_error": 0,
        "geo_lat": null,
        "geo_long": null,
        "has_extended_info": false
    },
    {
        "changeuuid": "8bd9bb87-bf8a-4937-801d-49be9a98425d",
        "stationuuid": "d690de18-e017-4519-81ab-8130a81bf060",
        "serveruuid": "dc5bf41a-34e6-4195-96e3-b50633e5e6f0",
        "name": "Druga\u010dija Radio Stanica",
        "url": "https://eu2.fastcast4u.com/proxy/mic0?mp=/stream",
        "url_resolved": "https://eu2.fastcast4u.com/proxy/mic0?mp=/stream",
        "homepage": "http://drugacija.me/",
        "favicon": "https://firebasestorage.googleapis.com/v0/b/radiogalaxy-580f4.appspot.com/o/images%2FIMG_20230514_202032889.jpg?alt=media&token=e0f504b3-72af-4ea5-8c63-a0402caa5120",
        "tags": "zabavna",
        "country": "Montenegro",
        "countrycode": "ME",
        "iso_3166_2": null,
        "state": "",
        "language": "montenegro",
        "languagecodes": "",
        "votes": 0,
        "lastchangetime": "2023-05-14 18:26:33",
        "lastchangetime_iso8601": "2023-05-14T18:26:33Z",
        "codec": "MP3",
        "bitrate": 112,
        "hls": 0,
        "lastcheckok": 1,
        "lastchecktime": "2023-07-09 03:56:49",
        "lastchecktime_iso8601": "2023-07-09T03:56:49Z",
        "lastcheckoktime": "2023-07-09 03:56:49",
        "lastcheckoktime_iso8601": "2023-07-09T03:56:49Z",
        "lastlocalchecktime": "2023-07-09 03:56:49",
        "lastlocalchecktime_iso8601": "2023-07-09T03:56:49Z",
        "clicktimestamp": "2023-07-09 05:21:47",
        "clicktimestamp_iso8601": "2023-07-09T05:21:47Z",
        "clickcount": 10,
        "clicktrend": 1,
        "ssl_error": 0,
        "geo_lat": null,
        "geo_long": null,
        "has_extended_info": false
    },
    {
        "changeuuid": "ebd82c6e-1659-447b-b54a-f5f0af82bb4e",
        "stationuuid": "978cbbe7-c735-4bcb-91e2-426d6d8716fc",
        "serveruuid": "dc5bf41a-34e6-4195-96e3-b50633e5e6f0",
        "name": "Druga\u010dija Radio Stanica",
        "url": "https://eu2.fastcast4u.com/proxy/mic0?mp=/stream",
        "url_resolved": "https://eu2.fastcast4u.com/proxy/mic0?mp=/stream",
        "homepage": "http://drugacija.me/",
        "favicon": "https://firebasestorage.googleapis.com/v0/b/radiogalaxy-580f4.appspot.com/o/images%2FIMG_20230514_202725530.jpg?alt=media&token=4c90134b-9795-45c7-b851-7c09cafc4b77",
        "tags": "zabavna",
        "country": "Montenegro",
        "countrycode": "ME",
        "iso_3166_2": null,
        "state": "",
        "language": "montenegro",
        "languagecodes": "",
        "votes": 0,
        "lastchangetime": "2023-05-14 18:28:52",
        "lastchangetime_iso8601": "2023-05-14T18:28:52Z",
        "codec": "MP3",
        "bitrate": 112,
        "hls": 0,
        "lastcheckok": 1,
        "lastchecktime": "2023-07-08 21:59:44",
        "lastchecktime_iso8601": "2023-07-08T21:59:44Z",
        "lastcheckoktime": "2023-07-08 21:59:44",
        "lastcheckoktime_iso8601": "2023-07-08T21:59:44Z",
        "lastlocalchecktime": "2023-07-08 21:59:44",
        "lastlocalchecktime_iso8601": "2023-07-08T21:59:44Z",
        "clicktimestamp": "2023-07-09 05:26:47",
        "clicktimestamp_iso8601": "2023-07-09T05:26:47Z",
        "clickcount": 8,
        "clicktrend": 2,
        "ssl_error": 0,
        "geo_lat": null,
        "geo_long": null,
        "has_extended_info": false
    },
    {
        "changeuuid": "e8a284c7-00b2-4fd6-ac01-c0da78e4fe64",
        "stationuuid": "c0d23bdb-6b51-4c82-8eb3-c55690f74209",
        "serveruuid": "13d658d2-c8f7-4403-9fa5-f6a368b86c72",
        "name": "Radio S3 Crna Gora",
        "url": "https://stream.radios.rs:9018/",
        "url_resolved": "https://stream.radios.rs:9018/",
        "homepage": "https://www.radios.rs/",
        "favicon": "https://firebasestorage.googleapis.com/v0/b/radiogalaxy-580f4.appspot.com/o/images%2FIMG_20230515_062138445.jpg?alt=media&token=d4fdbe14-e7cd-47c8-ac30-9b0e9af0f4f5",
        "tags": "zabavna",
        "country": "Montenegro",
        "countrycode": "ME",
        "iso_3166_2": null,
        "state": "",
        "language": "montenegro",
        "languagecodes": "",
        "votes": 0,
        "lastchangetime": "2023-05-15 04:22:57",
        "lastchangetime_iso8601": "2023-05-15T04:22:57Z",
        "codec": "AAC+",
        "bitrate": 36,
        "hls": 0,
        "lastcheckok": 1,
        "lastchecktime": "2023-07-09 05:55:07",
        "lastchecktime_iso8601": "2023-07-09T05:55:07Z",
        "lastcheckoktime": "2023-07-09 05:55:07",
        "lastcheckoktime_iso8601": "2023-07-09T05:55:07Z",
        "lastlocalchecktime": "2023-07-08 19:21:56",
        "lastlocalchecktime_iso8601": "2023-07-08T19:21:56Z",
        "clicktimestamp": "2023-07-08 20:30:11",
        "clicktimestamp_iso8601": "2023-07-08T20:30:11Z",
        "clickcount": 3,
        "clicktrend": 1,
        "ssl_error": 0,
        "geo_lat": null,
        "geo_long": null,
        "has_extended_info": false
    },
    {
        "changeuuid": "4ac231e2-1321-4fb1-a778-3c2f991fa5c9",
        "stationuuid": "ac07737f-9ca7-4140-af35-419bec45d88f",
        "serveruuid": "422926b8-74a0-4f83-a445-710b5e15b273",
        "name": "Radio D Podgorica",
        "url": "http://tachyon.shoutca.st:8289/xstream",
        "url_resolved": "http://tachyon.shoutca.st:8289/xstream",
        "homepage": "https://radioddplus.com/",
        "favicon": "",
        "tags": "zabavna - pop - rock",
        "country": "Montenegro",
        "countrycode": "ME",
        "iso_3166_2": null,
        "state": "",
        "language": "montenegro",
        "languagecodes": "",
        "votes": 0,
        "lastchangetime": "2023-05-15 13:00:36",
        "lastchangetime_iso8601": "2023-05-15T13:00:36Z",
        "codec": "MP3",
        "bitrate": 102,
        "hls": 0,
        "lastcheckok": 1,
        "lastchecktime": "2023-07-09 04:59:08",
        "lastchecktime_iso8601": "2023-07-09T04:59:08Z",
        "lastcheckoktime": "2023-07-09 04:59:08",
        "lastcheckoktime_iso8601": "2023-07-09T04:59:08Z",
        "lastlocalchecktime": "2023-07-09 04:59:08",
        "lastlocalchecktime_iso8601": "2023-07-09T04:59:08Z",
        "clicktimestamp": "2023-07-08 20:29:44",
        "clicktimestamp_iso8601": "2023-07-08T20:29:44Z",
        "clickcount": 5,
        "clicktrend": 0,
        "ssl_error": 0,
        "geo_lat": null,
        "geo_long": null,
        "has_extended_info": false
    },
    {
        "changeuuid": "3dc4089a-b1d2-4360-b687-dd4712b0e17c",
        "stationuuid": "e22af437-481f-4759-a983-48c19db5143f",
        "serveruuid": "1f0ecea3-5a01-4026-845a-ec2d77f15a81",
        "name": "Radio Renome",
        "url": "https://r.name.ba:7316/",
        "url_resolved": "https://r.name.ba:7316/",
        "homepage": "https://m.facebook.com/renomeradio.podgorica.crna.gora/?wtsid=rdr_0PA6FGS7dxzKLsWiX",
        "favicon": "",
        "tags": "narodna",
        "country": "Montenegro",
        "countrycode": "ME",
        "iso_3166_2": null,
        "state": "",
        "language": "montenegrin",
        "languagecodes": "",
        "votes": 0,
        "lastchangetime": "2023-05-15 13:06:53",
        "lastchangetime_iso8601": "2023-05-15T13:06:53Z",
        "codec": "MP3",
        "bitrate": 128,
        "hls": 0,
        "lastcheckok": 1,
        "lastchecktime": "2023-07-09 07:26:38",
        "lastchecktime_iso8601": "2023-07-09T07:26:38Z",
        "lastcheckoktime": "2023-07-09 07:26:38",
        "lastcheckoktime_iso8601": "2023-07-09T07:26:38Z",
        "lastlocalchecktime": "2023-07-09 07:26:38",
        "lastlocalchecktime_iso8601": "2023-07-09T07:26:38Z",
        "clicktimestamp": "2023-07-08 20:29:20",
        "clicktimestamp_iso8601": "2023-07-08T20:29:20Z",
        "clickcount": 5,
        "clicktrend": 0,
        "ssl_error": 0,
        "geo_lat": null,
        "geo_long": null,
        "has_extended_info": false
    },
    {
        "changeuuid": "ecece8b8-3e08-4ec9-a41f-63ae5a31d722",
        "stationuuid": "c4e64340-6cb0-478a-b3be-03fd5e129858",
        "serveruuid": "19009bca-64e5-4066-9b45-7d27bda01761",
        "name": "Radio Dux",
        "url": "http://www.radiodux.me:8000/radiodux",
        "url_resolved": "http://www.radiodux.me:8000/radiodux",
        "homepage": "http://www.radiodux.me/",
        "favicon": "",
        "tags": "80s",
        "country": "Montenegro",
        "countrycode": "ME",
        "iso_3166_2": null,
        "state": "",
        "language": "montenegrin",
        "languagecodes": "",
        "votes": 0,
        "lastchangetime": "2023-05-15 13:47:50",
        "lastchangetime_iso8601": "2023-05-15T13:47:50Z",
        "codec": "AAC",
        "bitrate": 128,
        "hls": 0,
        "lastcheckok": 1,
        "lastchecktime": "2023-07-09 05:49:53",
        "lastchecktime_iso8601": "2023-07-09T05:49:53Z",
        "lastcheckoktime": "2023-07-09 05:49:53",
        "lastcheckoktime_iso8601": "2023-07-09T05:49:53Z",
        "lastlocalchecktime": "2023-07-09 05:49:53",
        "lastlocalchecktime_iso8601": "2023-07-09T05:49:53Z",
        "clicktimestamp": "2023-07-08 20:29:10",
        "clicktimestamp_iso8601": "2023-07-08T20:29:10Z",
        "clickcount": 5,
        "clicktrend": 1,
        "ssl_error": 0,
        "geo_lat": null,
        "geo_long": null,
        "has_extended_info": false
    },
    {
        "changeuuid": "46252e4b-b4d6-4f15-bb1d-637774b660c4",
        "stationuuid": "c20b90e7-9def-4dee-a1a0-39abd4e054a3",
        "serveruuid": "262c8351-0758-4e0d-b26b-11a29b797fa9",
        "name": "Rcg Yug",
        "url": "https://rtcg.ipradio.rs:9103/;",
        "url_resolved": "https://rtcg.ipradio.rs:9103/;",
        "homepage": "http://www.rtcg.me/",
        "favicon": "http://www.rtcg.me/assets/img/favicons/apple-icon-180x180.png",
        "tags": "yu pop rock",
        "country": "Montenegro",
        "countrycode": "ME",
        "iso_3166_2": null,
        "state": "",
        "language": "montenegro",
        "languagecodes": "",
        "votes": 51,
        "lastchangetime": "2023-10-23 20:45:40",
        "lastchangetime_iso8601": "2023-10-23T20:45:40Z",
        "codec": "MP3",
        "bitrate": 128,
        "hls": 0,
        "lastcheckok": 1,
        "lastchecktime": "2023-11-07 14:35:53",
        "lastchecktime_iso8601": "2023-11-07T14:35:53Z",
        "lastcheckoktime": "2023-11-07 14:35:53",
        "lastcheckoktime_iso8601": "2023-11-07T14:35:53Z",
        "lastlocalchecktime": "2023-11-06 20:57:11",
        "lastlocalchecktime_iso8601": "2023-11-06T20:57:11Z",
        "clicktimestamp": "2023-11-07 13:45:47",
        "clicktimestamp_iso8601": "2023-11-07T13:45:47Z",
        "clickcount": 41,
        "clicktrend": -2,
        "ssl_error": 0,
        "geo_lat": 42.42994411032264,
        "geo_long": 19.274991152001764,
        "has_extended_info": false
    },
    {
        "changeuuid": "35e41d34-84d2-47b9-be95-e846b88e0a66",
        "stationuuid": "59f16ab6-519d-44b7-af67-4624bd3efbb6",
        "serveruuid": "4d55ef96-fff0-4c44-a58f-fc3cf52da831",
        "name": "\u0420\u0426\u0413 Classic",
        "url": "https://rtcg1.ipradio.rs:9100/listen.pls",
        "url_resolved": "http://rtcg1.ipradio.rs:10004/;",
        "homepage": "https://rtcg.me/cir/radio/radio-uzivo/rcg-classic-uzivo.html",
        "favicon": "https://rtcg.me/assets/img/favicons/apple-icon-180x180.png",
        "tags": "classical music",
        "country": "Montenegro",
        "countrycode": "ME",
        "iso_3166_2": null,
        "state": "",
        "language": "serbian",
        "languagecodes": "sr",
        "votes": 2,
        "lastchangetime": "2023-11-05 18:58:32",
        "lastchangetime_iso8601": "2023-11-05T18:58:32Z",
        "codec": "MP3",
        "bitrate": 128,
        "hls": 0,
        "lastcheckok": 1,
        "lastchecktime": "2023-11-06 23:34:40",
        "lastchecktime_iso8601": "2023-11-06T23:34:40Z",
        "lastcheckoktime": "2023-11-06 23:34:40",
        "lastcheckoktime_iso8601": "2023-11-06T23:34:40Z",
        "lastlocalchecktime": "2023-11-06 18:59:30",
        "lastlocalchecktime_iso8601": "2023-11-06T18:59:30Z",
        "clicktimestamp": "2023-11-04 21:47:55",
        "clicktimestamp_iso8601": "2023-11-04T21:47:55Z",
        "clickcount": 9,
        "clicktrend": 0,
        "ssl_error": 0,
        "geo_lat": null,
        "geo_long": null,
        "has_extended_info": false
    }
]