[
    {
        "changeuuid": "8d899d99-cffb-442e-8c6e-91ca22b07a93",
        "stationuuid": "1b34da1a-246d-4fcb-9d33-1af386e1c064",
        "serveruuid": "382eaf36-0fb0-4a18-84ae-a885af481a0b",
        "name": "Radio des jeunes (RDJ)",
        "url": "http://rdj966.net:8000/rdj966.mp3",
        "url_resolved": "http://rdj966.net:8000/rdj966.mp3",
        "homepage": "http://rdj.mg/",
        "favicon": "",
        "tags": "96.6,antananarivo,rdj",
        "country": "Madagascar",
        "countrycode": "MG",
        "iso_3166_2": null,
        "state": "",
        "language": "malagasy,malgache",
        "languagecodes": "mg",
        "votes": 985,
        "lastchangetime": "2022-08-25 06:58:40",
        "lastchangetime_iso8601": "2022-08-25T06:58:40Z",
        "codec": "MP3",
        "bitrate": 128,
        "hls": 0,
        "lastcheckok": 1,
        "lastchecktime": "2023-04-07 23:29:22",
        "lastchecktime_iso8601": "2023-04-07T23:29:22Z",
        "lastcheckoktime": "2023-04-07 23:29:22",
        "lastcheckoktime_iso8601": "2023-04-07T23:29:22Z",
        "lastlocalchecktime": "2023-04-07 20:45:31",
        "lastlocalchecktime_iso8601": "2023-04-07T20:45:31Z",
        "clicktimestamp": "2023-04-08 13:25:32",
        "clicktimestamp_iso8601": "2023-04-08T13:25:32Z",
        "clickcount": 87,
        "clicktrend": 6,
        "ssl_error": 0,
        "geo_lat": null,
        "geo_long": null,
        "has_extended_info": false
    },
    {
        "changeuuid": "c286d41e-0932-465a-9f1c-11c8de6ffeaf",
        "stationuuid": "2fcb9b03-c68f-11e8-a498-52543be04c81",
        "serveruuid": "758bb55f-311b-496c-84cd-d3c50e3b10c6",
        "name": "RNA Madagascar",
        "url": "http://drs-live-rna.gasy-internet.info:9001/;",
        "url_resolved": "http://drs-live-rna.gasy-internet.info:9001/;",
        "homepage": "http://www.rna-madagascar.com/",
        "favicon": "",
        "tags": "",
        "country": "Madagascar",
        "countrycode": "MG",
        "iso_3166_2": null,
        "state": "",
        "language": "",
        "languagecodes": "",
        "votes": 722,
        "lastchangetime": "2021-12-15 23:44:44",
        "lastchangetime_iso8601": "2021-12-15T23:44:44Z",
        "codec": "MP3",
        "bitrate": 128,
        "hls": 0,
        "lastcheckok": 1,
        "lastchecktime": "2023-04-08 03:02:35",
        "lastchecktime_iso8601": "2023-04-08T03:02:35Z",
        "lastcheckoktime": "2023-04-08 03:02:35",
        "lastcheckoktime_iso8601": "2023-04-08T03:02:35Z",
        "lastlocalchecktime": "2023-04-07 18:25:31",
        "lastlocalchecktime_iso8601": "2023-04-07T18:25:31Z",
        "clicktimestamp": "2023-04-08 10:23:49",
        "clicktimestamp_iso8601": "2023-04-08T10:23:49Z",
        "clickcount": 75,
        "clicktrend": 2,
        "ssl_error": 0,
        "geo_lat": null,
        "geo_long": null,
        "has_extended_info": false
    },
    {
        "changeuuid": "b5ffa593-8e4a-4bb8-beb4-99d3a17f7181",
        "stationuuid": "d46b8808-4eae-11e8-a4d1-52543be04c81",
        "serveruuid": "b087f0b3-8fa5-4bb0-b44a-ebd23284f426",
        "name": "Paradisagasy",
        "url": "http://www.radioparadisagasy.com/stream/radioparadisagasy.m3u",
        "url_resolved": "http://stream.radioparadisagasy.com:10018/paradisagasy",
        "homepage": "http://www.radioparadisagasy.com/",
        "favicon": "http://www.radioparadisagasy.com/img/favicon-96x96.png",
        "tags": "",
        "country": "Madagascar",
        "countrycode": "MG",
        "iso_3166_2": null,
        "state": "",
        "language": "malagasy",
        "languagecodes": "mg",
        "votes": 576,
        "lastchangetime": "2022-06-10 22:14:55",
        "lastchangetime_iso8601": "2022-06-10T22:14:55Z",
        "codec": "MP3",
        "bitrate": 128,
        "hls": 0,
        "lastcheckok": 1,
        "lastchecktime": "2023-04-08 14:05:14",
        "lastchecktime_iso8601": "2023-04-08T14:05:14Z",
        "lastcheckoktime": "2023-04-08 14:05:14",
        "lastcheckoktime_iso8601": "2023-04-08T14:05:14Z",
        "lastlocalchecktime": "2023-04-08 14:05:14",
        "lastlocalchecktime_iso8601": "2023-04-08T14:05:14Z",
        "clicktimestamp": "2023-04-08 10:23:34",
        "clicktimestamp_iso8601": "2023-04-08T10:23:34Z",
        "clickcount": 42,
        "clicktrend": 0,
        "ssl_error": 0,
        "geo_lat": null,
        "geo_long": null,
        "has_extended_info": false
    },
    {
        "changeuuid": "15f787d0-7006-4191-a25d-0238637bb596",
        "stationuuid": "960b66d8-0601-11e8-ae97-52543be04c81",
        "serveruuid": "c4e353e9-7a23-43d4-8ec5-68df5a034325",
        "name": "RADIO VAOVAO MAHASOA",
        "url": "http://91.121.148.49:7777/",
        "url_resolved": "http://91.121.148.49:7777/",
        "homepage": "http://www.radiorvm.com/",
        "favicon": "",
        "tags": "christian",
        "country": "Madagascar",
        "countrycode": "MG",
        "iso_3166_2": null,
        "state": "",
        "language": "",
        "languagecodes": "",
        "votes": 475,
        "lastchangetime": "2021-11-09 23:57:46",
        "lastchangetime_iso8601": "2021-11-09T23:57:46Z",
        "codec": "MP3",
        "bitrate": 24,
        "hls": 0,
        "lastcheckok": 1,
        "lastchecktime": "2023-04-08 09:57:15",
        "lastchecktime_iso8601": "2023-04-08T09:57:15Z",
        "lastcheckoktime": "2023-04-08 09:57:15",
        "lastcheckoktime_iso8601": "2023-04-08T09:57:15Z",
        "lastlocalchecktime": "2023-04-08 09:57:15",
        "lastlocalchecktime_iso8601": "2023-04-08T09:57:15Z",
        "clicktimestamp": "2023-04-08 13:18:30",
        "clicktimestamp_iso8601": "2023-04-08T13:18:30Z",
        "clickcount": 65,
        "clicktrend": 3,
        "ssl_error": 0,
        "geo_lat": null,
        "geo_long": null,
        "has_extended_info": false
    },
    {
        "changeuuid": "b4ab63a8-306c-406b-97ef-042394f6122c",
        "stationuuid": "7df4ba2d-7bc5-11e9-aa30-52543be04c81",
        "serveruuid": "92afd162-9bc7-49d5-8315-ecf5cf28dd28",
        "name": "Radio Maria Madagascar (AAC 48k)",
        "url": "http://dreamsiteradiocp4.com:8108/stream",
        "url_resolved": "http://dreamsiteradiocp4.com:8108/stream",
        "homepage": "https://www.radiomaria.mg/",
        "favicon": "",
        "tags": "catholic,christian,religion,talk",
        "country": "Madagascar",
        "countrycode": "MG",
        "iso_3166_2": null,
        "state": "",
        "language": "french",
        "languagecodes": "fr",
        "votes": 369,
        "lastchangetime": "2022-09-26 05:33:04",
        "lastchangetime_iso8601": "2022-09-26T05:33:04Z",
        "codec": "MP3",
        "bitrate": 40,
        "hls": 0,
        "lastcheckok": 1,
        "lastchecktime": "2023-04-08 08:33:00",
        "lastchecktime_iso8601": "2023-04-08T08:33:00Z",
        "lastcheckoktime": "2023-04-08 08:33:00",
        "lastcheckoktime_iso8601": "2023-04-08T08:33:00Z",
        "lastlocalchecktime": "2023-04-07 18:57:58",
        "lastlocalchecktime_iso8601": "2023-04-07T18:57:58Z",
        "clicktimestamp": "2023-04-07 20:11:58",
        "clicktimestamp_iso8601": "2023-04-07T20:11:58Z",
        "clickcount": 30,
        "clicktrend": 2,
        "ssl_error": 0,
        "geo_lat": null,
        "geo_long": null,
        "has_extended_info": false
    },
    {
        "changeuuid": "3f163331-4328-4e09-bd5c-2bbf39cba1d0",
        "stationuuid": "963c1987-0601-11e8-ae97-52543be04c81",
        "serveruuid": "49679e36-2981-4b1f-be74-b9c6853dacaf",
        "name": "Rado VazoGasy",
        "url": "http://stream.radiovazogasy.com:8001/;stream/1",
        "url_resolved": "http://stream.radiovazogasy.com:8001/;stream/1",
        "homepage": "http://radiovazogasy.com/",
        "favicon": "",
        "tags": "",
        "country": "Madagascar",
        "countrycode": "MG",
        "iso_3166_2": null,
        "state": "",
        "language": "malagasy",
        "languagecodes": "mg",
        "votes": 333,
        "lastchangetime": "2022-03-28 10:14:58",
        "lastchangetime_iso8601": "2022-03-28T10:14:58Z",
        "codec": "MP3",
        "bitrate": 64,
        "hls": 0,
        "lastcheckok": 1,
        "lastchecktime": "2023-04-08 01:51:26",
        "lastchecktime_iso8601": "2023-04-08T01:51:26Z",
        "lastcheckoktime": "2023-04-08 01:51:26",
        "lastcheckoktime_iso8601": "2023-04-08T01:51:26Z",
        "lastlocalchecktime": "2023-04-07 17:23:10",
        "lastlocalchecktime_iso8601": "2023-04-07T17:23:10Z",
        "clicktimestamp": "2023-04-08 07:45:59",
        "clicktimestamp_iso8601": "2023-04-08T07:45:59Z",
        "clickcount": 24,
        "clicktrend": 0,
        "ssl_error": 0,
        "geo_lat": null,
        "geo_long": null,
        "has_extended_info": false
    },
    {
        "changeuuid": "95ba8fee-34a4-4d33-b5d0-b71c8b8d8a15",
        "stationuuid": "2547751a-2e21-4431-9e35-fd218525ff8c",
        "serveruuid": "49388079-9550-4ff8-8d3c-b324adcf1057",
        "name": "Tiako be... La radio",
        "url": "https://tiakobe.ice.infomaniak.ch/tiakobe-64.aac?",
        "url_resolved": "https://tiakobe.ice.infomaniak.ch/tiakobe-64.aac?",
        "homepage": "https://onlineradiobox.com/mg/tiakobelaradio/",
        "favicon": "https://ca0-cdn.onlineradiobox.com/img/logo/4/43364.v1.png",
        "tags": "",
        "country": "Madagascar",
        "countrycode": "MG",
        "iso_3166_2": null,
        "state": "",
        "language": "french,malagasy",
        "languagecodes": "mg,fr",
        "votes": 279,
        "lastchangetime": "2022-04-19 13:16:57",
        "lastchangetime_iso8601": "2022-04-19T13:16:57Z",
        "codec": "AAC",
        "bitrate": 64,
        "hls": 0,
        "lastcheckok": 1,
        "lastchecktime": "2023-04-08 14:15:37",
        "lastchecktime_iso8601": "2023-04-08T14:15:37Z",
        "lastcheckoktime": "2023-04-08 14:15:37",
        "lastcheckoktime_iso8601": "2023-04-08T14:15:37Z",
        "lastlocalchecktime": "2023-04-08 14:15:37",
        "lastlocalchecktime_iso8601": "2023-04-08T14:15:37Z",
        "clicktimestamp": "2023-04-08 00:15:59",
        "clicktimestamp_iso8601": "2023-04-08T00:15:59Z",
        "clickcount": 19,
        "clicktrend": 0,
        "ssl_error": 0,
        "geo_lat": null,
        "geo_long": null,
        "has_extended_info": false
    },
    {
        "changeuuid": "116319bb-0f53-4e17-b6dc-be5bbaf63e58",
        "stationuuid": "a48f0290-d328-4ab5-bec0-ad9befa0651b",
        "serveruuid": "74d897d2-e39c-4906-9b6b-8fa7f7140cf2",
        "name": "Dago Radio",
        "url": "http://51.75.24.191:8011/;",
        "url_resolved": "http://51.75.24.191:8011/;",
        "homepage": "https://www.dagoradiosound.info/",
        "favicon": "https://dagoradiosound.info/wp-content/uploads/2019/02/cropped-DRS-LOGO.gif",
        "tags": "pop",
        "country": "Madagascar",
        "countrycode": "MG",
        "iso_3166_2": null,
        "state": "",
        "language": "french",
        "languagecodes": "fr",
        "votes": 205,
        "lastchangetime": "2022-03-28 12:54:43",
        "lastchangetime_iso8601": "2022-03-28T12:54:43Z",
        "codec": "MP3",
        "bitrate": 96,
        "hls": 0,
        "lastcheckok": 1,
        "lastchecktime": "2023-04-08 11:59:36",
        "lastchecktime_iso8601": "2023-04-08T11:59:36Z",
        "lastcheckoktime": "2023-04-08 11:59:36",
        "lastcheckoktime_iso8601": "2023-04-08T11:59:36Z",
        "lastlocalchecktime": "2023-04-07 15:02:13",
        "lastlocalchecktime_iso8601": "2023-04-07T15:02:13Z",
        "clicktimestamp": "2023-04-08 12:55:08",
        "clicktimestamp_iso8601": "2023-04-08T12:55:08Z",
        "clickcount": 35,
        "clicktrend": 1,
        "ssl_error": 0,
        "geo_lat": null,
        "geo_long": null,
        "has_extended_info": false
    },
    {
        "changeuuid": "abf7aa43-909e-4a16-b8f9-589a07db4ebe",
        "stationuuid": "9626569a-0601-11e8-ae97-52543be04c81",
        "serveruuid": "ecea514e-5cfa-4503-8415-ca6b387bac9d",
        "name": "Taratra",
        "url": "http://41.188.43.211:8000/taratraradio.mp3",
        "url_resolved": "http://41.188.43.211:8000/taratraradio.mp3",
        "homepage": "http://www.newsmada.com/",
        "favicon": "http://www.newsmada.com/favicon.ico",
        "tags": "",
        "country": "Madagascar",
        "countrycode": "MG",
        "iso_3166_2": null,
        "state": "",
        "language": "",
        "languagecodes": "",
        "votes": 201,
        "lastchangetime": "2023-04-07 10:55:42",
        "lastchangetime_iso8601": "2023-04-07T10:55:42Z",
        "codec": "MP3",
        "bitrate": 96,
        "hls": 0,
        "lastcheckok": 1,
        "lastchecktime": "2023-04-08 10:57:23",
        "lastchecktime_iso8601": "2023-04-08T10:57:23Z",
        "lastcheckoktime": "2023-04-08 04:23:20",
        "lastcheckoktime_iso8601": "2023-04-08T04:23:20Z",
        "lastlocalchecktime": "2023-04-08 10:57:23",
        "lastlocalchecktime_iso8601": "2023-04-08T10:57:23Z",
        "clicktimestamp": "2023-04-08 10:24:07",
        "clicktimestamp_iso8601": "2023-04-08T10:24:07Z",
        "clickcount": 23,
        "clicktrend": -2,
        "ssl_error": 0,
        "geo_lat": null,
        "geo_long": null,
        "has_extended_info": false
    },
    {
        "changeuuid": "b6d9a0e3-e2a0-4e02-8760-a6f5b5c13014",
        "stationuuid": "60f6e131-12c9-476b-9da7-5d39928cfd8c",
        "serveruuid": "68fe18c9-ceb3-4863-81f0-f4fad341bc4d",
        "name": "Radio vazo gasy",
        "url": "http://178.32.99.187:8001/stream/1/",
        "url_resolved": "http://178.32.99.187:8001/stream/1/",
        "homepage": "http://radiovazogasy.com/",
        "favicon": "",
        "tags": "",
        "country": "Madagascar",
        "countrycode": "MG",
        "iso_3166_2": null,
        "state": "",
        "language": "malagasy",
        "languagecodes": "mg",
        "votes": 200,
        "lastchangetime": "2022-09-07 23:46:21",
        "lastchangetime_iso8601": "2022-09-07T23:46:21Z",
        "codec": "MP3",
        "bitrate": 64,
        "hls": 0,
        "lastcheckok": 1,
        "lastchecktime": "2023-04-08 09:44:36",
        "lastchecktime_iso8601": "2023-04-08T09:44:36Z",
        "lastcheckoktime": "2023-04-08 09:44:36",
        "lastcheckoktime_iso8601": "2023-04-08T09:44:36Z",
        "lastlocalchecktime": "2023-04-07 16:17:55",
        "lastlocalchecktime_iso8601": "2023-04-07T16:17:55Z",
        "clicktimestamp": "2023-04-08 12:55:08",
        "clicktimestamp_iso8601": "2023-04-08T12:55:08Z",
        "clickcount": 35,
        "clicktrend": 2,
        "ssl_error": 0,
        "geo_lat": null,
        "geo_long": null,
        "has_extended_info": false
    },
    {
        "changeuuid": "75f5a40d-145a-4812-9200-9ffef7111777",
        "stationuuid": "74bde3b3-b705-4131-96e4-d293d36912c0",
        "serveruuid": "382eaf36-0fb0-4a18-84ae-a885af481a0b",
        "name": "RDJ",
        "url": "http://rdj966.net:8000/rdj966.mp3",
        "url_resolved": "http://rdj966.net:8000/rdj966.mp3",
        "homepage": "https://rdj.mg/",
        "favicon": "",
        "tags": "",
        "country": "Madagascar",
        "countrycode": "MG",
        "iso_3166_2": null,
        "state": "",
        "language": "",
        "languagecodes": "",
        "votes": 114,
        "lastchangetime": "2022-03-29 06:42:23",
        "lastchangetime_iso8601": "2022-03-29T06:42:23Z",
        "codec": "MP3",
        "bitrate": 128,
        "hls": 0,
        "lastcheckok": 1,
        "lastchecktime": "2023-04-07 19:39:30",
        "lastchecktime_iso8601": "2023-04-07T19:39:30Z",
        "lastcheckoktime": "2023-04-07 19:39:30",
        "lastcheckoktime_iso8601": "2023-04-07T19:39:30Z",
        "lastlocalchecktime": "2023-04-07 19:33:06",
        "lastlocalchecktime_iso8601": "2023-04-07T19:33:06Z",
        "clicktimestamp": "2023-04-08 09:21:56",
        "clicktimestamp_iso8601": "2023-04-08T09:21:56Z",
        "clickcount": 36,
        "clicktrend": 0,
        "ssl_error": 0,
        "geo_lat": null,
        "geo_long": null,
        "has_extended_info": false
    },
    {
        "changeuuid": "63f7595e-65f5-45c0-867b-c02b7745a570",
        "stationuuid": "a9583027-13e8-42d1-b465-9a66e91cf244",
        "serveruuid": "9f406779-5db0-476e-a7b8-a712b0d57b62",
        "name": "NetPro.TV Radio",
        "url": "https://radio.netpro.mg/arretbus23.mp3",
        "url_resolved": "https://radio.netpro.mg/arretbus23.mp3",
        "homepage": "https://m.netproweb.com/",
        "favicon": "https://app.netpro.tv/assets/apps/user_506/app_7327/draft/icon/app_icon.png",
        "tags": "electronic,hits,news,pop rock,rap,rnb,training",
        "country": "Madagascar",
        "countrycode": "MG",
        "iso_3166_2": null,
        "state": "Antananarivo",
        "language": "chinese,english,french,malagasy",
        "languagecodes": "en,fr,mg,zh",
        "votes": 49,
        "lastchangetime": "2023-02-17 06:16:57",
        "lastchangetime_iso8601": "2023-02-17T06:16:57Z",
        "codec": "MP3",
        "bitrate": 128,
        "hls": 0,
        "lastcheckok": 1,
        "lastchecktime": "2023-04-08 07:51:17",
        "lastchecktime_iso8601": "2023-04-08T07:51:17Z",
        "lastcheckoktime": "2023-04-08 07:51:17",
        "lastcheckoktime_iso8601": "2023-04-08T07:51:17Z",
        "lastlocalchecktime": "2023-04-07 18:04:52",
        "lastlocalchecktime_iso8601": "2023-04-07T18:04:52Z",
        "clicktimestamp": "2023-04-08 07:18:55",
        "clicktimestamp_iso8601": "2023-04-08T07:18:55Z",
        "clickcount": 24,
        "clicktrend": 0,
        "ssl_error": 0,
        "geo_lat": -19.72017133177298,
        "geo_long": 47.28515625000001,
        "has_extended_info": false
    },
    {
        "changeuuid": "4f924036-10a7-48b5-9680-ffa16dd6e950",
        "stationuuid": "94f00da6-4a0a-460e-b2cb-0eb8060ab2cb",
        "serveruuid": "506bfc2d-d9eb-49b7-8019-9e64ffa3f9d7",
        "name": "Radio Don Bosco",
        "url": "http://onair15.xdevel.com:9248/;",
        "url_resolved": "http://onair15.xdevel.com:9248/;",
        "homepage": "https://rdb.mg/",
        "favicon": "",
        "tags": "catholic",
        "country": "Madagascar",
        "countrycode": "MG",
        "iso_3166_2": null,
        "state": "",
        "language": "english",
        "languagecodes": "en",
        "votes": 178,
        "lastchangetime": "2023-06-01 12:45:03",
        "lastchangetime_iso8601": "2023-06-01T12:45:03Z",
        "codec": "MP3",
        "bitrate": 128,
        "hls": 0,
        "lastcheckok": 1,
        "lastchecktime": "2023-07-08 19:43:33",
        "lastchecktime_iso8601": "2023-07-08T19:43:33Z",
        "lastcheckoktime": "2023-07-08 19:43:33",
        "lastcheckoktime_iso8601": "2023-07-08T19:43:33Z",
        "lastlocalchecktime": "2023-07-08 19:43:33",
        "lastlocalchecktime_iso8601": "2023-07-08T19:43:33Z",
        "clicktimestamp": "2023-07-09 11:48:18",
        "clicktimestamp_iso8601": "2023-07-09T11:48:18Z",
        "clickcount": 153,
        "clicktrend": 2,
        "ssl_error": 0,
        "geo_lat": null,
        "geo_long": null,
        "has_extended_info": false
    }
]