[
    {
        "changeuuid": "172b8eec-8342-46dc-9223-844ec43ac554",
        "stationuuid": "f95f2aed-b4b7-4a17-84d9-422614720fac",
        "serveruuid": "87013bd5-cb01-4b69-a2ec-582ad3b71306",
        "name": "STIL RADIO",
        "url": "https://eu4.fastcast4u.com/proxy/stilradiomk?mp=/1",
        "url_resolved": "https://eu4.fastcast4u.com/proxy/stilradiomk?mp=/1",
        "homepage": "https://stilradio.com/",
        "favicon": "",
        "tags": "folk",
        "country": "Republic Of North Macedonia",
        "countrycode": "MK",
        "iso_3166_2": null,
        "state": "",
        "language": "",
        "languagecodes": "",
        "votes": 788,
        "lastchangetime": "2021-10-28 01:04:18",
        "lastchangetime_iso8601": "2021-10-28T01:04:18Z",
        "codec": "AAC+",
        "bitrate": 320,
        "hls": 0,
        "lastcheckok": 1,
        "lastchecktime": "2023-04-08 08:46:38",
        "lastchecktime_iso8601": "2023-04-08T08:46:38Z",
        "lastcheckoktime": "2023-04-08 08:46:38",
        "lastcheckoktime_iso8601": "2023-04-08T08:46:38Z",
        "lastlocalchecktime": "2023-04-07 20:20:08",
        "lastlocalchecktime_iso8601": "2023-04-07T20:20:08Z",
        "clicktimestamp": "2023-04-07 11:32:00",
        "clicktimestamp_iso8601": "2023-04-07T11:32:00Z",
        "clickcount": 16,
        "clicktrend": -1,
        "ssl_error": 0,
        "geo_lat": null,
        "geo_long": null,
        "has_extended_info": false
    },
    {
        "changeuuid": "f5327a42-fe70-4d6a-996b-1e00584d0d6f",
        "stationuuid": "525ca938-35ab-4ea4-ac3f-af8cd458de2a",
        "serveruuid": "87013bd5-cb01-4b69-a2ec-582ad3b71306",
        "name": "BISER RADIO",
        "url": "https://eu4.fastcast4u.com/proxy/stilradiomk?mp=/stream/2/",
        "url_resolved": "https://eu4.fastcast4u.com/proxy/stilradiomk?mp=/stream/2/",
        "homepage": "https://biser-radio.com/",
        "favicon": "",
        "tags": "pop",
        "country": "Republic Of North Macedonia",
        "countrycode": "MK",
        "iso_3166_2": null,
        "state": "",
        "language": "",
        "languagecodes": "",
        "votes": 396,
        "lastchangetime": "2021-10-28 01:04:24",
        "lastchangetime_iso8601": "2021-10-28T01:04:24Z",
        "codec": "AAC+",
        "bitrate": 320,
        "hls": 0,
        "lastcheckok": 1,
        "lastchecktime": "2023-04-08 12:13:03",
        "lastchecktime_iso8601": "2023-04-08T12:13:03Z",
        "lastcheckoktime": "2023-04-08 12:13:03",
        "lastcheckoktime_iso8601": "2023-04-08T12:13:03Z",
        "lastlocalchecktime": "2023-04-07 20:58:43",
        "lastlocalchecktime_iso8601": "2023-04-07T20:58:43Z",
        "clicktimestamp": "2023-04-07 23:28:58",
        "clicktimestamp_iso8601": "2023-04-07T23:28:58Z",
        "clickcount": 9,
        "clicktrend": -1,
        "ssl_error": 0,
        "geo_lat": null,
        "geo_long": null,
        "has_extended_info": false
    },
    {
        "changeuuid": "8551a3ae-94f0-42cb-8dc7-82391ffa2aa3",
        "stationuuid": "96152e10-0601-11e8-ae97-52543be04c81",
        "serveruuid": "c90ad3e8-f30a-41c6-9690-09679822fc06",
        "name": "Kanal 103",
        "url": "http://radiostream.neotel.mk/kanal103",
        "url_resolved": "http://radiostream.neotel.mk/kanal103",
        "homepage": "http://kanal103.com.mk/",
        "favicon": "",
        "tags": "alternative,dance,electronic,freeform,indie,pop rock,underground",
        "country": "Republic Of North Macedonia",
        "countrycode": "MK",
        "iso_3166_2": null,
        "state": "",
        "language": "macedonian",
        "languagecodes": "mk",
        "votes": 363,
        "lastchangetime": "2022-03-28 12:23:33",
        "lastchangetime_iso8601": "2022-03-28T12:23:33Z",
        "codec": "MP3",
        "bitrate": 128,
        "hls": 0,
        "lastcheckok": 1,
        "lastchecktime": "2023-04-08 08:36:06",
        "lastchecktime_iso8601": "2023-04-08T08:36:06Z",
        "lastcheckoktime": "2023-04-08 08:36:06",
        "lastcheckoktime_iso8601": "2023-04-08T08:36:06Z",
        "lastlocalchecktime": "2023-04-08 08:36:06",
        "lastlocalchecktime_iso8601": "2023-04-08T08:36:06Z",
        "clicktimestamp": "2023-04-08 10:47:53",
        "clicktimestamp_iso8601": "2023-04-08T10:47:53Z",
        "clickcount": 26,
        "clicktrend": 1,
        "ssl_error": 0,
        "geo_lat": null,
        "geo_long": null,
        "has_extended_info": false
    },
    {
        "changeuuid": "ca8a6e3c-c908-4523-9560-bc1086041803",
        "stationuuid": "493316d2-1a41-11e8-a334-52543be04c81",
        "serveruuid": "802f37fc-2e2e-4b00-a255-71afc4f8b47f",
        "name": "Club FM",
        "url": "http://176.9.117.123:9996/;stream/1",
        "url_resolved": "http://176.9.117.123:9996/;stream/1",
        "homepage": "http://clubfm.mk/",
        "favicon": "",
        "tags": "",
        "country": "Republic Of North Macedonia",
        "countrycode": "MK",
        "iso_3166_2": null,
        "state": "Skopje",
        "language": "macedonian",
        "languagecodes": "mk",
        "votes": 355,
        "lastchangetime": "2022-03-28 17:41:48",
        "lastchangetime_iso8601": "2022-03-28T17:41:48Z",
        "codec": "MP3",
        "bitrate": 128,
        "hls": 0,
        "lastcheckok": 1,
        "lastchecktime": "2023-04-07 20:55:08",
        "lastchecktime_iso8601": "2023-04-07T20:55:08Z",
        "lastcheckoktime": "2023-04-07 20:55:08",
        "lastcheckoktime_iso8601": "2023-04-07T20:55:08Z",
        "lastlocalchecktime": "2023-04-07 16:41:14",
        "lastlocalchecktime_iso8601": "2023-04-07T16:41:14Z",
        "clicktimestamp": "2023-04-08 13:25:15",
        "clicktimestamp_iso8601": "2023-04-08T13:25:15Z",
        "clickcount": 29,
        "clicktrend": 1,
        "ssl_error": 0,
        "geo_lat": null,
        "geo_long": null,
        "has_extended_info": false
    },
    {
        "changeuuid": "c47cc482-2416-4fa2-aa5b-52e4a4936a21",
        "stationuuid": "1c759ff8-5a23-11e9-a622-52543be04c81",
        "serveruuid": "979ade30-d293-42cf-b665-4d2df7da37f3",
        "name": "Radio Maria Macedonia",
        "url": "http://dreamsiteradiocp.com:8118/stream",
        "url_resolved": "http://dreamsiteradiocp.com:8118/stream",
        "homepage": "https://www.radiomaria.mk/",
        "favicon": "",
        "tags": "catholic,religion",
        "country": "Republic Of North Macedonia",
        "countrycode": "MK",
        "iso_3166_2": null,
        "state": "",
        "language": "macedonian",
        "languagecodes": "mk",
        "votes": 217,
        "lastchangetime": "2022-03-28 12:18:13",
        "lastchangetime_iso8601": "2022-03-28T12:18:13Z",
        "codec": "MP3",
        "bitrate": 32,
        "hls": 0,
        "lastcheckok": 1,
        "lastchecktime": "2023-04-08 10:45:53",
        "lastchecktime_iso8601": "2023-04-08T10:45:53Z",
        "lastcheckoktime": "2023-04-08 10:45:53",
        "lastcheckoktime_iso8601": "2023-04-08T10:45:53Z",
        "lastlocalchecktime": "2023-04-07 20:39:55",
        "lastlocalchecktime_iso8601": "2023-04-07T20:39:55Z",
        "clicktimestamp": "2023-04-08 09:54:51",
        "clicktimestamp_iso8601": "2023-04-08T09:54:51Z",
        "clickcount": 14,
        "clicktrend": 1,
        "ssl_error": 0,
        "geo_lat": null,
        "geo_long": null,
        "has_extended_info": false
    },
    {
        "changeuuid": "f122efa5-2311-4c0a-b38e-62cc134ec1a3",
        "stationuuid": "e3786c69-0f8f-11ea-a87e-52543be04c81",
        "serveruuid": "7501f26e-5d01-4c39-978e-14e02e208bed",
        "name": "Life Radio",
        "url": "http://liferadio.ddns.net:8000/",
        "url_resolved": "http://liferadio.ddns.net:8000/",
        "homepage": "http://www.life.com.mk/",
        "favicon": "",
        "tags": "",
        "country": "Republic Of North Macedonia",
        "countrycode": "MK",
        "iso_3166_2": null,
        "state": "",
        "language": "english,macedonian",
        "languagecodes": "en,mk",
        "votes": 188,
        "lastchangetime": "2022-10-21 07:26:11",
        "lastchangetime_iso8601": "2022-10-21T07:26:11Z",
        "codec": "AAC+",
        "bitrate": 256,
        "hls": 0,
        "lastcheckok": 1,
        "lastchecktime": "2023-04-08 10:14:10",
        "lastchecktime_iso8601": "2023-04-08T10:14:10Z",
        "lastcheckoktime": "2023-04-08 10:14:10",
        "lastcheckoktime_iso8601": "2023-04-08T10:14:10Z",
        "lastlocalchecktime": "2023-04-07 19:23:29",
        "lastlocalchecktime_iso8601": "2023-04-07T19:23:29Z",
        "clicktimestamp": "2023-04-08 05:17:30",
        "clicktimestamp_iso8601": "2023-04-08T05:17:30Z",
        "clickcount": 9,
        "clicktrend": 1,
        "ssl_error": 0,
        "geo_lat": null,
        "geo_long": null,
        "has_extended_info": false
    },
    {
        "changeuuid": "c6eafb3f-40a2-4e46-8a6d-82080c85fe50",
        "stationuuid": "edbef334-5430-4f1d-a673-5e43d77bd6ac",
        "serveruuid": "7b16c0bf-4249-4177-99be-d563503dc7c9",
        "name": "University Radio UGD FM",
        "url": "http://ugdfm-stream.ugd.edu.mk:8000/stream",
        "url_resolved": "http://ugdfm-stream.ugd.edu.mk:8000/stream",
        "homepage": "http://ugdfm-stream.ugd.edu.mk:8000/stream",
        "favicon": "",
        "tags": "gocedelcev,macedonia,university radio,unvierzitet",
        "country": "Republic Of North Macedonia",
        "countrycode": "MK",
        "iso_3166_2": null,
        "state": "",
        "language": "macedonian",
        "languagecodes": "mk",
        "votes": 161,
        "lastchangetime": "2022-03-28 09:02:40",
        "lastchangetime_iso8601": "2022-03-28T09:02:40Z",
        "codec": "AAC",
        "bitrate": 320,
        "hls": 0,
        "lastcheckok": 1,
        "lastchecktime": "2023-04-07 21:07:13",
        "lastchecktime_iso8601": "2023-04-07T21:07:13Z",
        "lastcheckoktime": "2023-04-07 21:07:13",
        "lastcheckoktime_iso8601": "2023-04-07T21:07:13Z",
        "lastlocalchecktime": "2023-04-07 19:18:10",
        "lastlocalchecktime_iso8601": "2023-04-07T19:18:10Z",
        "clicktimestamp": "2023-04-08 05:17:50",
        "clicktimestamp_iso8601": "2023-04-08T05:17:50Z",
        "clickcount": 6,
        "clicktrend": 0,
        "ssl_error": 0,
        "geo_lat": null,
        "geo_long": null,
        "has_extended_info": false
    },
    {
        "changeuuid": "392412cd-ad3c-413f-9295-73bfb748573e",
        "stationuuid": "884b8ccd-d770-4f9a-a504-126c99829b47",
        "serveruuid": "0f6b45e7-2c59-4c13-b739-2e82fe23323f",
        "name": "Lider FM 107,4",
        "url": "https://liderfm.ipradio.mk/",
        "url_resolved": "https://liderfm.ipradio.mk/",
        "homepage": "https://lider.com.mk/",
        "favicon": "https://lider.com.mk/favicon.ico",
        "tags": "fm radio station,liderfm,public radio",
        "country": "Republic Of North Macedonia",
        "countrycode": "MK",
        "iso_3166_2": null,
        "state": "",
        "language": "macedonian",
        "languagecodes": "mk",
        "votes": 141,
        "lastchangetime": "2022-03-28 12:47:38",
        "lastchangetime_iso8601": "2022-03-28T12:47:38Z",
        "codec": "MP3",
        "bitrate": 128,
        "hls": 0,
        "lastcheckok": 1,
        "lastchecktime": "2023-04-08 12:58:37",
        "lastchecktime_iso8601": "2023-04-08T12:58:37Z",
        "lastcheckoktime": "2023-04-08 12:58:37",
        "lastcheckoktime_iso8601": "2023-04-08T12:58:37Z",
        "lastlocalchecktime": "2023-04-08 12:39:01",
        "lastlocalchecktime_iso8601": "2023-04-08T12:39:01Z",
        "clicktimestamp": "2023-04-07 20:13:42",
        "clicktimestamp_iso8601": "2023-04-07T20:13:42Z",
        "clickcount": 9,
        "clicktrend": -1,
        "ssl_error": 0,
        "geo_lat": null,
        "geo_long": null,
        "has_extended_info": false
    },
    {
        "changeuuid": "89da9373-7300-4d7f-bdaa-5b9e2b796a77",
        "stationuuid": "442a3644-15a2-4b2a-a881-720e2124009b",
        "serveruuid": "3bee9a78-0d70-4d45-804d-659fe79d6163",
        "name": "Antenna 5 Macedonia",
        "url": "http://antenna5stream.neotel.mk:8000/live128",
        "url_resolved": "http://antenna5stream.neotel.mk:8000/live128",
        "homepage": "http://www.antenna5.com.mk/",
        "favicon": "http://www.antenna5.com.mk/Images/Content/livestream.jpg",
        "tags": "",
        "country": "Republic Of North Macedonia",
        "countrycode": "MK",
        "iso_3166_2": null,
        "state": "Macedonia",
        "language": "",
        "languagecodes": "",
        "votes": 79,
        "lastchangetime": "2022-09-22 13:49:40",
        "lastchangetime_iso8601": "2022-09-22T13:49:40Z",
        "codec": "AAC+",
        "bitrate": 64,
        "hls": 0,
        "lastcheckok": 1,
        "lastchecktime": "2023-04-07 22:38:29",
        "lastchecktime_iso8601": "2023-04-07T22:38:29Z",
        "lastcheckoktime": "2023-04-07 22:38:29",
        "lastcheckoktime_iso8601": "2023-04-07T22:38:29Z",
        "lastlocalchecktime": "2023-04-07 16:31:54",
        "lastlocalchecktime_iso8601": "2023-04-07T16:31:54Z",
        "clicktimestamp": "2023-04-08 10:31:40",
        "clicktimestamp_iso8601": "2023-04-08T10:31:40Z",
        "clickcount": 24,
        "clicktrend": 2,
        "ssl_error": 0,
        "geo_lat": 41.99439691825032,
        "geo_long": 21.43587112426758,
        "has_extended_info": false
    },
    {
        "changeuuid": "b76af53d-e0a6-49e3-84dd-d5f8a87a779f",
        "stationuuid": "e35bf37d-523a-4d13-a867-02da3929e23c",
        "serveruuid": "e64c41b2-06c6-41cc-8601-efeaed676dba",
        "name": "Urban FM 90.8 Skopje",
        "url": "https://securestreams4.autopo.st:1668/stream",
        "url_resolved": "https://securestreams4.autopo.st:1668/stream",
        "homepage": "https://www.facebook.com/urban.fm.skopje/",
        "favicon": "https://i.imgur.com/IOvCvjj.jpg",
        "tags": "pop",
        "country": "Republic Of North Macedonia",
        "countrycode": "MK",
        "iso_3166_2": null,
        "state": "Macedonia",
        "language": "",
        "languagecodes": "",
        "votes": 74,
        "lastchangetime": "2022-09-22 14:15:00",
        "lastchangetime_iso8601": "2022-09-22T14:15:00Z",
        "codec": "MP3",
        "bitrate": 128,
        "hls": 0,
        "lastcheckok": 1,
        "lastchecktime": "2023-04-08 13:50:30",
        "lastchecktime_iso8601": "2023-04-08T13:50:30Z",
        "lastcheckoktime": "2023-04-08 13:50:30",
        "lastcheckoktime_iso8601": "2023-04-08T13:50:30Z",
        "lastlocalchecktime": "2023-04-08 13:50:30",
        "lastlocalchecktime_iso8601": "2023-04-08T13:50:30Z",
        "clicktimestamp": "2023-04-07 05:29:59",
        "clicktimestamp_iso8601": "2023-04-07T05:29:59Z",
        "clickcount": 15,
        "clicktrend": -2,
        "ssl_error": 0,
        "geo_lat": null,
        "geo_long": null,
        "has_extended_info": false
    },
    {
        "changeuuid": "f6f7976e-21fe-4b82-89cb-153d68e9b133",
        "stationuuid": "434f2c63-da2d-4a48-85e9-f7c927122f4d",
        "serveruuid": "87013bd5-cb01-4b69-a2ec-582ad3b71306",
        "name": "Metropolis Radio Network",
        "url": "https://eu4.fastcast4u.com/proxy/metradio?mp=/1",
        "url_resolved": "https://eu4.fastcast4u.com/proxy/metradio?mp=/1",
        "homepage": "http://www.metropolisradio.com.mk/",
        "favicon": "https://i.imgur.com/J1T7SXI.png",
        "tags": "club,electronic,pop,rock",
        "country": "Republic Of North Macedonia",
        "countrycode": "MK",
        "iso_3166_2": null,
        "state": "Macedonia",
        "language": "macedonian",
        "languagecodes": "mk",
        "votes": 71,
        "lastchangetime": "2022-09-22 14:41:20",
        "lastchangetime_iso8601": "2022-09-22T14:41:20Z",
        "codec": "MP3",
        "bitrate": 128,
        "hls": 0,
        "lastcheckok": 1,
        "lastchecktime": "2023-04-07 22:58:44",
        "lastchecktime_iso8601": "2023-04-07T22:58:44Z",
        "lastcheckoktime": "2023-04-07 22:58:44",
        "lastcheckoktime_iso8601": "2023-04-07T22:58:44Z",
        "lastlocalchecktime": "2023-04-07 18:55:41",
        "lastlocalchecktime_iso8601": "2023-04-07T18:55:41Z",
        "clicktimestamp": "2023-04-08 05:16:53",
        "clicktimestamp_iso8601": "2023-04-08T05:16:53Z",
        "clickcount": 12,
        "clicktrend": 1,
        "ssl_error": 0,
        "geo_lat": 41.99516239662422,
        "geo_long": 21.43655776977539,
        "has_extended_info": false
    },
    {
        "changeuuid": "08a7ec4d-4a25-43d9-97fb-77a8b172eb70",
        "stationuuid": "1bb7e1c0-267e-4030-b42c-4322954cd407",
        "serveruuid": "ea1d3215-af77-4ec3-81c3-f77c27f3ffb2",
        "name": "\u0421\u043a\u0430\u0458 \u0420\u0430\u0434\u0438\u043e",
        "url": "https://skyradio.com.mk/listen.m3u",
        "url_resolved": "http://s1.skyradio.com.mk:8000/",
        "homepage": "https://skyradio.com.mk/",
        "favicon": "https://skyradio.com.mk/favicon-32x32.png?v=gAepAyvLkw",
        "tags": "pop",
        "country": "Republic Of North Macedonia",
        "countrycode": "MK",
        "iso_3166_2": null,
        "state": "",
        "language": "",
        "languagecodes": "",
        "votes": 69,
        "lastchangetime": "2022-08-29 14:39:11",
        "lastchangetime_iso8601": "2022-08-29T14:39:11Z",
        "codec": "AAC+",
        "bitrate": 48,
        "hls": 0,
        "lastcheckok": 1,
        "lastchecktime": "2023-04-07 23:39:29",
        "lastchecktime_iso8601": "2023-04-07T23:39:29Z",
        "lastcheckoktime": "2023-04-07 23:39:29",
        "lastcheckoktime_iso8601": "2023-04-07T23:39:29Z",
        "lastlocalchecktime": "2023-04-07 19:20:31",
        "lastlocalchecktime_iso8601": "2023-04-07T19:20:31Z",
        "clicktimestamp": "2023-04-07 23:29:41",
        "clicktimestamp_iso8601": "2023-04-07T23:29:41Z",
        "clickcount": 7,
        "clicktrend": 1,
        "ssl_error": 0,
        "geo_lat": null,
        "geo_long": null,
        "has_extended_info": false
    },
    {
        "changeuuid": "521cbc86-930d-4e12-afd4-9f9370656900",
        "stationuuid": "8b8efc5f-4f8f-4507-a283-95d3e76359d1",
        "serveruuid": "bc2f9ba2-9ddc-4489-a423-d33db6b748fd",
        "name": "City Radio Macedonia",
        "url": "http://176.9.117.123:9998/;stream/1",
        "url_resolved": "http://176.9.117.123:9998/;stream/1",
        "homepage": "http://www.cityradio.com.mk/",
        "favicon": "http://www.cityradio.com.mk/live/audios/City100x100.png",
        "tags": "",
        "country": "Republic Of North Macedonia",
        "countrycode": "MK",
        "iso_3166_2": null,
        "state": "Macedonia",
        "language": "",
        "languagecodes": "",
        "votes": 67,
        "lastchangetime": "2022-09-22 13:24:29",
        "lastchangetime_iso8601": "2022-09-22T13:24:29Z",
        "codec": "MP3",
        "bitrate": 128,
        "hls": 0,
        "lastcheckok": 1,
        "lastchecktime": "2023-04-08 10:46:43",
        "lastchecktime_iso8601": "2023-04-08T10:46:43Z",
        "lastcheckoktime": "2023-04-08 10:46:43",
        "lastcheckoktime_iso8601": "2023-04-08T10:46:43Z",
        "lastlocalchecktime": "2023-04-08 10:46:43",
        "lastlocalchecktime_iso8601": "2023-04-08T10:46:43Z",
        "clicktimestamp": "2023-04-08 11:46:20",
        "clicktimestamp_iso8601": "2023-04-08T11:46:20Z",
        "clickcount": 18,
        "clicktrend": 2,
        "ssl_error": 0,
        "geo_lat": 41.99561290823844,
        "geo_long": 21.43741607666016,
        "has_extended_info": false
    },
    {
        "changeuuid": "e7466344-1d54-41e9-9282-768168f3ad4b",
        "stationuuid": "24075e72-a24c-4baf-a9e2-eaf6c788a4e1",
        "serveruuid": "8623de73-e22d-499b-83ec-0146e0934fe1",
        "name": "Just Music Radio",
        "url": "https://radiostream.neotel.mk/justmusicradio",
        "url_resolved": "https://radiostream.neotel.mk/justmusicradio",
        "homepage": "https://justmusicradio.mk/",
        "favicon": "https://justmusicradio.mk/wp-content/uploads/2020/05/95997763_1489679141241833_2955882538482008064_n-1.png",
        "tags": "blues,disco,funk,funky,fusion,jazz,lounge,smooth jazz,soul",
        "country": "Republic Of North Macedonia",
        "countrycode": "MK",
        "iso_3166_2": null,
        "state": "",
        "language": "english,macedonian",
        "languagecodes": "en,mk",
        "votes": 54,
        "lastchangetime": "2022-12-06 16:41:40",
        "lastchangetime_iso8601": "2022-12-06T16:41:40Z",
        "codec": "MP3",
        "bitrate": 256,
        "hls": 0,
        "lastcheckok": 1,
        "lastchecktime": "2023-04-07 23:24:20",
        "lastchecktime_iso8601": "2023-04-07T23:24:20Z",
        "lastcheckoktime": "2023-04-07 23:24:20",
        "lastcheckoktime_iso8601": "2023-04-07T23:24:20Z",
        "lastlocalchecktime": "2023-04-07 15:39:39",
        "lastlocalchecktime_iso8601": "2023-04-07T15:39:39Z",
        "clicktimestamp": "2023-04-08 05:16:35",
        "clicktimestamp_iso8601": "2023-04-08T05:16:35Z",
        "clickcount": 15,
        "clicktrend": 3,
        "ssl_error": 0,
        "geo_lat": null,
        "geo_long": null,
        "has_extended_info": false
    },
    {
        "changeuuid": "cdfa33a3-e8ed-41e6-96c2-4ccd5e53b94e",
        "stationuuid": "1e252db7-19c5-4b13-95d0-8571c3d1948e",
        "serveruuid": "7501f26e-5d01-4c39-978e-14e02e208bed",
        "name": "Life Radio 89.1 Macedonia",
        "url": "http://liferadio.ddns.net:8000/;",
        "url_resolved": "http://liferadio.ddns.net:8000/;",
        "homepage": "https://www.facebook.com/LifeRadio89.1/",
        "favicon": "https://i.imgur.com/jwtlPci.jpg",
        "tags": "",
        "country": "Republic Of North Macedonia",
        "countrycode": "MK",
        "iso_3166_2": null,
        "state": "Macedonia",
        "language": "",
        "languagecodes": "",
        "votes": 54,
        "lastchangetime": "2022-09-22 14:04:54",
        "lastchangetime_iso8601": "2022-09-22T14:04:54Z",
        "codec": "AAC+",
        "bitrate": 256,
        "hls": 0,
        "lastcheckok": 1,
        "lastchecktime": "2023-04-07 22:38:28",
        "lastchecktime_iso8601": "2023-04-07T22:38:28Z",
        "lastcheckoktime": "2023-04-07 22:38:28",
        "lastcheckoktime_iso8601": "2023-04-07T22:38:28Z",
        "lastlocalchecktime": "2023-04-07 16:50:42",
        "lastlocalchecktime_iso8601": "2023-04-07T16:50:42Z",
        "clicktimestamp": "2023-04-08 07:17:51",
        "clicktimestamp_iso8601": "2023-04-08T07:17:51Z",
        "clickcount": 13,
        "clicktrend": 2,
        "ssl_error": 0,
        "geo_lat": 41.99949993350543,
        "geo_long": 21.432094573974613,
        "has_extended_info": false
    },
    {
        "changeuuid": "3abe1589-fd7c-4be9-941a-e7e3f185e0b1",
        "stationuuid": "1fbf20aa-2f23-47fa-86ae-6696aca442b1",
        "serveruuid": "0d759e41-c3ef-47e8-8b50-efab2883e84c",
        "name": "Bum Kumanovo",
        "url": "http://iandonov.radioca.st/;stream/1",
        "url_resolved": "http://iandonov.radioca.st/;stream/1",
        "homepage": "",
        "favicon": "",
        "tags": "international",
        "country": "Republic Of North Macedonia",
        "countrycode": "MK",
        "iso_3166_2": null,
        "state": "",
        "language": "",
        "languagecodes": "",
        "votes": 28,
        "lastchangetime": "2022-12-05 20:46:17",
        "lastchangetime_iso8601": "2022-12-05T20:46:17Z",
        "codec": "MP3",
        "bitrate": 192,
        "hls": 0,
        "lastcheckok": 1,
        "lastchecktime": "2023-04-08 14:25:58",
        "lastchecktime_iso8601": "2023-04-08T14:25:58Z",
        "lastcheckoktime": "2023-04-08 14:25:58",
        "lastcheckoktime_iso8601": "2023-04-08T14:25:58Z",
        "lastlocalchecktime": "2023-04-08 14:25:58",
        "lastlocalchecktime_iso8601": "2023-04-08T14:25:58Z",
        "clicktimestamp": "2023-04-07 23:43:57",
        "clicktimestamp_iso8601": "2023-04-07T23:43:57Z",
        "clickcount": 6,
        "clicktrend": 1,
        "ssl_error": 0,
        "geo_lat": null,
        "geo_long": null,
        "has_extended_info": false
    },
    {
        "changeuuid": "7558445d-8e2f-48f7-93be-744e822cde30",
        "stationuuid": "76498941-8bcb-46a1-92f3-03dd42432581",
        "serveruuid": "ff4d55a6-8ab5-4f06-b064-4ac18059fb37",
        "name": "Time FM Gevgelija",
        "url": "https://s2.free-shoutcast.com/stream/18058",
        "url_resolved": "https://s2.free-shoutcast.com/stream/18058",
        "homepage": "https://www.timefm.mk/",
        "favicon": "",
        "tags": "music",
        "country": "Republic Of North Macedonia",
        "countrycode": "MK",
        "iso_3166_2": null,
        "state": "",
        "language": "macedonian",
        "languagecodes": "mk",
        "votes": 24,
        "lastchangetime": "2023-01-15 07:23:42",
        "lastchangetime_iso8601": "2023-01-15T07:23:42Z",
        "codec": "MP3",
        "bitrate": 128,
        "hls": 0,
        "lastcheckok": 1,
        "lastchecktime": "2023-04-07 20:35:42",
        "lastchecktime_iso8601": "2023-04-07T20:35:42Z",
        "lastcheckoktime": "2023-04-07 20:35:42",
        "lastcheckoktime_iso8601": "2023-04-07T20:35:42Z",
        "lastlocalchecktime": "2023-04-07 20:35:42",
        "lastlocalchecktime_iso8601": "2023-04-07T20:35:42Z",
        "clicktimestamp": "2023-04-07 23:44:07",
        "clicktimestamp_iso8601": "2023-04-07T23:44:07Z",
        "clickcount": 12,
        "clicktrend": 2,
        "ssl_error": 0,
        "geo_lat": 41.1400012780909,
        "geo_long": 22.503851652145386,
        "has_extended_info": false
    },
    {
        "changeuuid": "796e4b10-e447-473a-9b32-be2fb38f963a",
        "stationuuid": "094a313b-dac0-4d72-ae48-f11f3b98f046",
        "serveruuid": "646c28ba-052f-4766-9a8a-eec47bc96caf",
        "name": "UKLO FM",
        "url": "http://194.149.158.125:8888/stream.ogg",
        "url_resolved": "http://194.149.158.125:8888/stream.ogg",
        "homepage": "http://uklofm.uklo.edu.mk/",
        "favicon": "",
        "tags": "music,student radio",
        "country": "Republic Of North Macedonia",
        "countrycode": "MK",
        "iso_3166_2": null,
        "state": "",
        "language": "macedonian",
        "languagecodes": "mk",
        "votes": 20,
        "lastchangetime": "2023-01-15 08:07:59",
        "lastchangetime_iso8601": "2023-01-15T08:07:59Z",
        "codec": "MP3",
        "bitrate": 128,
        "hls": 0,
        "lastcheckok": 1,
        "lastchecktime": "2023-04-07 20:05:01",
        "lastchecktime_iso8601": "2023-04-07T20:05:01Z",
        "lastcheckoktime": "2023-04-07 20:05:01",
        "lastcheckoktime_iso8601": "2023-04-07T20:05:01Z",
        "lastlocalchecktime": "2023-04-07 20:05:01",
        "lastlocalchecktime_iso8601": "2023-04-07T20:05:01Z",
        "clicktimestamp": "2023-04-06 12:25:49",
        "clicktimestamp_iso8601": "2023-04-06T12:25:49Z",
        "clickcount": 7,
        "clicktrend": 0,
        "ssl_error": 0,
        "geo_lat": 41.032026074113936,
        "geo_long": 21.32983803749085,
        "has_extended_info": false
    },
    {
        "changeuuid": "4736cd69-9cb3-4c2b-9d1c-e9f51ae29c55",
        "stationuuid": "0bab9059-8fb9-4590-96fe-efebaf99753c",
        "serveruuid": "946c5d0f-f6a0-4da1-8f58-bee23cf37707",
        "name": "Radio Meff",
        "url": "https://s32.myradiostream.com:16040/;?type=http&nocache=1688299470?0.591044522318551",
        "url_resolved": "https://s32.myradiostream.com:16040/;?type=http&nocache=1688299470?0.591044522318551",
        "homepage": "",
        "favicon": "https://radiomeff.mk/wp-content/uploads/2023/01/logo.png",
        "tags": "classical",
        "country": "Republic Of North Macedonia",
        "countrycode": "MK",
        "iso_3166_2": null,
        "state": "",
        "language": "",
        "languagecodes": "",
        "votes": 2,
        "lastchangetime": "2023-07-02 12:12:34",
        "lastchangetime_iso8601": "2023-07-02T12:12:34Z",
        "codec": "MP3",
        "bitrate": 128,
        "hls": 0,
        "lastcheckok": 1,
        "lastchecktime": "2023-07-09 12:28:44",
        "lastchecktime_iso8601": "2023-07-09T12:28:44Z",
        "lastcheckoktime": "2023-07-09 12:28:44",
        "lastcheckoktime_iso8601": "2023-07-09T12:28:44Z",
        "lastlocalchecktime": "2023-07-08 18:53:58",
        "lastlocalchecktime_iso8601": "2023-07-08T18:53:58Z",
        "clicktimestamp": "2023-07-08 08:55:04",
        "clicktimestamp_iso8601": "2023-07-08T08:55:04Z",
        "clickcount": 5,
        "clicktrend": -1,
        "ssl_error": 0,
        "geo_lat": null,
        "geo_long": null,
        "has_extended_info": false
    },
    {
        "changeuuid": "1505ab7a-9ea9-40aa-93ca-b9f07ad89245",
        "stationuuid": "eee5572c-fe8c-4635-9ed8-180df14d2911",
        "serveruuid": "5133b6c1-300c-4a0a-a5d4-2b518f176e08",
        "name": "Radio Buba Mara 105.2 FM",
        "url": "http://88.85.99.2/live-128.mp3",
        "url_resolved": "http://88.85.99.2/live-128.mp3",
        "homepage": "https://play.radiobubamara.mk/res/img/bubamara-logo.svg",
        "favicon": "https://play.radiobubamara.mk/res/img/favicon.ico",
        "tags": "",
        "country": "Republic Of North Macedonia",
        "countrycode": "MK",
        "iso_3166_2": null,
        "state": "",
        "language": "",
        "languagecodes": "",
        "votes": 9,
        "lastchangetime": "2023-08-04 16:18:35",
        "lastchangetime_iso8601": "2023-08-04T16:18:35Z",
        "codec": "MP3",
        "bitrate": 320,
        "hls": 0,
        "lastcheckok": 1,
        "lastchecktime": "2023-09-03 10:52:07",
        "lastchecktime_iso8601": "2023-09-03T10:52:07Z",
        "lastcheckoktime": "2023-09-03 10:52:07",
        "lastcheckoktime_iso8601": "2023-09-03T10:52:07Z",
        "lastlocalchecktime": "2023-09-03 10:52:07",
        "lastlocalchecktime_iso8601": "2023-09-03T10:52:07Z",
        "clicktimestamp": "2023-09-03 09:49:23",
        "clicktimestamp_iso8601": "2023-09-03T09:49:23Z",
        "clickcount": 16,
        "clicktrend": 1,
        "ssl_error": 0,
        "geo_lat": null,
        "geo_long": null,
        "has_extended_info": false
    },
    {
        "changeuuid": "36f45489-02d3-43a6-a40b-bb1ebd1b5d01",
        "stationuuid": "a4d893bf-96ad-4246-aa03-a383b6edf3e9",
        "serveruuid": "bfe96ea9-409d-445b-8df6-d3bb59ea9359",
        "name": "\u041a\u0430\u043d\u0430\u043b 77",
        "url": "https://radiocnd.mms.mk/proxy/web/stream",
        "url_resolved": "https://radiocnd.mms.mk/proxy/web/stream",
        "homepage": "https://kanal77.mk/",
        "favicon": "https://kanal77.mk/favicon.ico",
        "tags": "",
        "country": "Republic Of North Macedonia",
        "countrycode": "MK",
        "iso_3166_2": null,
        "state": "",
        "language": "english,macedonian",
        "languagecodes": "en,mk",
        "votes": 5,
        "lastchangetime": "2023-11-05 21:31:57",
        "lastchangetime_iso8601": "2023-11-05T21:31:57Z",
        "codec": "MP3",
        "bitrate": 320,
        "hls": 0,
        "lastcheckok": 1,
        "lastchecktime": "2023-11-07 00:17:01",
        "lastchecktime_iso8601": "2023-11-07T00:17:01Z",
        "lastcheckoktime": "2023-11-07 00:17:01",
        "lastcheckoktime_iso8601": "2023-11-07T00:17:01Z",
        "lastlocalchecktime": "2023-11-06 21:32:57",
        "lastlocalchecktime_iso8601": "2023-11-06T21:32:57Z",
        "clicktimestamp": "2023-11-06 17:12:27",
        "clicktimestamp_iso8601": "2023-11-06T17:12:27Z",
        "clickcount": 21,
        "clicktrend": -3,
        "ssl_error": 0,
        "geo_lat": 41.74283221723293,
        "geo_long": 22.189832114054106,
        "has_extended_info": false
    },
    {
        "changeuuid": "3ac48694-c696-4c78-93c4-85cef661101d",
        "stationuuid": "7fa6ba8e-839e-49be-b80e-bd0ce9f44e04",
        "serveruuid": "1e5d12a6-0829-47c0-9bcb-a8f16d340ad9",
        "name": "\u0415\u043a\u0441\u043f\u0440\u0435\u0441 \u0420\u0430\u0434\u0438\u043e 101.1 \u0421\u0442\u0440\u0443\u043c\u0438\u0446\u0430, \u041c\u0430\u043a\u0435\u0434\u043e\u043d\u0438\u0458\u0430",
        "url": "http://ekspresradio.dyndns.org:8000/",
        "url_resolved": "http://ekspresradio.dyndns.org:8000/",
        "homepage": "https://ekspresradio.com.mk/index.html",
        "favicon": "",
        "tags": "pop",
        "country": "Republic Of North Macedonia",
        "countrycode": "MK",
        "iso_3166_2": null,
        "state": "",
        "language": "",
        "languagecodes": "",
        "votes": 4,
        "lastchangetime": "2023-10-18 23:31:21",
        "lastchangetime_iso8601": "2023-10-18T23:31:21Z",
        "codec": "MP3",
        "bitrate": 192,
        "hls": 0,
        "lastcheckok": 1,
        "lastchecktime": "2023-11-07 16:47:12",
        "lastchecktime_iso8601": "2023-11-07T16:47:12Z",
        "lastcheckoktime": "2023-11-07 16:47:12",
        "lastcheckoktime_iso8601": "2023-11-07T16:47:12Z",
        "lastlocalchecktime": "2023-11-07 00:22:16",
        "lastlocalchecktime_iso8601": "2023-11-07T00:22:16Z",
        "clicktimestamp": "2023-11-06 16:54:48",
        "clicktimestamp_iso8601": "2023-11-06T16:54:48Z",
        "clickcount": 10,
        "clicktrend": -2,
        "ssl_error": 0,
        "geo_lat": null,
        "geo_long": null,
        "has_extended_info": false
    },
    {
        "changeuuid": "2e228756-5180-4b43-9502-fdd33fbe8e76",
        "stationuuid": "ef3996da-27b4-4aca-9568-84fab930074c",
        "serveruuid": "bc2f9ba2-9ddc-4489-a423-d33db6b748fd",
        "name": "City Radio | 94.7FM",
        "url": "http://176.9.117.123:9998/;stream/1",
        "url_resolved": "http://176.9.117.123:9998/;stream/1",
        "homepage": "http://www.cityradio.com.mk/",
        "favicon": "http://www.cityradio.com.mk/templates/rt_mobius2/images/style6/header_top_logo.png",
        "tags": "folk,pop",
        "country": "Republic Of North Macedonia",
        "countrycode": "MK",
        "iso_3166_2": null,
        "state": "",
        "language": "english,macedonian",
        "languagecodes": "en,mk",
        "votes": 4,
        "lastchangetime": "2023-11-05 04:51:55",
        "lastchangetime_iso8601": "2023-11-05T04:51:55Z",
        "codec": "MP3",
        "bitrate": 128,
        "hls": 0,
        "lastcheckok": 1,
        "lastchecktime": "2023-11-07 05:54:02",
        "lastchecktime_iso8601": "2023-11-07T05:54:02Z",
        "lastcheckoktime": "2023-11-07 05:54:02",
        "lastcheckoktime_iso8601": "2023-11-07T05:54:02Z",
        "lastlocalchecktime": "2023-11-06 20:44:44",
        "lastlocalchecktime_iso8601": "2023-11-06T20:44:44Z",
        "clicktimestamp": "2023-11-07 06:45:13",
        "clicktimestamp_iso8601": "2023-11-07T06:45:13Z",
        "clickcount": 10,
        "clicktrend": 2,
        "ssl_error": 0,
        "geo_lat": 42.012298528446145,
        "geo_long": 21.413547310276655,
        "has_extended_info": false
    },
    {
        "changeuuid": "e96e2b5a-47a9-43df-8698-81981c23dbac",
        "stationuuid": "b6d9d575-a403-405a-a2f2-fab578880650",
        "serveruuid": "8623de73-e22d-499b-83ec-0146e0934fe1",
        "name": "Samo MK",
        "url": "https://radiostream.neotel.mk/samomk",
        "url_resolved": "https://radiostream.neotel.mk/samomk",
        "homepage": "https://samomk.mk/",
        "favicon": "https://samomk.mk/wp-content/uploads/2022/10/cropped-SAMO-MK-RADIO_Logo_na-transparentna-pozadina.png",
        "tags": "macedonian contemporary,macedonian jazz,macedonian pop,macedonian rock",
        "country": "Republic Of North Macedonia",
        "countrycode": "MK",
        "iso_3166_2": null,
        "state": "",
        "language": "macedonian",
        "languagecodes": "mk",
        "votes": 0,
        "lastchangetime": "2023-11-06 19:10:15",
        "lastchangetime_iso8601": "2023-11-06T19:10:15Z",
        "codec": "MP3",
        "bitrate": 256,
        "hls": 0,
        "lastcheckok": 1,
        "lastchecktime": "2023-11-06 19:10:17",
        "lastchecktime_iso8601": "2023-11-06T19:10:17Z",
        "lastcheckoktime": "2023-11-06 19:10:17",
        "lastcheckoktime_iso8601": "2023-11-06T19:10:17Z",
        "lastlocalchecktime": "2023-11-06 19:08:43",
        "lastlocalchecktime_iso8601": "2023-11-06T19:08:43Z",
        "clicktimestamp": "2023-11-07 00:38:48",
        "clicktimestamp_iso8601": "2023-11-07T00:38:48Z",
        "clickcount": 5,
        "clicktrend": 5,
        "ssl_error": 0,
        "geo_lat": 41.99616627561355,
        "geo_long": 21.426716744899753,
        "has_extended_info": false
    }
]