[
    {
        "changeuuid": "01b3c137-4358-4fa3-ba0e-33f1b5e5c3f7",
        "stationuuid": "bb5714c1-ca84-46fe-8a2d-c784738eb5fc",
        "serveruuid": "a20f018e-99c3-4482-ba66-5ae7f9b40033",
        "name": "MandalayFM",
        "url": "https://edge.mixlr.com/channel/nmtev",
        "url_resolved": "https://edge.mixlr.com/channel/nmtev",
        "homepage": "https://raddio.net/",
        "favicon": "https://cdn.raddio.net/img/icons/apple-icon-120x120.png",
        "tags": "",
        "country": "Myanmar",
        "countrycode": "MM",
        "iso_3166_2": null,
        "state": "",
        "language": "burmese",
        "languagecodes": "my",
        "votes": 1875,
        "lastchangetime": "2022-09-02 21:31:36",
        "lastchangetime_iso8601": "2022-09-02T21:31:36Z",
        "codec": "MP3",
        "bitrate": 0,
        "hls": 0,
        "lastcheckok": 1,
        "lastchecktime": "2023-04-08 01:10:40",
        "lastchecktime_iso8601": "2023-04-08T01:10:40Z",
        "lastcheckoktime": "2023-04-08 01:10:40",
        "lastcheckoktime_iso8601": "2023-04-08T01:10:40Z",
        "lastlocalchecktime": "2023-04-07 20:54:25",
        "lastlocalchecktime_iso8601": "2023-04-07T20:54:25Z",
        "clicktimestamp": "2023-04-08 14:14:15",
        "clicktimestamp_iso8601": "2023-04-08T14:14:15Z",
        "clickcount": 127,
        "clicktrend": 5,
        "ssl_error": 0,
        "geo_lat": null,
        "geo_long": null,
        "has_extended_info": false
    },
    {
        "changeuuid": "0a757b93-9548-419a-b6cc-6f2762488a31",
        "stationuuid": "84cb575d-42bb-42e0-bed7-b1190bb9a8b6",
        "serveruuid": "61197705-57e9-45fd-903c-810a4ad765a6",
        "name": "DWG Radio Bumese",
        "url": "http://server32349.streamplus.de/;?type=http&#038;nocache=227",
        "url_resolved": "http://server32349.streamplus.de/;?type=http&#038;nocache=227",
        "homepage": "https://www.streamplus.de/",
        "favicon": "https://www.streamplus.de/img/favico.ico",
        "tags": "christian,gospel",
        "country": "Myanmar",
        "countrycode": "MM",
        "iso_3166_2": null,
        "state": "",
        "language": "burmese",
        "languagecodes": "my",
        "votes": 1147,
        "lastchangetime": "2022-03-28 12:13:03",
        "lastchangetime_iso8601": "2022-03-28T12:13:03Z",
        "codec": "MP3",
        "bitrate": 64,
        "hls": 0,
        "lastcheckok": 1,
        "lastchecktime": "2023-04-08 07:41:05",
        "lastchecktime_iso8601": "2023-04-08T07:41:05Z",
        "lastcheckoktime": "2023-04-08 07:41:05",
        "lastcheckoktime_iso8601": "2023-04-08T07:41:05Z",
        "lastlocalchecktime": "2023-04-07 16:09:29",
        "lastlocalchecktime_iso8601": "2023-04-07T16:09:29Z",
        "clicktimestamp": "2023-04-08 13:00:12",
        "clicktimestamp_iso8601": "2023-04-08T13:00:12Z",
        "clickcount": 55,
        "clicktrend": 2,
        "ssl_error": 0,
        "geo_lat": null,
        "geo_long": null,
        "has_extended_info": false
    },
    {
        "changeuuid": "634d638c-4f96-4c44-9a90-89e8cd3aedbf",
        "stationuuid": "53bae53b-425e-4d58-9413-52f94701448c",
        "serveruuid": "99008083-81b6-489c-8205-8c74f360bc68",
        "name": "Myanmar National TV",
        "url": "http://l1-xl1.myanmarnet.com/relay/mntv/ch1/stream_mobile/index.m3u8",
        "url_resolved": "http://l1-xl1.myanmarnet.com/relay/mntv/ch1/stream_mobile/index.m3u8",
        "homepage": "http://www.facebook.com/myanmarnationaltvchannel/",
        "favicon": "",
        "tags": "",
        "country": "Myanmar",
        "countrycode": "MM",
        "iso_3166_2": null,
        "state": "Yangon",
        "language": "burmese",
        "languagecodes": "my",
        "votes": 785,
        "lastchangetime": "2022-03-28 09:28:19",
        "lastchangetime_iso8601": "2022-03-28T09:28:19Z",
        "codec": "UNKNOWN",
        "bitrate": 0,
        "hls": 1,
        "lastcheckok": 1,
        "lastchecktime": "2023-04-08 11:18:38",
        "lastchecktime_iso8601": "2023-04-08T11:18:38Z",
        "lastcheckoktime": "2023-04-08 11:18:38",
        "lastcheckoktime_iso8601": "2023-04-08T11:18:38Z",
        "lastlocalchecktime": "2023-04-08 11:18:38",
        "lastlocalchecktime_iso8601": "2023-04-08T11:18:38Z",
        "clicktimestamp": "2023-04-08 14:13:20",
        "clicktimestamp_iso8601": "2023-04-08T14:13:20Z",
        "clickcount": 93,
        "clicktrend": -2,
        "ssl_error": 0,
        "geo_lat": null,
        "geo_long": null,
        "has_extended_info": false
    },
    {
        "changeuuid": "f7c6d3b3-0632-49d4-aa15-7df2c4d15189",
        "stationuuid": "55d9c405-da8f-47d7-90f3-850fe4a0c0b6",
        "serveruuid": "454ae35b-ac28-4296-844e-996e6b50f9db",
        "name": "DIMusic Club Myanmar \ud83c\uddf2\ud83c\uddf2 ",
        "url": "http://stream1.dimusic.club:11496/live",
        "url_resolved": "http://stream1.dimusic.club:11496/live",
        "homepage": "http://dimusic.club/",
        "favicon": "https://firebasestorage.googleapis.com/v0/b/radiogalaxy-580f4.appspot.com/o/images%2FIMG_20230808_081411268.jpg?alt=media&token=d5c14216-dd4f-48c3-9b22-2593d8c6eb3b",
        "tags": "dance,eurodance,eurohit,europop,pop,pophit",
        "country": "Myanmar",
        "countrycode": "MM",
        "iso_3166_2": null,
        "state": "",
        "language": "english/ espa\u00f1a/ russian /francia /italia",
        "languagecodes": "",
        "votes": 178,
        "lastchangetime": "2023-08-08 05:26:42",
        "lastchangetime_iso8601": "2023-08-08T05:26:42Z",
        "codec": "AAC+",
        "bitrate": 96,
        "hls": 0,
        "lastcheckok": 1,
        "lastchecktime": "2023-09-03 11:07:45",
        "lastchecktime_iso8601": "2023-09-03T11:07:45Z",
        "lastcheckoktime": "2023-09-03 11:07:45",
        "lastcheckoktime_iso8601": "2023-09-03T11:07:45Z",
        "lastlocalchecktime": "2023-09-03 11:07:45",
        "lastlocalchecktime_iso8601": "2023-09-03T11:07:45Z",
        "clicktimestamp": "2023-09-03 13:19:17",
        "clicktimestamp_iso8601": "2023-09-03T13:19:17Z",
        "clickcount": 125,
        "clicktrend": 0,
        "ssl_error": 0,
        "geo_lat": null,
        "geo_long": null,
        "has_extended_info": false
    }
]