[
    {
        "changeuuid": "d15f869a-98ad-4f5e-b076-8be44ed6fee4",
        "stationuuid": "89f24722-06b2-11e9-a80b-52543be04c81",
        "serveruuid": "8e112eba-fc8f-4407-a6bb-19e667c7633d",
        "name": "Mongolia Best Radio",
        "url": "http://103.48.116.109:9000/;",
        "url_resolved": "http://103.48.116.109:9000/;",
        "homepage": "http://www.bestfm.mn/",
        "favicon": "http://www.bestfm.mn/themes/simple/images/favicon.png",
        "tags": "",
        "country": "Mongolia",
        "countrycode": "MN",
        "iso_3166_2": null,
        "state": "Ulaanbaatar",
        "language": "mongolian",
        "languagecodes": "mn",
        "votes": 822,
        "lastchangetime": "2023-03-19 04:57:56",
        "lastchangetime_iso8601": "2023-03-19T04:57:56Z",
        "codec": "MP3",
        "bitrate": 128,
        "hls": 0,
        "lastcheckok": 1,
        "lastchecktime": "2023-04-08 05:59:37",
        "lastchecktime_iso8601": "2023-04-08T05:59:37Z",
        "lastcheckoktime": "2023-04-08 05:59:37",
        "lastcheckoktime_iso8601": "2023-04-08T05:59:37Z",
        "lastlocalchecktime": "2023-04-07 20:33:14",
        "lastlocalchecktime_iso8601": "2023-04-07T20:33:14Z",
        "clicktimestamp": "2023-04-08 09:39:50",
        "clicktimestamp_iso8601": "2023-04-08T09:39:50Z",
        "clickcount": 48,
        "clicktrend": -3,
        "ssl_error": 0,
        "geo_lat": null,
        "geo_long": null,
        "has_extended_info": false
    },
    {
        "changeuuid": "c293678a-f87c-409e-b4e1-2af0f7ee2d1b",
        "stationuuid": "fa31e2f5-8092-11e9-aa30-52543be04c81",
        "serveruuid": "b248065f-890c-4974-a1ea-c4d30fe486d8",
        "name": "MGL Radio",
        "url": "http://stream17.shoutcastsolutions.com:8096/",
        "url_resolved": "http://stream17.shoutcastsolutions.com:8096/",
        "homepage": "http://mglradio.com/",
        "favicon": "",
        "tags": "",
        "country": "Mongolia",
        "countrycode": "MN",
        "iso_3166_2": null,
        "state": "Ulaanbaatar",
        "language": "mongolian",
        "languagecodes": "mn",
        "votes": 585,
        "lastchangetime": "2023-03-14 17:59:01",
        "lastchangetime_iso8601": "2023-03-14T17:59:01Z",
        "codec": "MP3",
        "bitrate": 128,
        "hls": 0,
        "lastcheckok": 1,
        "lastchecktime": "2023-04-08 08:53:47",
        "lastchecktime_iso8601": "2023-04-08T08:53:47Z",
        "lastcheckoktime": "2023-04-08 08:53:47",
        "lastcheckoktime_iso8601": "2023-04-08T08:53:47Z",
        "lastlocalchecktime": "2023-04-07 15:45:09",
        "lastlocalchecktime_iso8601": "2023-04-07T15:45:09Z",
        "clicktimestamp": "2023-04-08 11:04:21",
        "clicktimestamp_iso8601": "2023-04-08T11:04:21Z",
        "clickcount": 68,
        "clicktrend": -8,
        "ssl_error": 0,
        "geo_lat": null,
        "geo_long": null,
        "has_extended_info": false
    },
    {
        "changeuuid": "346394bf-4d73-4cff-9749-f97c9de30405",
        "stationuuid": "fdcaca87-2641-48c6-b3d7-10d5bf188917",
        "serveruuid": "8e112eba-fc8f-4407-a6bb-19e667c7633d",
        "name": "BESTTIME",
        "url": "http://103.48.116.109:9000/;?listening-from-radio-garden=1608463364113",
        "url_resolved": "http://103.48.116.109:9000/;?listening-from-radio-garden=1608463364113",
        "homepage": "https://cdn.starofmongolian.com/",
        "favicon": "",
        "tags": "",
        "country": "Mongolia",
        "countrycode": "MN",
        "iso_3166_2": null,
        "state": "Ulaanbaatar",
        "language": "mongolian",
        "languagecodes": "mn",
        "votes": 347,
        "lastchangetime": "2022-03-28 08:57:39",
        "lastchangetime_iso8601": "2022-03-28T08:57:39Z",
        "codec": "MP3",
        "bitrate": 128,
        "hls": 0,
        "lastcheckok": 1,
        "lastchecktime": "2023-04-08 01:15:46",
        "lastchecktime_iso8601": "2023-04-08T01:15:46Z",
        "lastcheckoktime": "2023-04-08 01:15:46",
        "lastcheckoktime_iso8601": "2023-04-08T01:15:46Z",
        "lastlocalchecktime": "2023-04-07 20:18:59",
        "lastlocalchecktime_iso8601": "2023-04-07T20:18:59Z",
        "clicktimestamp": "2023-04-07 12:12:11",
        "clicktimestamp_iso8601": "2023-04-07T12:12:11Z",
        "clickcount": 23,
        "clicktrend": -5,
        "ssl_error": 0,
        "geo_lat": null,
        "geo_long": null,
        "has_extended_info": false
    },
    {
        "changeuuid": "11da6e7b-524b-46e1-b237-039e10b8defb",
        "stationuuid": "b1aae7b8-8916-4016-b57a-c2bb08704510",
        "serveruuid": "a6bb4dfb-4f96-41ae-8250-58de9f027b76",
        "name": "Family Radio FM",
        "url": "https://c2.radioboss.fm/stream/394",
        "url_resolved": "https://c2.radioboss.fm/stream/394",
        "homepage": "https://www.facebook.com/gerbulradio/",
        "favicon": "",
        "tags": "talk",
        "country": "Mongolia",
        "countrycode": "MN",
        "iso_3166_2": null,
        "state": "",
        "language": "monoglian",
        "languagecodes": "",
        "votes": 54,
        "lastchangetime": "2023-01-31 09:27:50",
        "lastchangetime_iso8601": "2023-01-31T09:27:50Z",
        "codec": "MP3",
        "bitrate": 128,
        "hls": 0,
        "lastcheckok": 1,
        "lastchecktime": "2023-04-08 14:22:58",
        "lastchecktime_iso8601": "2023-04-08T14:22:58Z",
        "lastcheckoktime": "2023-04-08 14:22:58",
        "lastcheckoktime_iso8601": "2023-04-08T14:22:58Z",
        "lastlocalchecktime": "2023-04-08 14:22:58",
        "lastlocalchecktime_iso8601": "2023-04-08T14:22:58Z",
        "clicktimestamp": "2023-04-07 12:12:09",
        "clicktimestamp_iso8601": "2023-04-07T12:12:09Z",
        "clickcount": 25,
        "clicktrend": -7,
        "ssl_error": 0,
        "geo_lat": null,
        "geo_long": null,
        "has_extended_info": false
    }
]