[
    {
        "changeuuid": "dcad757d-ee7e-4dce-a2de-322f06cf310e",
        "stationuuid": "9dc1af39-5f93-11e9-a622-52543be04c81",
        "serveruuid": "0ff6623e-9129-4db2-8587-db45f481ab7c",
        "name": "RADIO MARIA MACAU",
        "url": "http://dreamsiteradiocp2.com:8038/stream",
        "url_resolved": "http://dreamsiteradiocp2.com:8038/stream",
        "homepage": "http://www.voiceofmary.org.mo/VoiceOfMary/jsp/index.jsp",
        "favicon": "",
        "tags": "catholic,catolica,christian,katholik,religion,religious,talk",
        "country": "Macao",
        "countrycode": "MO",
        "iso_3166_2": null,
        "state": "",
        "language": "",
        "languagecodes": "",
        "votes": 235,
        "lastchangetime": "2021-11-10 23:47:16",
        "lastchangetime_iso8601": "2021-11-10T23:47:16Z",
        "codec": "MP3",
        "bitrate": 32,
        "hls": 0,
        "lastcheckok": 1,
        "lastchecktime": "2023-04-08 11:45:59",
        "lastchecktime_iso8601": "2023-04-08T11:45:59Z",
        "lastcheckoktime": "2023-04-08 11:45:59",
        "lastcheckoktime_iso8601": "2023-04-08T11:45:59Z",
        "lastlocalchecktime": "2023-04-07 19:18:10",
        "lastlocalchecktime_iso8601": "2023-04-07T19:18:10Z",
        "clicktimestamp": "2023-04-08 14:05:03",
        "clicktimestamp_iso8601": "2023-04-08T14:05:03Z",
        "clickcount": 17,
        "clicktrend": 1,
        "ssl_error": 0,
        "geo_lat": null,
        "geo_long": null,
        "has_extended_info": false
    },
    {
        "changeuuid": "846cb5b2-b49f-41d5-80a3-72955d1708ad",
        "stationuuid": "6999fe07-c0f3-4d36-ad2c-179bdc749c03",
        "serveruuid": "66a151a5-46cd-4edd-b9d6-be4db0a22e40",
        "name": "\u6fb3\u9580\u7da0\u90a8\u96fb\u53f0",
        "url": "https://fm995.ddns.net/hls1/fm995.m3u8",
        "url_resolved": "https://fm995.ddns.net/hls1/fm995.m3u8",
        "homepage": "https://www.vfm995.com/m.html",
        "favicon": "",
        "tags": "lifestyle",
        "country": "Macao",
        "countrycode": "MO",
        "iso_3166_2": null,
        "state": "",
        "language": "cantonese",
        "languagecodes": "yue",
        "votes": 140,
        "lastchangetime": "2022-08-28 01:54:58",
        "lastchangetime_iso8601": "2022-08-28T01:54:58Z",
        "codec": "UNKNOWN",
        "bitrate": 0,
        "hls": 1,
        "lastcheckok": 1,
        "lastchecktime": "2023-04-08 05:34:15",
        "lastchecktime_iso8601": "2023-04-08T05:34:15Z",
        "lastcheckoktime": "2023-04-08 05:34:15",
        "lastcheckoktime_iso8601": "2023-04-08T05:34:15Z",
        "lastlocalchecktime": "2023-04-07 17:28:44",
        "lastlocalchecktime_iso8601": "2023-04-07T17:28:44Z",
        "clicktimestamp": "2023-04-08 08:57:57",
        "clicktimestamp_iso8601": "2023-04-08T08:57:57Z",
        "clickcount": 30,
        "clicktrend": 6,
        "ssl_error": 0,
        "geo_lat": null,
        "geo_long": null,
        "has_extended_info": false
    },
    {
        "changeuuid": "c5242a6e-add5-4fec-94f3-a7c2812c0f66",
        "stationuuid": "3faf8d23-bae1-4724-8201-89e0cc66fa21",
        "serveruuid": "66a151a5-46cd-4edd-b9d6-be4db0a22e40",
        "name": "\u7da0\u90a8",
        "url": "https://fm995.ddns.net/hls1/fm995.m3u8",
        "url_resolved": "https://fm995.ddns.net/hls1/fm995.m3u8",
        "homepage": "https://fm995.ddns.net/",
        "favicon": "",
        "tags": "",
        "country": "Macao",
        "countrycode": "MO",
        "iso_3166_2": null,
        "state": "",
        "language": "",
        "languagecodes": "",
        "votes": 89,
        "lastchangetime": "2021-10-29 03:45:52",
        "lastchangetime_iso8601": "2021-10-29T03:45:52Z",
        "codec": "UNKNOWN",
        "bitrate": 0,
        "hls": 1,
        "lastcheckok": 1,
        "lastchecktime": "2023-04-08 11:45:59",
        "lastchecktime_iso8601": "2023-04-08T11:45:59Z",
        "lastcheckoktime": "2023-04-08 11:45:59",
        "lastcheckoktime_iso8601": "2023-04-08T11:45:59Z",
        "lastlocalchecktime": "2023-04-07 19:36:48",
        "lastlocalchecktime_iso8601": "2023-04-07T19:36:48Z",
        "clicktimestamp": "2023-04-08 08:58:03",
        "clicktimestamp_iso8601": "2023-04-08T08:58:03Z",
        "clickcount": 14,
        "clicktrend": 2,
        "ssl_error": 0,
        "geo_lat": null,
        "geo_long": null,
        "has_extended_info": false
    }
]