[
    {
        "changeuuid": "f91cd5df-b623-454e-9bd5-c5def6467784",
        "stationuuid": "8fb9c164-d194-11e9-a861-52543be04c81",
        "serveruuid": "0a58cb13-9593-4ea7-beda-ca75c589fca1",
        "name": "Martinique 1\u00e8re",
        "url": "http://martinique.ice.infomaniak.ch/martinique-128.mp3",
        "url_resolved": "http://martinique.ice.infomaniak.ch/martinique-128.mp3",
        "homepage": "https://la1ere.francetvinfo.fr/martinique/",
        "favicon": "",
        "tags": "",
        "country": "Martinique",
        "countrycode": "MQ",
        "iso_3166_2": null,
        "state": "",
        "language": "",
        "languagecodes": "",
        "votes": 1322,
        "lastchangetime": "2022-12-09 06:58:04",
        "lastchangetime_iso8601": "2022-12-09T06:58:04Z",
        "codec": "MP3",
        "bitrate": 128,
        "hls": 0,
        "lastcheckok": 1,
        "lastchecktime": "2023-04-08 11:38:25",
        "lastchecktime_iso8601": "2023-04-08T11:38:25Z",
        "lastcheckoktime": "2023-04-08 11:38:25",
        "lastcheckoktime_iso8601": "2023-04-08T11:38:25Z",
        "lastlocalchecktime": "2023-04-08 11:38:25",
        "lastlocalchecktime_iso8601": "2023-04-08T11:38:25Z",
        "clicktimestamp": "2023-04-08 14:14:43",
        "clicktimestamp_iso8601": "2023-04-08T14:14:43Z",
        "clickcount": 32,
        "clicktrend": 3,
        "ssl_error": 0,
        "geo_lat": null,
        "geo_long": null,
        "has_extended_info": false
    },
    {
        "changeuuid": "5cfae346-883d-4cc7-85c3-96ea1daeeafb",
        "stationuuid": "6f38a38e-ae0c-41af-b8ec-dfa227780258",
        "serveruuid": "0e2529db-b0af-4696-a9d5-955e6b4b2632",
        "name": "Nostalgie Martinique",
        "url": "http://2stream.dyndns.org:8000/nostalgiemq",
        "url_resolved": "http://2stream.dyndns.org:8000/nostalgiemq",
        "homepage": "http://www.nostalgiedom.fr/",
        "favicon": "",
        "tags": "cadence,kompa,musique cubaine,zouk",
        "country": "Martinique",
        "countrycode": "MQ",
        "iso_3166_2": null,
        "state": "",
        "language": "french",
        "languagecodes": "fr",
        "votes": 927,
        "lastchangetime": "2022-03-28 09:33:20",
        "lastchangetime_iso8601": "2022-03-28T09:33:20Z",
        "codec": "MP3",
        "bitrate": 128,
        "hls": 0,
        "lastcheckok": 1,
        "lastchecktime": "2023-04-08 10:46:43",
        "lastchecktime_iso8601": "2023-04-08T10:46:43Z",
        "lastcheckoktime": "2023-04-08 10:46:43",
        "lastcheckoktime_iso8601": "2023-04-08T10:46:43Z",
        "lastlocalchecktime": "2023-04-08 10:46:43",
        "lastlocalchecktime_iso8601": "2023-04-08T10:46:43Z",
        "clicktimestamp": "2023-04-08 05:25:47",
        "clicktimestamp_iso8601": "2023-04-08T05:25:47Z",
        "clickcount": 19,
        "clicktrend": 0,
        "ssl_error": 0,
        "geo_lat": null,
        "geo_long": null,
        "has_extended_info": false
    },
    {
        "changeuuid": "68be7949-e6a2-4922-82b4-b16f5ffaeb4f",
        "stationuuid": "e28b7a54-d1a2-11e9-a861-52543be04c81",
        "serveruuid": "0c0fc62e-bebe-4ab6-9576-b94bdc8bb7a7",
        "name": "Radio Fusion",
        "url": "http://france16.coollabel-productions.com:8276/;listen.m3u",
        "url_resolved": "http://france16.coollabel-productions.com:8276/;listen.m3u",
        "homepage": "http://radiofusion.fr/",
        "favicon": "",
        "tags": "",
        "country": "Martinique",
        "countrycode": "MQ",
        "iso_3166_2": null,
        "state": "",
        "language": "creole,french",
        "languagecodes": "fr",
        "votes": 458,
        "lastchangetime": "2022-03-28 11:25:48",
        "lastchangetime_iso8601": "2022-03-28T11:25:48Z",
        "codec": "MP3",
        "bitrate": 128,
        "hls": 0,
        "lastcheckok": 1,
        "lastchecktime": "2023-04-08 08:59:50",
        "lastchecktime_iso8601": "2023-04-08T08:59:50Z",
        "lastcheckoktime": "2023-04-08 08:59:50",
        "lastcheckoktime_iso8601": "2023-04-08T08:59:50Z",
        "lastlocalchecktime": "2023-04-07 16:21:14",
        "lastlocalchecktime_iso8601": "2023-04-07T16:21:14Z",
        "clicktimestamp": "2023-04-07 15:04:59",
        "clicktimestamp_iso8601": "2023-04-07T15:04:59Z",
        "clickcount": 17,
        "clicktrend": 0,
        "ssl_error": 0,
        "geo_lat": null,
        "geo_long": null,
        "has_extended_info": false
    },
    {
        "changeuuid": "d6e6a4dd-de57-4818-bd8d-868dafceee8d",
        "stationuuid": "2c449451-d215-11e9-a861-52543be04c81",
        "serveruuid": "202a3cb6-c351-4e22-b341-28abe9cd8aa8",
        "name": "Super Radio",
        "url": "http://str81.streamakaci.com:9160/",
        "url_resolved": "http://str81.streamakaci.com:9160/",
        "homepage": "http://www.cayali.fr/",
        "favicon": "",
        "tags": "",
        "country": "Martinique",
        "countrycode": "MQ",
        "iso_3166_2": null,
        "state": "",
        "language": "creole,french",
        "languagecodes": "fr",
        "votes": 164,
        "lastchangetime": "2022-03-28 11:39:48",
        "lastchangetime_iso8601": "2022-03-28T11:39:48Z",
        "codec": "MP3",
        "bitrate": 128,
        "hls": 0,
        "lastcheckok": 1,
        "lastchecktime": "2023-04-08 07:41:05",
        "lastchecktime_iso8601": "2023-04-08T07:41:05Z",
        "lastcheckoktime": "2023-04-08 07:41:05",
        "lastcheckoktime_iso8601": "2023-04-08T07:41:05Z",
        "lastlocalchecktime": "2023-04-07 16:30:25",
        "lastlocalchecktime_iso8601": "2023-04-07T16:30:25Z",
        "clicktimestamp": "2023-04-08 07:50:16",
        "clicktimestamp_iso8601": "2023-04-08T07:50:16Z",
        "clickcount": 14,
        "clicktrend": -2,
        "ssl_error": 0,
        "geo_lat": null,
        "geo_long": null,
        "has_extended_info": false
    },
    {
        "changeuuid": "8acac92c-318d-4c42-abb5-dacdd4b91570",
        "stationuuid": "931b0679-5079-4d6a-adbe-2cadc3c955da",
        "serveruuid": "87eddc74-0be2-4a6e-99b0-49ce7c124078",
        "name": "radiomaknetjazz",
        "url": "http://91.121.29.104:8000/",
        "url_resolved": "http://91.121.29.104:8000/",
        "homepage": "",
        "favicon": "",
        "tags": "jazz",
        "country": "Martinique",
        "countrycode": "MQ",
        "iso_3166_2": null,
        "state": "",
        "language": "",
        "languagecodes": "",
        "votes": 159,
        "lastchangetime": "2021-08-06 08:36:45",
        "lastchangetime_iso8601": "2021-08-06T08:36:45Z",
        "codec": "MP3",
        "bitrate": 128,
        "hls": 0,
        "lastcheckok": 1,
        "lastchecktime": "2023-04-08 09:18:56",
        "lastchecktime_iso8601": "2023-04-08T09:18:56Z",
        "lastcheckoktime": "2023-04-08 09:18:56",
        "lastcheckoktime_iso8601": "2023-04-08T09:18:56Z",
        "lastlocalchecktime": "2023-04-07 17:14:35",
        "lastlocalchecktime_iso8601": "2023-04-07T17:14:35Z",
        "clicktimestamp": "2023-04-08 07:02:47",
        "clicktimestamp_iso8601": "2023-04-08T07:02:47Z",
        "clickcount": 7,
        "clicktrend": 0,
        "ssl_error": 0,
        "geo_lat": null,
        "geo_long": null,
        "has_extended_info": false
    },
    {
        "changeuuid": "79845f40-955d-43b5-9d05-2563940c0989",
        "stationuuid": "7ac149df-59b4-449f-9d51-5a7c2ae097cc",
        "serveruuid": "8bfbb8dd-f53a-4a45-a110-5787a2c9b70d",
        "name": "kl@moson",
        "url": "http://91.121.29.104:8108/",
        "url_resolved": "http://91.121.29.104:8108/",
        "homepage": "",
        "favicon": "",
        "tags": "international",
        "country": "Martinique",
        "countrycode": "MQ",
        "iso_3166_2": null,
        "state": "",
        "language": "",
        "languagecodes": "",
        "votes": 108,
        "lastchangetime": "2021-08-06 08:36:45",
        "lastchangetime_iso8601": "2021-08-06T08:36:45Z",
        "codec": "MP3",
        "bitrate": 192,
        "hls": 0,
        "lastcheckok": 1,
        "lastchecktime": "2023-04-08 05:24:09",
        "lastchecktime_iso8601": "2023-04-08T05:24:09Z",
        "lastcheckoktime": "2023-04-08 05:24:09",
        "lastcheckoktime_iso8601": "2023-04-08T05:24:09Z",
        "lastlocalchecktime": "2023-04-07 19:47:14",
        "lastlocalchecktime_iso8601": "2023-04-07T19:47:14Z",
        "clicktimestamp": "2023-04-07 12:11:47",
        "clicktimestamp_iso8601": "2023-04-07T12:11:47Z",
        "clickcount": 8,
        "clicktrend": -1,
        "ssl_error": 0,
        "geo_lat": null,
        "geo_long": null,
        "has_extended_info": false
    },
    {
        "changeuuid": "576f0415-4c69-43b3-8b71-71326f962b51",
        "stationuuid": "67799ee6-bde2-4bdd-919b-69f6dddd36d0",
        "serveruuid": "17227e6e-7285-4076-94b9-413ac0f0c383",
        "name": "Sous le Ground",
        "url": "http://www.radioking.com/play/sousleground",
        "url_resolved": "http://listen.radioking.com/radio/92836/stream/131293",
        "homepage": "http://sousleground.com/",
        "favicon": "http://sousleground.com/favicon.ico",
        "tags": "",
        "country": "Martinique",
        "countrycode": "MQ",
        "iso_3166_2": null,
        "state": "",
        "language": "english,french",
        "languagecodes": "en,fr",
        "votes": 83,
        "lastchangetime": "2022-08-26 21:22:32",
        "lastchangetime_iso8601": "2022-08-26T21:22:32Z",
        "codec": "MP3",
        "bitrate": 128,
        "hls": 0,
        "lastcheckok": 1,
        "lastchecktime": "2023-04-08 07:05:34",
        "lastchecktime_iso8601": "2023-04-08T07:05:34Z",
        "lastcheckoktime": "2023-04-08 07:05:34",
        "lastcheckoktime_iso8601": "2023-04-08T07:05:34Z",
        "lastlocalchecktime": "2023-04-07 20:21:17",
        "lastlocalchecktime_iso8601": "2023-04-07T20:21:17Z",
        "clicktimestamp": "2023-04-08 04:36:19",
        "clicktimestamp_iso8601": "2023-04-08T04:36:19Z",
        "clickcount": 10,
        "clicktrend": 2,
        "ssl_error": 0,
        "geo_lat": null,
        "geo_long": null,
        "has_extended_info": false
    },
    {
        "changeuuid": "2260782c-5b30-4f09-807f-0b316e8b09c6",
        "stationuuid": "b40c4cce-cbd6-4c55-ae34-dea42edc4b0e",
        "serveruuid": "aa1f98e0-89f2-4c61-a627-9928eebbce8c",
        "name": "NRJ Antilles",
        "url": "https://scdn.nrjaudio.fm/adwz1/fr_an/55248/mp3_128.mp3",
        "url_resolved": "https://scdn.nrjaudio.fm/fr_an/55248/mp3_128.mp3?cdn_path=adswizz_lbs10&adws_out_b2&access_token=f68d04331e8a4e2d8a0ef11670495a77",
        "homepage": "https://nrjantilles.com/",
        "favicon": "https://nrjantilles.com/wp-content/uploads/NRJ-ANTILLES-1000x1000-1.jpg",
        "tags": "pop",
        "country": "Martinique",
        "countrycode": "MQ",
        "iso_3166_2": null,
        "state": "",
        "language": "",
        "languagecodes": "",
        "votes": 74,
        "lastchangetime": "2022-08-31 09:41:24",
        "lastchangetime_iso8601": "2022-08-31T09:41:24Z",
        "codec": "MP3",
        "bitrate": 128,
        "hls": 0,
        "lastcheckok": 1,
        "lastchecktime": "2023-04-07 19:18:23",
        "lastchecktime_iso8601": "2023-04-07T19:18:23Z",
        "lastcheckoktime": "2023-04-07 19:18:23",
        "lastcheckoktime_iso8601": "2023-04-07T19:18:23Z",
        "lastlocalchecktime": "2023-04-07 19:16:33",
        "lastlocalchecktime_iso8601": "2023-04-07T19:16:33Z",
        "clicktimestamp": "2023-04-05 22:15:59",
        "clicktimestamp_iso8601": "2023-04-05T22:15:59Z",
        "clickcount": 14,
        "clicktrend": 0,
        "ssl_error": 0,
        "geo_lat": null,
        "geo_long": null,
        "has_extended_info": false
    }
]