[
    {
        "changeuuid": "5704c0d3-7ac0-4f3a-a00a-01101d31d1eb",
        "stationuuid": "86d48e9f-ad97-4da1-a506-d82566b16ebf",
        "serveruuid": "bbe89e6e-30b0-428b-84fd-8ccd7ffd5732",
        "name": "One Radio",
        "url": "http://s10.voscast.com:8202/stream",
        "url_resolved": "http://s10.voscast.com:8202/stream",
        "homepage": "http://one.com.mt/oneradio",
        "favicon": "",
        "tags": "",
        "country": "Malta",
        "countrycode": "MT",
        "iso_3166_2": null,
        "state": "",
        "language": "malti",
        "languagecodes": "",
        "votes": 446,
        "lastchangetime": "2021-11-11 16:54:27",
        "lastchangetime_iso8601": "2021-11-11T16:54:27Z",
        "codec": "MP3",
        "bitrate": 192,
        "hls": 0,
        "lastcheckok": 1,
        "lastchecktime": "2023-04-08 06:15:03",
        "lastchecktime_iso8601": "2023-04-08T06:15:03Z",
        "lastcheckoktime": "2023-04-08 06:15:03",
        "lastcheckoktime_iso8601": "2023-04-08T06:15:03Z",
        "lastlocalchecktime": "2023-04-07 20:33:14",
        "lastlocalchecktime_iso8601": "2023-04-07T20:33:14Z",
        "clicktimestamp": "2023-04-08 10:11:21",
        "clicktimestamp_iso8601": "2023-04-08T10:11:21Z",
        "clickcount": 45,
        "clicktrend": 4,
        "ssl_error": 0,
        "geo_lat": null,
        "geo_long": null,
        "has_extended_info": false
    },
    {
        "changeuuid": "56094b21-0719-49e1-877c-263829413c4b",
        "stationuuid": "96226e5b-0601-11e8-ae97-52543be04c81",
        "serveruuid": "0e272018-3dae-45d1-9213-5c661c1f6336",
        "name": "Radio 101 Malta",
        "url": "http://s2.voscast.com:11392/;",
        "url_resolved": "http://s2.voscast.com:11392/;",
        "homepage": "http://radio101.com.mt/",
        "favicon": "",
        "tags": "pop,rock,top 40",
        "country": "Malta",
        "countrycode": "MT",
        "iso_3166_2": null,
        "state": "Pieta",
        "language": "maltese",
        "languagecodes": "mt",
        "votes": 344,
        "lastchangetime": "2022-03-28 10:48:36",
        "lastchangetime_iso8601": "2022-03-28T10:48:36Z",
        "codec": "MP3",
        "bitrate": 96,
        "hls": 0,
        "lastcheckok": 1,
        "lastchecktime": "2023-04-08 11:24:04",
        "lastchecktime_iso8601": "2023-04-08T11:24:04Z",
        "lastcheckoktime": "2023-04-08 11:24:04",
        "lastcheckoktime_iso8601": "2023-04-08T11:24:04Z",
        "lastlocalchecktime": "2023-04-08 11:24:04",
        "lastlocalchecktime_iso8601": "2023-04-08T11:24:04Z",
        "clicktimestamp": "2023-04-08 12:31:04",
        "clicktimestamp_iso8601": "2023-04-08T12:31:04Z",
        "clickcount": 44,
        "clicktrend": 1,
        "ssl_error": 0,
        "geo_lat": null,
        "geo_long": null,
        "has_extended_info": false
    },
    {
        "changeuuid": "e09b44f9-5a54-424e-a4d1-9b2cfefae435",
        "stationuuid": "ab606942-8c57-45e5-9456-bd5d6037a22d",
        "serveruuid": "e06d1c2c-70dc-4074-b112-e149757c34cc",
        "name": "Vibe FM",
        "url": "https://s9.voscast.com:7825/1",
        "url_resolved": "https://s9.voscast.com:7825/1",
        "homepage": "http://www.vibefm.com.mt/",
        "favicon": "https://vibe.mt/wp-content/uploads/2022/04/cropped-vibemt-icon-180x180.png",
        "tags": "",
        "country": "Malta",
        "countrycode": "MT",
        "iso_3166_2": null,
        "state": "",
        "language": "maltese",
        "languagecodes": "mt",
        "votes": 271,
        "lastchangetime": "2022-08-31 01:11:45",
        "lastchangetime_iso8601": "2022-08-31T01:11:45Z",
        "codec": "MP3",
        "bitrate": 128,
        "hls": 0,
        "lastcheckok": 1,
        "lastchecktime": "2023-04-08 10:27:19",
        "lastchecktime_iso8601": "2023-04-08T10:27:19Z",
        "lastcheckoktime": "2023-04-08 10:27:19",
        "lastcheckoktime_iso8601": "2023-04-08T10:27:19Z",
        "lastlocalchecktime": "2023-04-07 16:46:50",
        "lastlocalchecktime_iso8601": "2023-04-07T16:46:50Z",
        "clicktimestamp": "2023-04-08 10:09:35",
        "clicktimestamp_iso8601": "2023-04-08T10:09:35Z",
        "clickcount": 69,
        "clicktrend": 7,
        "ssl_error": 0,
        "geo_lat": null,
        "geo_long": null,
        "has_extended_info": false
    },
    {
        "changeuuid": "b5d19c1b-9172-4556-a04d-1a58602a1cd0",
        "stationuuid": "bc95a0d2-666d-400d-9d9b-bba9f50277b3",
        "serveruuid": "c6e30526-2822-4819-9756-81191bfc11cb",
        "name": "Calypso Radio",
        "url": "https://s4.radio.co/sf3aa4c25a/listen",
        "url_resolved": "https://s4.radio.co/sf3aa4c25a/listen",
        "homepage": "https://www.calypsomalta.com/",
        "favicon": "",
        "tags": "music,talk",
        "country": "Malta",
        "countrycode": "MT",
        "iso_3166_2": null,
        "state": "",
        "language": "maltese",
        "languagecodes": "mt",
        "votes": 266,
        "lastchangetime": "2022-03-28 14:03:27",
        "lastchangetime_iso8601": "2022-03-28T14:03:27Z",
        "codec": "MP3",
        "bitrate": 192,
        "hls": 0,
        "lastcheckok": 1,
        "lastchecktime": "2023-04-08 10:51:43",
        "lastchecktime_iso8601": "2023-04-08T10:51:43Z",
        "lastcheckoktime": "2023-04-08 10:51:43",
        "lastcheckoktime_iso8601": "2023-04-08T10:51:43Z",
        "lastlocalchecktime": "2023-04-07 16:58:36",
        "lastlocalchecktime_iso8601": "2023-04-07T16:58:36Z",
        "clicktimestamp": "2023-04-08 10:10:24",
        "clicktimestamp_iso8601": "2023-04-08T10:10:24Z",
        "clickcount": 30,
        "clicktrend": 3,
        "ssl_error": 0,
        "geo_lat": null,
        "geo_long": null,
        "has_extended_info": false
    },
    {
        "changeuuid": "68aec9bb-1cbd-4f21-ac87-f33f3362f677",
        "stationuuid": "e42f8419-3735-4154-8af8-997e30ae8200",
        "serveruuid": "f009a209-da56-4d85-aa0c-52a647613a50",
        "name": "Radio Malta",
        "url": "http://s38.myradiostream.com:6982/",
        "url_resolved": "http://s38.myradiostream.com:6982/",
        "homepage": "https://www.tvm.com.mt/mt/radju/",
        "favicon": "",
        "tags": "entertainment,general,local news,music",
        "country": "Malta",
        "countrycode": "MT",
        "iso_3166_2": null,
        "state": "",
        "language": "maltese",
        "languagecodes": "mt",
        "votes": 260,
        "lastchangetime": "2022-09-03 04:41:30",
        "lastchangetime_iso8601": "2022-09-03T04:41:30Z",
        "codec": "MP3",
        "bitrate": 192,
        "hls": 0,
        "lastcheckok": 1,
        "lastchecktime": "2023-04-08 10:37:27",
        "lastchecktime_iso8601": "2023-04-08T10:37:27Z",
        "lastcheckoktime": "2023-04-08 10:37:27",
        "lastcheckoktime_iso8601": "2023-04-08T10:37:27Z",
        "lastlocalchecktime": "2023-04-08 10:37:27",
        "lastlocalchecktime_iso8601": "2023-04-08T10:37:27Z",
        "clicktimestamp": "2023-04-08 10:11:56",
        "clicktimestamp_iso8601": "2023-04-08T10:11:56Z",
        "clickcount": 24,
        "clicktrend": 4,
        "ssl_error": 0,
        "geo_lat": null,
        "geo_long": null,
        "has_extended_info": false
    },
    {
        "changeuuid": "c0d97fc9-5a1d-4863-ac89-60e908c2fc2d",
        "stationuuid": "caa0a143-5ad8-42c2-91e8-1b42ea3ff995",
        "serveruuid": "3686455d-5acc-4309-b173-f5d43604026b",
        "name": "Magic Malta",
        "url": "http://s46.myradiostream.com:6076/stream",
        "url_resolved": "http://s46.myradiostream.com:6076/stream",
        "homepage": "https://www.tvm.com.mt/mt/radju/",
        "favicon": "",
        "tags": "music",
        "country": "Malta",
        "countrycode": "MT",
        "iso_3166_2": null,
        "state": "",
        "language": "maltese",
        "languagecodes": "mt",
        "votes": 245,
        "lastchangetime": "2022-03-28 13:57:35",
        "lastchangetime_iso8601": "2022-03-28T13:57:35Z",
        "codec": "MP3",
        "bitrate": 128,
        "hls": 0,
        "lastcheckok": 1,
        "lastchecktime": "2023-04-08 10:39:45",
        "lastchecktime_iso8601": "2023-04-08T10:39:45Z",
        "lastcheckoktime": "2023-04-08 10:39:45",
        "lastcheckoktime_iso8601": "2023-04-08T10:39:45Z",
        "lastlocalchecktime": "2023-04-07 19:03:16",
        "lastlocalchecktime_iso8601": "2023-04-07T19:03:16Z",
        "clicktimestamp": "2023-04-08 10:10:07",
        "clicktimestamp_iso8601": "2023-04-08T10:10:07Z",
        "clickcount": 20,
        "clicktrend": 2,
        "ssl_error": 0,
        "geo_lat": null,
        "geo_long": null,
        "has_extended_info": false
    },
    {
        "changeuuid": "a48f0a3e-d210-4e61-9a90-4603030c12fc",
        "stationuuid": "179e2ab4-539e-11e8-a4d1-52543be04c81",
        "serveruuid": "45ccd9bd-2f78-45a6-9a4c-719c5d49a179",
        "name": "Radju Maria Malta",
        "url": "http://dreamsiteradiocp.com:8102/",
        "url_resolved": "http://dreamsiteradiocp.com:8102/",
        "homepage": "http://radjumarija.org/",
        "favicon": "http://radjumarija.org/wp-content/uploads/2016/01/favicon-1.ico",
        "tags": "",
        "country": "Malta",
        "countrycode": "MT",
        "iso_3166_2": null,
        "state": "Rabat, Malta",
        "language": "maltese",
        "languagecodes": "mt",
        "votes": 232,
        "lastchangetime": "2022-03-28 11:54:15",
        "lastchangetime_iso8601": "2022-03-28T11:54:15Z",
        "codec": "MP3",
        "bitrate": 32,
        "hls": 0,
        "lastcheckok": 1,
        "lastchecktime": "2023-04-08 10:02:20",
        "lastchecktime_iso8601": "2023-04-08T10:02:20Z",
        "lastcheckoktime": "2023-04-08 10:02:20",
        "lastcheckoktime_iso8601": "2023-04-08T10:02:20Z",
        "lastlocalchecktime": "2023-04-07 17:31:40",
        "lastlocalchecktime_iso8601": "2023-04-07T17:31:40Z",
        "clicktimestamp": "2023-04-08 13:57:59",
        "clicktimestamp_iso8601": "2023-04-08T13:57:59Z",
        "clickcount": 9,
        "clicktrend": 3,
        "ssl_error": 0,
        "geo_lat": null,
        "geo_long": null,
        "has_extended_info": false
    },
    {
        "changeuuid": "ed111108-1b49-4d87-b16d-39ed8683147c",
        "stationuuid": "bc745d84-6996-11e9-af37-52543be04c81",
        "serveruuid": "45ccd9bd-2f78-45a6-9a4c-719c5d49a179",
        "name": "RADJU MARIJA MALTA",
        "url": "http://dreamsiteradiocp.com:8102/stream",
        "url_resolved": "http://dreamsiteradiocp.com:8102/stream",
        "homepage": "https://radjumarija.org/",
        "favicon": "https://radjumarija.org/wp-content/uploads/2016/01/favicon-1.ico",
        "tags": "catholic,christian,religion,talk",
        "country": "Malta",
        "countrycode": "MT",
        "iso_3166_2": null,
        "state": "",
        "language": "maltese",
        "languagecodes": "mt",
        "votes": 116,
        "lastchangetime": "2022-03-28 12:39:31",
        "lastchangetime_iso8601": "2022-03-28T12:39:31Z",
        "codec": "MP3",
        "bitrate": 32,
        "hls": 0,
        "lastcheckok": 1,
        "lastchecktime": "2023-04-08 13:08:49",
        "lastchecktime_iso8601": "2023-04-08T13:08:49Z",
        "lastcheckoktime": "2023-04-08 13:08:49",
        "lastcheckoktime_iso8601": "2023-04-08T13:08:49Z",
        "lastlocalchecktime": "2023-04-08 13:08:49",
        "lastlocalchecktime_iso8601": "2023-04-08T13:08:49Z",
        "clicktimestamp": "2023-04-08 13:59:58",
        "clicktimestamp_iso8601": "2023-04-08T13:59:58Z",
        "clickcount": 15,
        "clicktrend": 3,
        "ssl_error": 0,
        "geo_lat": null,
        "geo_long": null,
        "has_extended_info": false
    },
    {
        "changeuuid": "1d8cb33c-9d70-4fd7-b4c6-646110031d37",
        "stationuuid": "3029ff4d-c509-49da-9ab8-8ef7043b315d",
        "serveruuid": "cdd8b982-edb7-4afd-b920-980fdaeeaafa",
        "name": "Campus FM",
        "url": "https://rbx2.hnux.com/http://e11648.cloudrad.io:8174/campusfm_live?_=0.2807693347745841",
        "url_resolved": "https://rbx2.hnux.com/http://e11648.cloudrad.io:8174/campusfm_live?_=0.2807693347745841",
        "homepage": "https://um.edu.mt/services/campusfm",
        "favicon": "https://um.edu.mt/media/um/images/umcrest.png",
        "tags": "university radio",
        "country": "Malta",
        "countrycode": "MT",
        "iso_3166_2": null,
        "state": "",
        "language": "maltese",
        "languagecodes": "mt",
        "votes": 106,
        "lastchangetime": "2022-09-09 06:07:05",
        "lastchangetime_iso8601": "2022-09-09T06:07:05Z",
        "codec": "MP3",
        "bitrate": 192,
        "hls": 0,
        "lastcheckok": 1,
        "lastchecktime": "2023-04-08 13:08:49",
        "lastchecktime_iso8601": "2023-04-08T13:08:49Z",
        "lastcheckoktime": "2023-04-08 13:08:49",
        "lastcheckoktime_iso8601": "2023-04-08T13:08:49Z",
        "lastlocalchecktime": "2023-04-08 13:08:49",
        "lastlocalchecktime_iso8601": "2023-04-08T13:08:49Z",
        "clicktimestamp": "2023-04-08 10:07:40",
        "clicktimestamp_iso8601": "2023-04-08T10:07:40Z",
        "clickcount": 13,
        "clicktrend": 4,
        "ssl_error": 0,
        "geo_lat": null,
        "geo_long": null,
        "has_extended_info": false
    },
    {
        "changeuuid": "7f625a68-73b8-4a85-98a2-d4c71771e146",
        "stationuuid": "806c7def-9a2a-45a8-bcd6-12ac0c6c3dd9",
        "serveruuid": "08f99a74-83b8-4a54-a381-e18cc76202b9",
        "name": "XFM",
        "url": "http://162.252.85.85:7866/",
        "url_resolved": "http://162.252.85.85:7866/",
        "homepage": "http://www.xfm.com.mt/",
        "favicon": "",
        "tags": "music",
        "country": "Malta",
        "countrycode": "MT",
        "iso_3166_2": null,
        "state": "",
        "language": "maltese",
        "languagecodes": "mt",
        "votes": 104,
        "lastchangetime": "2022-04-12 19:13:50",
        "lastchangetime_iso8601": "2022-04-12T19:13:50Z",
        "codec": "AAC+",
        "bitrate": 128,
        "hls": 0,
        "lastcheckok": 1,
        "lastchecktime": "2023-04-08 09:01:22",
        "lastchecktime_iso8601": "2023-04-08T09:01:22Z",
        "lastcheckoktime": "2023-04-08 09:01:22",
        "lastcheckoktime_iso8601": "2023-04-08T09:01:22Z",
        "lastlocalchecktime": "2023-04-08 09:01:22",
        "lastlocalchecktime_iso8601": "2023-04-08T09:01:22Z",
        "clicktimestamp": "2023-04-08 10:07:42",
        "clicktimestamp_iso8601": "2023-04-08T10:07:42Z",
        "clickcount": 13,
        "clicktrend": 1,
        "ssl_error": 0,
        "geo_lat": null,
        "geo_long": null,
        "has_extended_info": false
    },
    {
        "changeuuid": "b89b90f5-41f0-4462-8494-85fb2bc9461e",
        "stationuuid": "6b76b7a9-5dc8-4a5b-9b9f-df2a7985c116",
        "serveruuid": "b90cb598-99b1-49cb-a0e2-330c59c4896c",
        "name": "XFM",
        "url": "http://s10.voscast.com:7866/",
        "url_resolved": "http://s10.voscast.com:7866/",
        "homepage": "http://www.xfm.com.mt/",
        "favicon": "",
        "tags": "",
        "country": "Malta",
        "countrycode": "MT",
        "iso_3166_2": null,
        "state": "",
        "language": "maltese",
        "languagecodes": "mt",
        "votes": 82,
        "lastchangetime": "2022-04-12 16:26:43",
        "lastchangetime_iso8601": "2022-04-12T16:26:43Z",
        "codec": "AAC+",
        "bitrate": 128,
        "hls": 0,
        "lastcheckok": 1,
        "lastchecktime": "2023-04-08 10:28:27",
        "lastchecktime_iso8601": "2023-04-08T10:28:27Z",
        "lastcheckoktime": "2023-04-08 10:28:27",
        "lastcheckoktime_iso8601": "2023-04-08T10:28:27Z",
        "lastlocalchecktime": "2023-04-08 10:28:27",
        "lastlocalchecktime_iso8601": "2023-04-08T10:28:27Z",
        "clicktimestamp": "2023-04-08 10:07:49",
        "clicktimestamp_iso8601": "2023-04-08T10:07:49Z",
        "clickcount": 9,
        "clicktrend": 3,
        "ssl_error": 0,
        "geo_lat": null,
        "geo_long": null,
        "has_extended_info": false
    },
    {
        "changeuuid": "ad095502-bf20-4596-a71f-f1413d519c9e",
        "stationuuid": "752ce5ae-4034-11ea-a9fa-52543be04c81",
        "serveruuid": "038102cc-1265-4496-a343-7b344908e6c2",
        "name": "Radju Luminarja",
        "url": "http://stream.radjuluminaria.com:8000/radjuluminaria",
        "url_resolved": "http://stream.radjuluminaria.com:8000/radjuluminaria",
        "homepage": "https://www.radjuluminaria.com/",
        "favicon": "https://www.nadurparish.com/wp-content/uploads/2020/06/cropped-nadur-parish-emblem_e8822df9-180x180.png",
        "tags": "",
        "country": "Malta",
        "countrycode": "MT",
        "iso_3166_2": null,
        "state": "",
        "language": "malti",
        "languagecodes": "",
        "votes": 49,
        "lastchangetime": "2022-08-28 03:07:49",
        "lastchangetime_iso8601": "2022-08-28T03:07:49Z",
        "codec": "AAC",
        "bitrate": 128,
        "hls": 0,
        "lastcheckok": 1,
        "lastchecktime": "2023-04-08 04:13:13",
        "lastchecktime_iso8601": "2023-04-08T04:13:13Z",
        "lastcheckoktime": "2023-04-08 04:13:13",
        "lastcheckoktime_iso8601": "2023-04-08T04:13:13Z",
        "lastlocalchecktime": "2023-04-07 19:06:53",
        "lastlocalchecktime_iso8601": "2023-04-07T19:06:53Z",
        "clicktimestamp": "2023-04-08 13:57:59",
        "clicktimestamp_iso8601": "2023-04-08T13:57:59Z",
        "clickcount": 7,
        "clicktrend": 3,
        "ssl_error": 0,
        "geo_lat": null,
        "geo_long": null,
        "has_extended_info": false
    },
    {
        "changeuuid": "6cbc03ed-896b-4ee2-9ef9-6c3bcc3f2ab3",
        "stationuuid": "f40028ba-f37c-4a92-a1c8-018b1ade328a",
        "serveruuid": "656172f3-2286-4bc6-acf9-630d46eb1574",
        "name": "Malta Sunshine Radio",
        "url": "http://78.129.185.81:20225/listen.pls",
        "url_resolved": "http://78.129.185.81:20225/",
        "homepage": "http://www.maltasunshineradio.wixsite.com/valletta",
        "favicon": "https://www.wix.com/favicon.ico",
        "tags": "00s,60s,70s,80s,90s,italian pop,oldies,pop,rock",
        "country": "Malta",
        "countrycode": "MT",
        "iso_3166_2": null,
        "state": "Valletta",
        "language": "",
        "languagecodes": "",
        "votes": 41,
        "lastchangetime": "2022-12-08 08:07:47",
        "lastchangetime_iso8601": "2022-12-08T08:07:47Z",
        "codec": "MP3",
        "bitrate": 128,
        "hls": 0,
        "lastcheckok": 1,
        "lastchecktime": "2023-04-07 20:23:01",
        "lastchecktime_iso8601": "2023-04-07T20:23:01Z",
        "lastcheckoktime": "2023-04-07 20:23:01",
        "lastcheckoktime_iso8601": "2023-04-07T20:23:01Z",
        "lastlocalchecktime": "2023-04-07 20:23:01",
        "lastlocalchecktime_iso8601": "2023-04-07T20:23:01Z",
        "clicktimestamp": "2023-04-08 07:56:24",
        "clicktimestamp_iso8601": "2023-04-08T07:56:24Z",
        "clickcount": 27,
        "clicktrend": 1,
        "ssl_error": 0,
        "geo_lat": 35.897494184614885,
        "geo_long": 14.511630535125734,
        "has_extended_info": false
    },
    {
        "changeuuid": "8124ce47-1eb9-4970-852f-e8e685a8754a",
        "stationuuid": "0d493ec4-90a2-4365-a101-11bddcc764af",
        "serveruuid": "a64c97dc-bce0-4492-80bf-b8b3ac455ab2",
        "name": "Fantasy Radio Malta",
        "url": "http://109.169.76.104:38753/listen.pls",
        "url_resolved": "http://109.169.76.104:38753/",
        "homepage": "https://fantasyradiomalta.wixsite.com/fantasy-radio-malta",
        "favicon": "https://www.wix.com/favicon.ico",
        "tags": "80s,italian pop,italo dance,italo dance anni 90,oldies,pop",
        "country": "Malta",
        "countrycode": "MT",
        "iso_3166_2": null,
        "state": "Bugibba",
        "language": "",
        "languagecodes": "",
        "votes": 28,
        "lastchangetime": "2023-02-04 17:11:07",
        "lastchangetime_iso8601": "2023-02-04T17:11:07Z",
        "codec": "MP3",
        "bitrate": 128,
        "hls": 0,
        "lastcheckok": 1,
        "lastchecktime": "2023-04-07 19:39:30",
        "lastchecktime_iso8601": "2023-04-07T19:39:30Z",
        "lastcheckoktime": "2023-04-07 19:39:30",
        "lastcheckoktime_iso8601": "2023-04-07T19:39:30Z",
        "lastlocalchecktime": "2023-04-07 18:15:11",
        "lastlocalchecktime_iso8601": "2023-04-07T18:15:11Z",
        "clicktimestamp": "2023-04-08 10:11:02",
        "clicktimestamp_iso8601": "2023-04-08T10:11:02Z",
        "clickcount": 16,
        "clicktrend": 2,
        "ssl_error": 0,
        "geo_lat": 35.95667003935951,
        "geo_long": 14.419523477554325,
        "has_extended_info": false
    },
    {
        "changeuuid": "45b916a3-a7f2-4fdc-9a06-490f6b9a648d",
        "stationuuid": "450228f9-dff3-4924-aff1-d637135551aa",
        "serveruuid": "aa59082c-7b99-48f4-ae1f-e88bbffb4264",
        "name": "One Radio",
        "url": "http://cdn.voscast.com/resources/?key=249f148a69ad7268c63c10098840e4d6&c=wmp",
        "url_resolved": "http://cdn.voscast.com/resources/?key=249f148a69ad7268c63c10098840e4d6&c=wmp",
        "homepage": "http://www.one.com.mt/oneradio",
        "favicon": "",
        "tags": "",
        "country": "Malta",
        "countrycode": "MT",
        "iso_3166_2": null,
        "state": "",
        "language": "malti",
        "languagecodes": "",
        "votes": 20,
        "lastchangetime": "2021-11-10 20:42:27",
        "lastchangetime_iso8601": "2021-11-10T20:42:27Z",
        "codec": "UNKNOWN",
        "bitrate": 0,
        "hls": 0,
        "lastcheckok": 1,
        "lastchecktime": "2023-04-08 01:56:30",
        "lastchecktime_iso8601": "2023-04-08T01:56:30Z",
        "lastcheckoktime": "2023-04-08 01:56:30",
        "lastcheckoktime_iso8601": "2023-04-08T01:56:30Z",
        "lastlocalchecktime": "2023-04-07 16:04:36",
        "lastlocalchecktime_iso8601": "2023-04-07T16:04:36Z",
        "clicktimestamp": "2023-04-08 10:09:18",
        "clicktimestamp_iso8601": "2023-04-08T10:09:18Z",
        "clickcount": 7,
        "clicktrend": 2,
        "ssl_error": 0,
        "geo_lat": null,
        "geo_long": null,
        "has_extended_info": false
    },
    {
        "changeuuid": "cc94f9be-e55a-4c8d-81fc-4e8f52d91edb",
        "stationuuid": "c1346103-8b8f-4960-bea9-5f86708a8ae8",
        "serveruuid": "3cd3e092-945a-4030-ba23-c1747cf9cdf2",
        "name": "MALTIN BISS",
        "url": "https://s4.voscast.com:8837/default",
        "url_resolved": "https://s4.voscast.com:8837/default",
        "homepage": "",
        "favicon": "",
        "tags": "country",
        "country": "Malta",
        "countrycode": "MT",
        "iso_3166_2": null,
        "state": "",
        "language": "",
        "languagecodes": "",
        "votes": 3,
        "lastchangetime": "2023-03-08 23:07:06",
        "lastchangetime_iso8601": "2023-03-08T23:07:06Z",
        "codec": "MP3",
        "bitrate": 128,
        "hls": 0,
        "lastcheckok": 1,
        "lastchecktime": "2023-04-08 00:10:03",
        "lastchecktime_iso8601": "2023-04-08T00:10:03Z",
        "lastcheckoktime": "2023-04-08 00:10:03",
        "lastcheckoktime_iso8601": "2023-04-08T00:10:03Z",
        "lastlocalchecktime": "2023-04-07 20:45:31",
        "lastlocalchecktime_iso8601": "2023-04-07T20:45:31Z",
        "clicktimestamp": "2023-04-08 10:07:51",
        "clicktimestamp_iso8601": "2023-04-08T10:07:51Z",
        "clickcount": 8,
        "clicktrend": 1,
        "ssl_error": 0,
        "geo_lat": null,
        "geo_long": null,
        "has_extended_info": false
    }
]