[
    {
        "changeuuid": "9eff8585-74a5-4e6c-aa1d-ffc066f5cfae",
        "stationuuid": "961a681b-0601-11e8-ae97-52543be04c81",
        "serveruuid": "bfe2d790-68dc-492c-9c9d-98043db1b6e8",
        "name": "Radio Plus Mauritius",
        "url": "http://s4.voscast.com:8432/;?icy=http",
        "url_resolved": "http://s4.voscast.com:8432/;?icy=http",
        "homepage": "http://radioplus.defimedia.info/",
        "favicon": "",
        "tags": "hits,talk,variety",
        "country": "Mauritius",
        "countrycode": "MU",
        "iso_3166_2": null,
        "state": "",
        "language": "french",
        "languagecodes": "fr",
        "votes": 4184,
        "lastchangetime": "2022-03-28 22:39:14",
        "lastchangetime_iso8601": "2022-03-28T22:39:14Z",
        "codec": "MP3",
        "bitrate": 96,
        "hls": 0,
        "lastcheckok": 1,
        "lastchecktime": "2023-04-08 11:18:38",
        "lastchecktime_iso8601": "2023-04-08T11:18:38Z",
        "lastcheckoktime": "2023-04-08 11:18:38",
        "lastcheckoktime_iso8601": "2023-04-08T11:18:38Z",
        "lastlocalchecktime": "2023-04-08 11:18:38",
        "lastlocalchecktime_iso8601": "2023-04-08T11:18:38Z",
        "clicktimestamp": "2023-04-08 14:05:52",
        "clicktimestamp_iso8601": "2023-04-08T14:05:52Z",
        "clickcount": 189,
        "clicktrend": -10,
        "ssl_error": 0,
        "geo_lat": null,
        "geo_long": null,
        "has_extended_info": false
    },
    {
        "changeuuid": "1a0c1a0b-fe96-4ec7-8ad0-a82d534e03e3",
        "stationuuid": "d1e2a313-6764-42be-aa69-ef9c005b4ad8",
        "serveruuid": "e774d4e0-0435-4688-b32b-9cbc6061d087",
        "name": "NRJ Maurice 92,4 FM",
        "url": "http://cdn.nrjaudio.fm/adwz1/mu/55802/mp3_128.mp3",
        "url_resolved": "http://185.52.127.131/mu/55802/mp3_128.mp3?adws_out_a2&access_token=cd0b70e44f594e789e0215da293e0b04",
        "homepage": "https://www.nrj.mu/",
        "favicon": "http://images.radio.orange.com/radios/large_nrj_maurice.png",
        "tags": "pop",
        "country": "Mauritius",
        "countrycode": "MU",
        "iso_3166_2": null,
        "state": "",
        "language": "",
        "languagecodes": "",
        "votes": 438,
        "lastchangetime": "2022-09-01 07:37:58",
        "lastchangetime_iso8601": "2022-09-01T07:37:58Z",
        "codec": "MP3",
        "bitrate": 128,
        "hls": 0,
        "lastcheckok": 1,
        "lastchecktime": "2023-04-08 08:20:05",
        "lastchecktime_iso8601": "2023-04-08T08:20:05Z",
        "lastcheckoktime": "2023-04-08 08:20:05",
        "lastcheckoktime_iso8601": "2023-04-08T08:20:05Z",
        "lastlocalchecktime": "2023-04-08 08:20:05",
        "lastlocalchecktime_iso8601": "2023-04-08T08:20:05Z",
        "clicktimestamp": "2023-04-08 02:12:17",
        "clicktimestamp_iso8601": "2023-04-08T02:12:17Z",
        "clickcount": 11,
        "clicktrend": 0,
        "ssl_error": 0,
        "geo_lat": null,
        "geo_long": null,
        "has_extended_info": false
    },
    {
        "changeuuid": "a953b1c6-9686-45da-baeb-23c1840ea04b",
        "stationuuid": "df6baa43-4f2e-4ed5-819d-c74dcf82c03d",
        "serveruuid": "f1d81411-2ea8-490a-be3f-59256c5d9121",
        "name": "Radio One",
        "url": "https://webstream.r1.mu/proxy/r1stream128fm/stream",
        "url_resolved": "https://webstream.r1.mu/proxy/r1stream128fm/stream",
        "homepage": "https://www.r1.mu/",
        "favicon": "https://www.r1.mu/favicon/apple-icon-120x120.png",
        "tags": "music,news,talk",
        "country": "Mauritius",
        "countrycode": "MU",
        "iso_3166_2": null,
        "state": "",
        "language": "",
        "languagecodes": "",
        "votes": 343,
        "lastchangetime": "2022-12-31 12:20:40",
        "lastchangetime_iso8601": "2022-12-31T12:20:40Z",
        "codec": "MP3",
        "bitrate": 128,
        "hls": 0,
        "lastcheckok": 1,
        "lastchecktime": "2023-04-08 13:50:30",
        "lastchecktime_iso8601": "2023-04-08T13:50:30Z",
        "lastcheckoktime": "2023-04-08 13:50:30",
        "lastcheckoktime_iso8601": "2023-04-08T13:50:30Z",
        "lastlocalchecktime": "2023-04-08 13:50:30",
        "lastlocalchecktime_iso8601": "2023-04-08T13:50:30Z",
        "clicktimestamp": "2023-04-08 13:07:02",
        "clicktimestamp_iso8601": "2023-04-08T13:07:02Z",
        "clickcount": 65,
        "clicktrend": 0,
        "ssl_error": 0,
        "geo_lat": null,
        "geo_long": null,
        "has_extended_info": false
    },
    {
        "changeuuid": "7d49b46e-7cfb-4443-bc14-399f010b455f",
        "stationuuid": "f8620783-2536-4275-a49b-bb08b8a25e1f",
        "serveruuid": "f3080f0d-9cee-438b-9f32-5a0b0eecd4ae",
        "name": "Top FM",
        "url": "https://s1.radioforge.com:4433/topfmlive/stream?hash=1663883843609.mp3",
        "url_resolved": "https://s1.radioforge.com:4433/topfmlive/stream?hash=1663883843609.mp3",
        "homepage": "https://www.topfm.mu/",
        "favicon": "",
        "tags": "",
        "country": "Mauritius",
        "countrycode": "MU",
        "iso_3166_2": null,
        "state": "",
        "language": "french",
        "languagecodes": "fr",
        "votes": 254,
        "lastchangetime": "2022-11-19 01:40:17",
        "lastchangetime_iso8601": "2022-11-19T01:40:17Z",
        "codec": "MP3",
        "bitrate": 128,
        "hls": 0,
        "lastcheckok": 1,
        "lastchecktime": "2023-04-08 11:40:45",
        "lastchecktime_iso8601": "2023-04-08T11:40:45Z",
        "lastcheckoktime": "2023-04-08 11:40:45",
        "lastcheckoktime_iso8601": "2023-04-08T11:40:45Z",
        "lastlocalchecktime": "2023-04-08 08:07:15",
        "lastlocalchecktime_iso8601": "2023-04-08T08:07:15Z",
        "clicktimestamp": "2023-04-08 13:10:00",
        "clicktimestamp_iso8601": "2023-04-08T13:10:00Z",
        "clickcount": 74,
        "clicktrend": -3,
        "ssl_error": 0,
        "geo_lat": -20.16128177437625,
        "geo_long": 57.498772144317634,
        "has_extended_info": false
    },
    {
        "changeuuid": "5f76dc22-9825-465a-b17b-dcdf8ddbf4ca",
        "stationuuid": "f0d86001-68a0-4c57-9e42-9b62b6c85892",
        "serveruuid": "a26a1b47-23e9-48e4-9e74-1f0715bd03cd",
        "name": "MBC Rodrigues FM",
        "url": "https://radio.mbconline.xyz/hls/rodrigusfm.m3u8",
        "url_resolved": "https://radio.mbconline.xyz/hls/rodrigusfm.m3u8",
        "homepage": "https://mbcradio.tv/",
        "favicon": "",
        "tags": "pop,r'n'b",
        "country": "Mauritius",
        "countrycode": "MU",
        "iso_3166_2": null,
        "state": "",
        "language": "english,french,hindi",
        "languagecodes": "en,fr,hi",
        "votes": 174,
        "lastchangetime": "2023-01-07 11:31:01",
        "lastchangetime_iso8601": "2023-01-07T11:31:01Z",
        "codec": "UNKNOWN",
        "bitrate": 0,
        "hls": 1,
        "lastcheckok": 1,
        "lastchecktime": "2023-04-07 18:34:55",
        "lastchecktime_iso8601": "2023-04-07T18:34:55Z",
        "lastcheckoktime": "2023-04-07 18:34:55",
        "lastcheckoktime_iso8601": "2023-04-07T18:34:55Z",
        "lastlocalchecktime": "2023-04-07 18:25:31",
        "lastlocalchecktime_iso8601": "2023-04-07T18:25:31Z",
        "clicktimestamp": "2023-04-08 01:56:02",
        "clicktimestamp_iso8601": "2023-04-08T01:56:02Z",
        "clickcount": 16,
        "clicktrend": 0,
        "ssl_error": 0,
        "geo_lat": -20.24431074838422,
        "geo_long": 57.59479522705079,
        "has_extended_info": false
    },
    {
        "changeuuid": "94fc3ca1-9eee-4bf3-9bfc-f4dafb5a7f2b",
        "stationuuid": "3c1ee308-0937-4a27-84fc-bc53cc36297e",
        "serveruuid": "a26a1b47-23e9-48e4-9e74-1f0715bd03cd",
        "name": "MBC Best FM",
        "url": "https://radio.mbconline.xyz/hls/bestfm.m3u8",
        "url_resolved": "https://radio.mbconline.xyz/hls/bestfm.m3u8",
        "homepage": "https://mbcradio.tv/",
        "favicon": "https://mbcradio.tv/streaming/img/cover_bestfm.png",
        "tags": "dance,pop,top40",
        "country": "Mauritius",
        "countrycode": "MU",
        "iso_3166_2": null,
        "state": "",
        "language": "english,french",
        "languagecodes": "en,fr",
        "votes": 163,
        "lastchangetime": "2022-12-29 10:37:01",
        "lastchangetime_iso8601": "2022-12-29T10:37:01Z",
        "codec": "UNKNOWN",
        "bitrate": 0,
        "hls": 1,
        "lastcheckok": 1,
        "lastchecktime": "2023-04-08 12:39:01",
        "lastchecktime_iso8601": "2023-04-08T12:39:01Z",
        "lastcheckoktime": "2023-04-08 12:39:01",
        "lastcheckoktime_iso8601": "2023-04-08T12:39:01Z",
        "lastlocalchecktime": "2023-04-08 12:39:01",
        "lastlocalchecktime_iso8601": "2023-04-08T12:39:01Z",
        "clicktimestamp": "2023-04-08 13:34:02",
        "clicktimestamp_iso8601": "2023-04-08T13:34:02Z",
        "clickcount": 53,
        "clicktrend": 2,
        "ssl_error": 0,
        "geo_lat": -20.24366651858667,
        "geo_long": 57.591361999511726,
        "has_extended_info": false
    },
    {
        "changeuuid": "b8f17cdc-59fc-442a-8e76-863ea26e81f2",
        "stationuuid": "adb22f44-ff89-43ae-8406-6632c85298d0",
        "serveruuid": "a26a1b47-23e9-48e4-9e74-1f0715bd03cd",
        "name": "MBC Kool FM",
        "url": "https://radio.mbconline.xyz/hls/koolfm.m3u8",
        "url_resolved": "https://radio.mbconline.xyz/hls/koolfm.m3u8",
        "homepage": "https://mbcradio.tv/",
        "favicon": "https://mbcradio.tv/streaming/img/cover_koolfm.png",
        "tags": "dance,pop",
        "country": "Mauritius",
        "countrycode": "MU",
        "iso_3166_2": null,
        "state": "",
        "language": "english,french",
        "languagecodes": "en,fr",
        "votes": 124,
        "lastchangetime": "2022-12-29 10:51:55",
        "lastchangetime_iso8601": "2022-12-29T10:51:55Z",
        "codec": "UNKNOWN",
        "bitrate": 0,
        "hls": 1,
        "lastcheckok": 1,
        "lastchecktime": "2023-04-07 18:50:24",
        "lastchecktime_iso8601": "2023-04-07T18:50:24Z",
        "lastcheckoktime": "2023-04-07 18:50:24",
        "lastcheckoktime_iso8601": "2023-04-07T18:50:24Z",
        "lastlocalchecktime": "2023-04-07 15:12:10",
        "lastlocalchecktime_iso8601": "2023-04-07T15:12:10Z",
        "clicktimestamp": "2023-04-07 16:03:02",
        "clicktimestamp_iso8601": "2023-04-07T16:03:02Z",
        "clickcount": 34,
        "clicktrend": -1,
        "ssl_error": 0,
        "geo_lat": -20.24431074838422,
        "geo_long": 57.59204864501954,
        "has_extended_info": false
    },
    {
        "changeuuid": "cb2a5971-5519-475a-92c5-d21249ee93b4",
        "stationuuid": "e3cea313-4aa9-4ac5-a053-50d7e82326f4",
        "serveruuid": "a26a1b47-23e9-48e4-9e74-1f0715bd03cd",
        "name": "MBC Radio Maurice",
        "url": "https://radio.mbconline.xyz/hls/radiomaurice.m3u8",
        "url_resolved": "https://radio.mbconline.xyz/hls/radiomaurice.m3u8",
        "homepage": "https://mbcradio.tv/",
        "favicon": "https://mbcradio.tv/streaming/img/cover_radiomaurice.png",
        "tags": "oldies,pop",
        "country": "Mauritius",
        "countrycode": "MU",
        "iso_3166_2": null,
        "state": "",
        "language": "french",
        "languagecodes": "fr",
        "votes": 89,
        "lastchangetime": "2022-12-29 11:02:38",
        "lastchangetime_iso8601": "2022-12-29T11:02:38Z",
        "codec": "UNKNOWN",
        "bitrate": 0,
        "hls": 1,
        "lastcheckok": 1,
        "lastchecktime": "2023-04-07 20:20:08",
        "lastchecktime_iso8601": "2023-04-07T20:20:08Z",
        "lastcheckoktime": "2023-04-07 20:20:08",
        "lastcheckoktime_iso8601": "2023-04-07T20:20:08Z",
        "lastlocalchecktime": "2023-04-07 20:20:08",
        "lastlocalchecktime_iso8601": "2023-04-07T20:20:08Z",
        "clicktimestamp": "2023-04-08 01:54:22",
        "clicktimestamp_iso8601": "2023-04-08T01:54:22Z",
        "clickcount": 22,
        "clicktrend": 0,
        "ssl_error": 0,
        "geo_lat": -20.244954975510264,
        "geo_long": 57.59204864501954,
        "has_extended_info": false
    },
    {
        "changeuuid": "ec06c990-656b-4254-acbb-f6f2e1d78c2e",
        "stationuuid": "abcd1a7b-8b0a-4bc4-a8c4-4a02352760a6",
        "serveruuid": "a26a1b47-23e9-48e4-9e74-1f0715bd03cd",
        "name": "MBC Taal FM",
        "url": "https://radio.mbconline.xyz/hls/tallfm.m3u8",
        "url_resolved": "https://radio.mbconline.xyz/hls/tallfm.m3u8",
        "homepage": "https://mbcradio.tv/",
        "favicon": "https://mbcradio.tv/streaming/img/cover_taalfm.png",
        "tags": "indian music,oldies",
        "country": "Mauritius",
        "countrycode": "MU",
        "iso_3166_2": null,
        "state": "",
        "language": "english,hindi",
        "languagecodes": "en,hi",
        "votes": 89,
        "lastchangetime": "2022-12-29 11:15:10",
        "lastchangetime_iso8601": "2022-12-29T11:15:10Z",
        "codec": "UNKNOWN",
        "bitrate": 0,
        "hls": 1,
        "lastcheckok": 1,
        "lastchecktime": "2023-04-08 13:02:31",
        "lastchecktime_iso8601": "2023-04-08T13:02:31Z",
        "lastcheckoktime": "2023-04-08 13:02:31",
        "lastcheckoktime_iso8601": "2023-04-08T13:02:31Z",
        "lastlocalchecktime": "2023-04-08 13:02:31",
        "lastlocalchecktime_iso8601": "2023-04-08T13:02:31Z",
        "clicktimestamp": "2023-04-08 12:05:01",
        "clicktimestamp_iso8601": "2023-04-08T12:05:01Z",
        "clickcount": 11,
        "clicktrend": 0,
        "ssl_error": 0,
        "geo_lat": null,
        "geo_long": null,
        "has_extended_info": false
    },
    {
        "changeuuid": "bf58b98c-d09a-4abe-98fc-a40ff8990502",
        "stationuuid": "cfe17287-cabe-4484-b05a-a935e4444d1c",
        "serveruuid": "a26a1b47-23e9-48e4-9e74-1f0715bd03cd",
        "name": "MBC Radio Mauritius",
        "url": "https://radio.mbconline.xyz/hls/radiomauritus.m3u8",
        "url_resolved": "https://radio.mbconline.xyz/hls/radiomauritus.m3u8",
        "homepage": "https://mbcradio.tv/",
        "favicon": "https://mbcradio.tv/streaming/img/cover_radiomauritius.png",
        "tags": "talk",
        "country": "Mauritius",
        "countrycode": "MU",
        "iso_3166_2": null,
        "state": "",
        "language": "english,hindi",
        "languagecodes": "en,hi",
        "votes": 87,
        "lastchangetime": "2022-12-29 11:08:01",
        "lastchangetime_iso8601": "2022-12-29T11:08:01Z",
        "codec": "UNKNOWN",
        "bitrate": 0,
        "hls": 1,
        "lastcheckok": 1,
        "lastchecktime": "2023-04-07 20:02:25",
        "lastchecktime_iso8601": "2023-04-07T20:02:25Z",
        "lastcheckoktime": "2023-04-07 20:02:25",
        "lastcheckoktime_iso8601": "2023-04-07T20:02:25Z",
        "lastlocalchecktime": "2023-04-07 20:02:25",
        "lastlocalchecktime_iso8601": "2023-04-07T20:02:25Z",
        "clicktimestamp": "2023-04-07 18:15:14",
        "clicktimestamp_iso8601": "2023-04-07T18:15:14Z",
        "clickcount": 14,
        "clicktrend": -2,
        "ssl_error": 0,
        "geo_lat": -20.24431074838422,
        "geo_long": 57.59342193603516,
        "has_extended_info": false
    },
    {
        "changeuuid": "06903e6b-baee-4edc-8457-b131b75e0e50",
        "stationuuid": "464fc4cc-3c6e-4b5d-92a8-9e4646c2f1da",
        "serveruuid": "36dfacbd-caee-4947-828f-7f0a8d19422c",
        "name": "SENSUELLE RADIO",
        "url": "https://forwardmystream.com/sensuelleradio",
        "url_resolved": "https://radio10.pro-fhi.net/radio/9169/stream.mp3",
        "homepage": "https://sensuelleradio.com/",
        "favicon": "",
        "tags": "70,80,90",
        "country": "Mauritius",
        "countrycode": "MU",
        "iso_3166_2": null,
        "state": "LE TAMPON",
        "language": "",
        "languagecodes": "",
        "votes": 67,
        "lastchangetime": "2022-05-06 17:18:49",
        "lastchangetime_iso8601": "2022-05-06T17:18:49Z",
        "codec": "MP3",
        "bitrate": 320,
        "hls": 0,
        "lastcheckok": 1,
        "lastchecktime": "2023-04-08 13:34:44",
        "lastchecktime_iso8601": "2023-04-08T13:34:44Z",
        "lastcheckoktime": "2023-04-08 13:34:44",
        "lastcheckoktime_iso8601": "2023-04-08T13:34:44Z",
        "lastlocalchecktime": "2023-04-08 13:34:44",
        "lastlocalchecktime_iso8601": "2023-04-08T13:34:44Z",
        "clicktimestamp": "2023-04-07 13:24:13",
        "clicktimestamp_iso8601": "2023-04-07T13:24:13Z",
        "clickcount": 17,
        "clicktrend": -2,
        "ssl_error": 0,
        "geo_lat": -21.30856673806807,
        "geo_long": 55.67871093750001,
        "has_extended_info": false
    },
    {
        "changeuuid": "f2a7c97e-7d8d-4910-a8b0-a5552321e4dd",
        "stationuuid": "9cae78d5-3341-4e29-ab1d-9aa9915b8cc4",
        "serveruuid": "64f2918f-7481-4e49-ac4d-f4368a21c157",
        "name": "Tamizen",
        "url": "https://c34.radioboss.fm:18023/stream",
        "url_resolved": "https://c34.radioboss.fm:18023/stream",
        "homepage": "https://c34.radioboss.fm:18023/stream",
        "favicon": "",
        "tags": "",
        "country": "Mauritius",
        "countrycode": "MU",
        "iso_3166_2": null,
        "state": "",
        "language": "tamil",
        "languagecodes": "ta",
        "votes": 28,
        "lastchangetime": "2023-05-07 11:18:24",
        "lastchangetime_iso8601": "2023-05-07T11:18:24Z",
        "codec": "MP3",
        "bitrate": 192,
        "hls": 0,
        "lastcheckok": 1,
        "lastchecktime": "2023-07-09 13:04:54",
        "lastchecktime_iso8601": "2023-07-09T13:04:54Z",
        "lastcheckoktime": "2023-07-09 13:04:54",
        "lastcheckoktime_iso8601": "2023-07-09T13:04:54Z",
        "lastlocalchecktime": "2023-07-09 08:03:19",
        "lastlocalchecktime_iso8601": "2023-07-09T08:03:19Z",
        "clicktimestamp": "2023-07-09 11:48:32",
        "clicktimestamp_iso8601": "2023-07-09T11:48:32Z",
        "clickcount": 37,
        "clicktrend": 3,
        "ssl_error": 0,
        "geo_lat": null,
        "geo_long": null,
        "has_extended_info": false
    }
]