[
    {
        "changeuuid": "ba6eab15-b223-46f7-8ad0-6df4bc93a068",
        "stationuuid": "01f3b100-ff51-4bab-8588-e5b5d17ad905",
        "serveruuid": "1272eff5-67f4-4fe7-97db-17101a0c20c2",
        "name": "ZBS Zodiak FM",
        "url": "https://ice31.securenetsystems.net/0079",
        "url_resolved": "https://ice31.securenetsystems.net/0079",
        "homepage": "https://zodiakmalawi.com/live-radio",
        "favicon": "https://zodiakmalawi.com/images/zbslogo-mw.png",
        "tags": "entertainment,local music,news,sport",
        "country": "Malawi",
        "countrycode": "MW",
        "iso_3166_2": null,
        "state": "",
        "language": "english",
        "languagecodes": "en",
        "votes": 1639,
        "lastchangetime": "2022-03-28 10:37:35",
        "lastchangetime_iso8601": "2022-03-28T10:37:35Z",
        "codec": "AAC+",
        "bitrate": 32,
        "hls": 0,
        "lastcheckok": 1,
        "lastchecktime": "2023-04-08 04:03:07",
        "lastchecktime_iso8601": "2023-04-08T04:03:07Z",
        "lastcheckoktime": "2023-04-08 04:03:07",
        "lastcheckoktime_iso8601": "2023-04-08T04:03:07Z",
        "lastlocalchecktime": "2023-04-07 16:13:34",
        "lastlocalchecktime_iso8601": "2023-04-07T16:13:34Z",
        "clicktimestamp": "2023-04-08 10:55:58",
        "clicktimestamp_iso8601": "2023-04-08T10:55:58Z",
        "clickcount": 201,
        "clicktrend": -3,
        "ssl_error": 0,
        "geo_lat": null,
        "geo_long": null,
        "has_extended_info": false
    },
    {
        "changeuuid": "8c5b1870-d2fc-4fd4-9236-867b7a7ab61e",
        "stationuuid": "83baf74b-5aa9-11e9-a622-52543be04c81",
        "serveruuid": "92764173-c387-4356-9d35-3540a29452e2",
        "name": "RADIO MARIA MALAWI",
        "url": "http://dreamsiteradiocp.com:8040/stream",
        "url_resolved": "http://dreamsiteradiocp.com:8040/stream",
        "homepage": "http://www.radiomaria.mw/",
        "favicon": "",
        "tags": "catholic,religion,talk",
        "country": "Malawi",
        "countrycode": "MW",
        "iso_3166_2": null,
        "state": "",
        "language": "",
        "languagecodes": "",
        "votes": 579,
        "lastchangetime": "2021-12-09 21:27:04",
        "lastchangetime_iso8601": "2021-12-09T21:27:04Z",
        "codec": "AAC+",
        "bitrate": 32,
        "hls": 0,
        "lastcheckok": 1,
        "lastchecktime": "2023-04-08 11:21:00",
        "lastchecktime_iso8601": "2023-04-08T11:21:00Z",
        "lastcheckoktime": "2023-04-08 11:21:00",
        "lastcheckoktime_iso8601": "2023-04-08T11:21:00Z",
        "lastlocalchecktime": "2023-04-07 18:15:45",
        "lastlocalchecktime_iso8601": "2023-04-07T18:15:45Z",
        "clicktimestamp": "2023-04-08 08:40:49",
        "clicktimestamp_iso8601": "2023-04-08T08:40:49Z",
        "clickcount": 117,
        "clicktrend": -7,
        "ssl_error": 0,
        "geo_lat": null,
        "geo_long": null,
        "has_extended_info": false
    },
    {
        "changeuuid": "f818b697-5773-4bbd-8d76-35c3c7bcc6a4",
        "stationuuid": "a9ebdbd0-e56f-4b3a-85e5-c010eaeb89a8",
        "serveruuid": "aa367a7b-5620-43c5-961e-b0ff6513b1c2",
        "name": "LUSO LIWALE",
        "url": "http://stream.zeno.fm/b2zgf5fd6ehvv",
        "url_resolved": "http://stream-068.zeno.fm/b2zgf5fd6ehvv?zs=WgDHAi9gTf-hRwr4fVgtuw",
        "homepage": "http://stream.zeno.fm/b2zgf5fd6ehvv.m3u",
        "favicon": "",
        "tags": "music",
        "country": "Malawi",
        "countrycode": "MW",
        "iso_3166_2": null,
        "state": "",
        "language": "english uk",
        "languagecodes": "",
        "votes": 307,
        "lastchangetime": "2022-04-19 18:12:11",
        "lastchangetime_iso8601": "2022-04-19T18:12:11Z",
        "codec": "MP3",
        "bitrate": 0,
        "hls": 0,
        "lastcheckok": 1,
        "lastchecktime": "2023-04-08 11:59:36",
        "lastchecktime_iso8601": "2023-04-08T11:59:36Z",
        "lastcheckoktime": "2023-04-08 11:59:36",
        "lastcheckoktime_iso8601": "2023-04-08T11:59:36Z",
        "lastlocalchecktime": "2023-04-07 17:47:51",
        "lastlocalchecktime_iso8601": "2023-04-07T17:47:51Z",
        "clicktimestamp": "2023-04-07 13:45:04",
        "clicktimestamp_iso8601": "2023-04-07T13:45:04Z",
        "clickcount": 49,
        "clicktrend": -8,
        "ssl_error": 0,
        "geo_lat": null,
        "geo_long": null,
        "has_extended_info": false
    },
    {
        "changeuuid": "c17c1deb-3843-4952-ba1c-20ba8bdbb118",
        "stationuuid": "e2cd40af-ef35-4871-8cd6-469d0350b013",
        "serveruuid": "cfee849c-eb80-4d0f-9ede-be782e255ee0",
        "name": "OTIBLE CHRISTIAN RADIO STATION",
        "url": "http://stream.zeno.fm/pckmxy7g3uhvv",
        "url_resolved": "http://stream-018.zeno.fm/pckmxy7g3uhvv?zs=2icfDGDxS22XfxLSxqHz3A",
        "homepage": "https://zeno.fm/radio/otiblechristianradiostation/",
        "favicon": "https://zeno.fm/static/icons/apple-icon-120x120.png",
        "tags": "christian-gospel,gospel,gospel music,gospel pop",
        "country": "Malawi",
        "countrycode": "MW",
        "iso_3166_2": null,
        "state": "Mumbai",
        "language": "africa,afrikaans,english",
        "languagecodes": "af,en",
        "votes": 234,
        "lastchangetime": "2022-06-27 10:35:24",
        "lastchangetime_iso8601": "2022-06-27T10:35:24Z",
        "codec": "MP3",
        "bitrate": 0,
        "hls": 0,
        "lastcheckok": 1,
        "lastchecktime": "2023-04-08 10:06:17",
        "lastchecktime_iso8601": "2023-04-08T10:06:17Z",
        "lastcheckoktime": "2023-04-08 10:06:17",
        "lastcheckoktime_iso8601": "2023-04-08T10:06:17Z",
        "lastlocalchecktime": "2023-04-08 10:06:17",
        "lastlocalchecktime_iso8601": "2023-04-08T10:06:17Z",
        "clicktimestamp": "2023-04-07 21:42:43",
        "clicktimestamp_iso8601": "2023-04-07T21:42:43Z",
        "clickcount": 64,
        "clicktrend": -3,
        "ssl_error": 0,
        "geo_lat": null,
        "geo_long": null,
        "has_extended_info": false
    },
    {
        "changeuuid": "8b004092-f33d-42cf-af0f-6cf6a828d653",
        "stationuuid": "343a6804-2553-4e28-a32d-8b086633a5bd",
        "serveruuid": "cfee849c-eb80-4d0f-9ede-be782e255ee0",
        "name": "ISLAMIC BROADCASTING STATION",
        "url": "http://stream.zeno.fm/bb888c8twchvv",
        "url_resolved": "http://stream-018.zeno.fm/bb888c8twchvv?zs=vcBvqIMLQcmSMrz54BcwCA",
        "homepage": "http://stream.zeno.fm/bb888c8twchvv",
        "favicon": "",
        "tags": "islamic",
        "country": "Malawi",
        "countrycode": "MW",
        "iso_3166_2": null,
        "state": "",
        "language": "english",
        "languagecodes": "en",
        "votes": 111,
        "lastchangetime": "2022-11-18 18:03:28",
        "lastchangetime_iso8601": "2022-11-18T18:03:28Z",
        "codec": "MP3",
        "bitrate": 0,
        "hls": 0,
        "lastcheckok": 1,
        "lastchecktime": "2023-04-08 01:56:30",
        "lastchecktime_iso8601": "2023-04-08T01:56:30Z",
        "lastcheckoktime": "2023-04-08 01:56:30",
        "lastcheckoktime_iso8601": "2023-04-08T01:56:30Z",
        "lastlocalchecktime": "2023-04-07 17:34:02",
        "lastlocalchecktime_iso8601": "2023-04-07T17:34:02Z",
        "clicktimestamp": "2023-04-07 14:46:05",
        "clicktimestamp_iso8601": "2023-04-07T14:46:05Z",
        "clickcount": 58,
        "clicktrend": -5,
        "ssl_error": 0,
        "geo_lat": null,
        "geo_long": null,
        "has_extended_info": false
    },
    {
        "changeuuid": "3a7cbc49-9ab8-453c-883a-e3baa50e777a",
        "stationuuid": "c8df2600-07cf-4717-bbba-9ba51013a698",
        "serveruuid": "cfee849c-eb80-4d0f-9ede-be782e255ee0",
        "name": "ISLAMIC BROADCASTING STATION",
        "url": "http://stream.zeno.fm/bb888c8twchvv",
        "url_resolved": "http://stream-018.zeno.fm/bb888c8twchvv?zs=vzCzYX77R5WU7uorP48G7Q",
        "homepage": "http://stream.zeno.fm/bb888c8twchvv",
        "favicon": "",
        "tags": "islamic",
        "country": "Malawi",
        "countrycode": "MW",
        "iso_3166_2": null,
        "state": "",
        "language": "english",
        "languagecodes": "en",
        "votes": 56,
        "lastchangetime": "2022-11-18 18:03:28",
        "lastchangetime_iso8601": "2022-11-18T18:03:28Z",
        "codec": "MP3",
        "bitrate": 0,
        "hls": 0,
        "lastcheckok": 1,
        "lastchecktime": "2023-04-08 10:15:17",
        "lastchecktime_iso8601": "2023-04-08T10:15:17Z",
        "lastcheckoktime": "2023-04-08 10:15:17",
        "lastcheckoktime_iso8601": "2023-04-08T10:15:17Z",
        "lastlocalchecktime": "2023-04-08 10:15:17",
        "lastlocalchecktime_iso8601": "2023-04-08T10:15:17Z",
        "clicktimestamp": "2023-04-08 02:10:50",
        "clicktimestamp_iso8601": "2023-04-08T02:10:50Z",
        "clickcount": 33,
        "clicktrend": -1,
        "ssl_error": 0,
        "geo_lat": null,
        "geo_long": null,
        "has_extended_info": false
    }
]