[
    {
        "changeuuid": "ac7c3fca-9a36-4567-89db-9a65374f3c0d",
        "stationuuid": "80a56515-a3d8-4e77-95a0-e88962dc0843",
        "serveruuid": "d6ea2484-6ab0-4d01-a835-0273f5298da2",
        "name": "R\u00e1dio Mo\u00e7ambique Antena Nacional",
        "url": "https://node.stream-africa.com:8443/AntenaNacional",
        "url_resolved": "https://node.stream-africa.com:8443/AntenaNacional",
        "homepage": "https://www.rm.co.mz/rm.co.mz/",
        "favicon": "https://www.rm.co.mz/wp-content/uploads/2022/06/favicon-152.png",
        "tags": "news",
        "country": "Mozambique",
        "countrycode": "MZ",
        "iso_3166_2": null,
        "state": "",
        "language": "portuguese",
        "languagecodes": "pt",
        "votes": 3499,
        "lastchangetime": "2023-01-18 08:38:32",
        "lastchangetime_iso8601": "2023-01-18T08:38:32Z",
        "codec": "MP3",
        "bitrate": 0,
        "hls": 0,
        "lastcheckok": 1,
        "lastchecktime": "2023-04-08 06:15:03",
        "lastchecktime_iso8601": "2023-04-08T06:15:03Z",
        "lastcheckoktime": "2023-04-08 06:15:03",
        "lastcheckoktime_iso8601": "2023-04-08T06:15:03Z",
        "lastlocalchecktime": "2023-04-07 18:15:11",
        "lastlocalchecktime_iso8601": "2023-04-07T18:15:11Z",
        "clicktimestamp": "2023-04-08 13:56:41",
        "clicktimestamp_iso8601": "2023-04-08T13:56:41Z",
        "clickcount": 357,
        "clicktrend": -5,
        "ssl_error": 0,
        "geo_lat": null,
        "geo_long": null,
        "has_extended_info": false
    },
    {
        "changeuuid": "0c54bd4f-e88f-4240-abd6-3190f80eb2ed",
        "stationuuid": "0bda947e-db11-449d-8a62-5819cc24a579",
        "serveruuid": "5598cb27-9d90-4766-9bcd-01654a3707db",
        "name": "LM Radio Mozambique",
        "url": "http://sc13.shoutcaststreaming.us:8003/stream",
        "url_resolved": "http://sc13.shoutcaststreaming.us:8003/stream",
        "homepage": "http://lmradio.co.mz/",
        "favicon": "http://lmradio.co.mz/favicon.ico",
        "tags": "world music",
        "country": "Mozambique",
        "countrycode": "MZ",
        "iso_3166_2": null,
        "state": "",
        "language": "",
        "languagecodes": "",
        "votes": 1385,
        "lastchangetime": "2023-04-05 14:52:40",
        "lastchangetime_iso8601": "2023-04-05T14:52:40Z",
        "codec": "AAC+",
        "bitrate": 32,
        "hls": 0,
        "lastcheckok": 1,
        "lastchecktime": "2023-04-08 07:25:50",
        "lastchecktime_iso8601": "2023-04-08T07:25:50Z",
        "lastcheckoktime": "2023-04-08 07:25:50",
        "lastcheckoktime_iso8601": "2023-04-08T07:25:50Z",
        "lastlocalchecktime": "2023-04-07 14:59:00",
        "lastlocalchecktime_iso8601": "2023-04-07T14:59:00Z",
        "clicktimestamp": "2023-04-08 14:15:32",
        "clicktimestamp_iso8601": "2023-04-08T14:15:32Z",
        "clickcount": 129,
        "clicktrend": -6,
        "ssl_error": 0,
        "geo_lat": null,
        "geo_long": null,
        "has_extended_info": false
    },
    {
        "changeuuid": "2566e98b-7162-4101-b2ca-33d91f71ada8",
        "stationuuid": "2a126721-616d-49e9-96b4-fde092b2f773",
        "serveruuid": "5598cb27-9d90-4766-9bcd-01654a3707db",
        "name": "LM radio",
        "url": "http://sc13.shoutcaststreaming.us:8003/stream",
        "url_resolved": "http://sc13.shoutcaststreaming.us:8003/stream",
        "homepage": "https://www.lmradio.mz/",
        "favicon": "",
        "tags": "",
        "country": "Mozambique",
        "countrycode": "MZ",
        "iso_3166_2": null,
        "state": "",
        "language": "",
        "languagecodes": "",
        "votes": 267,
        "lastchangetime": "2022-04-22 20:46:42",
        "lastchangetime_iso8601": "2022-04-22T20:46:42Z",
        "codec": "AAC+",
        "bitrate": 32,
        "hls": 0,
        "lastcheckok": 1,
        "lastchecktime": "2023-04-07 20:51:20",
        "lastchecktime_iso8601": "2023-04-07T20:51:20Z",
        "lastcheckoktime": "2023-04-07 20:51:20",
        "lastcheckoktime_iso8601": "2023-04-07T20:51:20Z",
        "lastlocalchecktime": "2023-04-07 20:51:20",
        "lastlocalchecktime_iso8601": "2023-04-07T20:51:20Z",
        "clicktimestamp": "2023-04-08 14:14:19",
        "clicktimestamp_iso8601": "2023-04-08T14:14:19Z",
        "clickcount": 90,
        "clicktrend": -2,
        "ssl_error": 0,
        "geo_lat": null,
        "geo_long": null,
        "has_extended_info": false
    },
    {
        "changeuuid": "d4e5f86c-51e6-450e-9708-5611a21f6ed9",
        "stationuuid": "4a562e05-5294-4220-b736-c0b97636f8e2",
        "serveruuid": "28d1b1ae-8571-4da3-a5a3-cb2664b6f897",
        "name": "Grandes Cl\u00e1ssicos da M\u00fasica Mo\u00e7ambicana ",
        "url": "https://stream.zeno.fm/bm29ouxe0hrtv",
        "url_resolved": "https://stream-152.zeno.fm/bm29ouxe0hrtv?zs=nbpmLyntQq6e5fuVgfj5Yg",
        "homepage": "https://zeno.fm/radio/grandes-classicos-da-musica-mocambicana/",
        "favicon": "https://zeno.fm/static/icons/apple-icon-120x120.png",
        "tags": "international",
        "country": "Mozambique",
        "countrycode": "MZ",
        "iso_3166_2": null,
        "state": "",
        "language": "",
        "languagecodes": "",
        "votes": 39,
        "lastchangetime": "2023-06-04 20:28:24",
        "lastchangetime_iso8601": "2023-06-04T20:28:24Z",
        "codec": "MP3",
        "bitrate": 0,
        "hls": 0,
        "lastcheckok": 1,
        "lastchecktime": "2023-07-08 21:21:01",
        "lastchecktime_iso8601": "2023-07-08T21:21:01Z",
        "lastcheckoktime": "2023-07-08 21:21:01",
        "lastcheckoktime_iso8601": "2023-07-08T21:21:01Z",
        "lastlocalchecktime": "2023-07-08 21:21:01",
        "lastlocalchecktime_iso8601": "2023-07-08T21:21:01Z",
        "clicktimestamp": "2023-07-08 22:10:36",
        "clicktimestamp_iso8601": "2023-07-08T22:10:36Z",
        "clickcount": 39,
        "clicktrend": 0,
        "ssl_error": 0,
        "geo_lat": null,
        "geo_long": null,
        "has_extended_info": false
    },
    {
        "changeuuid": "5272ce7f-2478-408a-b311-afdf31259857",
        "stationuuid": "09576e68-21af-497f-9f0b-d04875cef2e0",
        "serveruuid": "28d1b1ae-8571-4da3-a5a3-cb2664b6f897",
        "name": "Grandes Cl\u00e1ssicos da M\u00fasica Mo\u00e7ambicana ",
        "url": "https://stream.zeno.fm/bm29ouxe0hrtv",
        "url_resolved": "https://stream-152.zeno.fm/bm29ouxe0hrtv?zs=YNzxva1_QHOsoLhRseKs-A",
        "homepage": "https://zeno.fm/radio/grandes-classicos-da-musica-mocambicana/",
        "favicon": "https://zeno.fm/static/icons/apple-icon-120x120.png",
        "tags": "r&b/urban",
        "country": "Mozambique",
        "countrycode": "MZ",
        "iso_3166_2": null,
        "state": "",
        "language": "",
        "languagecodes": "",
        "votes": 22,
        "lastchangetime": "2023-06-04 20:00:15",
        "lastchangetime_iso8601": "2023-06-04T20:00:15Z",
        "codec": "MP3",
        "bitrate": 0,
        "hls": 0,
        "lastcheckok": 1,
        "lastchecktime": "2023-07-09 04:47:20",
        "lastchecktime_iso8601": "2023-07-09T04:47:20Z",
        "lastcheckoktime": "2023-07-09 04:47:20",
        "lastcheckoktime_iso8601": "2023-07-09T04:47:20Z",
        "lastlocalchecktime": "2023-07-09 04:47:20",
        "lastlocalchecktime_iso8601": "2023-07-09T04:47:20Z",
        "clicktimestamp": "2023-07-09 05:22:30",
        "clicktimestamp_iso8601": "2023-07-09T05:22:30Z",
        "clickcount": 58,
        "clicktrend": -3,
        "ssl_error": 0,
        "geo_lat": null,
        "geo_long": null,
        "has_extended_info": false
    }
]