[
    {
        "changeuuid": "c0f19cab-cabf-4994-8691-8aeaa008bee9",
        "stationuuid": "48f88c58-c692-11e8-a498-52543be04c81",
        "serveruuid": "331f6eb0-36cf-4a12-8741-759ca0dce7ed",
        "name": "EFM Radio",
        "url": "http://s2.stationplaylist.com:7026/listen.aac",
        "url_resolved": "http://s2.stationplaylist.com:7026/listen.aac",
        "homepage": "https://efmnamibia.weebly.com/",
        "favicon": "https://cdn2.editmysite.com/images/site/footer/og-image-placeholder-blank.png",
        "tags": "",
        "country": "Namibia",
        "countrycode": "NA",
        "iso_3166_2": null,
        "state": "",
        "language": "",
        "languagecodes": "",
        "votes": 351,
        "lastchangetime": "2022-11-04 08:17:51",
        "lastchangetime_iso8601": "2022-11-04T08:17:51Z",
        "codec": "AAC+",
        "bitrate": 32,
        "hls": 0,
        "lastcheckok": 1,
        "lastchecktime": "2023-04-08 01:56:30",
        "lastchecktime_iso8601": "2023-04-08T01:56:30Z",
        "lastcheckoktime": "2023-04-08 01:56:30",
        "lastcheckoktime_iso8601": "2023-04-08T01:56:30Z",
        "lastlocalchecktime": "2023-04-07 14:59:00",
        "lastlocalchecktime_iso8601": "2023-04-07T14:59:00Z",
        "clicktimestamp": "2023-04-06 15:04:53",
        "clicktimestamp_iso8601": "2023-04-06T15:04:53Z",
        "clickcount": 14,
        "clicktrend": -1,
        "ssl_error": 0,
        "geo_lat": null,
        "geo_long": null,
        "has_extended_info": false
    },
    {
        "changeuuid": "6364f2d3-d26e-48af-9d8a-8e6c158166bd",
        "stationuuid": "1befb879-5c9c-454d-ac99-95710bd739ca",
        "serveruuid": "8366f1c9-3509-44ec-b240-50baa3609b58",
        "name": "Hitradio Namibia",
        "url": "https://s37.derstream.net/hitradio-namibia.mp3",
        "url_resolved": "https://s37.derstream.net/hitradio-namibia.mp3",
        "homepage": "https://hitradio.com.na/",
        "favicon": "https://hitradio.com.na/favicon.ico",
        "tags": "",
        "country": "Namibia",
        "countrycode": "NA",
        "iso_3166_2": null,
        "state": "",
        "language": "german",
        "languagecodes": "de",
        "votes": 254,
        "lastchangetime": "2022-10-05 22:58:17",
        "lastchangetime_iso8601": "2022-10-05T22:58:17Z",
        "codec": "MP3",
        "bitrate": 192,
        "hls": 0,
        "lastcheckok": 1,
        "lastchecktime": "2023-04-08 01:41:11",
        "lastchecktime_iso8601": "2023-04-08T01:41:11Z",
        "lastcheckoktime": "2023-04-08 01:41:11",
        "lastcheckoktime_iso8601": "2023-04-08T01:41:11Z",
        "lastlocalchecktime": "2023-04-07 19:50:48",
        "lastlocalchecktime_iso8601": "2023-04-07T19:50:48Z",
        "clicktimestamp": "2023-04-08 13:07:22",
        "clicktimestamp_iso8601": "2023-04-08T13:07:22Z",
        "clickcount": 68,
        "clicktrend": 3,
        "ssl_error": 0,
        "geo_lat": -22.25012301467347,
        "geo_long": 17.160261230599303,
        "has_extended_info": false
    },
    {
        "changeuuid": "754d5a9e-f014-4c30-a76f-1460eaa0ab0f",
        "stationuuid": "1c0b3932-396e-4775-989d-68bf058799f6",
        "serveruuid": "c4caf20e-e122-443e-b2b9-dc24b47669b3",
        "name": "RadioWaveFM",
        "url": "https://edge.iono.fm/xhls/194_high.m3u8",
        "url_resolved": "https://edge.iono.fm/xhls/194_high.m3u8",
        "homepage": "https://www.radiowave.com.na/",
        "favicon": "https://www.radiowave.com.na/template/radiowave/favicons/apple-icon-120x120.png",
        "tags": "",
        "country": "Namibia",
        "countrycode": "NA",
        "iso_3166_2": null,
        "state": "",
        "language": "english",
        "languagecodes": "en",
        "votes": 152,
        "lastchangetime": "2022-10-06 02:07:13",
        "lastchangetime_iso8601": "2022-10-06T02:07:13Z",
        "codec": "UNKNOWN",
        "bitrate": 0,
        "hls": 1,
        "lastcheckok": 1,
        "lastchecktime": "2023-04-07 21:12:18",
        "lastchecktime_iso8601": "2023-04-07T21:12:18Z",
        "lastcheckoktime": "2023-04-07 21:12:18",
        "lastcheckoktime_iso8601": "2023-04-07T21:12:18Z",
        "lastlocalchecktime": "2023-04-07 20:18:59",
        "lastlocalchecktime_iso8601": "2023-04-07T20:18:59Z",
        "clicktimestamp": "2023-04-08 07:22:25",
        "clicktimestamp_iso8601": "2023-04-08T07:22:25Z",
        "clickcount": 35,
        "clicktrend": 2,
        "ssl_error": 0,
        "geo_lat": -22.584123582836543,
        "geo_long": 17.08322793245316,
        "has_extended_info": false
    },
    {
        "changeuuid": "8859496f-bea0-4c1f-b92d-25ccb5b7f4e4",
        "stationuuid": "274dff6e-7019-4dc4-8b19-ec93c6b8140d",
        "serveruuid": "c4caf20e-e122-443e-b2b9-dc24b47669b3",
        "name": "Kosmos 94.1",
        "url": "https://edge.iono.fm/xice/88_high.mp3",
        "url_resolved": "https://edge.iono.fm/xice/88_high.mp3",
        "homepage": "https://kosmos.com.na/",
        "favicon": "https://kosmos.com.na/wp-content/uploads/2021/01/cropped-flaticon-kosmos-180x180.png",
        "tags": "community,entertainment,news,talk",
        "country": "Namibia",
        "countrycode": "NA",
        "iso_3166_2": null,
        "state": "Khomas",
        "language": "afrikaans,english",
        "languagecodes": "af,en",
        "votes": 112,
        "lastchangetime": "2022-11-25 14:29:48",
        "lastchangetime_iso8601": "2022-11-25T14:29:48Z",
        "codec": "MP3",
        "bitrate": 0,
        "hls": 0,
        "lastcheckok": 1,
        "lastchecktime": "2023-04-08 05:13:53",
        "lastchecktime_iso8601": "2023-04-08T05:13:53Z",
        "lastcheckoktime": "2023-04-08 05:13:53",
        "lastcheckoktime_iso8601": "2023-04-08T05:13:53Z",
        "lastlocalchecktime": "2023-04-07 15:47:02",
        "lastlocalchecktime_iso8601": "2023-04-07T15:47:02Z",
        "clicktimestamp": "2023-04-08 06:52:39",
        "clicktimestamp_iso8601": "2023-04-08T06:52:39Z",
        "clickcount": 17,
        "clicktrend": 1,
        "ssl_error": 0,
        "geo_lat": -22.577369247440284,
        "geo_long": 17.07491683540866,
        "has_extended_info": false
    },
    {
        "changeuuid": "b5fce20c-7616-4706-8099-9828df39e8d5",
        "stationuuid": "290f4561-51d6-4a98-a4ea-73eb230f8e1d",
        "serveruuid": "1ba66984-27d5-457f-a79e-2acf6fbb7e7f",
        "name": "Nam Radio Local",
        "url": "https://music-station.live/radio/8010/radio.mp3",
        "url_resolved": "https://music-station.live/radio/8010/radio.mp3",
        "homepage": "https://music-station.live/public/nam_radio_local",
        "favicon": "https://music-station.live/static/uploads/browser_icon/120.1628258158.png",
        "tags": "african hip hop,afropop,azonto,coup\u00e9-decal\u00e9,dancehall,deep house,isicathamiya,ndombolo,r&b,reggae,soca",
        "country": "Namibia",
        "countrycode": "NA",
        "iso_3166_2": null,
        "state": "Khomas Region",
        "language": "english",
        "languagecodes": "en",
        "votes": 104,
        "lastchangetime": "2022-09-05 08:40:51",
        "lastchangetime_iso8601": "2022-09-05T08:40:51Z",
        "codec": "MP3",
        "bitrate": 128,
        "hls": 0,
        "lastcheckok": 1,
        "lastchecktime": "2023-04-07 19:29:18",
        "lastchecktime_iso8601": "2023-04-07T19:29:18Z",
        "lastcheckoktime": "2023-04-07 19:29:18",
        "lastcheckoktime_iso8601": "2023-04-07T19:29:18Z",
        "lastlocalchecktime": "2023-04-07 19:20:31",
        "lastlocalchecktime_iso8601": "2023-04-07T19:20:31Z",
        "clicktimestamp": "2023-04-08 06:52:56",
        "clicktimestamp_iso8601": "2023-04-08T06:52:56Z",
        "clickcount": 25,
        "clicktrend": 1,
        "ssl_error": 0,
        "geo_lat": -22.589161523162034,
        "geo_long": 17.079620487056676,
        "has_extended_info": false
    },
    {
        "changeuuid": "fa0416df-b243-4477-a167-dca1d0af149f",
        "stationuuid": "89fa9446-2faf-4a2a-ba98-d1e22114b7d4",
        "serveruuid": "1ba66984-27d5-457f-a79e-2acf6fbb7e7f",
        "name": "Nam-Radio",
        "url": "https://music-station.live/radio/8000/radio.mp3",
        "url_resolved": "https://music-station.live/radio/8000/radio.mp3",
        "homepage": "https://music-station.live/public/namradio_global",
        "favicon": "https://music-station.live/static/uploads/browser_icon/120.1628258158.png",
        "tags": "",
        "country": "Namibia",
        "countrycode": "NA",
        "iso_3166_2": null,
        "state": "Khomas Region",
        "language": "english",
        "languagecodes": "en",
        "votes": 100,
        "lastchangetime": "2022-09-04 03:14:53",
        "lastchangetime_iso8601": "2022-09-04T03:14:53Z",
        "codec": "MP3",
        "bitrate": 128,
        "hls": 0,
        "lastcheckok": 1,
        "lastchecktime": "2023-04-08 12:18:43",
        "lastchecktime_iso8601": "2023-04-08T12:18:43Z",
        "lastcheckoktime": "2023-04-08 12:18:43",
        "lastcheckoktime_iso8601": "2023-04-08T12:18:43Z",
        "lastlocalchecktime": "2023-04-08 12:18:43",
        "lastlocalchecktime_iso8601": "2023-04-08T12:18:43Z",
        "clicktimestamp": "2023-04-08 06:09:47",
        "clicktimestamp_iso8601": "2023-04-08T06:09:47Z",
        "clickcount": 15,
        "clicktrend": 3,
        "ssl_error": 0,
        "geo_lat": -22.5829485618904,
        "geo_long": 17.07247925223783,
        "has_extended_info": false
    },
    {
        "changeuuid": "03ba8fbd-a71a-445f-bdc1-c8530935f396",
        "stationuuid": "33cfcc17-0b51-432e-9abd-f219839f3505",
        "serveruuid": "043638e6-097b-48db-ba19-8b22fbaf6ef7",
        "name": "Desert FM",
        "url": "http://s2.stationplaylist.com:7154/listen.aac",
        "url_resolved": "http://s2.stationplaylist.com:7154/listen.aac",
        "homepage": "https://stream.namibian.com.na/",
        "favicon": "",
        "tags": "",
        "country": "Namibia",
        "countrycode": "NA",
        "iso_3166_2": null,
        "state": "Khomas Region",
        "language": "",
        "languagecodes": "",
        "votes": 84,
        "lastchangetime": "2023-04-03 17:34:47",
        "lastchangetime_iso8601": "2023-04-03T17:34:47Z",
        "codec": "AAC+",
        "bitrate": 64,
        "hls": 0,
        "lastcheckok": 1,
        "lastchecktime": "2023-04-08 01:15:46",
        "lastchecktime_iso8601": "2023-04-08T01:15:46Z",
        "lastcheckoktime": "2023-04-08 01:15:46",
        "lastcheckoktime_iso8601": "2023-04-08T01:15:46Z",
        "lastlocalchecktime": "2023-04-07 18:25:31",
        "lastlocalchecktime_iso8601": "2023-04-07T18:25:31Z",
        "clicktimestamp": "2023-04-07 13:20:15",
        "clicktimestamp_iso8601": "2023-04-07T13:20:15Z",
        "clickcount": 13,
        "clicktrend": -2,
        "ssl_error": 0,
        "geo_lat": null,
        "geo_long": null,
        "has_extended_info": false
    },
    {
        "changeuuid": "54418670-3947-4b96-8899-9ad1c4263d71",
        "stationuuid": "92f0807a-d803-4451-96f1-93032a08baec",
        "serveruuid": "529a12e0-b84e-4757-90f0-59f02cfd4c91",
        "name": "Energy 100 FM",
        "url": "https://s2.stationplaylist.com:7094/listen.aac",
        "url_resolved": "https://s2.stationplaylist.com:7094/listen.aac",
        "homepage": "https://www.energy100fm.com/",
        "favicon": "",
        "tags": "afro,pop,rap,rock,slow,trap",
        "country": "Namibia",
        "countrycode": "NA",
        "iso_3166_2": null,
        "state": "Khomas",
        "language": "english",
        "languagecodes": "en",
        "votes": 76,
        "lastchangetime": "2022-05-15 20:00:34",
        "lastchangetime_iso8601": "2022-05-15T20:00:34Z",
        "codec": "AAC+",
        "bitrate": 32,
        "hls": 0,
        "lastcheckok": 1,
        "lastchecktime": "2023-04-08 02:42:23",
        "lastchecktime_iso8601": "2023-04-08T02:42:23Z",
        "lastcheckoktime": "2023-04-08 02:42:23",
        "lastcheckoktime_iso8601": "2023-04-08T02:42:23Z",
        "lastlocalchecktime": "2023-04-07 20:18:59",
        "lastlocalchecktime_iso8601": "2023-04-07T20:18:59Z",
        "clicktimestamp": "2023-04-08 10:43:40",
        "clicktimestamp_iso8601": "2023-04-08T10:43:40Z",
        "clickcount": 16,
        "clicktrend": 1,
        "ssl_error": 0,
        "geo_lat": -22.57128251419025,
        "geo_long": 17.077835078816864,
        "has_extended_info": false
    },
    {
        "changeuuid": "3c3e4a63-df47-4709-9995-71c6e7b9eeca",
        "stationuuid": "bf97435c-1b44-45dc-9806-d072f80936c4",
        "serveruuid": "46505c51-f642-4846-994c-526971254367",
        "name": "Kanaal 7",
        "url": "https://zas3.ndx.co.za:8040/stream",
        "url_resolved": "https://zas3.ndx.co.za:8040/stream",
        "homepage": "https://k7.com.na/",
        "favicon": "https://k7.com.na/favicon.ico",
        "tags": "christian,family,music,musiek,nuus",
        "country": "Namibia",
        "countrycode": "NA",
        "iso_3166_2": null,
        "state": "Khomas",
        "language": "afrikaans,english",
        "languagecodes": "af,en",
        "votes": 63,
        "lastchangetime": "2022-11-12 12:06:05",
        "lastchangetime_iso8601": "2022-11-12T12:06:05Z",
        "codec": "AAC",
        "bitrate": 48,
        "hls": 0,
        "lastcheckok": 1,
        "lastchecktime": "2023-04-08 10:57:23",
        "lastchecktime_iso8601": "2023-04-08T10:57:23Z",
        "lastcheckoktime": "2023-04-08 10:57:23",
        "lastcheckoktime_iso8601": "2023-04-08T10:57:23Z",
        "lastlocalchecktime": "2023-04-08 10:57:23",
        "lastlocalchecktime_iso8601": "2023-04-08T10:57:23Z",
        "clicktimestamp": "2023-04-07 18:53:40",
        "clicktimestamp_iso8601": "2023-04-07T18:53:40Z",
        "clickcount": 15,
        "clicktrend": -1,
        "ssl_error": 0,
        "geo_lat": -22.577844758525924,
        "geo_long": 17.075157155049965,
        "has_extended_info": false
    },
    {
        "changeuuid": "e8dc34c2-7d78-4493-903b-f50538eb8567",
        "stationuuid": "4905ca98-c110-4287-a3d3-6149964d1284",
        "serveruuid": "6b8c0553-b80e-490f-a640-1d1986389aaa",
        "name": "RADIO ALEX FM NAMIBIA",
        "url": "https://stream-52.zeno.fm/sc5kf3x9hfhvv?zs=iSM_kJnQQyOi2qyimgL91g",
        "url_resolved": "https://stream-52.zeno.fm/sc5kf3x9hfhvv?zs=iSM_kJnQQyOi2qyimgL91g",
        "homepage": "https://www.alexfm.nl/namibia",
        "favicon": "https://www.radio.net/images/broadcasts/29/cd/141200/1/c300.png",
        "tags": "charts,oldies,pop",
        "country": "Namibia",
        "countrycode": "NA",
        "iso_3166_2": null,
        "state": "",
        "language": "afrikaans,english,german",
        "languagecodes": "af,de,en",
        "votes": 29,
        "lastchangetime": "2022-12-12 19:29:26",
        "lastchangetime_iso8601": "2022-12-12T19:29:26Z",
        "codec": "MP3",
        "bitrate": 0,
        "hls": 0,
        "lastcheckok": 1,
        "lastchecktime": "2023-04-08 01:36:07",
        "lastchecktime_iso8601": "2023-04-08T01:36:07Z",
        "lastcheckoktime": "2023-04-08 01:36:07",
        "lastcheckoktime_iso8601": "2023-04-08T01:36:07Z",
        "lastlocalchecktime": "2023-04-07 15:58:46",
        "lastlocalchecktime_iso8601": "2023-04-07T15:58:46Z",
        "clicktimestamp": "2023-04-07 18:53:09",
        "clicktimestamp_iso8601": "2023-04-07T18:53:09Z",
        "clickcount": 22,
        "clicktrend": 1,
        "ssl_error": 0,
        "geo_lat": -22.57749605958635,
        "geo_long": 17.07756042480469,
        "has_extended_info": false
    },
    {
        "changeuuid": "ffd9a849-d4d3-4540-9abe-0cf4906e7fc3",
        "stationuuid": "ca55e1e1-fe41-4a64-a876-404a604fb729",
        "serveruuid": "c4caf20e-e122-443e-b2b9-dc24b47669b3",
        "name": "Radiowave Nam 96.7FM",
        "url": "https://edge.iono.fm/xice/194_medium.aac",
        "url_resolved": "https://edge.iono.fm/xice/194_medium.aac",
        "homepage": "https://radiowave.com.na/",
        "favicon": "https://radiowave.com.na/wp-content/uploads/2022/11/Radiowave-logo-header-old.png",
        "tags": "",
        "country": "Namibia",
        "countrycode": "NA",
        "iso_3166_2": null,
        "state": "",
        "language": "",
        "languagecodes": "",
        "votes": 14,
        "lastchangetime": "2023-07-21 18:09:20",
        "lastchangetime_iso8601": "2023-07-21T18:09:20Z",
        "codec": "AAC",
        "bitrate": 0,
        "hls": 0,
        "lastcheckok": 1,
        "lastchecktime": "2023-09-03 05:29:03",
        "lastchecktime_iso8601": "2023-09-03T05:29:03Z",
        "lastcheckoktime": "2023-09-03 05:29:03",
        "lastcheckoktime_iso8601": "2023-09-03T05:29:03Z",
        "lastlocalchecktime": "2023-09-03 05:29:03",
        "lastlocalchecktime_iso8601": "2023-09-03T05:29:03Z",
        "clicktimestamp": "2023-09-02 23:52:00",
        "clicktimestamp_iso8601": "2023-09-02T23:52:00Z",
        "clickcount": 13,
        "clicktrend": 0,
        "ssl_error": 0,
        "geo_lat": -22.59570711905342,
        "geo_long": 17.077097044461993,
        "has_extended_info": false
    },
    {
        "changeuuid": "d3de3443-e348-4c42-8eba-076a1d4539be",
        "stationuuid": "03847740-0f06-4e20-93aa-eaf509f5853f",
        "serveruuid": "c4caf20e-e122-443e-b2b9-dc24b47669b3",
        "name": "Radiowave FM",
        "url": "https://edge.iono.fm/xice/194_medium.aac",
        "url_resolved": "https://edge.iono.fm/xice/194_medium.aac",
        "homepage": "https://www.radiowave.com.na/",
        "favicon": "https://www.radiowave.com.na/favicon.ico",
        "tags": "classic hits,hits,pop",
        "country": "Namibia",
        "countrycode": "NA",
        "iso_3166_2": null,
        "state": "",
        "language": "afrikaans,english",
        "languagecodes": "af,en",
        "votes": 2,
        "lastchangetime": "2023-09-02 10:05:36",
        "lastchangetime_iso8601": "2023-09-02T10:05:36Z",
        "codec": "AAC",
        "bitrate": 0,
        "hls": 0,
        "lastcheckok": 1,
        "lastchecktime": "2023-09-03 11:34:17",
        "lastchecktime_iso8601": "2023-09-03T11:34:17Z",
        "lastcheckoktime": "2023-09-03 11:34:17",
        "lastcheckoktime_iso8601": "2023-09-03T11:34:17Z",
        "lastlocalchecktime": "2023-09-03 10:06:53",
        "lastlocalchecktime_iso8601": "2023-09-03T10:06:53Z",
        "clicktimestamp": "2023-09-01 14:55:48",
        "clicktimestamp_iso8601": "2023-09-01T14:55:48Z",
        "clickcount": 9,
        "clicktrend": -1,
        "ssl_error": 0,
        "geo_lat": null,
        "geo_long": null,
        "has_extended_info": false
    }
]