[
    {
        "changeuuid": "2a40f05d-5a53-47b2-9c6f-69b492f5d057",
        "stationuuid": "9006cd17-4e86-11e8-a4d1-52543be04c81",
        "serveruuid": "26fcd26d-18a3-435c-9b8d-d52a56f6e7e8",
        "name": "RRB",
        "url": "http://radio.lagoon.nc/rrb",
        "url_resolved": "http://radio.lagoon.nc/rrb",
        "homepage": "",
        "favicon": "",
        "tags": "",
        "country": "New Caledonia",
        "countrycode": "NC",
        "iso_3166_2": null,
        "state": "Noum\u00e9a",
        "language": "french",
        "languagecodes": "fr",
        "votes": 479,
        "lastchangetime": "2022-04-20 09:00:15",
        "lastchangetime_iso8601": "2022-04-20T09:00:15Z",
        "codec": "MP3",
        "bitrate": 82,
        "hls": 0,
        "lastcheckok": 1,
        "lastchecktime": "2023-04-08 10:03:12",
        "lastchecktime_iso8601": "2023-04-08T10:03:12Z",
        "lastcheckoktime": "2023-04-08 10:03:12",
        "lastcheckoktime_iso8601": "2023-04-08T10:03:12Z",
        "lastlocalchecktime": "2023-04-08 10:03:12",
        "lastlocalchecktime_iso8601": "2023-04-08T10:03:12Z",
        "clicktimestamp": "2023-04-08 01:03:27",
        "clicktimestamp_iso8601": "2023-04-08T01:03:27Z",
        "clickcount": 18,
        "clicktrend": 0,
        "ssl_error": 0,
        "geo_lat": null,
        "geo_long": null,
        "has_extended_info": false
    },
    {
        "changeuuid": "83edbf0a-0e9b-4830-8f1f-0fa795aceabf",
        "stationuuid": "3deff1ed-3854-11e9-9b4e-52543be04c81",
        "serveruuid": "27c1cde3-b056-40bd-93b4-735958867aee",
        "name": "Nouvelle-Cal\u00e9donie La Premi\u00e8re",
        "url": "https://nouvelle-caledonie.ice.infomaniak.ch/nouvelle-caledonie-128.mp3",
        "url_resolved": "https://nouvelle-caledonie.ice.infomaniak.ch/nouvelle-caledonie-128.mp3",
        "homepage": "http://nouvellecaledonie.la1ere.fr/radio/",
        "favicon": "",
        "tags": "music,talk",
        "country": "New Caledonia",
        "countrycode": "NC",
        "iso_3166_2": null,
        "state": "Noum\u00e9a",
        "language": "french",
        "languagecodes": "fr",
        "votes": 242,
        "lastchangetime": "2022-12-09 08:50:00",
        "lastchangetime_iso8601": "2022-12-09T08:50:00Z",
        "codec": "MP3",
        "bitrate": 128,
        "hls": 0,
        "lastcheckok": 1,
        "lastchecktime": "2023-04-08 12:13:03",
        "lastchecktime_iso8601": "2023-04-08T12:13:03Z",
        "lastcheckoktime": "2023-04-08 12:13:03",
        "lastcheckoktime_iso8601": "2023-04-08T12:13:03Z",
        "lastlocalchecktime": "2023-04-07 18:21:49",
        "lastlocalchecktime_iso8601": "2023-04-07T18:21:49Z",
        "clicktimestamp": "2023-04-08 01:02:46",
        "clicktimestamp_iso8601": "2023-04-08T01:02:46Z",
        "clickcount": 33,
        "clicktrend": -2,
        "ssl_error": 0,
        "geo_lat": null,
        "geo_long": null,
        "has_extended_info": false
    },
    {
        "changeuuid": "f9d7f133-9f25-431a-be96-6314afecc557",
        "stationuuid": "ebbe37af-0799-11e9-a80b-52543be04c81",
        "serveruuid": "e2568b16-9223-47ee-bb24-0030ac483e28",
        "name": "Radio Djiido",
        "url": "http://radiodjiido.nc:8002/",
        "url_resolved": "http://radiodjiido.nc:8002/",
        "homepage": "http://radiodjiido.nc/",
        "favicon": "",
        "tags": "chroniques,info,musique",
        "country": "New Caledonia",
        "countrycode": "NC",
        "iso_3166_2": null,
        "state": "",
        "language": "french",
        "languagecodes": "fr",
        "votes": 213,
        "lastchangetime": "2022-08-27 02:56:57",
        "lastchangetime_iso8601": "2022-08-27T02:56:57Z",
        "codec": "MP3",
        "bitrate": 96,
        "hls": 0,
        "lastcheckok": 1,
        "lastchecktime": "2023-04-08 13:53:03",
        "lastchecktime_iso8601": "2023-04-08T13:53:03Z",
        "lastcheckoktime": "2023-04-08 13:53:03",
        "lastcheckoktime_iso8601": "2023-04-08T13:53:03Z",
        "lastlocalchecktime": "2023-04-08 13:53:03",
        "lastlocalchecktime_iso8601": "2023-04-08T13:53:03Z",
        "clicktimestamp": "2023-04-08 07:47:12",
        "clicktimestamp_iso8601": "2023-04-08T07:47:12Z",
        "clickcount": 24,
        "clicktrend": -2,
        "ssl_error": 0,
        "geo_lat": null,
        "geo_long": null,
        "has_extended_info": false
    },
    {
        "changeuuid": "5d92bc48-ec2e-4851-8aa1-baf45343b675",
        "stationuuid": "ab9697c4-f1cf-48bc-b4d8-4d15ad5618fa",
        "serveruuid": "bf601b4c-a362-4c43-9cf1-f2d34bcf0a79",
        "name": "NIA Radio Lo-Fi",
        "url": "https://radio.nia.nc/radio/8020/lofi-hq-stream.aac",
        "url_resolved": "https://radio.nia.nc/radio/8020/lofi-hq-stream.aac",
        "homepage": "https://nia.nc/",
        "favicon": "https://nia.nc/static/icons/apple-touch-icon.png",
        "tags": "chillout,lofi,lofi hip hop",
        "country": "New Caledonia",
        "countrycode": "NC",
        "iso_3166_2": null,
        "state": "",
        "language": "french",
        "languagecodes": "fr",
        "votes": 137,
        "lastchangetime": "2023-03-17 05:15:32",
        "lastchangetime_iso8601": "2023-03-17T05:15:32Z",
        "codec": "AAC",
        "bitrate": 128,
        "hls": 0,
        "lastcheckok": 1,
        "lastchecktime": "2023-04-07 22:38:29",
        "lastchecktime_iso8601": "2023-04-07T22:38:29Z",
        "lastcheckoktime": "2023-04-07 22:38:29",
        "lastcheckoktime_iso8601": "2023-04-07T22:38:29Z",
        "lastlocalchecktime": "2023-04-07 20:07:35",
        "lastlocalchecktime_iso8601": "2023-04-07T20:07:35Z",
        "clicktimestamp": "2023-04-07 20:10:59",
        "clicktimestamp_iso8601": "2023-04-07T20:10:59Z",
        "clickcount": 15,
        "clicktrend": -1,
        "ssl_error": 0,
        "geo_lat": null,
        "geo_long": null,
        "has_extended_info": false
    },
    {
        "changeuuid": "be6377c5-18c2-4163-96fc-2fb0921591c7",
        "stationuuid": "c5b94fa4-8b6d-4aa6-b0cc-5689098a8845",
        "serveruuid": "bf601b4c-a362-4c43-9cf1-f2d34bcf0a79",
        "name": "NIA Radio - Pacifique",
        "url": "https://radio.nia.nc/radio/8000/pacific-hq-stream.aac",
        "url_resolved": "https://radio.nia.nc/radio/8000/pacific-hq-stream.aac",
        "homepage": "https://nia.nc/",
        "favicon": "https://nia.nc/static/icons/apple-touch-icon.png",
        "tags": "electronica,house,techno",
        "country": "New Caledonia",
        "countrycode": "NC",
        "iso_3166_2": null,
        "state": "",
        "language": "",
        "languagecodes": "",
        "votes": 93,
        "lastchangetime": "2022-12-26 06:54:40",
        "lastchangetime_iso8601": "2022-12-26T06:54:40Z",
        "codec": "AAC",
        "bitrate": 128,
        "hls": 0,
        "lastcheckok": 1,
        "lastchecktime": "2023-04-08 11:03:02",
        "lastchecktime_iso8601": "2023-04-08T11:03:02Z",
        "lastcheckoktime": "2023-04-08 11:03:02",
        "lastcheckoktime_iso8601": "2023-04-08T11:03:02Z",
        "lastlocalchecktime": "2023-04-07 18:43:08",
        "lastlocalchecktime_iso8601": "2023-04-07T18:43:08Z",
        "clicktimestamp": "2023-04-06 15:40:48",
        "clicktimestamp_iso8601": "2023-04-06T15:40:48Z",
        "clickcount": 7,
        "clicktrend": -1,
        "ssl_error": 0,
        "geo_lat": null,
        "geo_long": null,
        "has_extended_info": false
    },
    {
        "changeuuid": "0e88a877-89de-461f-8641-d370917b6a52",
        "stationuuid": "2098090e-38ba-42d2-9236-953057faa96d",
        "serveruuid": "58637825-7f40-429d-bcba-98abb7c0cab0",
        "name": "NRJ Nouvelle Cal\u00e9donie 93,5 FM",
        "url": "http://testradio01.ice.infomaniak.ch/testradio01-192.mp3",
        "url_resolved": "http://testradio01.ice.infomaniak.ch/testradio01-192.mp3",
        "homepage": "https://www.nrj.nc/",
        "favicon": "https://upload.wikimedia.org/wikipedia/fr/7/74/Nrjnc.png",
        "tags": "pop",
        "country": "New Caledonia",
        "countrycode": "NC",
        "iso_3166_2": null,
        "state": "",
        "language": "",
        "languagecodes": "",
        "votes": 46,
        "lastchangetime": "2022-09-01 07:45:36",
        "lastchangetime_iso8601": "2022-09-01T07:45:36Z",
        "codec": "MP3",
        "bitrate": 192,
        "hls": 0,
        "lastcheckok": 1,
        "lastchecktime": "2023-04-07 19:39:30",
        "lastchecktime_iso8601": "2023-04-07T19:39:30Z",
        "lastcheckoktime": "2023-04-07 19:39:30",
        "lastcheckoktime_iso8601": "2023-04-07T19:39:30Z",
        "lastlocalchecktime": "2023-04-07 14:30:30",
        "lastlocalchecktime_iso8601": "2023-04-07T14:30:30Z",
        "clicktimestamp": "2023-04-06 19:32:47",
        "clicktimestamp_iso8601": "2023-04-06T19:32:47Z",
        "clickcount": 4,
        "clicktrend": -2,
        "ssl_error": 0,
        "geo_lat": null,
        "geo_long": null,
        "has_extended_info": false
    },
    {
        "changeuuid": "35c63cef-0532-43a4-9377-a6b4fe97ea94",
        "stationuuid": "891621cb-4d7b-43a5-83dc-ef1e56093740",
        "serveruuid": "93fcd66c-3a04-4022-8194-c59e58f12dda",
        "name": "Radio Paraiso",
        "url": "http://stream-uk1.radioparadise.com/aac-320",
        "url_resolved": "http://stream-uk1.radioparadise.com/aac-320",
        "homepage": "http://www.radioparadise.com/",
        "favicon": "http://www.radioparadise.com/favicon.ico",
        "tags": "",
        "country": "New Caledonia",
        "countrycode": "NC",
        "iso_3166_2": null,
        "state": "",
        "language": "",
        "languagecodes": "",
        "votes": 26,
        "lastchangetime": "2022-11-11 03:28:56",
        "lastchangetime_iso8601": "2022-11-11T03:28:56Z",
        "codec": "AAC",
        "bitrate": 320,
        "hls": 0,
        "lastcheckok": 1,
        "lastchecktime": "2023-04-07 20:43:39",
        "lastchecktime_iso8601": "2023-04-07T20:43:39Z",
        "lastcheckoktime": "2023-04-07 20:43:39",
        "lastcheckoktime_iso8601": "2023-04-07T20:43:39Z",
        "lastlocalchecktime": "2023-04-07 20:43:39",
        "lastlocalchecktime_iso8601": "2023-04-07T20:43:39Z",
        "clicktimestamp": "2023-04-08 14:11:59",
        "clicktimestamp_iso8601": "2023-04-08T14:11:59Z",
        "clickcount": 8,
        "clicktrend": 1,
        "ssl_error": 0,
        "geo_lat": null,
        "geo_long": null,
        "has_extended_info": false
    }
]