[
    {
        "changeuuid": "bae48f48-abb1-486e-a3fc-541f72f1112f",
        "stationuuid": "15f6ab05-aa77-400f-b195-471cfa715b06",
        "serveruuid": "b23c12d9-a16e-4e09-b7f2-8ca150e3b3a1",
        "name": "Norfolk Radio",
        "url": "http://radio.nf:2899/vl2ni",
        "url_resolved": "http://radio.nf:2899/vl2ni",
        "homepage": "http://www.norfolkisland.gov.nf/services/local-services/broadcasting",
        "favicon": "",
        "tags": "",
        "country": "Norfolk Island",
        "countrycode": "NF",
        "iso_3166_2": null,
        "state": "",
        "language": "",
        "languagecodes": "",
        "votes": 63,
        "lastchangetime": "2022-07-12 00:59:13",
        "lastchangetime_iso8601": "2022-07-12T00:59:13Z",
        "codec": "MP3",
        "bitrate": 0,
        "hls": 0,
        "lastcheckok": 1,
        "lastchecktime": "2023-04-08 13:11:15",
        "lastchecktime_iso8601": "2023-04-08T13:11:15Z",
        "lastcheckoktime": "2023-04-08 13:11:15",
        "lastcheckoktime_iso8601": "2023-04-08T13:11:15Z",
        "lastlocalchecktime": "2023-04-08 13:11:15",
        "lastlocalchecktime_iso8601": "2023-04-08T13:11:15Z",
        "clicktimestamp": "2023-04-06 09:14:47",
        "clicktimestamp_iso8601": "2023-04-06T09:14:47Z",
        "clickcount": 6,
        "clicktrend": 0,
        "ssl_error": 0,
        "geo_lat": -29.031689726761172,
        "geo_long": 167.95834600925448,
        "has_extended_info": false
    }
]