[
    {
        "changeuuid": "452c7d50-e45f-42a4-b8e2-8fdac9c47ba8",
        "stationuuid": "df29ee84-88a9-48c3-b181-95624bb2b114",
        "serveruuid": "ea1a9804-d636-43a3-9f1b-55c8c1a8bb3a",
        "name": "Nigeria Info",
        "url": "https://stream.coolwazobiainfo.com/niginf_lag",
        "url_resolved": "https://stream.coolwazobiainfo.com/niginf_lag",
        "homepage": "https://www.nigeriainfo.fm/",
        "favicon": "https://mmo.aiircdn.com/370/607eb618c34e4.png",
        "tags": "talk",
        "country": "Nigeria",
        "countrycode": "NG",
        "iso_3166_2": null,
        "state": "",
        "language": "english",
        "languagecodes": "en",
        "votes": 3647,
        "lastchangetime": "2022-03-28 13:40:05",
        "lastchangetime_iso8601": "2022-03-28T13:40:05Z",
        "codec": "AAC",
        "bitrate": 128,
        "hls": 0,
        "lastcheckok": 1,
        "lastchecktime": "2023-04-08 12:58:37",
        "lastchecktime_iso8601": "2023-04-08T12:58:37Z",
        "lastcheckoktime": "2023-04-08 12:58:37",
        "lastcheckoktime_iso8601": "2023-04-08T12:58:37Z",
        "lastlocalchecktime": "2023-04-08 09:59:25",
        "lastlocalchecktime_iso8601": "2023-04-08T09:59:25Z",
        "clicktimestamp": "2023-04-08 14:20:29",
        "clicktimestamp_iso8601": "2023-04-08T14:20:29Z",
        "clickcount": 487,
        "clicktrend": -18,
        "ssl_error": 0,
        "geo_lat": null,
        "geo_long": null,
        "has_extended_info": false
    },
    {
        "changeuuid": "19aab307-189c-478d-bb4d-7da6851628a4",
        "stationuuid": "85550c05-c693-11e8-a498-52543be04c81",
        "serveruuid": "a17a4da6-f421-4005-a0cb-aef6e18da7de",
        "name": "RFI Haoussa",
        "url": "http://live02.rfi.fr/rfihaoussa-96k.mp3",
        "url_resolved": "http://rfihaoussa96k.ice.infomaniak.ch/rfihaoussa-96k.mp3",
        "homepage": "http://www.rfi.fr/",
        "favicon": "http://www.rfi.fr/apple-touch-icon.png",
        "tags": "",
        "country": "Nigeria",
        "countrycode": "NG",
        "iso_3166_2": null,
        "state": "",
        "language": "",
        "languagecodes": "",
        "votes": 1925,
        "lastchangetime": "2022-10-03 22:22:51",
        "lastchangetime_iso8601": "2022-10-03T22:22:51Z",
        "codec": "MP3",
        "bitrate": 96,
        "hls": 0,
        "lastcheckok": 1,
        "lastchecktime": "2023-04-08 08:02:45",
        "lastchecktime_iso8601": "2023-04-08T08:02:45Z",
        "lastcheckoktime": "2023-04-08 08:02:45",
        "lastcheckoktime_iso8601": "2023-04-08T08:02:45Z",
        "lastlocalchecktime": "2023-04-07 18:12:27",
        "lastlocalchecktime_iso8601": "2023-04-07T18:12:27Z",
        "clicktimestamp": "2023-04-08 11:26:59",
        "clicktimestamp_iso8601": "2023-04-08T11:26:59Z",
        "clickcount": 125,
        "clicktrend": -15,
        "ssl_error": 0,
        "geo_lat": null,
        "geo_long": null,
        "has_extended_info": false
    },
    {
        "changeuuid": "7ba78f01-5273-42a1-85a2-fe3029801ac3",
        "stationuuid": "5cbae9a9-3b30-4626-940f-6cf689f7ca1f",
        "serveruuid": "72e944dc-0f7a-4680-9a5a-b100f09aa2ff",
        "name": "Radio biafra",
        "url": "https://stream.zenolive.com/cnet8vdudceuv",
        "url_resolved": "https://stream-047.zeno.fm/cnet8vdudceuv?zs=4L0WTo_lQ5e_P428cm8-Jw",
        "homepage": "https://bostneer.com/",
        "favicon": "",
        "tags": "bostneer online radio",
        "country": "Nigeria",
        "countrycode": "NG",
        "iso_3166_2": null,
        "state": "anambra state",
        "language": "english",
        "languagecodes": "en",
        "votes": 1267,
        "lastchangetime": "2022-09-26 06:55:03",
        "lastchangetime_iso8601": "2022-09-26T06:55:03Z",
        "codec": "MP3",
        "bitrate": 0,
        "hls": 0,
        "lastcheckok": 1,
        "lastchecktime": "2023-04-08 07:51:17",
        "lastchecktime_iso8601": "2023-04-08T07:51:17Z",
        "lastcheckoktime": "2023-04-08 07:51:17",
        "lastcheckoktime_iso8601": "2023-04-08T07:51:17Z",
        "lastlocalchecktime": "2023-04-07 17:08:34",
        "lastlocalchecktime_iso8601": "2023-04-07T17:08:34Z",
        "clicktimestamp": "2023-04-08 13:41:17",
        "clicktimestamp_iso8601": "2023-04-08T13:41:17Z",
        "clickcount": 181,
        "clicktrend": -2,
        "ssl_error": 0,
        "geo_lat": null,
        "geo_long": null,
        "has_extended_info": false
    },
    {
        "changeuuid": "a87aeee4-753c-4868-a7b8-8b35ef2b1d60",
        "stationuuid": "5523bc0d-6d6e-11e9-af37-52543be04c81",
        "serveruuid": "2a850a77-5c6b-44b5-b86d-0766b73dbc9c",
        "name": "Smooth FM Live",
        "url": "http://smoothlive.smooth981.fm:8000/smoothlivefm128",
        "url_resolved": "http://smoothlive.smooth981.fm:8000/smoothlivefm128",
        "homepage": "http://smooth981.fm/listen-live/",
        "favicon": "http://smooth981.fm/favicon.ico",
        "tags": "",
        "country": "Nigeria",
        "countrycode": "NG",
        "iso_3166_2": null,
        "state": "Lagos",
        "language": "english",
        "languagecodes": "en",
        "votes": 1040,
        "lastchangetime": "2023-03-15 20:33:56",
        "lastchangetime_iso8601": "2023-03-15T20:33:56Z",
        "codec": "MP3",
        "bitrate": 128,
        "hls": 0,
        "lastcheckok": 1,
        "lastchecktime": "2023-04-08 06:30:15",
        "lastchecktime_iso8601": "2023-04-08T06:30:15Z",
        "lastcheckoktime": "2023-04-08 06:30:15",
        "lastcheckoktime_iso8601": "2023-04-08T06:30:15Z",
        "lastlocalchecktime": "2023-04-07 20:52:28",
        "lastlocalchecktime_iso8601": "2023-04-07T20:52:28Z",
        "clicktimestamp": "2023-04-08 13:54:25",
        "clicktimestamp_iso8601": "2023-04-08T13:54:25Z",
        "clickcount": 62,
        "clicktrend": 4,
        "ssl_error": 0,
        "geo_lat": null,
        "geo_long": null,
        "has_extended_info": false
    },
    {
        "changeuuid": "635cd5c7-72da-44e1-b910-374dd0906bf2",
        "stationuuid": "9643358f-0601-11e8-ae97-52543be04c81",
        "serveruuid": "ae371a89-672a-456f-ae46-609e10bcca24",
        "name": "Radio Benue Makurdi",
        "url": "http://edge.mixlr.com/channel/hpyne",
        "url_resolved": "http://edge.mixlr.com/channel/hpyne",
        "homepage": "https://live.radiobenue.com/",
        "favicon": "",
        "tags": "",
        "country": "Nigeria",
        "countrycode": "NG",
        "iso_3166_2": null,
        "state": "Benue",
        "language": "english",
        "languagecodes": "en",
        "votes": 927,
        "lastchangetime": "2022-08-29 02:09:23",
        "lastchangetime_iso8601": "2022-08-29T02:09:23Z",
        "codec": "MP3",
        "bitrate": 0,
        "hls": 0,
        "lastcheckok": 1,
        "lastchecktime": "2023-04-08 10:40:32",
        "lastchecktime_iso8601": "2023-04-08T10:40:32Z",
        "lastcheckoktime": "2023-04-08 10:40:32",
        "lastcheckoktime_iso8601": "2023-04-08T10:40:32Z",
        "lastlocalchecktime": "2023-04-08 10:40:32",
        "lastlocalchecktime_iso8601": "2023-04-08T10:40:32Z",
        "clicktimestamp": "2023-04-08 06:52:28",
        "clicktimestamp_iso8601": "2023-04-08T06:52:28Z",
        "clickcount": 39,
        "clicktrend": 0,
        "ssl_error": 0,
        "geo_lat": null,
        "geo_long": null,
        "has_extended_info": false
    },
    {
        "changeuuid": "dbdf480e-ff0b-40c2-9feb-b059b2a7a5eb",
        "stationuuid": "1e788f5d-fb9d-4ed4-b255-e81669a5045a",
        "serveruuid": "657302d1-fdc5-4388-9f02-17f97eae36dd",
        "name": "RADIO NIGERIA KADUNA",
        "url": "http://213.32.16.94:9984/",
        "url_resolved": "http://213.32.16.94:9984/",
        "homepage": "http://213.32.16.94:9984/home.html",
        "favicon": "",
        "tags": "kaduna fm",
        "country": "Nigeria",
        "countrycode": "NG",
        "iso_3166_2": null,
        "state": "",
        "language": "hausa",
        "languagecodes": "ha",
        "votes": 822,
        "lastchangetime": "2022-03-28 17:06:54",
        "lastchangetime_iso8601": "2022-03-28T17:06:54Z",
        "codec": "AAC+",
        "bitrate": 24,
        "hls": 0,
        "lastcheckok": 1,
        "lastchecktime": "2023-04-08 00:55:29",
        "lastchecktime_iso8601": "2023-04-08T00:55:29Z",
        "lastcheckoktime": "2023-04-08 00:55:29",
        "lastcheckoktime_iso8601": "2023-04-08T00:55:29Z",
        "lastlocalchecktime": "2023-04-07 20:26:11",
        "lastlocalchecktime_iso8601": "2023-04-07T20:26:11Z",
        "clicktimestamp": "2023-04-08 12:16:39",
        "clicktimestamp_iso8601": "2023-04-08T12:16:39Z",
        "clickcount": 202,
        "clicktrend": -13,
        "ssl_error": 0,
        "geo_lat": null,
        "geo_long": null,
        "has_extended_info": false
    },
    {
        "changeuuid": "0567fa32-276d-458a-84f6-7f9003198a31",
        "stationuuid": "c614f5e4-7e10-4893-89a8-0622aaebbea5",
        "serveruuid": "2c8bf7b3-9a5d-46e4-9583-51c701c54b82",
        "name": "RADIO NIGERIA ",
        "url": "https://radionghq.radioca.st/;/'",
        "url_resolved": "https://radionghq.radioca.st/;/'",
        "homepage": "https://radionghq.radioca.st/;/'",
        "favicon": "",
        "tags": "frcn",
        "country": "Nigeria",
        "countrycode": "NG",
        "iso_3166_2": null,
        "state": "",
        "language": "english",
        "languagecodes": "en",
        "votes": 803,
        "lastchangetime": "2022-03-28 09:51:05",
        "lastchangetime_iso8601": "2022-03-28T09:51:05Z",
        "codec": "MP3",
        "bitrate": 96,
        "hls": 0,
        "lastcheckok": 1,
        "lastchecktime": "2023-04-08 02:27:05",
        "lastchecktime_iso8601": "2023-04-08T02:27:05Z",
        "lastcheckoktime": "2023-04-08 02:27:05",
        "lastcheckoktime_iso8601": "2023-04-08T02:27:05Z",
        "lastlocalchecktime": "2023-04-07 16:44:30",
        "lastlocalchecktime_iso8601": "2023-04-07T16:44:30Z",
        "clicktimestamp": "2023-04-08 13:17:22",
        "clicktimestamp_iso8601": "2023-04-08T13:17:22Z",
        "clickcount": 238,
        "clicktrend": 1,
        "ssl_error": 0,
        "geo_lat": null,
        "geo_long": null,
        "has_extended_info": false
    },
    {
        "changeuuid": "1ae059b0-e988-4536-982a-362bd05aed54",
        "stationuuid": "7e6e7bb9-6f55-4c79-83fa-ff25aa72e117",
        "serveruuid": "e403c955-0efa-4576-8175-131068e48808",
        "name": "Radio East",
        "url": "http://stream.zeno.fm/7f4w4us5wp8uv",
        "url_resolved": "http://stream-058.zeno.fm/7f4w4us5wp8uv?zs=5CPvHbvtR7qb-IfwAxsp6A",
        "homepage": "https://www.radioeast.com.ng/",
        "favicon": "",
        "tags": "music,talk",
        "country": "Nigeria",
        "countrycode": "NG",
        "iso_3166_2": null,
        "state": "Imo",
        "language": "english",
        "languagecodes": "en",
        "votes": 798,
        "lastchangetime": "2022-05-15 20:00:34",
        "lastchangetime_iso8601": "2022-05-15T20:00:34Z",
        "codec": "MP3",
        "bitrate": 0,
        "hls": 0,
        "lastcheckok": 1,
        "lastchecktime": "2023-04-08 01:10:40",
        "lastchecktime_iso8601": "2023-04-08T01:10:40Z",
        "lastcheckoktime": "2023-04-08 01:10:40",
        "lastcheckoktime_iso8601": "2023-04-08T01:10:40Z",
        "lastlocalchecktime": "2023-04-07 19:16:33",
        "lastlocalchecktime_iso8601": "2023-04-07T19:16:33Z",
        "clicktimestamp": "2023-04-08 13:54:35",
        "clicktimestamp_iso8601": "2023-04-08T13:54:35Z",
        "clickcount": 48,
        "clicktrend": 2,
        "ssl_error": 0,
        "geo_lat": null,
        "geo_long": null,
        "has_extended_info": false
    },
    {
        "changeuuid": "bcad3976-8f55-4ab2-8038-7db63078ad20",
        "stationuuid": "cdd20cd2-2871-4bd7-9e0f-cd0720064865",
        "serveruuid": "64d018ff-3d48-495d-8277-cdf362c5d69c",
        "name": "Inform Me Radio",
        "url": "http://stream.zeno.fm/ta1fke6sz1zuv",
        "url_resolved": "http://stream-017.zeno.fm/ta1fke6sz1zuv?zs=XfVJpwD-SY2FmSXfwnWrng",
        "homepage": "https://www.informmeradio.com/",
        "favicon": "",
        "tags": "business programs,family,farming,news,relationship,talk",
        "country": "Nigeria",
        "countrycode": "NG",
        "iso_3166_2": null,
        "state": "Edo",
        "language": "english",
        "languagecodes": "en",
        "votes": 593,
        "lastchangetime": "2022-11-24 08:12:13",
        "lastchangetime_iso8601": "2022-11-24T08:12:13Z",
        "codec": "MP3",
        "bitrate": 0,
        "hls": 0,
        "lastcheckok": 1,
        "lastchecktime": "2023-04-08 10:31:09",
        "lastchecktime_iso8601": "2023-04-08T10:31:09Z",
        "lastcheckoktime": "2023-04-08 10:31:09",
        "lastcheckoktime_iso8601": "2023-04-08T10:31:09Z",
        "lastlocalchecktime": "2023-04-08 10:31:09",
        "lastlocalchecktime_iso8601": "2023-04-08T10:31:09Z",
        "clicktimestamp": "2023-04-08 13:43:28",
        "clicktimestamp_iso8601": "2023-04-08T13:43:28Z",
        "clickcount": 33,
        "clicktrend": 1,
        "ssl_error": 0,
        "geo_lat": null,
        "geo_long": null,
        "has_extended_info": false
    },
    {
        "changeuuid": "112a82b7-f2d3-49f7-a3cd-028ff91ebe8c",
        "stationuuid": "c6ce4225-d17d-4c98-9c0b-611079ba9343",
        "serveruuid": "3864ed56-c729-471f-8950-a179de8390d7",
        "name": "BOX : Afrofusion Naija",
        "url": "https://play.streamafrica.net/afrofusionnaija",
        "url_resolved": "https://boxradio-edge-00.streamafrica.net/naija",
        "homepage": "https://boxradio.net/",
        "favicon": "https://boxradio.net/favicon.ico",
        "tags": "afrobeats",
        "country": "Nigeria",
        "countrycode": "NG",
        "iso_3166_2": null,
        "state": "Lagos",
        "language": "english",
        "languagecodes": "en",
        "votes": 590,
        "lastchangetime": "2023-03-17 00:44:19",
        "lastchangetime_iso8601": "2023-03-17T00:44:19Z",
        "codec": "MP3",
        "bitrate": 128,
        "hls": 0,
        "lastcheckok": 1,
        "lastchecktime": "2023-04-08 02:37:18",
        "lastchecktime_iso8601": "2023-04-08T02:37:18Z",
        "lastcheckoktime": "2023-04-08 02:37:18",
        "lastcheckoktime_iso8601": "2023-04-08T02:37:18Z",
        "lastlocalchecktime": "2023-04-07 21:02:25",
        "lastlocalchecktime_iso8601": "2023-04-07T21:02:25Z",
        "clicktimestamp": "2023-04-08 14:24:22",
        "clicktimestamp_iso8601": "2023-04-08T14:24:22Z",
        "clickcount": 43,
        "clicktrend": 4,
        "ssl_error": 0,
        "geo_lat": null,
        "geo_long": null,
        "has_extended_info": false
    },
    {
        "changeuuid": "38665275-d5cb-4d3c-9603-f65602acbc26",
        "stationuuid": "0196d662-25fb-41c5-b5f7-2074e050389f",
        "serveruuid": "ea1a9804-d636-43a3-9f1b-55c8c1a8bb3a",
        "name": "NigeriaInfo Abuja",
        "url": "https://stream.coolwazobiainfo.com/niginf_abuja",
        "url_resolved": "https://stream.coolwazobiainfo.com/niginf_abuja",
        "homepage": "http://www.nigeriainfo.fm/",
        "favicon": "https://mmo.aiircdn.com/370/607eb618c34e4.png",
        "tags": "",
        "country": "Nigeria",
        "countrycode": "NG",
        "iso_3166_2": null,
        "state": "",
        "language": "",
        "languagecodes": "",
        "votes": 541,
        "lastchangetime": "2022-04-19 09:31:02",
        "lastchangetime_iso8601": "2022-04-19T09:31:02Z",
        "codec": "AAC",
        "bitrate": 128,
        "hls": 0,
        "lastcheckok": 1,
        "lastchecktime": "2023-04-08 11:21:00",
        "lastchecktime_iso8601": "2023-04-08T11:21:00Z",
        "lastcheckoktime": "2023-04-08 11:21:00",
        "lastcheckoktime_iso8601": "2023-04-08T11:21:00Z",
        "lastlocalchecktime": "2023-04-07 16:21:14",
        "lastlocalchecktime_iso8601": "2023-04-07T16:21:14Z",
        "clicktimestamp": "2023-04-08 13:54:19",
        "clicktimestamp_iso8601": "2023-04-08T13:54:19Z",
        "clickcount": 85,
        "clicktrend": 4,
        "ssl_error": 0,
        "geo_lat": null,
        "geo_long": null,
        "has_extended_info": false
    },
    {
        "changeuuid": "37d7aa02-666a-4f92-b976-c3ac8b4b3b03",
        "stationuuid": "ccc5dcff-b460-41a3-be3e-1a69ce6aa548",
        "serveruuid": "180192bd-01d4-40d0-97d7-6b55c734a0d4",
        "name": "Amuludun",
        "url": "http://boxradio.link:5312/stream/;",
        "url_resolved": "http://boxradio.link:5312/stream/;",
        "homepage": "",
        "favicon": "",
        "tags": "classical",
        "country": "Nigeria",
        "countrycode": "NG",
        "iso_3166_2": null,
        "state": "",
        "language": "",
        "languagecodes": "",
        "votes": 485,
        "lastchangetime": "2021-08-06 08:36:45",
        "lastchangetime_iso8601": "2021-08-06T08:36:45Z",
        "codec": "AAC+",
        "bitrate": 24,
        "hls": 0,
        "lastcheckok": 1,
        "lastchecktime": "2023-04-08 09:44:36",
        "lastchecktime_iso8601": "2023-04-08T09:44:36Z",
        "lastcheckoktime": "2023-04-08 09:44:36",
        "lastcheckoktime_iso8601": "2023-04-08T09:44:36Z",
        "lastlocalchecktime": "2023-04-07 19:23:29",
        "lastlocalchecktime_iso8601": "2023-04-07T19:23:29Z",
        "clicktimestamp": "2023-04-08 14:22:18",
        "clicktimestamp_iso8601": "2023-04-08T14:22:18Z",
        "clickcount": 72,
        "clicktrend": 4,
        "ssl_error": 0,
        "geo_lat": null,
        "geo_long": null,
        "has_extended_info": false
    },
    {
        "changeuuid": "3c8cb9ab-5f6f-4d59-aff5-4b42c0cfece6",
        "stationuuid": "60f13961-a153-4036-a804-2e13bd21e8ff",
        "serveruuid": "00b68c21-c985-475a-8d4e-541945e5eda2",
        "name": "9jastar",
        "url": "http://eu4.fastcast4u.com:5026/stream",
        "url_resolved": "http://eu4.fastcast4u.com:5026/stream",
        "homepage": "",
        "favicon": "",
        "tags": "classical",
        "country": "Nigeria",
        "countrycode": "NG",
        "iso_3166_2": null,
        "state": "",
        "language": "",
        "languagecodes": "",
        "votes": 485,
        "lastchangetime": "2021-08-06 08:36:45",
        "lastchangetime_iso8601": "2021-08-06T08:36:45Z",
        "codec": "MP3",
        "bitrate": 128,
        "hls": 0,
        "lastcheckok": 1,
        "lastchecktime": "2023-04-08 02:01:36",
        "lastchecktime_iso8601": "2023-04-08T02:01:36Z",
        "lastcheckoktime": "2023-04-08 02:01:36",
        "lastcheckoktime_iso8601": "2023-04-08T02:01:36Z",
        "lastlocalchecktime": "2023-04-07 16:35:00",
        "lastlocalchecktime_iso8601": "2023-04-07T16:35:00Z",
        "clicktimestamp": "2023-04-08 14:23:17",
        "clicktimestamp_iso8601": "2023-04-08T14:23:17Z",
        "clickcount": 52,
        "clicktrend": 4,
        "ssl_error": 0,
        "geo_lat": null,
        "geo_long": null,
        "has_extended_info": false
    },
    {
        "changeuuid": "7a5c9722-3b9e-4080-a5c6-a48b7713c7f4",
        "stationuuid": "34474301-efe7-4e78-8f00-91a1f4612df5",
        "serveruuid": "e46786ca-29cd-4b92-a332-9a2d5c13d757",
        "name": "eflex9ja FM",
        "url": "http://proxima.shoutca.st:8611/stream",
        "url_resolved": "http://proxima.shoutca.st:8611/stream",
        "homepage": "https://mytuner-radio.com/radio/eflex9ja-fm-474955",
        "favicon": "",
        "tags": "classical",
        "country": "Nigeria",
        "countrycode": "NG",
        "iso_3166_2": null,
        "state": "",
        "language": "",
        "languagecodes": "",
        "votes": 464,
        "lastchangetime": "2021-08-06 08:36:45",
        "lastchangetime_iso8601": "2021-08-06T08:36:45Z",
        "codec": "MP3",
        "bitrate": 128,
        "hls": 0,
        "lastcheckok": 1,
        "lastchecktime": "2023-04-08 12:46:49",
        "lastchecktime_iso8601": "2023-04-08T12:46:49Z",
        "lastcheckoktime": "2023-04-08 12:46:49",
        "lastcheckoktime_iso8601": "2023-04-08T12:46:49Z",
        "lastlocalchecktime": "2023-04-08 12:46:49",
        "lastlocalchecktime_iso8601": "2023-04-08T12:46:49Z",
        "clicktimestamp": "2023-04-08 13:44:47",
        "clicktimestamp_iso8601": "2023-04-08T13:44:47Z",
        "clickcount": 25,
        "clicktrend": 2,
        "ssl_error": 0,
        "geo_lat": null,
        "geo_long": null,
        "has_extended_info": false
    },
    {
        "changeuuid": "eeaeccde-ae55-4d54-a056-ce5431d78b3e",
        "stationuuid": "b5ea0f3b-d8de-4d3f-b97e-9ea6c4257ed2",
        "serveruuid": "ea1a9804-d636-43a3-9f1b-55c8c1a8bb3a",
        "name": "Wazobia FM Lagos",
        "url": "https://stream.coolwazobiainfo.com/wazo-lagos",
        "url_resolved": "https://stream.coolwazobiainfo.com/wazo-lagos",
        "homepage": "https://www.wazobiafm.com/",
        "favicon": "https://mmo.aiircdn.com/370/607315dbb69c2.png",
        "tags": "",
        "country": "Nigeria",
        "countrycode": "NG",
        "iso_3166_2": null,
        "state": "",
        "language": "english",
        "languagecodes": "en",
        "votes": 455,
        "lastchangetime": "2022-03-28 12:47:38",
        "lastchangetime_iso8601": "2022-03-28T12:47:38Z",
        "codec": "AAC",
        "bitrate": 128,
        "hls": 0,
        "lastcheckok": 1,
        "lastchecktime": "2023-04-08 09:38:19",
        "lastchecktime_iso8601": "2023-04-08T09:38:19Z",
        "lastcheckoktime": "2023-04-08 09:38:19",
        "lastcheckoktime_iso8601": "2023-04-08T09:38:19Z",
        "lastlocalchecktime": "2023-04-07 17:31:40",
        "lastlocalchecktime_iso8601": "2023-04-07T17:31:40Z",
        "clicktimestamp": "2023-04-08 14:20:55",
        "clicktimestamp_iso8601": "2023-04-08T14:20:55Z",
        "clickcount": 406,
        "clicktrend": -7,
        "ssl_error": 0,
        "geo_lat": null,
        "geo_long": null,
        "has_extended_info": false
    },
    {
        "changeuuid": "658c24d5-bf30-46ae-be6f-178d105212bd",
        "stationuuid": "aed5c72c-7f47-406e-9154-177c6968252a",
        "serveruuid": "3911dc69-a11b-4464-8e50-5a5be4eff743",
        "name": "Gospotainment Radio",
        "url": "https://radio.gotright.net/radio/8000/radio.mp3",
        "url_resolved": "https://radio.gotright.net/radio/8000/radio.mp3",
        "homepage": "https://gospotainment.com/",
        "favicon": "",
        "tags": "afrobeats,christian,christian contemporary,christian praise&worship,gospel,gospel music",
        "country": "Nigeria",
        "countrycode": "NG",
        "iso_3166_2": null,
        "state": "",
        "language": "",
        "languagecodes": "",
        "votes": 432,
        "lastchangetime": "2022-03-29 19:03:47",
        "lastchangetime_iso8601": "2022-03-29T19:03:47Z",
        "codec": "MP3",
        "bitrate": 128,
        "hls": 0,
        "lastcheckok": 1,
        "lastchecktime": "2023-04-08 10:14:10",
        "lastchecktime_iso8601": "2023-04-08T10:14:10Z",
        "lastcheckoktime": "2023-04-08 10:14:10",
        "lastcheckoktime_iso8601": "2023-04-08T10:14:10Z",
        "lastlocalchecktime": "2023-04-07 16:51:47",
        "lastlocalchecktime_iso8601": "2023-04-07T16:51:47Z",
        "clicktimestamp": "2023-04-08 11:17:52",
        "clicktimestamp_iso8601": "2023-04-08T11:17:52Z",
        "clickcount": 37,
        "clicktrend": 4,
        "ssl_error": 0,
        "geo_lat": null,
        "geo_long": null,
        "has_extended_info": false
    },
    {
        "changeuuid": "996a649c-83e5-4ae7-aaa6-d7a2519a98d8",
        "stationuuid": "c4a7a8b8-e3de-48c5-941e-676d0440c39a",
        "serveruuid": "a2cfe0a0-7245-4758-9154-e964d36dbeb8",
        "name": "Cosoro Radio",
        "url": "https://www.radioking.com/play/cosororadio",
        "url_resolved": "https://listen.radioking.com/radio/12237/stream/23945",
        "homepage": "https://www.cosororadio.com/",
        "favicon": "",
        "tags": "",
        "country": "Nigeria",
        "countrycode": "NG",
        "iso_3166_2": null,
        "state": "",
        "language": "",
        "languagecodes": "",
        "votes": 388,
        "lastchangetime": "2021-08-06 08:36:45",
        "lastchangetime_iso8601": "2021-08-06T08:36:45Z",
        "codec": "MP3",
        "bitrate": 128,
        "hls": 0,
        "lastcheckok": 1,
        "lastchecktime": "2023-04-08 07:56:20",
        "lastchecktime_iso8601": "2023-04-08T07:56:20Z",
        "lastcheckoktime": "2023-04-08 07:56:20",
        "lastcheckoktime_iso8601": "2023-04-08T07:56:20Z",
        "lastlocalchecktime": "2023-04-07 17:43:28",
        "lastlocalchecktime_iso8601": "2023-04-07T17:43:28Z",
        "clicktimestamp": "2023-04-08 06:11:29",
        "clicktimestamp_iso8601": "2023-04-08T06:11:29Z",
        "clickcount": 59,
        "clicktrend": -3,
        "ssl_error": 0,
        "geo_lat": null,
        "geo_long": null,
        "has_extended_info": false
    },
    {
        "changeuuid": "0cfe5dd4-c4b5-4671-bf2c-c51095239581",
        "stationuuid": "ce2dc22e-3dc0-450a-805c-63f43bd9dd54",
        "serveruuid": "492fe4d5-29fc-48e2-ab39-2f3fded50295",
        "name": "Nagari Radio",
        "url": "http://stream.zeno.fm/287z97ksdg8uv",
        "url_resolved": "http://stream-071.zeno.fm/287z97ksdg8uv?zs=nQWKDJqhRCyy0B2wtGs-HA",
        "homepage": "http://stream.zeno.fm/287z97ksdg8uv",
        "favicon": "",
        "tags": "http://stream.zeno.fm/287z97ksdg8uv",
        "country": "Nigeria",
        "countrycode": "NG",
        "iso_3166_2": null,
        "state": "",
        "language": "hausa l",
        "languagecodes": "",
        "votes": 311,
        "lastchangetime": "2022-04-19 19:42:10",
        "lastchangetime_iso8601": "2022-04-19T19:42:10Z",
        "codec": "MP3",
        "bitrate": 0,
        "hls": 0,
        "lastcheckok": 1,
        "lastchecktime": "2023-04-08 13:32:43",
        "lastchecktime_iso8601": "2023-04-08T13:32:43Z",
        "lastcheckoktime": "2023-04-08 13:32:43",
        "lastcheckoktime_iso8601": "2023-04-08T13:32:43Z",
        "lastlocalchecktime": "2023-04-08 13:32:43",
        "lastlocalchecktime_iso8601": "2023-04-08T13:32:43Z",
        "clicktimestamp": "2023-04-08 13:45:09",
        "clicktimestamp_iso8601": "2023-04-08T13:45:09Z",
        "clickcount": 38,
        "clicktrend": 1,
        "ssl_error": 0,
        "geo_lat": null,
        "geo_long": null,
        "has_extended_info": false
    },
    {
        "changeuuid": "1104b38d-67a1-48a9-ae88-c8b43cf57802",
        "stationuuid": "1da93dc5-365a-49b9-8fa8-67a8ce5668f8",
        "serveruuid": "7c00dc24-9ee7-416e-9d27-303a65dbfb2e",
        "name": "MajorFM",
        "url": "http://stream.zeno.fm/pkza99xshkhvv",
        "url_resolved": "http://stream-011.zeno.fm/pkza99xshkhvv?zs=nlKfl22cSJaTBNOm8lJ6yg",
        "homepage": "https://zeno.fm/radio/major-fm/",
        "favicon": "https://zeno.fm/static/icons/apple-icon-120x120.png",
        "tags": "80s,dj mixes,electro,hiphop,jazz,lounge,mix,r&b,smooth jazz",
        "country": "Nigeria",
        "countrycode": "NG",
        "iso_3166_2": null,
        "state": "Lagos",
        "language": "africa,english,ghana,usa",
        "languagecodes": "en",
        "votes": 309,
        "lastchangetime": "2022-05-16 17:00:35",
        "lastchangetime_iso8601": "2022-05-16T17:00:35Z",
        "codec": "MP3",
        "bitrate": 0,
        "hls": 0,
        "lastcheckok": 1,
        "lastchecktime": "2023-04-08 11:59:36",
        "lastchecktime_iso8601": "2023-04-08T11:59:36Z",
        "lastcheckoktime": "2023-04-08 11:59:36",
        "lastcheckoktime_iso8601": "2023-04-08T11:59:36Z",
        "lastlocalchecktime": "2023-04-07 17:34:02",
        "lastlocalchecktime_iso8601": "2023-04-07T17:34:02Z",
        "clicktimestamp": "2023-04-08 12:44:44",
        "clicktimestamp_iso8601": "2023-04-08T12:44:44Z",
        "clickcount": 59,
        "clicktrend": -4,
        "ssl_error": 0,
        "geo_lat": 6.500050180123714,
        "geo_long": 3.3769393269335706,
        "has_extended_info": false
    },
    {
        "changeuuid": "82887603-1c5a-4314-833f-b7488d983e46",
        "stationuuid": "cf884bee-1b34-419a-a0a2-408eed204b19",
        "serveruuid": "488550e2-7a68-4201-a44e-432719248438",
        "name": "The Today Africa Radio ",
        "url": "http://stream.zeno.fm/e66eb3qmg48uv",
        "url_resolved": "http://stream-056.zeno.fm/e66eb3qmg48uv?zs=Sq-hsuvQQmGt10iAQ68M_g",
        "homepage": "http://radio.thetodayafrica.com/",
        "favicon": "",
        "tags": "rock",
        "country": "Nigeria",
        "countrycode": "NG",
        "iso_3166_2": null,
        "state": "Lagos",
        "language": "",
        "languagecodes": "",
        "votes": 284,
        "lastchangetime": "2021-09-04 00:50:40",
        "lastchangetime_iso8601": "2021-09-04T00:50:40Z",
        "codec": "MP3",
        "bitrate": 0,
        "hls": 0,
        "lastcheckok": 1,
        "lastchecktime": "2023-04-08 04:13:13",
        "lastchecktime_iso8601": "2023-04-08T04:13:13Z",
        "lastcheckoktime": "2023-04-08 04:13:13",
        "lastcheckoktime_iso8601": "2023-04-08T04:13:13Z",
        "lastlocalchecktime": "2023-04-07 17:03:20",
        "lastlocalchecktime_iso8601": "2023-04-07T17:03:20Z",
        "clicktimestamp": "2023-04-08 06:28:00",
        "clicktimestamp_iso8601": "2023-04-08T06:28:00Z",
        "clickcount": 28,
        "clicktrend": 2,
        "ssl_error": 0,
        "geo_lat": 8.233227395569616,
        "geo_long": 8.16127270460129,
        "has_extended_info": false
    },
    {
        "changeuuid": "db254704-d6dc-4e25-9b97-a03daf4ade35",
        "stationuuid": "dc3c6b97-8f2d-42ba-94b3-effc96dcb49f",
        "serveruuid": "252a76c7-c58c-422f-a40e-525847188bfc",
        "name": "METRO FM LAGOS",
        "url": "https://go.webgateready.com/metrofm/radio.mp3",
        "url_resolved": "https://go.webgateready.com/metrofm/radio.mp3",
        "homepage": "https://go.webgateready.com/metrofm/radio.mp3",
        "favicon": "",
        "tags": "",
        "country": "Nigeria",
        "countrycode": "NG",
        "iso_3166_2": null,
        "state": "",
        "language": "english",
        "languagecodes": "en",
        "votes": 179,
        "lastchangetime": "2022-09-27 06:42:53",
        "lastchangetime_iso8601": "2022-09-27T06:42:53Z",
        "codec": "MP3",
        "bitrate": 64,
        "hls": 0,
        "lastcheckok": 1,
        "lastchecktime": "2023-04-08 10:55:16",
        "lastchecktime_iso8601": "2023-04-08T10:55:16Z",
        "lastcheckoktime": "2023-04-08 10:55:16",
        "lastcheckoktime_iso8601": "2023-04-08T10:55:16Z",
        "lastlocalchecktime": "2023-04-08 10:55:16",
        "lastlocalchecktime_iso8601": "2023-04-08T10:55:16Z",
        "clicktimestamp": "2023-04-08 13:49:58",
        "clicktimestamp_iso8601": "2023-04-08T13:49:58Z",
        "clickcount": 89,
        "clicktrend": 1,
        "ssl_error": 0,
        "geo_lat": null,
        "geo_long": null,
        "has_extended_info": false
    },
    {
        "changeuuid": "beda0d04-7c88-4e49-8107-a24cd172b8d7",
        "stationuuid": "cc6b1b57-64b4-4007-b846-3a3cef89e1b4",
        "serveruuid": "ea1a9804-d636-43a3-9f1b-55c8c1a8bb3a",
        "name": "Coolfm",
        "url": "https://stream.coolwazobiainfo.com/cool-lagos",
        "url_resolved": "https://stream.coolwazobiainfo.com/cool-lagos",
        "homepage": "https://www.coolfm.ng/lagos/",
        "favicon": "https://mmo.aiircdn.com/370/5e8214b53d493.png",
        "tags": "afrobeats,music,pop music",
        "country": "Nigeria",
        "countrycode": "NG",
        "iso_3166_2": null,
        "state": "Lagos",
        "language": "",
        "languagecodes": "",
        "votes": 146,
        "lastchangetime": "2023-01-09 05:50:55",
        "lastchangetime_iso8601": "2023-01-09T05:50:55Z",
        "codec": "AAC",
        "bitrate": 48,
        "hls": 0,
        "lastcheckok": 1,
        "lastchecktime": "2023-04-07 20:50:43",
        "lastchecktime_iso8601": "2023-04-07T20:50:43Z",
        "lastcheckoktime": "2023-04-07 20:50:43",
        "lastcheckoktime_iso8601": "2023-04-07T20:50:43Z",
        "lastlocalchecktime": "2023-04-07 20:50:43",
        "lastlocalchecktime_iso8601": "2023-04-07T20:50:43Z",
        "clicktimestamp": "2023-04-08 14:23:54",
        "clicktimestamp_iso8601": "2023-04-08T14:23:54Z",
        "clickcount": 140,
        "clicktrend": 11,
        "ssl_error": 0,
        "geo_lat": 6.560567930463004,
        "geo_long": 3.4636926337405476,
        "has_extended_info": false
    },
    {
        "changeuuid": "2971a983-f943-41c5-b154-4b264e947bd5",
        "stationuuid": "f97ccc5f-1b15-4803-b1b0-9f021149d798",
        "serveruuid": "74e87b51-9bcf-4243-b768-28b5a49a3a5d",
        "name": "Panache Fm ",
        "url": "https://bit.ly/3nLxepv",
        "url_resolved": "https://s3.radio.co/s9838fd88d/listen",
        "homepage": "http://panachemediastudios.com/",
        "favicon": "http://panachemediastudios.com/favicon.ico",
        "tags": "",
        "country": "Nigeria",
        "countrycode": "NG",
        "iso_3166_2": null,
        "state": "Lagos",
        "language": "",
        "languagecodes": "",
        "votes": 119,
        "lastchangetime": "2023-02-17 05:23:48",
        "lastchangetime_iso8601": "2023-02-17T05:23:48Z",
        "codec": "MP3",
        "bitrate": 128,
        "hls": 0,
        "lastcheckok": 1,
        "lastchecktime": "2023-04-08 01:25:57",
        "lastchecktime_iso8601": "2023-04-08T01:25:57Z",
        "lastcheckoktime": "2023-04-08 01:25:57",
        "lastcheckoktime_iso8601": "2023-04-08T01:25:57Z",
        "lastlocalchecktime": "2023-04-07 18:13:29",
        "lastlocalchecktime_iso8601": "2023-04-07T18:13:29Z",
        "clicktimestamp": "2023-04-08 11:17:15",
        "clicktimestamp_iso8601": "2023-04-08T11:17:15Z",
        "clickcount": 27,
        "clicktrend": 5,
        "ssl_error": 0,
        "geo_lat": null,
        "geo_long": null,
        "has_extended_info": false
    },
    {
        "changeuuid": "5349d48d-cd91-43cd-941e-cc511302e5ba",
        "stationuuid": "0f09d0aa-7233-42f2-82cb-1af9697f0198",
        "serveruuid": "76cf87e2-7185-4070-8106-97f6cc0cd3f0",
        "name": "HOD RADIO",
        "url": "https://servidor21.brlogic.com:7766/live",
        "url_resolved": "https://servidor21.brlogic.com:7766/live",
        "homepage": "https://hodradio.webradiosite.com/",
        "favicon": "",
        "tags": "",
        "country": "Nigeria",
        "countrycode": "NG",
        "iso_3166_2": null,
        "state": "Edo state",
        "language": "",
        "languagecodes": "",
        "votes": 88,
        "lastchangetime": "2022-10-28 08:35:41",
        "lastchangetime_iso8601": "2022-10-28T08:35:41Z",
        "codec": "MP3",
        "bitrate": 96,
        "hls": 0,
        "lastcheckok": 1,
        "lastchecktime": "2023-04-07 20:52:28",
        "lastchecktime_iso8601": "2023-04-07T20:52:28Z",
        "lastcheckoktime": "2023-04-07 20:52:28",
        "lastcheckoktime_iso8601": "2023-04-07T20:52:28Z",
        "lastlocalchecktime": "2023-04-07 20:52:28",
        "lastlocalchecktime_iso8601": "2023-04-07T20:52:28Z",
        "clicktimestamp": "2023-04-08 13:53:08",
        "clicktimestamp_iso8601": "2023-04-08T13:53:08Z",
        "clickcount": 21,
        "clicktrend": 3,
        "ssl_error": 0,
        "geo_lat": null,
        "geo_long": null,
        "has_extended_info": false
    },
    {
        "changeuuid": "16f9d434-f64f-4398-8915-b5341047e1cb",
        "stationuuid": "3a27d119-dcea-4034-bf69-afbf47750ed7",
        "serveruuid": "492fe4d5-29fc-48e2-ab39-2f3fded50295",
        "name": "Nagari Radio",
        "url": "http://stream.zeno.fm/287z97ksdg8uv",
        "url_resolved": "http://stream-031.zeno.fm/287z97ksdg8uv?zs=HQPWMQUmQ_ero8xka4UQkQ",
        "homepage": "http://stream.zeno.fm/287z97ksdg8uv",
        "favicon": "",
        "tags": "http://stream.zeno.fm/287z97ksdg8uv",
        "country": "Nigeria",
        "countrycode": "NG",
        "iso_3166_2": null,
        "state": "",
        "language": "hausa",
        "languagecodes": "ha",
        "votes": 80,
        "lastchangetime": "2022-04-19 19:08:56",
        "lastchangetime_iso8601": "2022-04-19T19:08:56Z",
        "codec": "MP3",
        "bitrate": 0,
        "hls": 0,
        "lastcheckok": 1,
        "lastchecktime": "2023-04-08 01:20:54",
        "lastchecktime_iso8601": "2023-04-08T01:20:54Z",
        "lastcheckoktime": "2023-04-08 01:20:54",
        "lastcheckoktime_iso8601": "2023-04-08T01:20:54Z",
        "lastlocalchecktime": "2023-04-07 17:13:42",
        "lastlocalchecktime_iso8601": "2023-04-07T17:13:42Z",
        "clicktimestamp": "2023-04-08 13:53:15",
        "clicktimestamp_iso8601": "2023-04-08T13:53:15Z",
        "clickcount": 32,
        "clicktrend": -1,
        "ssl_error": 0,
        "geo_lat": null,
        "geo_long": null,
        "has_extended_info": false
    },
    {
        "changeuuid": "ea845232-4c9c-4ea6-9b75-fa5e7a917186",
        "stationuuid": "9aa3d762-d7f7-4d5c-a471-8f75616c6c3a",
        "serveruuid": "492fe4d5-29fc-48e2-ab39-2f3fded50295",
        "name": "Nagari Radio",
        "url": "http://stream.zeno.fm/287z97ksdg8uv",
        "url_resolved": "http://stream-031.zeno.fm/287z97ksdg8uv?zs=691b30l8Sy-s5VA5cMCHJg",
        "homepage": "http://stream.zeno.fm/287z97ksdg8uv",
        "favicon": "",
        "tags": "entertainment",
        "country": "Nigeria",
        "countrycode": "NG",
        "iso_3166_2": null,
        "state": "",
        "language": "hausa",
        "languagecodes": "ha",
        "votes": 67,
        "lastchangetime": "2022-04-19 18:03:55",
        "lastchangetime_iso8601": "2022-04-19T18:03:55Z",
        "codec": "MP3",
        "bitrate": 0,
        "hls": 0,
        "lastcheckok": 1,
        "lastchecktime": "2023-04-07 23:34:25",
        "lastchecktime_iso8601": "2023-04-07T23:34:25Z",
        "lastcheckoktime": "2023-04-07 23:34:25",
        "lastcheckoktime_iso8601": "2023-04-07T23:34:25Z",
        "lastlocalchecktime": "2023-04-07 18:23:56",
        "lastlocalchecktime_iso8601": "2023-04-07T18:23:56Z",
        "clicktimestamp": "2023-04-08 13:18:51",
        "clicktimestamp_iso8601": "2023-04-08T13:18:51Z",
        "clickcount": 49,
        "clicktrend": 2,
        "ssl_error": 0,
        "geo_lat": null,
        "geo_long": null,
        "has_extended_info": false
    },
    {
        "changeuuid": "aa8f6270-9752-4904-a5ca-3f19fd04cb5d",
        "stationuuid": "136638a0-c0bc-4870-914b-9d29b552804b",
        "serveruuid": "ea1a9804-d636-43a3-9f1b-55c8c1a8bb3a",
        "name": "Wazobia FM Port Harcourt",
        "url": "https://stream.coolwazobiainfo.com/wazoph",
        "url_resolved": "https://stream.coolwazobiainfo.com/wazoph",
        "homepage": "https://www.wazobiafm.com/",
        "favicon": "https://mmo.aiircdn.com/370/607315dbb69c2.png",
        "tags": "",
        "country": "Nigeria",
        "countrycode": "NG",
        "iso_3166_2": null,
        "state": "",
        "language": "english",
        "languagecodes": "en",
        "votes": 65,
        "lastchangetime": "2022-05-15 20:00:34",
        "lastchangetime_iso8601": "2022-05-15T20:00:34Z",
        "codec": "AAC",
        "bitrate": 128,
        "hls": 0,
        "lastcheckok": 1,
        "lastchecktime": "2023-04-08 07:05:34",
        "lastchecktime_iso8601": "2023-04-08T07:05:34Z",
        "lastcheckoktime": "2023-04-08 07:05:34",
        "lastcheckoktime_iso8601": "2023-04-08T07:05:34Z",
        "lastlocalchecktime": "2023-04-07 19:40:51",
        "lastlocalchecktime_iso8601": "2023-04-07T19:40:51Z",
        "clicktimestamp": "2023-04-08 13:47:45",
        "clicktimestamp_iso8601": "2023-04-08T13:47:45Z",
        "clickcount": 138,
        "clicktrend": -1,
        "ssl_error": 0,
        "geo_lat": null,
        "geo_long": null,
        "has_extended_info": false
    },
    {
        "changeuuid": "a42c5268-bec4-4e53-838f-955ef633705e",
        "stationuuid": "440fb368-6a53-4f26-be5f-a72ce25f898d",
        "serveruuid": "ea1a9804-d636-43a3-9f1b-55c8c1a8bb3a",
        "name": "Wazobia FM Abuja",
        "url": "https://stream.coolwazobiainfo.com/wazoabuja",
        "url_resolved": "https://stream.coolwazobiainfo.com/wazoabuja",
        "homepage": "https://www.wazobiafm.com/",
        "favicon": "https://mmo.aiircdn.com/370/607315dbb69c2.png",
        "tags": "",
        "country": "Nigeria",
        "countrycode": "NG",
        "iso_3166_2": null,
        "state": "",
        "language": "english",
        "languagecodes": "en",
        "votes": 63,
        "lastchangetime": "2022-05-15 20:00:34",
        "lastchangetime_iso8601": "2022-05-15T20:00:34Z",
        "codec": "AAC",
        "bitrate": 128,
        "hls": 0,
        "lastcheckok": 1,
        "lastchecktime": "2023-04-08 08:46:38",
        "lastchecktime_iso8601": "2023-04-08T08:46:38Z",
        "lastcheckoktime": "2023-04-08 08:46:38",
        "lastcheckoktime_iso8601": "2023-04-08T08:46:38Z",
        "lastlocalchecktime": "2023-04-07 18:56:40",
        "lastlocalchecktime_iso8601": "2023-04-07T18:56:40Z",
        "clicktimestamp": "2023-04-08 14:25:13",
        "clicktimestamp_iso8601": "2023-04-08T14:25:13Z",
        "clickcount": 86,
        "clicktrend": -2,
        "ssl_error": 0,
        "geo_lat": null,
        "geo_long": null,
        "has_extended_info": false
    },
    {
        "changeuuid": "6010b877-1131-434e-8435-be10128466e0",
        "stationuuid": "17f7ccb8-b877-4e43-8158-2468e4e8f902",
        "serveruuid": "5bb150cb-d96e-49f5-8fd2-77c6e128f77f",
        "name": "Coolfm Lagos",
        "url": "https://stream.coolwazobiainfo.com/cool-lagos.m3u",
        "url_resolved": "http://stream.coolwazobiainfo.com/cool-lagos",
        "homepage": "https://www.coolfm.ng/lagos/",
        "favicon": "https://mmo.aiircdn.com/370/5e4fd2d4b9baa.svg",
        "tags": "afro,afrobeats,music",
        "country": "Nigeria",
        "countrycode": "NG",
        "iso_3166_2": null,
        "state": "Lagos",
        "language": "",
        "languagecodes": "",
        "votes": 60,
        "lastchangetime": "2023-01-08 06:30:40",
        "lastchangetime_iso8601": "2023-01-08T06:30:40Z",
        "codec": "AAC",
        "bitrate": 48,
        "hls": 0,
        "lastcheckok": 1,
        "lastchecktime": "2023-04-07 18:34:00",
        "lastchecktime_iso8601": "2023-04-07T18:34:00Z",
        "lastcheckoktime": "2023-04-07 18:34:00",
        "lastcheckoktime_iso8601": "2023-04-07T18:34:00Z",
        "lastlocalchecktime": "2023-04-07 18:34:00",
        "lastlocalchecktime_iso8601": "2023-04-07T18:34:00Z",
        "clicktimestamp": "2023-04-08 10:42:55",
        "clicktimestamp_iso8601": "2023-04-08T10:42:55Z",
        "clickcount": 63,
        "clicktrend": 1,
        "ssl_error": 0,
        "geo_lat": 6.594463973220164,
        "geo_long": 3.3529382984213782,
        "has_extended_info": false
    },
    {
        "changeuuid": "ea2cade6-1f30-4552-aaff-8f46718e7f39",
        "stationuuid": "23628f8a-b4ca-4d64-b91a-c504702bf4fc",
        "serveruuid": "53f9cd88-c5e9-441d-b6e9-b8540c089c99",
        "name": "Jewel FM Gombe",
        "url": "https://eu8.fastcast4u.com/proxy/jewelfmgme?mp=/1",
        "url_resolved": "https://eu8.fastcast4u.com/proxy/jewelfmgme?mp=/1",
        "homepage": "https://jewelfmgombe.com.ng/",
        "favicon": "",
        "tags": "frcn,gombe,jewel fm",
        "country": "Nigeria",
        "countrycode": "NG",
        "iso_3166_2": null,
        "state": "",
        "language": "english,hausa",
        "languagecodes": "en,ha",
        "votes": 47,
        "lastchangetime": "2023-01-14 07:04:19",
        "lastchangetime_iso8601": "2023-01-14T07:04:19Z",
        "codec": "MP3",
        "bitrate": 96,
        "hls": 0,
        "lastcheckok": 1,
        "lastchecktime": "2023-04-08 13:19:49",
        "lastchecktime_iso8601": "2023-04-08T13:19:49Z",
        "lastcheckoktime": "2023-04-08 13:19:49",
        "lastcheckoktime_iso8601": "2023-04-08T13:19:49Z",
        "lastlocalchecktime": "2023-04-08 13:19:49",
        "lastlocalchecktime_iso8601": "2023-04-08T13:19:49Z",
        "clicktimestamp": "2023-04-08 13:43:57",
        "clicktimestamp_iso8601": "2023-04-08T13:43:57Z",
        "clickcount": 41,
        "clicktrend": 2,
        "ssl_error": 0,
        "geo_lat": null,
        "geo_long": null,
        "has_extended_info": false
    },
    {
        "changeuuid": "825a74a6-2248-4a49-824f-1ba6ba166cdf",
        "stationuuid": "79c04ee4-c928-405e-8877-e945fcf315d2",
        "serveruuid": "ea1a9804-d636-43a3-9f1b-55c8c1a8bb3a",
        "name": "Cool FM Kano",
        "url": "https://stream.coolwazobiainfo.com/cool-kano",
        "url_resolved": "https://stream.coolwazobiainfo.com/cool-kano",
        "homepage": "https://www.coolfm.ng/kano/",
        "favicon": "https://mmo.aiircdn.com/370/5e4fd2d4b9baa.svg",
        "tags": "",
        "country": "Nigeria",
        "countrycode": "NG",
        "iso_3166_2": null,
        "state": "",
        "language": "",
        "languagecodes": "",
        "votes": 40,
        "lastchangetime": "2022-09-01 17:50:42",
        "lastchangetime_iso8601": "2022-09-01T17:50:42Z",
        "codec": "AAC",
        "bitrate": 48,
        "hls": 0,
        "lastcheckok": 1,
        "lastchecktime": "2023-04-08 08:46:38",
        "lastchecktime_iso8601": "2023-04-08T08:46:38Z",
        "lastcheckoktime": "2023-04-08 08:46:38",
        "lastcheckoktime_iso8601": "2023-04-08T08:46:38Z",
        "lastlocalchecktime": "2023-04-07 18:32:44",
        "lastlocalchecktime_iso8601": "2023-04-07T18:32:44Z",
        "clicktimestamp": "2023-04-08 14:22:22",
        "clicktimestamp_iso8601": "2023-04-08T14:22:22Z",
        "clickcount": 98,
        "clicktrend": 0,
        "ssl_error": 0,
        "geo_lat": null,
        "geo_long": null,
        "has_extended_info": false
    },
    {
        "changeuuid": "ee98cb4d-89c4-4ad5-95f0-c7c04903e740",
        "stationuuid": "811ce404-fde6-450c-ae31-21a762671f1c",
        "serveruuid": "15ec9e02-5b34-4627-8785-bca2f32e087c",
        "name": "Awoko Radio",
        "url": "http://node-05.zeno.fm/tqq99en94v8uv",
        "url_resolved": "http://stream-038.zeno.fm/tqq99en94v8uv?zs=mD73lZ9pQSS0mgdw2Zr2Mg",
        "homepage": "https://liveonlineradio.net/awoko-radio",
        "favicon": "https://cdn.onlineradiobox.com/img/l/6/90406.v10.png",
        "tags": "african pop",
        "country": "Nigeria",
        "countrycode": "NG",
        "iso_3166_2": null,
        "state": "",
        "language": "english",
        "languagecodes": "en",
        "votes": 21,
        "lastchangetime": "2023-03-04 03:32:56",
        "lastchangetime_iso8601": "2023-03-04T03:32:56Z",
        "codec": "MP3",
        "bitrate": 0,
        "hls": 0,
        "lastcheckok": 1,
        "lastchecktime": "2023-04-08 05:13:53",
        "lastchecktime_iso8601": "2023-04-08T05:13:53Z",
        "lastcheckoktime": "2023-04-08 05:13:53",
        "lastcheckoktime_iso8601": "2023-04-08T05:13:53Z",
        "lastlocalchecktime": "2023-04-07 19:00:38",
        "lastlocalchecktime_iso8601": "2023-04-07T19:00:38Z",
        "clicktimestamp": "2023-04-08 14:24:37",
        "clicktimestamp_iso8601": "2023-04-08T14:24:37Z",
        "clickcount": 46,
        "clicktrend": 0,
        "ssl_error": 0,
        "geo_lat": null,
        "geo_long": null,
        "has_extended_info": false
    },
    {
        "changeuuid": "4658cd94-c893-4c51-88b6-487b748a4a07",
        "stationuuid": "9e18dded-2bc4-4c94-8fef-e394a2945820",
        "serveruuid": "ea1a9804-d636-43a3-9f1b-55c8c1a8bb3a",
        "name": "Coolfm",
        "url": "https://stream.coolwazobiainfo.com/cool-lagos",
        "url_resolved": "https://stream.coolwazobiainfo.com/cool-lagos",
        "homepage": "https://www.coolfm.ng/lagos/",
        "favicon": "https://mmo.aiircdn.com/370/5e4fd2d4b9baa.svg",
        "tags": "afrobeats,afropop,music",
        "country": "Nigeria",
        "countrycode": "NG",
        "iso_3166_2": null,
        "state": "Lagos",
        "language": "english",
        "languagecodes": "en",
        "votes": 19,
        "lastchangetime": "2023-01-08 05:56:52",
        "lastchangetime_iso8601": "2023-01-08T05:56:52Z",
        "codec": "AAC",
        "bitrate": 48,
        "hls": 0,
        "lastcheckok": 1,
        "lastchecktime": "2023-04-07 20:23:01",
        "lastchecktime_iso8601": "2023-04-07T20:23:01Z",
        "lastcheckoktime": "2023-04-07 20:23:01",
        "lastcheckoktime_iso8601": "2023-04-07T20:23:01Z",
        "lastlocalchecktime": "2023-04-07 20:23:01",
        "lastlocalchecktime_iso8601": "2023-04-07T20:23:01Z",
        "clicktimestamp": "2023-04-07 11:25:34",
        "clicktimestamp_iso8601": "2023-04-07T11:25:34Z",
        "clickcount": 33,
        "clicktrend": -7,
        "ssl_error": 0,
        "geo_lat": 6.574574606006025,
        "geo_long": 3.334668563355017,
        "has_extended_info": false
    },
    {
        "changeuuid": "5fe9c1e5-9a6a-431c-a92a-654def9d01a1",
        "stationuuid": "15392242-57a0-4e31-9e2d-71859675caf8",
        "serveruuid": "17873598-119c-403a-b29c-05ed22bf40ef",
        "name": "GanGan Radio",
        "url": "https://stream.zeno.fm/9reuhyz8up8uv",
        "url_resolved": "https://stream-061.zeno.fm/9reuhyz8up8uv?zs=C8MBa-_RQ1umbBUI_NtD6w",
        "homepage": "https://liveonlineradio.net/gangan-radio",
        "favicon": "https://cdn.onlineradiobox.com/img/l/5/100965.v3.png",
        "tags": "african music,traditional",
        "country": "Nigeria",
        "countrycode": "NG",
        "iso_3166_2": null,
        "state": "",
        "language": "africa,english",
        "languagecodes": "en",
        "votes": 13,
        "lastchangetime": "2023-03-04 03:21:36",
        "lastchangetime_iso8601": "2023-03-04T03:21:36Z",
        "codec": "MP3",
        "bitrate": 0,
        "hls": 0,
        "lastcheckok": 1,
        "lastchecktime": "2023-04-08 05:18:59",
        "lastchecktime_iso8601": "2023-04-08T05:18:59Z",
        "lastcheckoktime": "2023-04-08 05:18:59",
        "lastcheckoktime_iso8601": "2023-04-08T05:18:59Z",
        "lastlocalchecktime": "2023-04-07 20:00:39",
        "lastlocalchecktime_iso8601": "2023-04-07T20:00:39Z",
        "clicktimestamp": "2023-04-08 12:48:47",
        "clicktimestamp_iso8601": "2023-04-08T12:48:47Z",
        "clickcount": 37,
        "clicktrend": 1,
        "ssl_error": 0,
        "geo_lat": null,
        "geo_long": null,
        "has_extended_info": false
    },
    {
        "changeuuid": "cdf49cbc-021b-4d42-a2a8-c2217c9ec361",
        "stationuuid": "f4f247ba-7614-42a8-9763-c0a11012d344",
        "serveruuid": "a81fa67d-f671-49f6-8878-1390c9f73061",
        "name": "Fahimta Radio",
        "url": "https://cutt.ly/v49jJkV",
        "url_resolved": "https://stream-51.zeno.fm/x6vurqw6508uv?zs=GRfr4NSLSq6f_L2JZ8CCng",
        "homepage": "https://abdultech.co/",
        "favicon": "https://firebasestorage.googleapis.com/v0/b/radiogalaxy-580f4.appspot.com/o/images%2FIMG_20230331_162337559.jpg?alt=media&token=94359da3-fbf1-4570-ba2a-5cdc996352b0",
        "tags": "bauchi,fahimta,naija,ng,nigeria,online radio",
        "country": "Nigeria",
        "countrycode": "NG",
        "iso_3166_2": null,
        "state": "",
        "language": "english,hausa",
        "languagecodes": "en,ha",
        "votes": 6,
        "lastchangetime": "2023-03-31 15:29:05",
        "lastchangetime_iso8601": "2023-03-31T15:29:05Z",
        "codec": "MP3",
        "bitrate": 0,
        "hls": 0,
        "lastcheckok": 1,
        "lastchecktime": "2023-04-08 08:16:40",
        "lastchecktime_iso8601": "2023-04-08T08:16:40Z",
        "lastcheckoktime": "2023-04-08 08:16:40",
        "lastcheckoktime_iso8601": "2023-04-08T08:16:40Z",
        "lastlocalchecktime": "2023-04-08 08:16:40",
        "lastlocalchecktime_iso8601": "2023-04-08T08:16:40Z",
        "clicktimestamp": "2023-04-08 13:43:48",
        "clicktimestamp_iso8601": "2023-04-08T13:43:48Z",
        "clickcount": 40,
        "clicktrend": 8,
        "ssl_error": 0,
        "geo_lat": null,
        "geo_long": null,
        "has_extended_info": false
    },
    {
        "changeuuid": "9e251379-1f86-4266-ba12-475a1dab1c49",
        "stationuuid": "619071c3-ee44-4d44-9f19-a7f7b400d78e",
        "serveruuid": "76cf87e2-7185-4070-8106-97f6cc0cd3f0",
        "name": "HOD RADIO",
        "url": "https://servidor21.brlogic.com:7766/live",
        "url_resolved": "https://servidor21.brlogic.com:7766/live",
        "homepage": "https://hodradio.webradiosite.com/",
        "favicon": "https://www.facebook.com/hodradio",
        "tags": "",
        "country": "Nigeria",
        "countrycode": "NG",
        "iso_3166_2": null,
        "state": "Edo State",
        "language": "",
        "languagecodes": "",
        "votes": 5,
        "lastchangetime": "2023-03-10 04:36:56",
        "lastchangetime_iso8601": "2023-03-10T04:36:56Z",
        "codec": "MP3",
        "bitrate": 96,
        "hls": 0,
        "lastcheckok": 1,
        "lastchecktime": "2023-04-08 05:18:59",
        "lastchecktime_iso8601": "2023-04-08T05:18:59Z",
        "lastcheckoktime": "2023-04-08 05:18:59",
        "lastcheckoktime_iso8601": "2023-04-08T05:18:59Z",
        "lastlocalchecktime": "2023-04-07 20:10:30",
        "lastlocalchecktime_iso8601": "2023-04-07T20:10:30Z",
        "clicktimestamp": "2023-04-08 11:17:08",
        "clicktimestamp_iso8601": "2023-04-08T11:17:08Z",
        "clickcount": 25,
        "clicktrend": 8,
        "ssl_error": 0,
        "geo_lat": null,
        "geo_long": null,
        "has_extended_info": false
    },
    {
        "changeuuid": "0b09755a-92af-4b25-aff1-9355462949b6",
        "stationuuid": "950d3349-b3bb-435a-ae0f-de3ee215c346",
        "serveruuid": "53f9cd88-c5e9-441d-b6e9-b8540c089c99",
        "name": "Albarka Radio",
        "url": "https://eu8.fastcast4u.com/proxy/albarkafm?mp=/1",
        "url_resolved": "https://eu8.fastcast4u.com/proxy/albarkafm?mp=/1",
        "homepage": "https://albarkaradio.com/",
        "favicon": "https://i0.wp.com/albarkaradio.com/wp-content/uploads/2021/11/cropped-images-51.jpeg?fit=180%2c180&#038;ssl=1",
        "tags": "97.5 fm,albarka radio,albarka radio 97.5,bauchi",
        "country": "Nigeria",
        "countrycode": "NG",
        "iso_3166_2": null,
        "state": "",
        "language": "english,hausa",
        "languagecodes": "en,ha",
        "votes": 109,
        "lastchangetime": "2023-01-12 19:00:53",
        "lastchangetime_iso8601": "2023-01-12T19:00:53Z",
        "codec": "MP3",
        "bitrate": 96,
        "hls": 0,
        "lastcheckok": 1,
        "lastchecktime": "2023-07-09 04:47:20",
        "lastchecktime_iso8601": "2023-07-09T04:47:20Z",
        "lastcheckoktime": "2023-07-09 04:47:20",
        "lastcheckoktime_iso8601": "2023-07-09T04:47:20Z",
        "lastlocalchecktime": "2023-07-09 04:47:20",
        "lastlocalchecktime_iso8601": "2023-07-09T04:47:20Z",
        "clicktimestamp": "2023-07-09 13:00:42",
        "clicktimestamp_iso8601": "2023-07-09T13:00:42Z",
        "clickcount": 59,
        "clicktrend": 12,
        "ssl_error": 0,
        "geo_lat": null,
        "geo_long": null,
        "has_extended_info": false
    },
    {
        "changeuuid": "33e58898-35fc-4666-9dc6-4806e86f84c5",
        "stationuuid": "c4978f67-3bb9-4db0-9629-542e91ae8d27",
        "serveruuid": "8c966b15-328a-4584-9ec7-10268b4c1d20",
        "name": "NAS FM YOLA",
        "url": "http://eu8.fastcast4u.com:22717/stream",
        "url_resolved": "http://eu8.fastcast4u.com:22717/stream",
        "homepage": "https://nasfm.com.ng/",
        "favicon": "",
        "tags": "nas,nas fm,yola",
        "country": "Nigeria",
        "countrycode": "NG",
        "iso_3166_2": null,
        "state": "",
        "language": "english,hausa.",
        "languagecodes": "en",
        "votes": 79,
        "lastchangetime": "2023-01-13 07:10:02",
        "lastchangetime_iso8601": "2023-01-13T07:10:02Z",
        "codec": "MP3",
        "bitrate": 96,
        "hls": 0,
        "lastcheckok": 1,
        "lastchecktime": "2023-07-09 04:12:57",
        "lastchecktime_iso8601": "2023-07-09T04:12:57Z",
        "lastcheckoktime": "2023-07-09 04:12:57",
        "lastcheckoktime_iso8601": "2023-07-09T04:12:57Z",
        "lastlocalchecktime": "2023-07-09 04:12:57",
        "lastlocalchecktime_iso8601": "2023-07-09T04:12:57Z",
        "clicktimestamp": "2023-07-09 12:54:15",
        "clicktimestamp_iso8601": "2023-07-09T12:54:15Z",
        "clickcount": 49,
        "clicktrend": -4,
        "ssl_error": 0,
        "geo_lat": null,
        "geo_long": null,
        "has_extended_info": false
    },
    {
        "changeuuid": "0aa972a6-289c-4c19-ab8a-c8c5f4e61515",
        "stationuuid": "179df4ed-7883-44e5-8ee0-928ea9fe48d5",
        "serveruuid": "53f9cd88-c5e9-441d-b6e9-b8540c089c99",
        "name": "Globe FM Bauchi",
        "url": "https://eu8.fastcast4u.com/proxy/globefmbau?mp=/1",
        "url_resolved": "https://eu8.fastcast4u.com/proxy/globefmbau?mp=/1",
        "homepage": "https://globefmbauchi.live/",
        "favicon": "",
        "tags": "frcn,globe fm",
        "country": "Nigeria",
        "countrycode": "NG",
        "iso_3166_2": null,
        "state": "",
        "language": "english,hausa",
        "languagecodes": "en,ha",
        "votes": 66,
        "lastchangetime": "2023-01-13 07:03:23",
        "lastchangetime_iso8601": "2023-01-13T07:03:23Z",
        "codec": "MP3",
        "bitrate": 96,
        "hls": 0,
        "lastcheckok": 1,
        "lastchecktime": "2023-07-09 07:14:51",
        "lastchecktime_iso8601": "2023-07-09T07:14:51Z",
        "lastcheckoktime": "2023-07-09 07:14:51",
        "lastcheckoktime_iso8601": "2023-07-09T07:14:51Z",
        "lastlocalchecktime": "2023-07-09 07:14:51",
        "lastlocalchecktime_iso8601": "2023-07-09T07:14:51Z",
        "clicktimestamp": "2023-07-09 12:55:32",
        "clicktimestamp_iso8601": "2023-07-09T12:55:32Z",
        "clickcount": 45,
        "clicktrend": 5,
        "ssl_error": 0,
        "geo_lat": null,
        "geo_long": null,
        "has_extended_info": false
    },
    {
        "changeuuid": "d104bf1a-f8e3-4590-8679-13853ee80b73",
        "stationuuid": "97bb940b-e40f-4290-9998-46d42b8baf54",
        "serveruuid": "53f9cd88-c5e9-441d-b6e9-b8540c089c99",
        "name": "Albarka Radio",
        "url": "https://eu8.fastcast4u.com/proxy/albarkafm?mp=/1",
        "url_resolved": "https://eu8.fastcast4u.com/proxy/albarkafm?mp=/1",
        "homepage": "https://albarkaradio.com/",
        "favicon": "https://i0.wp.com/albarkaradio.com/wp-content/uploads/2021/11/cropped-images-51.jpeg?fit=180%2c180&#038;ssl=1",
        "tags": "97.5 fm,albarka radio,albarka radio 97.5,bauchi",
        "country": "Nigeria",
        "countrycode": "NG",
        "iso_3166_2": null,
        "state": "",
        "language": "english,hausa",
        "languagecodes": "en,ha",
        "votes": 49,
        "lastchangetime": "2023-01-12 19:00:53",
        "lastchangetime_iso8601": "2023-01-12T19:00:53Z",
        "codec": "MP3",
        "bitrate": 96,
        "hls": 0,
        "lastcheckok": 1,
        "lastchecktime": "2023-07-09 06:52:12",
        "lastchecktime_iso8601": "2023-07-09T06:52:12Z",
        "lastcheckoktime": "2023-07-09 06:52:12",
        "lastcheckoktime_iso8601": "2023-07-09T06:52:12Z",
        "lastlocalchecktime": "2023-07-09 06:52:12",
        "lastlocalchecktime_iso8601": "2023-07-09T06:52:12Z",
        "clicktimestamp": "2023-07-09 12:55:26",
        "clicktimestamp_iso8601": "2023-07-09T12:55:26Z",
        "clickcount": 47,
        "clicktrend": 6,
        "ssl_error": 0,
        "geo_lat": null,
        "geo_long": null,
        "has_extended_info": false
    },
    {
        "changeuuid": "6f3b0cd1-b6f8-4608-a327-58c18ccbc3e9",
        "stationuuid": "f6be111d-2ea7-4eb4-b989-06adb8f269d6",
        "serveruuid": "fcce28f5-0200-4962-95c7-234ddf7deeb1",
        "name": "#Radio Quran",
        "url": "https://n0a.radiojar.com/0tpy1h0kxtzuv?rj-ttl=5&rj-tok=AAABhdgGORQA-2acfyF3_4WY2g",
        "url_resolved": "http://n08.radiojar.com/0tpy1h0kxtzuv?rj-ttl=5&rj-tok=AAABiTeuv0gAHPKhzVi2aRmyVw",
        "homepage": "",
        "favicon": "",
        "tags": "classical",
        "country": "Nigeria",
        "countrycode": "NG",
        "iso_3166_2": null,
        "state": "",
        "language": "",
        "languagecodes": "",
        "votes": 40,
        "lastchangetime": "2023-04-14 10:05:39",
        "lastchangetime_iso8601": "2023-04-14T10:05:39Z",
        "codec": "MP3",
        "bitrate": 0,
        "hls": 0,
        "lastcheckok": 1,
        "lastchecktime": "2023-07-08 22:36:22",
        "lastchecktime_iso8601": "2023-07-08T22:36:22Z",
        "lastcheckoktime": "2023-07-08 22:36:22",
        "lastcheckoktime_iso8601": "2023-07-08T22:36:22Z",
        "lastlocalchecktime": "2023-07-08 22:36:22",
        "lastlocalchecktime_iso8601": "2023-07-08T22:36:22Z",
        "clicktimestamp": "2023-07-09 12:55:14",
        "clicktimestamp_iso8601": "2023-07-09T12:55:14Z",
        "clickcount": 63,
        "clicktrend": 12,
        "ssl_error": 0,
        "geo_lat": null,
        "geo_long": null,
        "has_extended_info": false
    },
    {
        "changeuuid": "6aa19238-a781-4bd4-ad6b-677be1022104",
        "stationuuid": "5f9a9575-2117-4217-9ef4-6ce28d03e4e3",
        "serveruuid": "b78d6660-7a5f-4c93-8cbc-0ab9e3833c91",
        "name": "RadioTiwa",
        "url": "https://stream.zeno.fm/tvqvamkwe5zuv",
        "url_resolved": "https://stream-151.zeno.fm/tvqvamkwe5zuv?zs=uxzEK5OeT2mXw7pUTnHJqw",
        "homepage": "http://www.radiotiwa.com.ng/",
        "favicon": "https://zenoimages.s3.us-west-001.backblazeb2.com/agxzfnplbm8tc3RhdHNyMgsSCkF1dGhDbGllbnQYgICg18HD8AsMCxIOU3RhdGlvblByb2ZpbGUYgICQo6nYuwsMogEEemVubw/cards/cfc048ed-d059-46bb-ba78-7fd6bf66ecc5",
        "tags": "talk & speech",
        "country": "Nigeria",
        "countrycode": "NG",
        "iso_3166_2": null,
        "state": "",
        "language": "",
        "languagecodes": "",
        "votes": 67,
        "lastchangetime": "2023-07-16 21:55:29",
        "lastchangetime_iso8601": "2023-07-16T21:55:29Z",
        "codec": "MP3",
        "bitrate": 0,
        "hls": 0,
        "lastcheckok": 1,
        "lastchecktime": "2023-09-03 12:18:09",
        "lastchecktime_iso8601": "2023-09-03T12:18:09Z",
        "lastcheckoktime": "2023-09-03 12:18:09",
        "lastcheckoktime_iso8601": "2023-09-03T12:18:09Z",
        "lastlocalchecktime": "2023-09-03 12:18:09",
        "lastlocalchecktime_iso8601": "2023-09-03T12:18:09Z",
        "clicktimestamp": "2023-09-03 11:52:10",
        "clicktimestamp_iso8601": "2023-09-03T11:52:10Z",
        "clickcount": 85,
        "clicktrend": -1,
        "ssl_error": 0,
        "geo_lat": null,
        "geo_long": null,
        "has_extended_info": false
    },
    {
        "changeuuid": "c5e2b452-bb1b-47ac-a6ea-001d21003f26",
        "stationuuid": "f89ed7d3-968b-4b95-9f19-e606409cfb27",
        "serveruuid": "309a2d8a-3af9-4c30-bc9a-afe11302d0d0",
        "name": "Port Harcourt Love FM",
        "url": "https://stream13.shoutcastsolutions.com/proxy/phlovefm?mp=/stream.mp3",
        "url_resolved": "https://stream13.shoutcastsolutions.com/proxy/phlovefm?mp=/stream.mp3",
        "homepage": "https://www.ph.familylovefm.com/",
        "favicon": "https://www.ph.familylovefm.com/wp-content/uploads/2020/09/cropped-icon-1-180x180.png",
        "tags": "",
        "country": "Nigeria",
        "countrycode": "NG",
        "iso_3166_2": null,
        "state": "",
        "language": "",
        "languagecodes": "",
        "votes": 55,
        "lastchangetime": "2023-07-15 14:00:26",
        "lastchangetime_iso8601": "2023-07-15T14:00:26Z",
        "codec": "MP3",
        "bitrate": 96,
        "hls": 0,
        "lastcheckok": 1,
        "lastchecktime": "2023-09-03 03:39:24",
        "lastchecktime_iso8601": "2023-09-03T03:39:24Z",
        "lastcheckoktime": "2023-09-03 03:39:24",
        "lastcheckoktime_iso8601": "2023-09-03T03:39:24Z",
        "lastlocalchecktime": "2023-09-03 03:39:24",
        "lastlocalchecktime_iso8601": "2023-09-03T03:39:24Z",
        "clicktimestamp": "2023-09-03 13:17:49",
        "clicktimestamp_iso8601": "2023-09-03T13:17:49Z",
        "clickcount": 94,
        "clicktrend": 3,
        "ssl_error": 0,
        "geo_lat": null,
        "geo_long": null,
        "has_extended_info": false
    },
    {
        "changeuuid": "befb394e-173e-4574-9153-ea6ccb713254",
        "stationuuid": "5c7f030f-02e0-4081-8eeb-7effb5159bcd",
        "serveruuid": "454ae35b-ac28-4296-844e-996e6b50f9db",
        "name": "DIMusic Club Nigeria \ud83c\uddf3\ud83c\uddec ",
        "url": "http://stream1.dimusic.club:11496/live",
        "url_resolved": "http://stream1.dimusic.club:11496/live",
        "homepage": "http://dimusic.club/",
        "favicon": "https://firebasestorage.googleapis.com/v0/b/radiogalaxy-580f4.appspot.com/o/images%2FIMG_20230802_073346832.jpg?alt=media&token=c606102b-34ce-4f48-8672-805609ebd01a",
        "tags": "#pop #eurodance #musichits #popmusic #dancemusic",
        "country": "Nigeria",
        "countrycode": "NG",
        "iso_3166_2": null,
        "state": "",
        "language": "russian/ english/ francia/ espa\u00f1a/ italia",
        "languagecodes": "",
        "votes": 50,
        "lastchangetime": "2023-08-02 04:34:29",
        "lastchangetime_iso8601": "2023-08-02T04:34:29Z",
        "codec": "AAC+",
        "bitrate": 96,
        "hls": 0,
        "lastcheckok": 1,
        "lastchecktime": "2023-09-03 05:55:51",
        "lastchecktime_iso8601": "2023-09-03T05:55:51Z",
        "lastcheckoktime": "2023-09-03 05:55:51",
        "lastcheckoktime_iso8601": "2023-09-03T05:55:51Z",
        "lastlocalchecktime": "2023-09-03 00:23:32",
        "lastlocalchecktime_iso8601": "2023-09-03T00:23:32Z",
        "clicktimestamp": "2023-09-03 10:28:30",
        "clicktimestamp_iso8601": "2023-09-03T10:28:30Z",
        "clickcount": 38,
        "clicktrend": 1,
        "ssl_error": 0,
        "geo_lat": null,
        "geo_long": null,
        "has_extended_info": false
    },
    {
        "changeuuid": "731ffddc-b381-49b4-89ae-c44c43f7ad91",
        "stationuuid": "bd84e569-e827-4ddf-91af-d2c9378614fa",
        "serveruuid": "b78d6660-7a5f-4c93-8cbc-0ab9e3833c91",
        "name": "RadioTiwa",
        "url": "https://stream.zeno.fm/tvqvamkwe5zuv.m3u",
        "url_resolved": "https://stream-151.zeno.fm/tvqvamkwe5zuv?zs=SsuQskISQHm6g0CTm5sORA",
        "homepage": "http://www.instagram.com/",
        "favicon": "",
        "tags": "talk & speech",
        "country": "Nigeria",
        "countrycode": "NG",
        "iso_3166_2": null,
        "state": "",
        "language": "",
        "languagecodes": "",
        "votes": 35,
        "lastchangetime": "2023-07-16 18:16:49",
        "lastchangetime_iso8601": "2023-07-16T18:16:49Z",
        "codec": "MP3",
        "bitrate": 0,
        "hls": 0,
        "lastcheckok": 1,
        "lastchecktime": "2023-09-03 03:36:23",
        "lastchecktime_iso8601": "2023-09-03T03:36:23Z",
        "lastcheckoktime": "2023-09-03 03:36:23",
        "lastcheckoktime_iso8601": "2023-09-03T03:36:23Z",
        "lastlocalchecktime": "2023-09-03 03:36:23",
        "lastlocalchecktime_iso8601": "2023-09-03T03:36:23Z",
        "clicktimestamp": "2023-09-03 11:58:36",
        "clicktimestamp_iso8601": "2023-09-03T11:58:36Z",
        "clickcount": 47,
        "clicktrend": -4,
        "ssl_error": 0,
        "geo_lat": null,
        "geo_long": null,
        "has_extended_info": false
    },
    {
        "changeuuid": "a701f249-b857-4edf-ba1f-9d48217e238b",
        "stationuuid": "9aa41fc9-e90c-4801-b726-285ff2a7ac7c",
        "serveruuid": "a2cfe0a0-7245-4758-9154-e964d36dbeb8",
        "name": "Dominion Mandate Radio",
        "url": "https://listen.radioking.com/radio/287098/stream/348040?listening-from-radio-garden=1691710113",
        "url_resolved": "https://listen.radioking.com/radio/287098/stream/348040?listening-from-radio-garden=1691710113",
        "homepage": "https://www.dominionmandateradio.com/",
        "favicon": "https://www.dominionmandateradio.com/logo192.png",
        "tags": "international",
        "country": "Nigeria",
        "countrycode": "NG",
        "iso_3166_2": null,
        "state": "",
        "language": "",
        "languagecodes": "",
        "votes": 12,
        "lastchangetime": "2023-08-11 01:00:34",
        "lastchangetime_iso8601": "2023-08-11T01:00:34Z",
        "codec": "MP3",
        "bitrate": 192,
        "hls": 0,
        "lastcheckok": 1,
        "lastchecktime": "2023-09-03 07:49:25",
        "lastchecktime_iso8601": "2023-09-03T07:49:25Z",
        "lastcheckoktime": "2023-09-03 07:49:25",
        "lastcheckoktime_iso8601": "2023-09-03T07:49:25Z",
        "lastlocalchecktime": "2023-09-03 07:49:25",
        "lastlocalchecktime_iso8601": "2023-09-03T07:49:25Z",
        "clicktimestamp": "2023-09-03 07:17:43",
        "clicktimestamp_iso8601": "2023-09-03T07:17:43Z",
        "clickcount": 46,
        "clicktrend": -4,
        "ssl_error": 0,
        "geo_lat": null,
        "geo_long": null,
        "has_extended_info": false
    },
    {
        "changeuuid": "d81e4867-dd5a-42c5-93ac-c4d16bf089d0",
        "stationuuid": "5ed4335b-542b-4ec3-a026-37ba522a392b",
        "serveruuid": "53f9cd88-c5e9-441d-b6e9-b8540c089c99",
        "name": "Usaku FM 90.5",
        "url": "https://eu8.fastcast4u.com/proxy/usakufm?mp=/1",
        "url_resolved": "https://eu8.fastcast4u.com/proxy/usakufm?mp=/1",
        "homepage": "https://usakufm.com/",
        "favicon": "https://firebasestorage.googleapis.com/v0/b/radiogalaxy-580f4.appspot.com/o/images%2FIMG_20230717_130217795.jpg?alt=media&token=9a88e17f-b777-4bb9-a8a2-e1a43df6a1bf",
        "tags": "fm yola,radio yola,usaku,usaku fm,usaku radio",
        "country": "Nigeria",
        "countrycode": "NG",
        "iso_3166_2": null,
        "state": "",
        "language": "english,hausa",
        "languagecodes": "en,ha",
        "votes": 12,
        "lastchangetime": "2023-07-17 12:21:21",
        "lastchangetime_iso8601": "2023-07-17T12:21:21Z",
        "codec": "MP3",
        "bitrate": 96,
        "hls": 0,
        "lastcheckok": 1,
        "lastchecktime": "2023-09-02 23:14:05",
        "lastchecktime_iso8601": "2023-09-02T23:14:05Z",
        "lastcheckoktime": "2023-09-02 23:14:05",
        "lastcheckoktime_iso8601": "2023-09-02T23:14:05Z",
        "lastlocalchecktime": "2023-09-02 23:14:05",
        "lastlocalchecktime_iso8601": "2023-09-02T23:14:05Z",
        "clicktimestamp": "2023-09-03 09:31:19",
        "clicktimestamp_iso8601": "2023-09-03T09:31:19Z",
        "clickcount": 30,
        "clicktrend": 0,
        "ssl_error": 0,
        "geo_lat": null,
        "geo_long": null,
        "has_extended_info": false
    }
]