[
    {
        "changeuuid": "c3c9d46d-f697-47e8-b73a-b218ecf0f473",
        "stationuuid": "ee918038-7624-461b-8b2a-29aadf2bc872",
        "serveruuid": "493d09e4-3a45-43f8-92c6-d9ddb9ecafc2",
        "name": "La Nueva Radio | Nicaragua",
        "url": "https://stream.zenolive.com/axr92qawesmtv",
        "url_resolved": "https://stream-025.zeno.fm/axr92qawesmtv?zs=u-EK01yYQyGNPUoqwNgQ6w",
        "homepage": "https://nuevaya.com.ni/",
        "favicon": "https://nuevaya.com.ni/apple-touch-icon-120x120.png",
        "tags": "",
        "country": "Nicaragua",
        "countrycode": "NI",
        "iso_3166_2": null,
        "state": "Managua",
        "language": "spanish",
        "languagecodes": "es",
        "votes": 1066,
        "lastchangetime": "2022-03-28 13:29:00",
        "lastchangetime_iso8601": "2022-03-28T13:29:00Z",
        "codec": "MP3",
        "bitrate": 0,
        "hls": 0,
        "lastcheckok": 1,
        "lastchecktime": "2023-04-08 07:46:13",
        "lastchecktime_iso8601": "2023-04-08T07:46:13Z",
        "lastcheckoktime": "2023-04-08 07:46:13",
        "lastcheckoktime_iso8601": "2023-04-08T07:46:13Z",
        "lastlocalchecktime": "2023-04-07 16:59:22",
        "lastlocalchecktime_iso8601": "2023-04-07T16:59:22Z",
        "clicktimestamp": "2023-04-08 14:13:50",
        "clicktimestamp_iso8601": "2023-04-08T14:13:50Z",
        "clickcount": 194,
        "clicktrend": 8,
        "ssl_error": 0,
        "geo_lat": null,
        "geo_long": null,
        "has_extended_info": false
    },
    {
        "changeuuid": "c1183c32-705b-4b15-a8a7-55ae5645f6b4",
        "stationuuid": "963c1ab6-0601-11e8-ae97-52543be04c81",
        "serveruuid": "5b67311e-b897-4c87-9e44-082754dd6bfe",
        "name": "Nicaragua Reggae Radio.com",
        "url": "http://online.radiodifusion.net:8054/stream/1/",
        "url_resolved": "http://online.radiodifusion.net:8054/stream/1/",
        "homepage": "http://nicaraguareggae.com/",
        "favicon": "",
        "tags": "reggae",
        "country": "Nicaragua",
        "countrycode": "NI",
        "iso_3166_2": null,
        "state": "",
        "language": "spanish",
        "languagecodes": "es",
        "votes": 912,
        "lastchangetime": "2023-03-26 21:48:10",
        "lastchangetime_iso8601": "2023-03-26T21:48:10Z",
        "codec": "AAC+",
        "bitrate": 48,
        "hls": 0,
        "lastcheckok": 1,
        "lastchecktime": "2023-04-08 02:06:42",
        "lastchecktime_iso8601": "2023-04-08T02:06:42Z",
        "lastcheckoktime": "2023-04-08 02:06:42",
        "lastcheckoktime_iso8601": "2023-04-08T02:06:42Z",
        "lastlocalchecktime": "2023-04-07 18:04:52",
        "lastlocalchecktime_iso8601": "2023-04-07T18:04:52Z",
        "clicktimestamp": "2023-04-08 11:45:45",
        "clicktimestamp_iso8601": "2023-04-08T11:45:45Z",
        "clickcount": 91,
        "clicktrend": 6,
        "ssl_error": 0,
        "geo_lat": null,
        "geo_long": null,
        "has_extended_info": false
    },
    {
        "changeuuid": "9f6cb8f3-da2b-4d57-97b9-1a858b215965",
        "stationuuid": "963fd86e-0601-11e8-ae97-52543be04c81",
        "serveruuid": "23db0843-e096-4f6a-8f34-862cdcfab8b1",
        "name": "The Sound of the Caribbean Radio",
        "url": "http://198.27.66.225:8324/stream",
        "url_resolved": "http://198.27.66.225:8324/stream",
        "homepage": "http://thesoundofthecarebian.com/",
        "favicon": "http://thesoundofthecarebian.com/wp-content/uploads/2023/01/cropped-logo.png",
        "tags": "caribbean music,reggae",
        "country": "Nicaragua",
        "countrycode": "NI",
        "iso_3166_2": null,
        "state": "",
        "language": "english",
        "languagecodes": "en",
        "votes": 844,
        "lastchangetime": "2023-03-08 21:35:27",
        "lastchangetime_iso8601": "2023-03-08T21:35:27Z",
        "codec": "MP3",
        "bitrate": 128,
        "hls": 0,
        "lastcheckok": 1,
        "lastchecktime": "2023-04-08 07:00:34",
        "lastchecktime_iso8601": "2023-04-08T07:00:34Z",
        "lastcheckoktime": "2023-04-08 07:00:34",
        "lastcheckoktime_iso8601": "2023-04-08T07:00:34Z",
        "lastlocalchecktime": "2023-04-07 17:36:00",
        "lastlocalchecktime_iso8601": "2023-04-07T17:36:00Z",
        "clicktimestamp": "2023-04-08 09:00:32",
        "clicktimestamp_iso8601": "2023-04-08T09:00:32Z",
        "clickcount": 54,
        "clicktrend": 2,
        "ssl_error": 0,
        "geo_lat": null,
        "geo_long": null,
        "has_extended_info": false
    },
    {
        "changeuuid": "18a9d433-af50-4f1b-a672-559d3a45e32a",
        "stationuuid": "1b995c9e-f1df-11e9-a96c-52543be04c81",
        "serveruuid": "710cf37a-e78f-4250-98c2-8e4d7744f5df",
        "name": "Radio La Primer\u00edsima",
        "url": "http://server.3hostingnica.com:9000/&type=mp3",
        "url_resolved": "http://server.3hostingnica.com:9000/&type=mp3",
        "homepage": "http://www.radiolaprimerisima.com/",
        "favicon": "https://radiolaprimerisima.com/wp-content/uploads/2023/02/cropped-cropped-satellite-dish-180x180-1-1-180x180.png",
        "tags": "",
        "country": "Nicaragua",
        "countrycode": "NI",
        "iso_3166_2": null,
        "state": "",
        "language": "spanish",
        "languagecodes": "es",
        "votes": 673,
        "lastchangetime": "2023-03-17 05:24:02",
        "lastchangetime_iso8601": "2023-03-17T05:24:02Z",
        "codec": "AAC+",
        "bitrate": 48,
        "hls": 0,
        "lastcheckok": 1,
        "lastchecktime": "2023-04-08 12:13:03",
        "lastchecktime_iso8601": "2023-04-08T12:13:03Z",
        "lastcheckoktime": "2023-04-08 12:13:03",
        "lastcheckoktime_iso8601": "2023-04-08T12:13:03Z",
        "lastlocalchecktime": "2023-04-08 09:33:47",
        "lastlocalchecktime_iso8601": "2023-04-08T09:33:47Z",
        "clicktimestamp": "2023-04-08 13:18:41",
        "clicktimestamp_iso8601": "2023-04-08T13:18:41Z",
        "clickcount": 47,
        "clicktrend": 1,
        "ssl_error": 0,
        "geo_lat": null,
        "geo_long": null,
        "has_extended_info": false
    },
    {
        "changeuuid": "75a50089-7008-4a3e-b925-839439d6c251",
        "stationuuid": "e441540e-5a8f-11e9-a622-52543be04c81",
        "serveruuid": "8db38d07-1d3b-4f97-a1d8-a42ebbee8243",
        "name": "RADIO MARIA NICARAGUA",
        "url": "http://dreamsiteradiocp4.com:8048/stream",
        "url_resolved": "http://dreamsiteradiocp4.com:8048/stream",
        "homepage": "https://www.radiomaria.org.ni/",
        "favicon": "",
        "tags": "catholic,religion,talk",
        "country": "Nicaragua",
        "countrycode": "NI",
        "iso_3166_2": null,
        "state": "",
        "language": "",
        "languagecodes": "",
        "votes": 516,
        "lastchangetime": "2022-08-29 03:45:06",
        "lastchangetime_iso8601": "2022-08-29T03:45:06Z",
        "codec": "MP3",
        "bitrate": 48,
        "hls": 0,
        "lastcheckok": 1,
        "lastchecktime": "2023-04-08 01:56:30",
        "lastchecktime_iso8601": "2023-04-08T01:56:30Z",
        "lastcheckoktime": "2023-04-08 01:56:30",
        "lastcheckoktime_iso8601": "2023-04-08T01:56:30Z",
        "lastlocalchecktime": "2023-04-07 16:40:05",
        "lastlocalchecktime_iso8601": "2023-04-07T16:40:05Z",
        "clicktimestamp": "2023-04-08 12:58:16",
        "clicktimestamp_iso8601": "2023-04-08T12:58:16Z",
        "clickcount": 46,
        "clicktrend": 4,
        "ssl_error": 0,
        "geo_lat": null,
        "geo_long": null,
        "has_extended_info": false
    },
    {
        "changeuuid": "9ec4c798-1230-40a1-a188-7f187b070add",
        "stationuuid": "349e1ca6-d008-4f84-8952-8d50561d82f3",
        "serveruuid": "72e944dc-0f7a-4680-9a5a-b100f09aa2ff",
        "name": "Radio Vandalica Nicaragua",
        "url": "https://stream.zeno.fm/caq3fwn1fnruv",
        "url_resolved": "https://stream-014.zeno.fm/caq3fwn1fnruv?zs=S6krukQ2RK2hdkxF6sJFPg",
        "homepage": "https://zeno.fm/radio-vandalica-nicaragua/",
        "favicon": "https://zeno.fm/static/icons/apple-icon-120x120.png",
        "tags": "",
        "country": "Nicaragua",
        "countrycode": "NI",
        "iso_3166_2": null,
        "state": "",
        "language": "spanish",
        "languagecodes": "es",
        "votes": 367,
        "lastchangetime": "2022-05-16 12:58:12",
        "lastchangetime_iso8601": "2022-05-16T12:58:12Z",
        "codec": "MP3",
        "bitrate": 0,
        "hls": 0,
        "lastcheckok": 1,
        "lastchecktime": "2023-04-08 10:57:36",
        "lastchecktime_iso8601": "2023-04-08T10:57:36Z",
        "lastcheckoktime": "2023-04-08 10:57:36",
        "lastcheckoktime_iso8601": "2023-04-08T10:57:36Z",
        "lastlocalchecktime": "2023-04-08 09:45:23",
        "lastlocalchecktime_iso8601": "2023-04-08T09:45:23Z",
        "clicktimestamp": "2023-04-06 18:18:38",
        "clicktimestamp_iso8601": "2023-04-06T18:18:38Z",
        "clickcount": 25,
        "clicktrend": -1,
        "ssl_error": 0,
        "geo_lat": null,
        "geo_long": null,
        "has_extended_info": false
    },
    {
        "changeuuid": "5e8dfb4e-8181-4872-9059-c468a069f905",
        "stationuuid": "7aed25ec-e767-48be-ac2c-854fef23656a",
        "serveruuid": "4efde6f9-4571-4fda-91ec-6035df13d3d0",
        "name": "La Voz del Norte",
        "url": "https://stream.zeno.fm/cbd1wweamzzuv",
        "url_resolved": "https://stream-063.zeno.fm/cbd1wweamzzuv?zs=05zqxWRVQXqy1siWUu_tlw",
        "homepage": "https://www.radiolavozdelnorte.com/",
        "favicon": "https://4.bp.blogspot.com/-ipArh5aF-_o/XnfT9w4nwFI/AAAAAAAASwQ/mGVFLZGKs3o04nz8Es7B-lqmIpVoFzKwwCK4BGAYYCw/s1600/lavoz.png",
        "tags": "news,noticias",
        "country": "Nicaragua",
        "countrycode": "NI",
        "iso_3166_2": null,
        "state": "Estel\u00ed",
        "language": "spanish",
        "languagecodes": "es",
        "votes": 328,
        "lastchangetime": "2022-03-28 11:25:48",
        "lastchangetime_iso8601": "2022-03-28T11:25:48Z",
        "codec": "MP3",
        "bitrate": 0,
        "hls": 0,
        "lastcheckok": 1,
        "lastchecktime": "2023-04-08 07:05:34",
        "lastchecktime_iso8601": "2023-04-08T07:05:34Z",
        "lastcheckoktime": "2023-04-08 07:05:34",
        "lastcheckoktime_iso8601": "2023-04-08T07:05:34Z",
        "lastlocalchecktime": "2023-04-07 17:55:03",
        "lastlocalchecktime_iso8601": "2023-04-07T17:55:03Z",
        "clicktimestamp": "2023-04-08 08:26:45",
        "clicktimestamp_iso8601": "2023-04-08T08:26:45Z",
        "clickcount": 32,
        "clicktrend": -5,
        "ssl_error": 0,
        "geo_lat": null,
        "geo_long": null,
        "has_extended_info": false
    },
    {
        "changeuuid": "5ace1e88-0721-414c-8a45-b60db2e881b9",
        "stationuuid": "83ce6c34-1688-4713-915a-310eeb404b15",
        "serveruuid": "15ec9e02-5b34-4627-8785-bca2f32e087c",
        "name": "Radio Estereo M\u00fasica",
        "url": "http://stream.zenolive.com/8mwf6ssgtceuv.m3u",
        "url_resolved": "http://stream-038.zeno.fm/8mwf6ssgtceuv?zs=9vgFOjT5TRWyIO7kkXCcVA",
        "homepage": "https://radiomusicnicaragu.wixsite.com/online",
        "favicon": "https://www.wix.com/favicon.ico",
        "tags": "",
        "country": "Nicaragua",
        "countrycode": "NI",
        "iso_3166_2": null,
        "state": "",
        "language": "spanish",
        "languagecodes": "es",
        "votes": 276,
        "lastchangetime": "2022-05-14 15:44:01",
        "lastchangetime_iso8601": "2022-05-14T15:44:01Z",
        "codec": "AAC",
        "bitrate": 0,
        "hls": 0,
        "lastcheckok": 1,
        "lastchecktime": "2023-04-07 23:54:42",
        "lastchecktime_iso8601": "2023-04-07T23:54:42Z",
        "lastcheckoktime": "2023-04-07 23:54:42",
        "lastcheckoktime_iso8601": "2023-04-07T23:54:42Z",
        "lastlocalchecktime": "2023-04-07 19:57:48",
        "lastlocalchecktime_iso8601": "2023-04-07T19:57:48Z",
        "clicktimestamp": "2023-04-07 16:29:44",
        "clicktimestamp_iso8601": "2023-04-07T16:29:44Z",
        "clickcount": 24,
        "clicktrend": 1,
        "ssl_error": 0,
        "geo_lat": null,
        "geo_long": null,
        "has_extended_info": false
    },
    {
        "changeuuid": "da3d0cfc-8b66-471e-87b0-1a8772f64cc9",
        "stationuuid": "1334b18d-a7f3-4ada-b5d5-2642623e60f0",
        "serveruuid": "803448cd-5fcd-439a-b9b3-8a2963aa69fb",
        "name": "Radio Cat\u00f3lica de Nicaragua",
        "url": "http://198.27.68.65:8555/listen.pls?sid=1",
        "url_resolved": "http://198.27.68.65:8555/stream",
        "homepage": "http://www.radiocatolica.org/web/",
        "favicon": "",
        "tags": "religion",
        "country": "Nicaragua",
        "countrycode": "NI",
        "iso_3166_2": null,
        "state": "",
        "language": "spanish",
        "languagecodes": "es",
        "votes": 253,
        "lastchangetime": "2022-08-27 06:15:12",
        "lastchangetime_iso8601": "2022-08-27T06:15:12Z",
        "codec": "MP3",
        "bitrate": 96,
        "hls": 0,
        "lastcheckok": 1,
        "lastchecktime": "2023-04-07 23:54:42",
        "lastchecktime_iso8601": "2023-04-07T23:54:42Z",
        "lastcheckoktime": "2023-04-07 23:54:42",
        "lastcheckoktime_iso8601": "2023-04-07T23:54:42Z",
        "lastlocalchecktime": "2023-04-07 18:28:41",
        "lastlocalchecktime_iso8601": "2023-04-07T18:28:41Z",
        "clicktimestamp": "2023-04-08 12:53:09",
        "clicktimestamp_iso8601": "2023-04-08T12:53:09Z",
        "clickcount": 89,
        "clicktrend": 1,
        "ssl_error": 0,
        "geo_lat": null,
        "geo_long": null,
        "has_extended_info": false
    },
    {
        "changeuuid": "2debae39-b163-4741-988c-c92355214eed",
        "stationuuid": "dfa426c5-bb79-4cc2-a634-8c0bbc348ad1",
        "serveruuid": "c95b146d-fbc3-4138-ac2f-d1c169096fe5",
        "name": "Radio Zinica",
        "url": "http://server.3hostingnica.com:8006/",
        "url_resolved": "http://server.3hostingnica.com:8006/",
        "homepage": "http://www.radiozinica.net/",
        "favicon": "",
        "tags": "",
        "country": "Nicaragua",
        "countrycode": "NI",
        "iso_3166_2": null,
        "state": "",
        "language": "spanish",
        "languagecodes": "es",
        "votes": 253,
        "lastchangetime": "2022-09-08 00:57:48",
        "lastchangetime_iso8601": "2022-09-08T00:57:48Z",
        "codec": "AAC+",
        "bitrate": 32,
        "hls": 0,
        "lastcheckok": 1,
        "lastchecktime": "2023-04-08 01:31:02",
        "lastchecktime_iso8601": "2023-04-08T01:31:02Z",
        "lastcheckoktime": "2023-04-08 01:31:02",
        "lastcheckoktime_iso8601": "2023-04-08T01:31:02Z",
        "lastlocalchecktime": "2023-04-07 16:51:47",
        "lastlocalchecktime_iso8601": "2023-04-07T16:51:47Z",
        "clicktimestamp": "2023-04-08 10:49:24",
        "clicktimestamp_iso8601": "2023-04-08T10:49:24Z",
        "clickcount": 31,
        "clicktrend": 1,
        "ssl_error": 0,
        "geo_lat": null,
        "geo_long": null,
        "has_extended_info": false
    },
    {
        "changeuuid": "2a878dee-b082-47f5-8413-0c51e68acf0f",
        "stationuuid": "4493636a-3b81-4383-85ca-e49ccd504cd7",
        "serveruuid": "e08ed4b7-e8dd-4a06-bdce-5faa7275df61",
        "name": "Est\u00e9reo Romance",
        "url": "https://stereoromance.radioca.st/streams/128kbps.m3u",
        "url_resolved": "https://stereoromance.radioca.st/streams/128kbps.m3u",
        "homepage": "https://www.stereo-romance.com/",
        "favicon": "https://www.stereo-romance.com/images/logo-web.png",
        "tags": "",
        "country": "Nicaragua",
        "countrycode": "NI",
        "iso_3166_2": null,
        "state": "",
        "language": "spanish",
        "languagecodes": "es",
        "votes": 247,
        "lastchangetime": "2022-04-20 12:47:56",
        "lastchangetime_iso8601": "2022-04-20T12:47:56Z",
        "codec": "MP3",
        "bitrate": 128,
        "hls": 0,
        "lastcheckok": 1,
        "lastchecktime": "2023-04-08 04:33:31",
        "lastchecktime_iso8601": "2023-04-08T04:33:31Z",
        "lastcheckoktime": "2023-04-08 04:33:31",
        "lastcheckoktime_iso8601": "2023-04-08T04:33:31Z",
        "lastlocalchecktime": "2023-04-07 15:47:02",
        "lastlocalchecktime_iso8601": "2023-04-07T15:47:02Z",
        "clicktimestamp": "2023-04-08 03:54:19",
        "clicktimestamp_iso8601": "2023-04-08T03:54:19Z",
        "clickcount": 27,
        "clicktrend": 2,
        "ssl_error": 0,
        "geo_lat": null,
        "geo_long": null,
        "has_extended_info": false
    },
    {
        "changeuuid": "9cd094ef-681f-48dd-854d-d549befade85",
        "stationuuid": "c97a0d0e-029f-4741-ad6d-d7f6f98c73f5",
        "serveruuid": "d1f249e6-fcad-4ec2-bb58-aaf4beaa95b4",
        "name": "Masaya Rebelde",
        "url": "https://stream.zeno.fm/bhutktvbfv8uv",
        "url_resolved": "https://stream-054.zeno.fm/bhutktvbfv8uv?zs=nUHqI_i0Sm-vfgkV0T6Uhw",
        "homepage": "https://nicarebeldetv.com/",
        "favicon": "https://nicarebeldetv.com/favicon.ico",
        "tags": "",
        "country": "Nicaragua",
        "countrycode": "NI",
        "iso_3166_2": null,
        "state": "",
        "language": "spanish",
        "languagecodes": "es",
        "votes": 194,
        "lastchangetime": "2023-03-21 00:50:40",
        "lastchangetime_iso8601": "2023-03-21T00:50:40Z",
        "codec": "MP3",
        "bitrate": 0,
        "hls": 0,
        "lastcheckok": 1,
        "lastchecktime": "2023-04-08 04:48:37",
        "lastchecktime_iso8601": "2023-04-08T04:48:37Z",
        "lastcheckoktime": "2023-04-08 04:48:37",
        "lastcheckoktime_iso8601": "2023-04-08T04:48:37Z",
        "lastlocalchecktime": "2023-04-07 18:37:21",
        "lastlocalchecktime_iso8601": "2023-04-07T18:37:21Z",
        "clicktimestamp": "2023-04-07 00:59:40",
        "clicktimestamp_iso8601": "2023-04-07T00:59:40Z",
        "clickcount": 20,
        "clicktrend": -2,
        "ssl_error": 0,
        "geo_lat": null,
        "geo_long": null,
        "has_extended_info": false
    },
    {
        "changeuuid": "b6b6a75c-e128-48ce-9fd6-d50cf760a22f",
        "stationuuid": "06ce7631-0f06-4315-aca8-bc90123f92fe",
        "serveruuid": "5a4da78e-e3aa-4a6c-97f3-33ea928c124d",
        "name": "Radio Hermanos",
        "url": "https://stream.zenolive.com/vq7z0a3u7mruv",
        "url_resolved": "https://stream-007.zeno.fm/vq7z0a3u7mruv?zs=cL5OdjzOQYS6xMynYw45oQ",
        "homepage": "https://www.facebook.com/radiohermanosnic/",
        "favicon": "https://cdn.webrad.io/images/logos/radios-co-ni/hermanos-96-3.png",
        "tags": "religion",
        "country": "Nicaragua",
        "countrycode": "NI",
        "iso_3166_2": null,
        "state": "",
        "language": "spanish",
        "languagecodes": "es",
        "votes": 161,
        "lastchangetime": "2022-04-20 11:17:39",
        "lastchangetime_iso8601": "2022-04-20T11:17:39Z",
        "codec": "MP3",
        "bitrate": 0,
        "hls": 0,
        "lastcheckok": 1,
        "lastchecktime": "2023-04-08 11:24:04",
        "lastchecktime_iso8601": "2023-04-08T11:24:04Z",
        "lastcheckoktime": "2023-04-08 11:24:04",
        "lastcheckoktime_iso8601": "2023-04-08T11:24:04Z",
        "lastlocalchecktime": "2023-04-08 11:24:04",
        "lastlocalchecktime_iso8601": "2023-04-08T11:24:04Z",
        "clicktimestamp": "2023-04-07 10:41:51",
        "clicktimestamp_iso8601": "2023-04-07T10:41:51Z",
        "clickcount": 18,
        "clicktrend": -3,
        "ssl_error": 0,
        "geo_lat": null,
        "geo_long": null,
        "has_extended_info": false
    },
    {
        "changeuuid": "6a6a74fe-ed36-4b79-9f99-76c2a7b85bcd",
        "stationuuid": "76fba99d-0a3f-4cdc-942a-9038f7a9700c",
        "serveruuid": "e60af6a8-78d5-456a-98c9-77a69ab9e68c",
        "name": "Radio Estrella del Mar",
        "url": "https://streamer.radio.co/sd5242d0b6/listen",
        "url_resolved": "https://streamer.radio.co/sd5242d0b6/listen",
        "homepage": "https://www.radioestrelladelmar.org/",
        "favicon": "",
        "tags": "",
        "country": "Nicaragua",
        "countrycode": "NI",
        "iso_3166_2": null,
        "state": "",
        "language": "spanish",
        "languagecodes": "es",
        "votes": 152,
        "lastchangetime": "2022-09-03 22:25:59",
        "lastchangetime_iso8601": "2022-09-03T22:25:59Z",
        "codec": "MP3",
        "bitrate": 128,
        "hls": 0,
        "lastcheckok": 1,
        "lastchecktime": "2023-04-08 11:03:02",
        "lastchecktime_iso8601": "2023-04-08T11:03:02Z",
        "lastcheckoktime": "2023-04-08 11:03:02",
        "lastcheckoktime_iso8601": "2023-04-08T11:03:02Z",
        "lastlocalchecktime": "2023-04-07 18:21:49",
        "lastlocalchecktime_iso8601": "2023-04-07T18:21:49Z",
        "clicktimestamp": "2023-04-07 16:18:28",
        "clicktimestamp_iso8601": "2023-04-07T16:18:28Z",
        "clickcount": 20,
        "clicktrend": -2,
        "ssl_error": 0,
        "geo_lat": null,
        "geo_long": null,
        "has_extended_info": false
    },
    {
        "changeuuid": "1291fa2d-fd7d-4e2b-93ce-fe495d0f653c",
        "stationuuid": "3a512d4b-47e9-43ec-9be1-fef84d22b996",
        "serveruuid": "29d3c526-5ae7-4b37-b2ec-00f4374ce4d5",
        "name": "Advent Stereo",
        "url": "http://streaming.admediasystem.net:9642/",
        "url_resolved": "http://streaming.admediasystem.net:9642/",
        "homepage": "http://www.adventstereo.org/",
        "favicon": "",
        "tags": "adventista,cristiana,religiosa",
        "country": "Nicaragua",
        "countrycode": "NI",
        "iso_3166_2": null,
        "state": "",
        "language": "spanish",
        "languagecodes": "es",
        "votes": 150,
        "lastchangetime": "2022-08-27 23:05:02",
        "lastchangetime_iso8601": "2022-08-27T23:05:02Z",
        "codec": "AAC+",
        "bitrate": 64,
        "hls": 0,
        "lastcheckok": 1,
        "lastchecktime": "2023-04-08 02:42:23",
        "lastchecktime_iso8601": "2023-04-08T02:42:23Z",
        "lastcheckoktime": "2023-04-08 02:42:23",
        "lastcheckoktime_iso8601": "2023-04-08T02:42:23Z",
        "lastlocalchecktime": "2023-04-07 16:44:30",
        "lastlocalchecktime_iso8601": "2023-04-07T16:44:30Z",
        "clicktimestamp": "2023-04-08 13:36:24",
        "clicktimestamp_iso8601": "2023-04-08T13:36:24Z",
        "clickcount": 19,
        "clicktrend": 2,
        "ssl_error": 0,
        "geo_lat": null,
        "geo_long": null,
        "has_extended_info": false
    },
    {
        "changeuuid": "2657f929-67f4-4bb4-ab6f-43b43b0e5c1f",
        "stationuuid": "745eb14b-b2a1-4835-b871-edbdb3907366",
        "serveruuid": "4efde6f9-4571-4fda-91ec-6035df13d3d0",
        "name": "RADIO MOGOT\u00d3N",
        "url": "https://stream.zeno.fm/gq8au9gt5yzuv",
        "url_resolved": "https://stream-063.zeno.fm/gq8au9gt5yzuv?zs=88mR6TJ7TFa6btHTY3B4QA",
        "homepage": "http://radiolavozdelpinar.com/",
        "favicon": "",
        "tags": "",
        "country": "Nicaragua",
        "countrycode": "NI",
        "iso_3166_2": null,
        "state": "Nueva ",
        "language": "spanish",
        "languagecodes": "es",
        "votes": 146,
        "lastchangetime": "2022-03-28 09:50:03",
        "lastchangetime_iso8601": "2022-03-28T09:50:03Z",
        "codec": "MP3",
        "bitrate": 0,
        "hls": 0,
        "lastcheckok": 1,
        "lastchecktime": "2023-04-08 00:10:03",
        "lastchecktime_iso8601": "2023-04-08T00:10:03Z",
        "lastcheckoktime": "2023-04-08 00:10:03",
        "lastcheckoktime_iso8601": "2023-04-08T00:10:03Z",
        "lastlocalchecktime": "2023-04-07 19:44:45",
        "lastlocalchecktime_iso8601": "2023-04-07T19:44:45Z",
        "clicktimestamp": "2023-04-07 14:51:46",
        "clicktimestamp_iso8601": "2023-04-07T14:51:46Z",
        "clickcount": 34,
        "clicktrend": -2,
        "ssl_error": 0,
        "geo_lat": null,
        "geo_long": null,
        "has_extended_info": false
    },
    {
        "changeuuid": "ac1378ed-786c-47ec-b5dd-39c8d074c976",
        "stationuuid": "7773299b-3b74-45d8-8ab5-d8ec29ac05b8",
        "serveruuid": "736e930c-6051-4cf2-906d-ba1c660dccad",
        "name": "Union Nacional Patriotica",
        "url": "https://stream.zeno.fm/ap6umv11pzzuv",
        "url_resolved": "https://stream-038.zeno.fm/ap6umv11pzzuv?zs=yOzixJZXRJGhxGRp-u91vg",
        "homepage": "https://www.facebook.com/UNP.SEBACO.EN.RESISTENCIA/",
        "favicon": "",
        "tags": "",
        "country": "Nicaragua",
        "countrycode": "NI",
        "iso_3166_2": null,
        "state": "",
        "language": "spanish",
        "languagecodes": "es",
        "votes": 115,
        "lastchangetime": "2022-05-15 13:31:24",
        "lastchangetime_iso8601": "2022-05-15T13:31:24Z",
        "codec": "MP3",
        "bitrate": 0,
        "hls": 0,
        "lastcheckok": 1,
        "lastchecktime": "2023-04-08 09:33:47",
        "lastchecktime_iso8601": "2023-04-08T09:33:47Z",
        "lastcheckoktime": "2023-04-08 09:33:47",
        "lastcheckoktime_iso8601": "2023-04-08T09:33:47Z",
        "lastlocalchecktime": "2023-04-08 09:33:47",
        "lastlocalchecktime_iso8601": "2023-04-08T09:33:47Z",
        "clicktimestamp": "2023-04-07 17:28:40",
        "clicktimestamp_iso8601": "2023-04-07T17:28:40Z",
        "clickcount": 11,
        "clicktrend": 1,
        "ssl_error": 0,
        "geo_lat": null,
        "geo_long": null,
        "has_extended_info": false
    },
    {
        "changeuuid": "ee24cdad-ef37-4e6e-b1d3-3e412aa48844",
        "stationuuid": "3802a22f-f011-4942-9df0-7256aeb07ec9",
        "serveruuid": "33ce972a-4305-46ba-859f-ebc9af9e7d99",
        "name": "Radio Rep\u00fablica",
        "url": "https://stream.zeno.fm/3kruxu5a9s8uv",
        "url_resolved": "https://stream-062.zeno.fm/3kruxu5a9s8uv?zs=djq1WmGLR-qbY0ZJz3UZSw",
        "homepage": "https://radio-republica.com/",
        "favicon": "https://i0.wp.com/radio-republica.com/wp-content/uploads/2020/11/cropped-5fbc416d1eb34.png?fit=180%2c180&#038;ssl=1",
        "tags": "",
        "country": "Nicaragua",
        "countrycode": "NI",
        "iso_3166_2": null,
        "state": "",
        "language": "spanish",
        "languagecodes": "es",
        "votes": 114,
        "lastchangetime": "2022-03-28 10:02:44",
        "lastchangetime_iso8601": "2022-03-28T10:02:44Z",
        "codec": "MP3",
        "bitrate": 0,
        "hls": 0,
        "lastcheckok": 1,
        "lastchecktime": "2023-04-08 01:56:30",
        "lastchecktime_iso8601": "2023-04-08T01:56:30Z",
        "lastcheckoktime": "2023-04-08 01:56:30",
        "lastcheckoktime_iso8601": "2023-04-08T01:56:30Z",
        "lastlocalchecktime": "2023-04-07 18:32:44",
        "lastlocalchecktime_iso8601": "2023-04-07T18:32:44Z",
        "clicktimestamp": "2023-04-07 23:08:55",
        "clicktimestamp_iso8601": "2023-04-07T23:08:55Z",
        "clickcount": 16,
        "clicktrend": 0,
        "ssl_error": 0,
        "geo_lat": null,
        "geo_long": null,
        "has_extended_info": false
    },
    {
        "changeuuid": "073b2045-0ef8-4c88-99e8-2af0869644d7",
        "stationuuid": "0a6b9357-3657-4cd2-a0e0-8aafc6a22c56",
        "serveruuid": "079128e0-f278-4d3c-b27b-53694b243d6c",
        "name": "Radio Comunidad",
        "url": "https://stream.zeno.fm/q70e6btc2d0uv",
        "url_resolved": "https://stream-027.zeno.fm/q70e6btc2d0uv?zs=reAv_cGdRXW53ObRifcwhQ",
        "homepage": "https://www.aprodim.org/",
        "favicon": "",
        "tags": "",
        "country": "Nicaragua",
        "countrycode": "NI",
        "iso_3166_2": null,
        "state": "Carazo",
        "language": "spanish",
        "languagecodes": "es",
        "votes": 105,
        "lastchangetime": "2022-08-28 01:45:36",
        "lastchangetime_iso8601": "2022-08-28T01:45:36Z",
        "codec": "MP3",
        "bitrate": 0,
        "hls": 0,
        "lastcheckok": 1,
        "lastchecktime": "2023-04-08 09:36:26",
        "lastchecktime_iso8601": "2023-04-08T09:36:26Z",
        "lastcheckoktime": "2023-04-08 09:36:26",
        "lastcheckoktime_iso8601": "2023-04-08T09:36:26Z",
        "lastlocalchecktime": "2023-04-08 09:36:26",
        "lastlocalchecktime_iso8601": "2023-04-08T09:36:26Z",
        "clicktimestamp": "2023-04-07 17:28:41",
        "clicktimestamp_iso8601": "2023-04-07T17:28:41Z",
        "clickcount": 13,
        "clicktrend": 1,
        "ssl_error": 0,
        "geo_lat": null,
        "geo_long": null,
        "has_extended_info": false
    },
    {
        "changeuuid": "77ad69c9-1764-498f-a01f-8472ada0e50f",
        "stationuuid": "f7bf566f-05d9-4c8b-b5e9-dfcf2a10d76f",
        "serveruuid": "baadb96a-7df1-4268-b18d-f54ae1c0ee06",
        "name": "CAWtv",
        "url": "https://stream.zeno.fm/m8aakwyw9u8uv",
        "url_resolved": "https://stream-075.zeno.fm/m8aakwyw9u8uv?zs=14XZ2WXZSa2MMTIsrsZExg",
        "homepage": "https://cawtv.net/",
        "favicon": "https://cawtvonline.files.wordpress.com/2020/04/97af6-logo-caw-transparente.png?w=362&h=168",
        "tags": "",
        "country": "Nicaragua",
        "countrycode": "NI",
        "iso_3166_2": null,
        "state": "",
        "language": "spanish",
        "languagecodes": "es",
        "votes": 100,
        "lastchangetime": "2022-03-28 16:28:57",
        "lastchangetime_iso8601": "2022-03-28T16:28:57Z",
        "codec": "MP3",
        "bitrate": 0,
        "hls": 0,
        "lastcheckok": 1,
        "lastchecktime": "2023-04-08 12:06:33",
        "lastchecktime_iso8601": "2023-04-08T12:06:33Z",
        "lastcheckoktime": "2023-04-08 12:06:33",
        "lastcheckoktime_iso8601": "2023-04-08T12:06:33Z",
        "lastlocalchecktime": "2023-04-08 11:46:48",
        "lastlocalchecktime_iso8601": "2023-04-08T11:46:48Z",
        "clicktimestamp": "2023-04-06 14:23:47",
        "clicktimestamp_iso8601": "2023-04-06T14:23:47Z",
        "clickcount": 10,
        "clicktrend": -1,
        "ssl_error": 0,
        "geo_lat": null,
        "geo_long": null,
        "has_extended_info": false
    },
    {
        "changeuuid": "71b18fc0-b3b5-479a-89fe-894ab5e5565c",
        "stationuuid": "accb9deb-c017-431d-b829-6ccd065975ef",
        "serveruuid": null,
        "name": "Exa FM",
        "url": "https://playerservices.streamtheworld.com/api/livestream-redirect/XHPSFMAAC.aac",
        "url_resolved": "https://26523.live.streamtheworld.com:443/XHPSFMAAC.aac",
        "homepage": "https://www.exafm.com/veracruz/",
        "favicon": "https://i.iheart.com/v3/re/new_assets/5f9883c7cde5eff19e6eabac",
        "tags": "93.3 fm,entretenimiento,espa\u00f1ol,estaci\u00f3n,exa,exa fm,fm,juvenil,la estaci\u00f3n exacta,la estaci\u00f3n naranja,moi merino,mvs,mvs noticias,mvs radio,m\u00fasica en espa\u00f1ol e ingl\u00e9s,m\u00fasica pop,ponte exa,pop,pop en espa\u00f1ol e ingl\u00e9s,pop music,pop rock,radio",
        "country": "Nicaragua",
        "countrycode": "NI",
        "iso_3166_2": null,
        "state": "",
        "language": "spanish",
        "languagecodes": "es",
        "votes": 72,
        "lastchangetime": "2022-12-12 05:54:16",
        "lastchangetime_iso8601": "2022-12-12T05:54:16Z",
        "codec": "AAC+",
        "bitrate": 48,
        "hls": 0,
        "lastcheckok": 1,
        "lastchecktime": "2023-04-08 12:06:33",
        "lastchecktime_iso8601": "2023-04-08T12:06:33Z",
        "lastcheckoktime": "2023-04-08 12:06:33",
        "lastcheckoktime_iso8601": "2023-04-08T12:06:33Z",
        "lastlocalchecktime": "2023-04-07 17:26:20",
        "lastlocalchecktime_iso8601": "2023-04-07T17:26:20Z",
        "clicktimestamp": "2023-04-05 03:10:53",
        "clicktimestamp_iso8601": "2023-04-05T03:10:53Z",
        "clickcount": 15,
        "clicktrend": 0,
        "ssl_error": 0,
        "geo_lat": null,
        "geo_long": null,
        "has_extended_info": false
    },
    {
        "changeuuid": "d940baf7-f720-4431-b589-1f62ad8ed87b",
        "stationuuid": "7e11d1d6-102e-4d99-8450-2d44856a89df",
        "serveruuid": "6f19b371-fd51-48ca-bc51-f3598e630e24",
        "name": "Radio Sendas FM",
        "url": "http://74.91.125.187:8028/listen.pls?sid=1",
        "url_resolved": "http://74.91.125.187:8028/stream",
        "homepage": "https://radiosendasfm.com/quienes-somos/",
        "favicon": "https://radiosendasfm.com/wp-content/uploads/2018/11/logosendas.png",
        "tags": "religion",
        "country": "Nicaragua",
        "countrycode": "NI",
        "iso_3166_2": null,
        "state": "",
        "language": "spanish",
        "languagecodes": "es",
        "votes": 40,
        "lastchangetime": "2023-02-27 18:24:21",
        "lastchangetime_iso8601": "2023-02-27T18:24:21Z",
        "codec": "MP3",
        "bitrate": 128,
        "hls": 0,
        "lastcheckok": 1,
        "lastchecktime": "2023-04-08 09:03:44",
        "lastchecktime_iso8601": "2023-04-08T09:03:44Z",
        "lastcheckoktime": "2023-04-08 09:03:44",
        "lastcheckoktime_iso8601": "2023-04-08T09:03:44Z",
        "lastlocalchecktime": "2023-04-08 09:03:44",
        "lastlocalchecktime_iso8601": "2023-04-08T09:03:44Z",
        "clicktimestamp": "2023-04-07 07:58:59",
        "clicktimestamp_iso8601": "2023-04-07T07:58:59Z",
        "clickcount": 20,
        "clicktrend": -2,
        "ssl_error": 0,
        "geo_lat": null,
        "geo_long": null,
        "has_extended_info": false
    },
    {
        "changeuuid": "69d6b3f3-40d3-43ee-8314-1cd8f2f2e6a5",
        "stationuuid": "70751ca9-f2b9-4c32-8c0d-98c3356eb6f9",
        "serveruuid": "7fb5f6ce-ec3a-4526-99f0-1fafb43f6af1",
        "name": "Rock FM 105.5",
        "url": "https://securestream.us/radio/8050/radio.mp3",
        "url_resolved": "https://securestream.us/radio/8050/radio.mp3",
        "homepage": "https://rockfm.com.ni/",
        "favicon": "https://www.onlineradiowall.com/wp-content/uploads/elementor/thumbs/Rock-FM-105.5-Logo-qdjdglsxpc6yh4npmz0m1c9knzfee4qo1dmme514gg.png",
        "tags": "classic rock,death metal,heavy metal,rock",
        "country": "Nicaragua",
        "countrycode": "NI",
        "iso_3166_2": null,
        "state": "Managua",
        "language": "english",
        "languagecodes": "en",
        "votes": 21,
        "lastchangetime": "2023-11-04 22:08:24",
        "lastchangetime_iso8601": "2023-11-04T22:08:24Z",
        "codec": "MP3",
        "bitrate": 256,
        "hls": 0,
        "lastcheckok": 1,
        "lastchecktime": "2023-11-07 01:25:09",
        "lastchecktime_iso8601": "2023-11-07T01:25:09Z",
        "lastcheckoktime": "2023-11-07 01:25:09",
        "lastcheckoktime_iso8601": "2023-11-07T01:25:09Z",
        "lastlocalchecktime": "2023-11-07 01:25:09",
        "lastlocalchecktime_iso8601": "2023-11-07T01:25:09Z",
        "clicktimestamp": "2023-11-07 12:58:56",
        "clicktimestamp_iso8601": "2023-11-07T12:58:56Z",
        "clickcount": 33,
        "clicktrend": 1,
        "ssl_error": 0,
        "geo_lat": 12.142029767830698,
        "geo_long": -86.26548757221977,
        "has_extended_info": false
    }
]