[
    {
        "changeuuid": "959473f5-008b-4569-98dd-949571a3f263",
        "stationuuid": "9620e2a3-0601-11e8-ae97-52543be04c81",
        "serveruuid": "f16db8b8-cccd-437a-8f12-6a681891fdd7",
        "name": "Kalika FM 95.2 FM",
        "url": "http://www.surfmusic.de/m3u/kalika-fm-95-2-fm,16363.m3u",
        "url_resolved": "http://kalika-stream.softnep.com:7740/stream",
        "homepage": "http://www.kalikafm.com.np/",
        "favicon": "https://www.kalikanews.com/images/favicon.png",
        "tags": "",
        "country": "Nepal",
        "countrycode": "NP",
        "iso_3166_2": null,
        "state": "",
        "language": "nepali",
        "languagecodes": "ne",
        "votes": 3315,
        "lastchangetime": "2023-01-05 18:25:52",
        "lastchangetime_iso8601": "2023-01-05T18:25:52Z",
        "codec": "MP3",
        "bitrate": 96,
        "hls": 0,
        "lastcheckok": 1,
        "lastchecktime": "2023-04-08 13:34:44",
        "lastchecktime_iso8601": "2023-04-08T13:34:44Z",
        "lastcheckoktime": "2023-04-08 13:34:44",
        "lastcheckoktime_iso8601": "2023-04-08T13:34:44Z",
        "lastlocalchecktime": "2023-04-08 13:34:44",
        "lastlocalchecktime_iso8601": "2023-04-08T13:34:44Z",
        "clicktimestamp": "2023-04-08 12:39:33",
        "clicktimestamp_iso8601": "2023-04-08T12:39:33Z",
        "clickcount": 72,
        "clicktrend": 2,
        "ssl_error": 0,
        "geo_lat": null,
        "geo_long": null,
        "has_extended_info": false
    },
    {
        "changeuuid": "ffa46be6-5fbd-4443-82f6-eba1c4f5bf6e",
        "stationuuid": "724e92cd-9d57-4fef-b7e6-adad9fcc270d",
        "serveruuid": "7ce1610d-8645-4d30-b63c-ac407d227123",
        "name": "Kantipur FM",
        "url": "https://radio-broadcast.ekantipur.com/stream",
        "url_resolved": "https://radio-broadcast.ekantipur.com/stream",
        "homepage": "https://radiokantipur.com/",
        "favicon": "https://radiokantipur.com/assets/ico/favicon.ico",
        "tags": "kantipur,kathmandu,nepal,nepali",
        "country": "Nepal",
        "countrycode": "NP",
        "iso_3166_2": null,
        "state": "Bagmati",
        "language": "english,nepali",
        "languagecodes": "en,ne",
        "votes": 2543,
        "lastchangetime": "2022-03-28 10:14:58",
        "lastchangetime_iso8601": "2022-03-28T10:14:58Z",
        "codec": "MP3",
        "bitrate": 64,
        "hls": 0,
        "lastcheckok": 1,
        "lastchecktime": "2023-04-08 01:05:36",
        "lastchecktime_iso8601": "2023-04-08T01:05:36Z",
        "lastcheckoktime": "2023-04-08 01:05:36",
        "lastcheckoktime_iso8601": "2023-04-08T01:05:36Z",
        "lastlocalchecktime": "2023-04-07 15:02:13",
        "lastlocalchecktime_iso8601": "2023-04-07T15:02:13Z",
        "clicktimestamp": "2023-04-08 11:29:34",
        "clicktimestamp_iso8601": "2023-04-08T11:29:34Z",
        "clickcount": 156,
        "clicktrend": -9,
        "ssl_error": 0,
        "geo_lat": 27.800209937418252,
        "geo_long": 85.330810546875,
        "has_extended_info": false
    },
    {
        "changeuuid": "920e0ce1-9e32-48e9-a8bf-b5e2ac5f9614",
        "stationuuid": "96497781-0601-11e8-ae97-52543be04c81",
        "serveruuid": "0a4d5bd4-60e3-4da5-9d80-fde8591f948a",
        "name": "Capital FM 92.4",
        "url": "http://streaming.softnep.net:8037/;",
        "url_resolved": "http://streaming.softnep.net:8037/;",
        "homepage": "http://www.cfmonair.com/",
        "favicon": "",
        "tags": "",
        "country": "Nepal",
        "countrycode": "NP",
        "iso_3166_2": null,
        "state": "Bagmati",
        "language": "nepali",
        "languagecodes": "ne",
        "votes": 1784,
        "lastchangetime": "2022-10-02 05:54:19",
        "lastchangetime_iso8601": "2022-10-02T05:54:19Z",
        "codec": "MP3",
        "bitrate": 128,
        "hls": 0,
        "lastcheckok": 1,
        "lastchecktime": "2023-04-08 13:23:06",
        "lastchecktime_iso8601": "2023-04-08T13:23:06Z",
        "lastcheckoktime": "2023-04-08 13:23:06",
        "lastcheckoktime_iso8601": "2023-04-08T13:23:06Z",
        "lastlocalchecktime": "2023-04-08 13:23:06",
        "lastlocalchecktime_iso8601": "2023-04-08T13:23:06Z",
        "clicktimestamp": "2023-04-08 09:06:35",
        "clicktimestamp_iso8601": "2023-04-08T09:06:35Z",
        "clickcount": 69,
        "clicktrend": -3,
        "ssl_error": 0,
        "geo_lat": null,
        "geo_long": null,
        "has_extended_info": false
    },
    {
        "changeuuid": "ba199e31-da97-4bfc-8e7d-d2a2f71250d9",
        "stationuuid": "36f5097b-31ea-48b3-9b00-3f7a39d94e23",
        "serveruuid": "8060e5e2-6ac3-47fd-a418-8537fc0f22ec",
        "name": "Radio Nepal",
        "url": "https://radionepal.news/live",
        "url_resolved": "https://radionepal.news/live/",
        "homepage": "https://radionepal.gov.np/",
        "favicon": "https://radionepal.gov.np/wp-content/themes/rdnpnew/images/icon/apple-icon-120x120.png",
        "tags": "entertainment,government,media,news",
        "country": "Nepal",
        "countrycode": "NP",
        "iso_3166_2": null,
        "state": "Bagmati",
        "language": "english,nepali",
        "languagecodes": "en,ne",
        "votes": 1730,
        "lastchangetime": "2023-01-13 15:45:29",
        "lastchangetime_iso8601": "2023-01-13T15:45:29Z",
        "codec": "MP3",
        "bitrate": 0,
        "hls": 0,
        "lastcheckok": 1,
        "lastchecktime": "2023-04-08 02:42:23",
        "lastchecktime_iso8601": "2023-04-08T02:42:23Z",
        "lastcheckoktime": "2023-04-08 02:42:23",
        "lastcheckoktime_iso8601": "2023-04-08T02:42:23Z",
        "lastlocalchecktime": "2023-04-07 19:37:58",
        "lastlocalchecktime_iso8601": "2023-04-07T19:37:58Z",
        "clicktimestamp": "2023-04-08 12:58:30",
        "clicktimestamp_iso8601": "2023-04-08T12:58:30Z",
        "clickcount": 141,
        "clicktrend": -8,
        "ssl_error": 0,
        "geo_lat": null,
        "geo_long": null,
        "has_extended_info": false
    },
    {
        "changeuuid": "d46871f6-0a37-4edd-8e02-cec517f6f9e4",
        "stationuuid": "96228eab-0601-11e8-ae97-52543be04c81",
        "serveruuid": "f9d0709a-2252-4c7b-a064-6f39be90f915",
        "name": "Butwal FM 94.4",
        "url": "http://www.surfmusic.de/m3u/butwal-fm-94-4,18031.m3u",
        "url_resolved": "http://streaming.softnep.net:8003/stream",
        "homepage": "http://www.butwalfm.org/",
        "favicon": "https://static-media.streema.com/media/cache/aa/76/aa7644d41305289d8153be0e67b117e0.jpg",
        "tags": "",
        "country": "Nepal",
        "countrycode": "NP",
        "iso_3166_2": null,
        "state": "",
        "language": "nepali",
        "languagecodes": "ne",
        "votes": 1623,
        "lastchangetime": "2022-03-28 09:02:40",
        "lastchangetime_iso8601": "2022-03-28T09:02:40Z",
        "codec": "MP3",
        "bitrate": 192,
        "hls": 0,
        "lastcheckok": 1,
        "lastchecktime": "2023-04-07 22:28:12",
        "lastchecktime_iso8601": "2023-04-07T22:28:12Z",
        "lastcheckoktime": "2023-04-07 22:28:12",
        "lastcheckoktime_iso8601": "2023-04-07T22:28:12Z",
        "lastlocalchecktime": "2023-04-07 15:51:57",
        "lastlocalchecktime_iso8601": "2023-04-07T15:51:57Z",
        "clicktimestamp": "2023-04-08 09:06:46",
        "clicktimestamp_iso8601": "2023-04-08T09:06:46Z",
        "clickcount": 40,
        "clicktrend": -3,
        "ssl_error": 0,
        "geo_lat": null,
        "geo_long": null,
        "has_extended_info": false
    },
    {
        "changeuuid": "5cd38b00-9e91-48ff-b6d4-db791fc889f4",
        "stationuuid": "b5b42f76-76ad-41a8-95ea-207c193d5515",
        "serveruuid": "4535553e-7191-4dcb-b0c9-404b0b79e8a1",
        "name": "Radio Annapurna Nepal",
        "url": "http://streaming.softnep.net:8091/;",
        "url_resolved": "http://streaming.softnep.net:8091/;",
        "homepage": "http://radioannapurnanepal.com/",
        "favicon": "",
        "tags": "entertainment,media,music,news",
        "country": "Nepal",
        "countrycode": "NP",
        "iso_3166_2": null,
        "state": "Bagmati",
        "language": "english,nepali",
        "languagecodes": "en,ne",
        "votes": 1188,
        "lastchangetime": "2022-08-26 22:36:27",
        "lastchangetime_iso8601": "2022-08-26T22:36:27Z",
        "codec": "MP3",
        "bitrate": 128,
        "hls": 0,
        "lastcheckok": 1,
        "lastchecktime": "2023-04-08 09:50:47",
        "lastchecktime_iso8601": "2023-04-08T09:50:47Z",
        "lastcheckoktime": "2023-04-08 09:50:47",
        "lastcheckoktime_iso8601": "2023-04-08T09:50:47Z",
        "lastlocalchecktime": "2023-04-07 17:10:24",
        "lastlocalchecktime_iso8601": "2023-04-07T17:10:24Z",
        "clicktimestamp": "2023-04-08 09:06:49",
        "clicktimestamp_iso8601": "2023-04-08T09:06:49Z",
        "clickcount": 37,
        "clicktrend": 2,
        "ssl_error": 0,
        "geo_lat": null,
        "geo_long": null,
        "has_extended_info": false
    },
    {
        "changeuuid": "7e1ec6c3-6fa3-44c4-b9ed-eda5d34abb76",
        "stationuuid": "1dbce3bb-8002-42b3-923d-fa3f25cf2f1d",
        "serveruuid": "33aeaae6-3de7-4f32-9bd9-e75ca2bdf522",
        "name": "Radio Himalaya",
        "url": "https://live.itech.host/himalayaradio?1588276425741",
        "url_resolved": "https://live.itech.host/himalayaradio?1588276425741",
        "homepage": "http://www.radiohimalaya.com/",
        "favicon": "",
        "tags": "himalaya,nepal",
        "country": "Nepal",
        "countrycode": "NP",
        "iso_3166_2": null,
        "state": "",
        "language": "nepali",
        "languagecodes": "ne",
        "votes": 1169,
        "lastchangetime": "2022-09-15 03:58:14",
        "lastchangetime_iso8601": "2022-09-15T03:58:14Z",
        "codec": "MP3",
        "bitrate": 128,
        "hls": 0,
        "lastcheckok": 1,
        "lastchecktime": "2023-04-08 12:22:38",
        "lastchecktime_iso8601": "2023-04-08T12:22:38Z",
        "lastcheckoktime": "2023-04-08 12:22:38",
        "lastcheckoktime_iso8601": "2023-04-08T12:22:38Z",
        "lastlocalchecktime": "2023-04-08 12:22:38",
        "lastlocalchecktime_iso8601": "2023-04-08T12:22:38Z",
        "clicktimestamp": "2023-04-08 09:06:58",
        "clicktimestamp_iso8601": "2023-04-08T09:06:58Z",
        "clickcount": 42,
        "clicktrend": 1,
        "ssl_error": 0,
        "geo_lat": null,
        "geo_long": null,
        "has_extended_info": false
    },
    {
        "changeuuid": "bca2bac7-db17-4fc1-a4b8-d6f7f1493adc",
        "stationuuid": "11db7327-9ceb-4ad6-a00f-7f68ac3d20ed",
        "serveruuid": "da7bcb94-30ab-419f-b885-682727a02df7",
        "name": "Ujyaalo 90 Network",
        "url": "http://stream.zenolive.com/wtuvp08xq1duv",
        "url_resolved": "http://stream-051.zeno.fm/wtuvp08xq1duv?zs=QR9D-oPlSU6ZVjcCGNaH0Q",
        "homepage": "https://ujyaaloonline.com/",
        "favicon": "",
        "tags": "entertainment,media,news,variety",
        "country": "Nepal",
        "countrycode": "NP",
        "iso_3166_2": null,
        "state": "Bagmati",
        "language": "english,nepali",
        "languagecodes": "en,ne",
        "votes": 1049,
        "lastchangetime": "2022-10-01 00:05:14",
        "lastchangetime_iso8601": "2022-10-01T00:05:14Z",
        "codec": "MP3",
        "bitrate": 0,
        "hls": 0,
        "lastcheckok": 1,
        "lastchecktime": "2023-04-08 08:40:02",
        "lastchecktime_iso8601": "2023-04-08T08:40:02Z",
        "lastcheckoktime": "2023-04-08 08:40:02",
        "lastcheckoktime_iso8601": "2023-04-08T08:40:02Z",
        "lastlocalchecktime": "2023-04-07 20:23:01",
        "lastlocalchecktime_iso8601": "2023-04-07T20:23:01Z",
        "clicktimestamp": "2023-04-08 08:01:36",
        "clicktimestamp_iso8601": "2023-04-08T08:01:36Z",
        "clickcount": 72,
        "clicktrend": -3,
        "ssl_error": 0,
        "geo_lat": null,
        "geo_long": null,
        "has_extended_info": false
    },
    {
        "changeuuid": "8f313036-8587-453a-bf1b-f966eae55e3a",
        "stationuuid": "665ec0ef-5997-4727-8994-f972225b327b",
        "serveruuid": "edfa62d7-1f15-48e7-a82c-e58b7535fc00",
        "name": "BBC Nepali",
        "url": "https://stream.live.vc.bbcmedia.co.uk/bbc_nepali_radio",
        "url_resolved": "https://stream.live.vc.bbcmedia.co.uk/bbc_nepali_radio",
        "homepage": "https://www.bbc.com/nepali",
        "favicon": "https://static.files.bbci.co.uk/ws/simorgh-assets/public/nepali/images/icons/icon-128x128.png",
        "tags": "news",
        "country": "Nepal",
        "countrycode": "NP",
        "iso_3166_2": null,
        "state": "Bagmati",
        "language": "nepali",
        "languagecodes": "ne",
        "votes": 840,
        "lastchangetime": "2022-04-15 22:52:10",
        "lastchangetime_iso8601": "2022-04-15T22:52:10Z",
        "codec": "MP3",
        "bitrate": 56,
        "hls": 0,
        "lastcheckok": 1,
        "lastchecktime": "2023-04-08 11:40:45",
        "lastchecktime_iso8601": "2023-04-08T11:40:45Z",
        "lastcheckoktime": "2023-04-08 11:40:45",
        "lastcheckoktime_iso8601": "2023-04-08T11:40:45Z",
        "lastlocalchecktime": "2023-04-07 19:48:55",
        "lastlocalchecktime_iso8601": "2023-04-07T19:48:55Z",
        "clicktimestamp": "2023-04-08 13:22:00",
        "clicktimestamp_iso8601": "2023-04-08T13:22:00Z",
        "clickcount": 55,
        "clicktrend": 2,
        "ssl_error": 0,
        "geo_lat": null,
        "geo_long": null,
        "has_extended_info": false
    },
    {
        "changeuuid": "4a72dfc4-59ec-4560-8db6-ce972fc02fea",
        "stationuuid": "bf97c17e-5fda-4420-83ad-7ae423324467",
        "serveruuid": "c4dc6515-276a-4a40-9805-2b38186d8389",
        "name": "Hits FM 91.2",
        "url": "https://usa15.fastcast4u.com/proxy/hitsfm912?mp=/1",
        "url_resolved": "https://usa15.fastcast4u.com/proxy/hitsfm912?mp=/1",
        "homepage": "http://www.hitsfm.com.np/",
        "favicon": "http://www.hitsfm.com.np/wordpress/wp-content/uploads/2016/12/cropped-fvi-icon-1-180x180.png",
        "tags": "music",
        "country": "Nepal",
        "countrycode": "NP",
        "iso_3166_2": null,
        "state": "Bagmati",
        "language": "english,hindi,nepali",
        "languagecodes": "en,hi,ne",
        "votes": 574,
        "lastchangetime": "2022-11-04 07:30:43",
        "lastchangetime_iso8601": "2022-11-04T07:30:43Z",
        "codec": "MP3",
        "bitrate": 64,
        "hls": 0,
        "lastcheckok": 1,
        "lastchecktime": "2023-04-08 09:16:35",
        "lastchecktime_iso8601": "2023-04-08T09:16:35Z",
        "lastcheckoktime": "2023-04-07 22:38:28",
        "lastcheckoktime_iso8601": "2023-04-07T22:38:28Z",
        "lastlocalchecktime": "2023-04-08 09:16:35",
        "lastlocalchecktime_iso8601": "2023-04-08T09:16:35Z",
        "clicktimestamp": "2023-04-08 05:08:58",
        "clicktimestamp_iso8601": "2023-04-08T05:08:58Z",
        "clickcount": 61,
        "clicktrend": -4,
        "ssl_error": 0,
        "geo_lat": null,
        "geo_long": null,
        "has_extended_info": false
    },
    {
        "changeuuid": "71b764bc-04d4-439a-b775-2eac1a366638",
        "stationuuid": "d1d89f05-f112-4bac-a24f-c8154c7373cd",
        "serveruuid": "7ce1610d-8645-4d30-b63c-ac407d227123",
        "name": "Radio Kantipur",
        "url": "https://radio-broadcast.ekantipur.com/stream",
        "url_resolved": "https://radio-broadcast.ekantipur.com/stream",
        "homepage": "https://radiokantipur.com/",
        "favicon": "",
        "tags": "",
        "country": "Nepal",
        "countrycode": "NP",
        "iso_3166_2": null,
        "state": "Kathmandu",
        "language": "",
        "languagecodes": "",
        "votes": 570,
        "lastchangetime": "2022-08-27 04:09:48",
        "lastchangetime_iso8601": "2022-08-27T04:09:48Z",
        "codec": "MP3",
        "bitrate": 64,
        "hls": 0,
        "lastcheckok": 1,
        "lastchecktime": "2023-04-08 12:18:43",
        "lastchecktime_iso8601": "2023-04-08T12:18:43Z",
        "lastcheckoktime": "2023-04-08 12:18:43",
        "lastcheckoktime_iso8601": "2023-04-08T12:18:43Z",
        "lastlocalchecktime": "2023-04-08 12:18:43",
        "lastlocalchecktime_iso8601": "2023-04-08T12:18:43Z",
        "clicktimestamp": "2023-04-08 08:34:45",
        "clicktimestamp_iso8601": "2023-04-08T08:34:45Z",
        "clickcount": 40,
        "clicktrend": 3,
        "ssl_error": 0,
        "geo_lat": null,
        "geo_long": null,
        "has_extended_info": false
    },
    {
        "changeuuid": "bfd7dff0-de9a-4b05-9e1b-2c36404ea9ff",
        "stationuuid": "d0464c40-be12-493e-aeef-1bbaafea6270",
        "serveruuid": "5b4d8364-8b57-4e0f-9d9b-ec7747846ed8",
        "name": "Chitwan Online FM",
        "url": "https://playerservices.streamtheworld.com/api/livestream-redirect/SAM04AAC227_SC",
        "url_resolved": "https://13683.live.streamtheworld.com:443/SAM04AAC227_SC",
        "homepage": "http://chitwanonlinefm.com/",
        "favicon": "https://cdn.onlineradiobox.com/img/l/7/30037.v5.png",
        "tags": "entertainment,media,music",
        "country": "Nepal",
        "countrycode": "NP",
        "iso_3166_2": null,
        "state": "Bagmati",
        "language": "english,nepali",
        "languagecodes": "en,ne",
        "votes": 346,
        "lastchangetime": "2022-03-28 09:44:45",
        "lastchangetime_iso8601": "2022-03-28T09:44:45Z",
        "codec": "MP3",
        "bitrate": 128,
        "hls": 0,
        "lastcheckok": 1,
        "lastchecktime": "2023-04-08 05:34:15",
        "lastchecktime_iso8601": "2023-04-08T05:34:15Z",
        "lastcheckoktime": "2023-04-08 05:34:15",
        "lastcheckoktime_iso8601": "2023-04-08T05:34:15Z",
        "lastlocalchecktime": "2023-04-07 20:16:37",
        "lastlocalchecktime_iso8601": "2023-04-07T20:16:37Z",
        "clicktimestamp": "2023-04-08 09:08:03",
        "clicktimestamp_iso8601": "2023-04-08T09:08:03Z",
        "clickcount": 30,
        "clicktrend": -1,
        "ssl_error": 0,
        "geo_lat": null,
        "geo_long": null,
        "has_extended_info": false
    },
    {
        "changeuuid": "03163efe-714a-4e81-a00c-00344ed7363c",
        "stationuuid": "f4eb5753-da45-4fba-aaa6-515a78af445c",
        "serveruuid": "e4fa979a-8b7b-4f45-903c-c292f86ae818",
        "name": "Vijaya FM 101.6",
        "url": "https://live.itech.host:3320/stream",
        "url_resolved": "https://live.itech.host:3320/stream",
        "homepage": "https://vijayafm.org.np/",
        "favicon": "",
        "tags": "community,entertainment,media,music,news",
        "country": "Nepal",
        "countrycode": "NP",
        "iso_3166_2": null,
        "state": "Lumbini",
        "language": "nepali",
        "languagecodes": "ne",
        "votes": 315,
        "lastchangetime": "2022-10-03 06:54:38",
        "lastchangetime_iso8601": "2022-10-03T06:54:38Z",
        "codec": "MP3",
        "bitrate": 32,
        "hls": 0,
        "lastcheckok": 1,
        "lastchecktime": "2023-04-08 13:29:24",
        "lastchecktime_iso8601": "2023-04-08T13:29:24Z",
        "lastcheckoktime": "2023-04-08 13:29:24",
        "lastcheckoktime_iso8601": "2023-04-08T13:29:24Z",
        "lastlocalchecktime": "2023-04-08 13:29:24",
        "lastlocalchecktime_iso8601": "2023-04-08T13:29:24Z",
        "clicktimestamp": "2023-04-07 19:47:27",
        "clicktimestamp_iso8601": "2023-04-07T19:47:27Z",
        "clickcount": 17,
        "clicktrend": 0,
        "ssl_error": 0,
        "geo_lat": 27.701753610250755,
        "geo_long": 84.38722282648088,
        "has_extended_info": false
    },
    {
        "changeuuid": "9c32ce7f-94c5-4892-b68e-c52a79231862",
        "stationuuid": "f2148f90-62bb-4ab0-80ad-4f3be5745d88",
        "serveruuid": "eb309e93-7a45-4379-98e3-88f0dcb52042",
        "name": "Synergy FM 91.6",
        "url": "https://live.itech.host:3880/stream",
        "url_resolved": "https://live.itech.host:3880/stream",
        "homepage": "https://synergyfm.com.np/",
        "favicon": "",
        "tags": "entertainment,media,news,variety",
        "country": "Nepal",
        "countrycode": "NP",
        "iso_3166_2": null,
        "state": "Bagmati",
        "language": "english,nepali",
        "languagecodes": "en,ne",
        "votes": 309,
        "lastchangetime": "2022-08-30 04:02:22",
        "lastchangetime_iso8601": "2022-08-30T04:02:22Z",
        "codec": "MP3",
        "bitrate": 32,
        "hls": 0,
        "lastcheckok": 1,
        "lastchecktime": "2023-04-08 11:38:25",
        "lastchecktime_iso8601": "2023-04-08T11:38:25Z",
        "lastcheckoktime": "2023-04-08 11:38:25",
        "lastcheckoktime_iso8601": "2023-04-08T11:38:25Z",
        "lastlocalchecktime": "2023-04-08 11:38:25",
        "lastlocalchecktime_iso8601": "2023-04-08T11:38:25Z",
        "clicktimestamp": "2023-04-07 14:29:00",
        "clicktimestamp_iso8601": "2023-04-07T14:29:00Z",
        "clickcount": 27,
        "clicktrend": -3,
        "ssl_error": 0,
        "geo_lat": 27.689988352663757,
        "geo_long": 84.43150609731676,
        "has_extended_info": false
    },
    {
        "changeuuid": "35688fab-66b8-45b3-8308-598dafa33d75",
        "stationuuid": "64010c90-23de-49ac-a910-7e1317f41b30",
        "serveruuid": "a7008c20-7dd1-4edd-827a-973ec7dab248",
        "name": "Radio Shringeshwor 104.4 Mhz",
        "url": "http://stream.zeno.fm/1qgfbe6sz1zuv/;",
        "url_resolved": "http://stream-052.zeno.fm/1qgfbe6sz1zuv?zs=UB-CdZTeT4qlBzctrMYUYg",
        "homepage": "https://sfm.com.np/",
        "favicon": "",
        "tags": "gulmi,lumbini,music,nepali,songs",
        "country": "Nepal",
        "countrycode": "NP",
        "iso_3166_2": null,
        "state": "Lumbini",
        "language": "english,hindi,nepali",
        "languagecodes": "en,hi,ne",
        "votes": 177,
        "lastchangetime": "2022-04-19 17:08:54",
        "lastchangetime_iso8601": "2022-04-19T17:08:54Z",
        "codec": "MP3",
        "bitrate": 0,
        "hls": 0,
        "lastcheckok": 1,
        "lastchecktime": "2023-04-08 11:03:02",
        "lastchecktime_iso8601": "2023-04-08T11:03:02Z",
        "lastcheckoktime": "2023-04-08 11:03:02",
        "lastcheckoktime_iso8601": "2023-04-08T11:03:02Z",
        "lastlocalchecktime": "2023-04-07 16:30:25",
        "lastlocalchecktime_iso8601": "2023-04-07T16:30:25Z",
        "clicktimestamp": "2023-04-08 09:07:53",
        "clicktimestamp_iso8601": "2023-04-08T09:07:53Z",
        "clickcount": 22,
        "clicktrend": 1,
        "ssl_error": 0,
        "geo_lat": null,
        "geo_long": null,
        "has_extended_info": false
    },
    {
        "changeuuid": "aa205d44-c348-4af5-8fdd-0cba9d4dcfd6",
        "stationuuid": "74e0791d-cfd0-49a7-957f-89750dcdd444",
        "serveruuid": "1ca1207b-0aa0-4090-bb4a-e17bdd3a6274",
        "name": "Ultima\u011b radio",
        "url": "https://ultimae-bofaradio.radioca.st/",
        "url_resolved": "https://ultimae-bofaradio.radioca.st/",
        "homepage": "",
        "favicon": "",
        "tags": "electronic",
        "country": "Nepal",
        "countrycode": "NP",
        "iso_3166_2": null,
        "state": "",
        "language": "",
        "languagecodes": "",
        "votes": 78,
        "lastchangetime": "2022-11-25 00:09:09",
        "lastchangetime_iso8601": "2022-11-25T00:09:09Z",
        "codec": "MP3",
        "bitrate": 128,
        "hls": 0,
        "lastcheckok": 1,
        "lastchecktime": "2023-04-08 07:35:55",
        "lastchecktime_iso8601": "2023-04-08T07:35:55Z",
        "lastcheckoktime": "2023-04-08 07:35:55",
        "lastcheckoktime_iso8601": "2023-04-08T07:35:55Z",
        "lastlocalchecktime": "2023-04-07 15:55:57",
        "lastlocalchecktime_iso8601": "2023-04-07T15:55:57Z",
        "clicktimestamp": "2023-04-08 08:01:08",
        "clicktimestamp_iso8601": "2023-04-08T08:01:08Z",
        "clickcount": 15,
        "clicktrend": -2,
        "ssl_error": 0,
        "geo_lat": null,
        "geo_long": null,
        "has_extended_info": false
    },
    {
        "changeuuid": "f6ce7f84-3bd5-49bd-80ee-bd56c409407b",
        "stationuuid": "48c29464-e833-48c6-bb1e-7560a831a55d",
        "serveruuid": "50bddf0d-dbbc-4322-8a40-717911490c50",
        "name": "Nepali Radio Network",
        "url": "https://astream.nepalipatro.com.np:8274/",
        "url_resolved": "https://astream.nepalipatro.com.np:8274/",
        "homepage": "http://www.nepalinetwork.com/",
        "favicon": "https://sgp1.digitaloceanspaces.com/everestdb/hamropatro-backend/radio/1fe10f8f-f79d-404c-bf23-b9adc1eaa75d",
        "tags": "music,pop,talk",
        "country": "Nepal",
        "countrycode": "NP",
        "iso_3166_2": null,
        "state": "Bagmati",
        "language": "hindi,nepali",
        "languagecodes": "hi,ne",
        "votes": 58,
        "lastchangetime": "2023-03-14 14:15:55",
        "lastchangetime_iso8601": "2023-03-14T14:15:55Z",
        "codec": "MP3",
        "bitrate": 128,
        "hls": 0,
        "lastcheckok": 1,
        "lastchecktime": "2023-04-08 09:21:47",
        "lastchecktime_iso8601": "2023-04-08T09:21:47Z",
        "lastcheckoktime": "2023-04-08 09:21:47",
        "lastcheckoktime_iso8601": "2023-04-08T09:21:47Z",
        "lastlocalchecktime": "2023-04-08 09:21:47",
        "lastlocalchecktime_iso8601": "2023-04-08T09:21:47Z",
        "clicktimestamp": "2023-04-08 14:01:18",
        "clicktimestamp_iso8601": "2023-04-08T14:01:18Z",
        "clickcount": 51,
        "clicktrend": -4,
        "ssl_error": 0,
        "geo_lat": null,
        "geo_long": null,
        "has_extended_info": false
    },
    {
        "changeuuid": "3f9a6570-3520-4ea1-b0ff-6cf1426f532f",
        "stationuuid": "3e78590f-ab9c-4e13-a512-189a17a54965",
        "serveruuid": "e45a2c67-2aba-4221-ba47-024593adbe01",
        "name": "CIN Khabar",
        "url": "https://streaming.softnep.net:10996/;stream.nsv&type=mp3&volume=60",
        "url_resolved": "https://streaming.softnep.net:10996/;stream.nsv&type=mp3&volume=60",
        "homepage": "https://www.cinkhabar.com/",
        "favicon": "https://www.cinkhabar.com/images/cin.png",
        "tags": "entertainment,news,pop,talk",
        "country": "Nepal",
        "countrycode": "NP",
        "iso_3166_2": null,
        "state": "Bagmati",
        "language": "nepali",
        "languagecodes": "ne",
        "votes": 26,
        "lastchangetime": "2023-03-11 11:08:52",
        "lastchangetime_iso8601": "2023-03-11T11:08:52Z",
        "codec": "AAC+",
        "bitrate": 48,
        "hls": 0,
        "lastcheckok": 1,
        "lastchecktime": "2023-04-08 11:59:36",
        "lastchecktime_iso8601": "2023-04-08T11:59:36Z",
        "lastcheckoktime": "2023-04-08 11:59:36",
        "lastcheckoktime_iso8601": "2023-04-08T11:59:36Z",
        "lastlocalchecktime": "2023-04-07 19:36:48",
        "lastlocalchecktime_iso8601": "2023-04-07T19:36:48Z",
        "clicktimestamp": "2023-04-08 09:07:41",
        "clicktimestamp_iso8601": "2023-04-08T09:07:41Z",
        "clickcount": 39,
        "clicktrend": 1,
        "ssl_error": 0,
        "geo_lat": 27.680500963030536,
        "geo_long": 85.32195121049882,
        "has_extended_info": false
    },
    {
        "changeuuid": "6dc6a177-000e-400e-9704-6da2501121aa",
        "stationuuid": "5638e14e-6971-4b21-9626-6a9404ed7b56",
        "serveruuid": "eb7d9723-8337-4f1f-b7fa-2783cf3184fb",
        "name": "Radio Audio",
        "url": "https://stream.zeno.fm/fvrx47wpg0quv",
        "url_resolved": "https://stream-070.zeno.fm/fvrx47wpg0quv?zs=MHQuT57SQUqZOB4tKJQ1tQ",
        "homepage": "https://www.aradioaudio.com/",
        "favicon": "https://www.aradioaudio.com/content/images/size/w1000/2021/08/radioaudiologo-8.png",
        "tags": "entertainment,music,pop",
        "country": "Nepal",
        "countrycode": "NP",
        "iso_3166_2": null,
        "state": "Bagmati",
        "language": "hindi,nepali",
        "languagecodes": "hi,ne",
        "votes": 22,
        "lastchangetime": "2023-03-11 11:24:12",
        "lastchangetime_iso8601": "2023-03-11T11:24:12Z",
        "codec": "MP3",
        "bitrate": 0,
        "hls": 0,
        "lastcheckok": 1,
        "lastchecktime": "2023-04-08 12:13:03",
        "lastchecktime_iso8601": "2023-04-08T12:13:03Z",
        "lastcheckoktime": "2023-04-08 12:13:03",
        "lastcheckoktime_iso8601": "2023-04-08T12:13:03Z",
        "lastlocalchecktime": "2023-04-08 10:37:27",
        "lastlocalchecktime_iso8601": "2023-04-08T10:37:27Z",
        "clicktimestamp": "2023-04-08 09:07:34",
        "clicktimestamp_iso8601": "2023-04-08T09:07:34Z",
        "clickcount": 27,
        "clicktrend": 1,
        "ssl_error": 0,
        "geo_lat": 27.69594048204452,
        "geo_long": 85.33132106060293,
        "has_extended_info": false
    },
    {
        "changeuuid": "670a4bd9-3aa7-4025-8871-3dccf64318cf",
        "stationuuid": "6451cd54-2491-4200-8534-1574d711cc1d",
        "serveruuid": "d8fdb75e-5f20-4eac-9d74-37bbbe2aace6",
        "name": "Swadesh 93.2 FM",
        "url": "http://216.55.141.189:8653/stream?type=http&nocache=66846",
        "url_resolved": "http://216.55.141.189:8653/stream?type=http&nocache=66846",
        "homepage": "https://swadeshfm.com/",
        "favicon": "",
        "tags": "",
        "country": "Nepal",
        "countrycode": "NP",
        "iso_3166_2": null,
        "state": "",
        "language": "",
        "languagecodes": "",
        "votes": 26,
        "lastchangetime": "2023-05-16 16:01:51",
        "lastchangetime_iso8601": "2023-05-16T16:01:51Z",
        "codec": "MP3",
        "bitrate": 128,
        "hls": 0,
        "lastcheckok": 1,
        "lastchecktime": "2023-07-09 05:10:29",
        "lastchecktime_iso8601": "2023-07-09T05:10:29Z",
        "lastcheckoktime": "2023-07-09 05:10:29",
        "lastcheckoktime_iso8601": "2023-07-09T05:10:29Z",
        "lastlocalchecktime": "2023-07-09 05:10:29",
        "lastlocalchecktime_iso8601": "2023-07-09T05:10:29Z",
        "clicktimestamp": "2023-07-08 01:49:24",
        "clicktimestamp_iso8601": "2023-07-08T01:49:24Z",
        "clickcount": 18,
        "clicktrend": -2,
        "ssl_error": 0,
        "geo_lat": null,
        "geo_long": null,
        "has_extended_info": false
    },
    {
        "changeuuid": "7cc0e79a-5ad3-42f9-8867-b2498cf4c084",
        "stationuuid": "9f64e64e-fd67-45d6-89c7-d36c5ea19c44",
        "serveruuid": "45e7134c-1a3f-47ab-a349-82296b858d8a",
        "name": "Bhorukwa FM",
        "url": "https://live.itech.host:8379/stream?1686719146434",
        "url_resolved": "https://live.itech.host:8379/stream?1686719146434",
        "homepage": "https://www.bhorukawafm.org.np/",
        "favicon": "https://www.bhorukawafm.org.np/assets/images/fav.png",
        "tags": "",
        "country": "Nepal",
        "countrycode": "NP",
        "iso_3166_2": null,
        "state": "",
        "language": "",
        "languagecodes": "",
        "votes": 14,
        "lastchangetime": "2023-06-14 05:18:13",
        "lastchangetime_iso8601": "2023-06-14T05:18:13Z",
        "codec": "MP3",
        "bitrate": 128,
        "hls": 0,
        "lastcheckok": 1,
        "lastchecktime": "2023-07-09 06:55:17",
        "lastchecktime_iso8601": "2023-07-09T06:55:17Z",
        "lastcheckoktime": "2023-07-09 06:55:17",
        "lastcheckoktime_iso8601": "2023-07-09T06:55:17Z",
        "lastlocalchecktime": "2023-07-09 06:55:17",
        "lastlocalchecktime_iso8601": "2023-07-09T06:55:17Z",
        "clicktimestamp": "2023-07-08 20:55:00",
        "clicktimestamp_iso8601": "2023-07-08T20:55:00Z",
        "clickcount": 31,
        "clicktrend": -3,
        "ssl_error": 0,
        "geo_lat": null,
        "geo_long": null,
        "has_extended_info": false
    },
    {
        "changeuuid": "91605b74-1c89-47da-bc28-3a097a3b0e3c",
        "stationuuid": "4900b0d8-837b-400e-a4f5-d3ed0391f5df",
        "serveruuid": "4868bb93-be76-4eb7-bf9a-ddba4efe2bb1",
        "name": "Pakhribas FM",
        "url": "http://live.itech.host:7046/live",
        "url_resolved": "http://live.itech.host:7046/live",
        "homepage": "https://pakhribasfm.com/",
        "favicon": "",
        "tags": "",
        "country": "Nepal",
        "countrycode": "NP",
        "iso_3166_2": null,
        "state": "",
        "language": "nepali",
        "languagecodes": "ne",
        "votes": 2,
        "lastchangetime": "2023-07-05 11:12:01",
        "lastchangetime_iso8601": "2023-07-05T11:12:01Z",
        "codec": "MP3",
        "bitrate": 32,
        "hls": 0,
        "lastcheckok": 1,
        "lastchecktime": "2023-07-09 11:17:23",
        "lastchecktime_iso8601": "2023-07-09T11:17:23Z",
        "lastcheckoktime": "2023-07-09 11:17:23",
        "lastcheckoktime_iso8601": "2023-07-09T11:17:23Z",
        "lastlocalchecktime": "2023-07-09 04:43:25",
        "lastlocalchecktime_iso8601": "2023-07-09T04:43:25Z",
        "clicktimestamp": "2023-07-08 15:01:23",
        "clicktimestamp_iso8601": "2023-07-08T15:01:23Z",
        "clickcount": 10,
        "clicktrend": -3,
        "ssl_error": 0,
        "geo_lat": null,
        "geo_long": null,
        "has_extended_info": false
    },
    {
        "changeuuid": "adda8d63-5727-4c93-bb8e-387eb04d31bd",
        "stationuuid": "813539c8-e964-4cdd-ae59-96d760420772",
        "serveruuid": "e16a60a6-3e70-4442-99f8-b0ad25789023",
        "name": "3Angels Radio",
        "url": "http://live.itech.host:7554/live",
        "url_resolved": "http://live.itech.host:7554/live",
        "homepage": "https://3abn.org/",
        "favicon": "https://3abn.org/icons/3abn-apple-icon-120x120.png",
        "tags": "",
        "country": "Nepal",
        "countrycode": "NP",
        "iso_3166_2": null,
        "state": "",
        "language": "nepali",
        "languagecodes": "ne",
        "votes": 2,
        "lastchangetime": "2023-07-07 07:05:42",
        "lastchangetime_iso8601": "2023-07-07T07:05:42Z",
        "codec": "MP3",
        "bitrate": 32,
        "hls": 0,
        "lastcheckok": 1,
        "lastchecktime": "2023-07-09 11:42:48",
        "lastchecktime_iso8601": "2023-07-09T11:42:48Z",
        "lastcheckoktime": "2023-07-09 11:42:48",
        "lastcheckoktime_iso8601": "2023-07-09T11:42:48Z",
        "lastlocalchecktime": "2023-07-09 07:16:41",
        "lastlocalchecktime_iso8601": "2023-07-09T07:16:41Z",
        "clicktimestamp": "2023-07-08 08:21:30",
        "clicktimestamp_iso8601": "2023-07-08T08:21:30Z",
        "clickcount": 8,
        "clicktrend": -1,
        "ssl_error": 0,
        "geo_lat": null,
        "geo_long": null,
        "has_extended_info": false
    },
    {
        "changeuuid": "b8410903-24a0-436a-9f51-a52ae15dca46",
        "stationuuid": "3e3d86c8-3821-40d1-ba34-d00d16ba7ade",
        "serveruuid": "a13a345a-2595-42fb-979b-ef623b61d456",
        "name": "Good News FM",
        "url": "http://live.itech.host:8162/live",
        "url_resolved": "http://live.itech.host:8162/live",
        "homepage": "https://www.goodnewsfm.com.np/",
        "favicon": "https://www.goodnewsfm.com.np/images/favicon.png",
        "tags": "",
        "country": "Nepal",
        "countrycode": "NP",
        "iso_3166_2": null,
        "state": "",
        "language": "nepali",
        "languagecodes": "ne",
        "votes": 2,
        "lastchangetime": "2023-07-05 12:08:38",
        "lastchangetime_iso8601": "2023-07-05T12:08:38Z",
        "codec": "MP3",
        "bitrate": 32,
        "hls": 0,
        "lastcheckok": 1,
        "lastchecktime": "2023-07-09 12:13:31",
        "lastchecktime_iso8601": "2023-07-09T12:13:31Z",
        "lastcheckoktime": "2023-07-09 12:13:31",
        "lastcheckoktime_iso8601": "2023-07-09T12:13:31Z",
        "lastlocalchecktime": "2023-07-09 04:18:59",
        "lastlocalchecktime_iso8601": "2023-07-09T04:18:59Z",
        "clicktimestamp": "2023-07-07 13:54:40",
        "clicktimestamp_iso8601": "2023-07-07T13:54:40Z",
        "clickcount": 5,
        "clicktrend": -1,
        "ssl_error": 0,
        "geo_lat": null,
        "geo_long": null,
        "has_extended_info": false
    },
    {
        "changeuuid": "6cf349d2-4c50-4a4e-b61f-de4251fa25a9",
        "stationuuid": "c1ee0d8e-d5ef-40c0-9863-2fa192360b77",
        "serveruuid": "a7a9d588-8b35-4c1f-bccf-82befb31d8d7",
        "name": "Bulbule FM",
        "url": "http://live.itech.host:8380/live",
        "url_resolved": "http://live.itech.host:8380/live",
        "homepage": "https://bulbulefm.com.np/",
        "favicon": "",
        "tags": "",
        "country": "Nepal",
        "countrycode": "NP",
        "iso_3166_2": null,
        "state": "",
        "language": "nepali",
        "languagecodes": "ne",
        "votes": 2,
        "lastchangetime": "2023-07-05 12:27:37",
        "lastchangetime_iso8601": "2023-07-05T12:27:37Z",
        "codec": "MP3",
        "bitrate": 32,
        "hls": 0,
        "lastcheckok": 1,
        "lastchecktime": "2023-07-09 12:33:56",
        "lastchecktime_iso8601": "2023-07-09T12:33:56Z",
        "lastcheckoktime": "2023-07-09 12:33:56",
        "lastcheckoktime_iso8601": "2023-07-09T12:33:56Z",
        "lastlocalchecktime": "2023-07-09 01:14:30",
        "lastlocalchecktime_iso8601": "2023-07-09T01:14:30Z",
        "clicktimestamp": "2023-07-08 15:44:18",
        "clicktimestamp_iso8601": "2023-07-08T15:44:18Z",
        "clickcount": 5,
        "clicktrend": 1,
        "ssl_error": 0,
        "geo_lat": null,
        "geo_long": null,
        "has_extended_info": false
    },
    {
        "changeuuid": "f7dbee93-3e5d-4ccb-ad5c-1dcfcd5ed23e",
        "stationuuid": "577887b5-b898-4c78-a411-3f4a11b44584",
        "serveruuid": "e0c3d2a3-41c4-4517-8af2-2a4342828261",
        "name": "Radio Paschim Today",
        "url": "http://live.itech.host:7023/live",
        "url_resolved": "http://live.itech.host:7023/live",
        "homepage": "https://www.paschimtoday.com/",
        "favicon": "",
        "tags": "",
        "country": "Nepal",
        "countrycode": "NP",
        "iso_3166_2": null,
        "state": "",
        "language": "nepali",
        "languagecodes": "ne",
        "votes": 1,
        "lastchangetime": "2023-07-05 11:12:01",
        "lastchangetime_iso8601": "2023-07-05T11:12:01Z",
        "codec": "MP3",
        "bitrate": 32,
        "hls": 0,
        "lastcheckok": 1,
        "lastchecktime": "2023-07-09 11:17:23",
        "lastchecktime_iso8601": "2023-07-09T11:17:23Z",
        "lastcheckoktime": "2023-07-09 11:17:23",
        "lastcheckoktime_iso8601": "2023-07-09T11:17:23Z",
        "lastlocalchecktime": "2023-07-09 05:51:12",
        "lastlocalchecktime_iso8601": "2023-07-09T05:51:12Z",
        "clicktimestamp": "2023-07-08 04:28:47",
        "clicktimestamp_iso8601": "2023-07-08T04:28:47Z",
        "clickcount": 4,
        "clicktrend": -1,
        "ssl_error": 0,
        "geo_lat": null,
        "geo_long": null,
        "has_extended_info": false
    },
    {
        "changeuuid": "3a9f0cb1-e608-482d-9138-d680d381edb7",
        "stationuuid": "f2d62474-1fba-43a2-8147-77d8adcc249b",
        "serveruuid": "c88dad74-241f-4f40-b2b0-f0c206d86699",
        "name": "Madi Seti FM",
        "url": "http://live.itech.host:7036/live",
        "url_resolved": "http://live.itech.host:7036/live",
        "homepage": "https://www.madisetifm.org.np/",
        "favicon": "",
        "tags": "",
        "country": "Nepal",
        "countrycode": "NP",
        "iso_3166_2": null,
        "state": "",
        "language": "nepali",
        "languagecodes": "ne",
        "votes": 1,
        "lastchangetime": "2023-07-05 11:12:01",
        "lastchangetime_iso8601": "2023-07-05T11:12:01Z",
        "codec": "MP3",
        "bitrate": 32,
        "hls": 0,
        "lastcheckok": 1,
        "lastchecktime": "2023-07-09 11:17:23",
        "lastchecktime_iso8601": "2023-07-09T11:17:23Z",
        "lastcheckoktime": "2023-07-09 11:17:23",
        "lastcheckoktime_iso8601": "2023-07-09T11:17:23Z",
        "lastlocalchecktime": "2023-07-09 01:33:51",
        "lastlocalchecktime_iso8601": "2023-07-09T01:33:51Z",
        "clicktimestamp": "2023-07-08 00:02:51",
        "clicktimestamp_iso8601": "2023-07-08T00:02:51Z",
        "clickcount": 4,
        "clicktrend": -1,
        "ssl_error": 0,
        "geo_lat": null,
        "geo_long": null,
        "has_extended_info": false
    },
    {
        "changeuuid": "534a976b-3e5b-4025-9982-5bb4a1ba2745",
        "stationuuid": "b70f8312-c563-4860-97ef-54870f369d68",
        "serveruuid": "1decfbb8-17a4-4e33-b7f3-8252253b5809",
        "name": "Radio Kairan",
        "url": "http://live.itech.host:7125/live",
        "url_resolved": "http://live.itech.host:7125/live",
        "homepage": "http://www.radiokairan.com/",
        "favicon": "",
        "tags": "",
        "country": "Nepal",
        "countrycode": "NP",
        "iso_3166_2": null,
        "state": "",
        "language": "nepali",
        "languagecodes": "ne",
        "votes": 1,
        "lastchangetime": "2023-07-05 11:17:04",
        "lastchangetime_iso8601": "2023-07-05T11:17:04Z",
        "codec": "MP3",
        "bitrate": 32,
        "hls": 0,
        "lastcheckok": 1,
        "lastchecktime": "2023-07-09 11:22:28",
        "lastchecktime_iso8601": "2023-07-09T11:22:28Z",
        "lastcheckoktime": "2023-07-09 11:22:28",
        "lastcheckoktime_iso8601": "2023-07-09T11:22:28Z",
        "lastlocalchecktime": "2023-07-09 05:48:12",
        "lastlocalchecktime_iso8601": "2023-07-09T05:48:12Z",
        "clicktimestamp": "2023-07-09 04:28:58",
        "clicktimestamp_iso8601": "2023-07-09T04:28:58Z",
        "clickcount": 10,
        "clicktrend": -3,
        "ssl_error": 0,
        "geo_lat": null,
        "geo_long": null,
        "has_extended_info": false
    },
    {
        "changeuuid": "adb13ee3-13da-4fcb-a538-9cc27a957123",
        "stationuuid": "0b8d9d9a-16fa-4043-bba6-4a4dbbe149b8",
        "serveruuid": "2f915bae-2759-4aaa-a42a-aac195353a25",
        "name": "Naya Radio",
        "url": "http://live.itech.host:1110/;",
        "url_resolved": "http://live.itech.host:1110/;",
        "homepage": "https://www.nayafm.com.np/",
        "favicon": "https://www.nayafm.com.np/style/icon2.png",
        "tags": "",
        "country": "Nepal",
        "countrycode": "NP",
        "iso_3166_2": null,
        "state": "",
        "language": "nepali",
        "languagecodes": "ne",
        "votes": 1,
        "lastchangetime": "2023-07-04 18:53:35",
        "lastchangetime_iso8601": "2023-07-04T18:53:35Z",
        "codec": "MP3",
        "bitrate": 128,
        "hls": 0,
        "lastcheckok": 1,
        "lastchecktime": "2023-07-09 08:18:23",
        "lastchecktime_iso8601": "2023-07-09T08:18:23Z",
        "lastcheckoktime": "2023-07-09 08:18:23",
        "lastcheckoktime_iso8601": "2023-07-09T08:18:23Z",
        "lastlocalchecktime": "2023-07-09 08:18:23",
        "lastlocalchecktime_iso8601": "2023-07-09T08:18:23Z",
        "clicktimestamp": "2023-07-08 16:00:38",
        "clicktimestamp_iso8601": "2023-07-08T16:00:38Z",
        "clickcount": 10,
        "clicktrend": 1,
        "ssl_error": 0,
        "geo_lat": null,
        "geo_long": null,
        "has_extended_info": false
    },
    {
        "changeuuid": "2baa95bb-d49c-4d09-8056-1d4f301ff71a",
        "stationuuid": "674bc407-e960-41bc-8224-c88075669152",
        "serveruuid": "146349e7-b72b-4375-a20f-d947ffadb29b",
        "name": "Gazabko Radio",
        "url": "http://live.itech.host:7012/live",
        "url_resolved": "http://live.itech.host:7012/live",
        "homepage": "http://gazabkoradio.org.np/",
        "favicon": "",
        "tags": "",
        "country": "Nepal",
        "countrycode": "NP",
        "iso_3166_2": null,
        "state": "",
        "language": "nepali",
        "languagecodes": "ne",
        "votes": 0,
        "lastchangetime": "2023-07-05 11:06:49",
        "lastchangetime_iso8601": "2023-07-05T11:06:49Z",
        "codec": "MP3",
        "bitrate": 32,
        "hls": 0,
        "lastcheckok": 1,
        "lastchecktime": "2023-07-09 11:07:08",
        "lastchecktime_iso8601": "2023-07-09T11:07:08Z",
        "lastcheckoktime": "2023-07-09 11:07:08",
        "lastcheckoktime_iso8601": "2023-07-09T11:07:08Z",
        "lastlocalchecktime": "2023-07-09 00:17:17",
        "lastlocalchecktime_iso8601": "2023-07-09T00:17:17Z",
        "clicktimestamp": "2023-07-08 01:48:11",
        "clicktimestamp_iso8601": "2023-07-08T01:48:11Z",
        "clickcount": 4,
        "clicktrend": -1,
        "ssl_error": 0,
        "geo_lat": null,
        "geo_long": null,
        "has_extended_info": false
    },
    {
        "changeuuid": "c128230f-4831-4982-92f3-ed721d81e5c7",
        "stationuuid": "98ada523-041e-4163-9a3f-1621f5efe906",
        "serveruuid": "476223f2-e059-436d-bc48-6b2d1514fe55",
        "name": "Radio Sankhuwasava",
        "url": "http://live.itech.host:7016/live",
        "url_resolved": "http://live.itech.host:7016/live",
        "homepage": "http://radiosankhuwasava.com/",
        "favicon": "",
        "tags": "",
        "country": "Nepal",
        "countrycode": "NP",
        "iso_3166_2": null,
        "state": "",
        "language": "nepali",
        "languagecodes": "ne",
        "votes": 0,
        "lastchangetime": "2023-07-05 11:12:01",
        "lastchangetime_iso8601": "2023-07-05T11:12:01Z",
        "codec": "MP3",
        "bitrate": 32,
        "hls": 0,
        "lastcheckok": 1,
        "lastchecktime": "2023-07-09 11:12:15",
        "lastchecktime_iso8601": "2023-07-09T11:12:15Z",
        "lastcheckoktime": "2023-07-09 11:12:15",
        "lastcheckoktime_iso8601": "2023-07-09T11:12:15Z",
        "lastlocalchecktime": "2023-07-09 04:40:37",
        "lastlocalchecktime_iso8601": "2023-07-09T04:40:37Z",
        "clicktimestamp": "2023-07-08 07:10:51",
        "clicktimestamp_iso8601": "2023-07-08T07:10:51Z",
        "clickcount": 3,
        "clicktrend": -1,
        "ssl_error": 0,
        "geo_lat": null,
        "geo_long": null,
        "has_extended_info": false
    },
    {
        "changeuuid": "1cbbb5ec-84fb-4d22-8c1b-56e6d0516c26",
        "stationuuid": "84902be9-06b7-414a-8240-a5a69a035519",
        "serveruuid": "120f20d8-805d-46f2-9abb-a157a80d5c05",
        "name": "Shuklagandaki FM",
        "url": "http://live.itech.host:7132/live",
        "url_resolved": "http://live.itech.host:7132/live",
        "homepage": "http://shuklagandakifm.com/",
        "favicon": "",
        "tags": "",
        "country": "Nepal",
        "countrycode": "NP",
        "iso_3166_2": null,
        "state": "",
        "language": "nepali",
        "languagecodes": "ne",
        "votes": 0,
        "lastchangetime": "2023-07-05 11:16:25",
        "lastchangetime_iso8601": "2023-07-05T11:16:25Z",
        "codec": "MP3",
        "bitrate": 32,
        "hls": 0,
        "lastcheckok": 1,
        "lastchecktime": "2023-07-09 11:22:28",
        "lastchecktime_iso8601": "2023-07-09T11:22:28Z",
        "lastcheckoktime": "2023-07-09 11:22:28",
        "lastcheckoktime_iso8601": "2023-07-09T11:22:28Z",
        "lastlocalchecktime": "2023-07-09 07:57:25",
        "lastlocalchecktime_iso8601": "2023-07-09T07:57:25Z",
        "clicktimestamp": "2023-07-08 04:28:53",
        "clicktimestamp_iso8601": "2023-07-08T04:28:53Z",
        "clickcount": 3,
        "clicktrend": -1,
        "ssl_error": 0,
        "geo_lat": null,
        "geo_long": null,
        "has_extended_info": false
    },
    {
        "changeuuid": "aedae891-207e-492a-b016-19fa1dfa3b4e",
        "stationuuid": "1e48f143-6b9c-43a7-8035-8025978e92d8",
        "serveruuid": "116f9474-2f53-4d38-8b68-e3e4de0c822d",
        "name": "Radio Chimkeshwori",
        "url": "http://live.itech.host:7128/live",
        "url_resolved": "http://live.itech.host:7128/live",
        "homepage": "http://radiochhimkeshwori.com/",
        "favicon": "",
        "tags": "",
        "country": "Nepal",
        "countrycode": "NP",
        "iso_3166_2": null,
        "state": "",
        "language": "nepali",
        "languagecodes": "ne",
        "votes": 0,
        "lastchangetime": "2023-07-05 11:17:04",
        "lastchangetime_iso8601": "2023-07-05T11:17:04Z",
        "codec": "MP3",
        "bitrate": 32,
        "hls": 0,
        "lastcheckok": 1,
        "lastchecktime": "2023-07-09 11:22:28",
        "lastchecktime_iso8601": "2023-07-09T11:22:28Z",
        "lastcheckoktime": "2023-07-09 11:22:28",
        "lastcheckoktime_iso8601": "2023-07-09T11:22:28Z",
        "lastlocalchecktime": "2023-07-09 06:02:45",
        "lastlocalchecktime_iso8601": "2023-07-09T06:02:45Z",
        "clicktimestamp": "2023-07-07 15:32:27",
        "clicktimestamp_iso8601": "2023-07-07T15:32:27Z",
        "clickcount": 3,
        "clicktrend": -1,
        "ssl_error": 0,
        "geo_lat": null,
        "geo_long": null,
        "has_extended_info": false
    },
    {
        "changeuuid": "0c8e2ba9-4a7a-4613-a146-24926cddd4aa",
        "stationuuid": "c358f92f-3096-417b-b470-f838d455ad55",
        "serveruuid": "79fe77db-67bc-4ce7-9f2e-9b3365b15026",
        "name": "Radio Sathi",
        "url": "http://live.itech.host:7115/live",
        "url_resolved": "http://live.itech.host:7115/live",
        "homepage": "http://www.radiosathi.com/",
        "favicon": "https://www.radiosathi.com/themes/radio-sathi/favicon.png",
        "tags": "",
        "country": "Nepal",
        "countrycode": "NP",
        "iso_3166_2": null,
        "state": "",
        "language": "nepali",
        "languagecodes": "ne",
        "votes": 0,
        "lastchangetime": "2023-07-05 11:17:04",
        "lastchangetime_iso8601": "2023-07-05T11:17:04Z",
        "codec": "MP3",
        "bitrate": 32,
        "hls": 0,
        "lastcheckok": 1,
        "lastchecktime": "2023-07-09 11:22:28",
        "lastchecktime_iso8601": "2023-07-09T11:22:28Z",
        "lastcheckoktime": "2023-07-09 11:22:28",
        "lastcheckoktime_iso8601": "2023-07-09T11:22:28Z",
        "lastlocalchecktime": "2023-07-08 21:02:37",
        "lastlocalchecktime_iso8601": "2023-07-08T21:02:37Z",
        "clicktimestamp": "2023-07-08 08:21:51",
        "clicktimestamp_iso8601": "2023-07-08T08:21:51Z",
        "clickcount": 6,
        "clicktrend": -1,
        "ssl_error": 0,
        "geo_lat": null,
        "geo_long": null,
        "has_extended_info": false
    },
    {
        "changeuuid": "e241f7ee-dbc6-45fc-8715-818480909575",
        "stationuuid": "ae62e65a-0647-4df8-8aff-6f3544539502",
        "serveruuid": "cda3f9dc-685c-43c1-bcee-82826157a787",
        "name": "Radio Sahino",
        "url": "http://live.itech.host:7093/live",
        "url_resolved": "http://live.itech.host:7093/live",
        "homepage": "http://radiosahino.com/",
        "favicon": "",
        "tags": "",
        "country": "Nepal",
        "countrycode": "NP",
        "iso_3166_2": null,
        "state": "",
        "language": "nepali",
        "languagecodes": "ne",
        "votes": 0,
        "lastchangetime": "2023-07-05 11:22:12",
        "lastchangetime_iso8601": "2023-07-05T11:22:12Z",
        "codec": "MP3",
        "bitrate": 32,
        "hls": 0,
        "lastcheckok": 1,
        "lastchecktime": "2023-07-09 11:22:28",
        "lastchecktime_iso8601": "2023-07-09T11:22:28Z",
        "lastcheckoktime": "2023-07-09 11:22:28",
        "lastcheckoktime_iso8601": "2023-07-09T11:22:28Z",
        "lastlocalchecktime": "2023-07-09 06:09:06",
        "lastlocalchecktime_iso8601": "2023-07-09T06:09:06Z",
        "clicktimestamp": "2023-07-09 09:58:26",
        "clicktimestamp_iso8601": "2023-07-09T09:58:26Z",
        "clickcount": 7,
        "clicktrend": 1,
        "ssl_error": 0,
        "geo_lat": null,
        "geo_long": null,
        "has_extended_info": false
    },
    {
        "changeuuid": "e38cc528-b17a-4106-bcf8-62fa562452fa",
        "stationuuid": "342de0b7-0780-4aa8-acfe-fdbfc17bf56c",
        "serveruuid": "48189038-b13c-43fa-b917-c79d31728043",
        "name": "Radio Arun",
        "url": "http://live.itech.host:7076/live",
        "url_resolved": "http://live.itech.host:7076/live",
        "homepage": "http://www.radioarun.com.np/",
        "favicon": "",
        "tags": "",
        "country": "Nepal",
        "countrycode": "NP",
        "iso_3166_2": null,
        "state": "",
        "language": "nepali",
        "languagecodes": "ne",
        "votes": 0,
        "lastchangetime": "2023-07-05 11:22:12",
        "lastchangetime_iso8601": "2023-07-05T11:22:12Z",
        "codec": "MP3",
        "bitrate": 32,
        "hls": 0,
        "lastcheckok": 1,
        "lastchecktime": "2023-07-09 11:27:34",
        "lastchecktime_iso8601": "2023-07-09T11:27:34Z",
        "lastcheckoktime": "2023-07-09 11:27:34",
        "lastcheckoktime_iso8601": "2023-07-09T11:27:34Z",
        "lastlocalchecktime": "2023-07-09 00:52:49",
        "lastlocalchecktime_iso8601": "2023-07-09T00:52:49Z",
        "clicktimestamp": "2023-07-08 16:01:11",
        "clicktimestamp_iso8601": "2023-07-08T16:01:11Z",
        "clickcount": 4,
        "clicktrend": 1,
        "ssl_error": 0,
        "geo_lat": null,
        "geo_long": null,
        "has_extended_info": false
    },
    {
        "changeuuid": "b8767aeb-a008-4f44-96c1-645d32219ef4",
        "stationuuid": "5fb186ea-2ee2-4ca4-9d14-22075cb8a213",
        "serveruuid": "9a4fb0be-e212-4445-adc6-1b7544dd0731",
        "name": "Radio Tiger",
        "url": "http://live.itech.host:7057/live",
        "url_resolved": "http://live.itech.host:7057/live",
        "homepage": "https://tigerkhabar.com/",
        "favicon": "",
        "tags": "",
        "country": "Nepal",
        "countrycode": "NP",
        "iso_3166_2": null,
        "state": "",
        "language": "nepali",
        "languagecodes": "ne",
        "votes": 0,
        "lastchangetime": "2023-07-05 11:26:40",
        "lastchangetime_iso8601": "2023-07-05T11:26:40Z",
        "codec": "MP3",
        "bitrate": 32,
        "hls": 0,
        "lastcheckok": 1,
        "lastchecktime": "2023-07-09 11:27:34",
        "lastchecktime_iso8601": "2023-07-09T11:27:34Z",
        "lastcheckoktime": "2023-07-09 11:27:34",
        "lastcheckoktime_iso8601": "2023-07-09T11:27:34Z",
        "lastlocalchecktime": "2023-07-09 05:38:18",
        "lastlocalchecktime_iso8601": "2023-07-09T05:38:18Z",
        "clicktimestamp": "2023-07-08 16:00:25",
        "clicktimestamp_iso8601": "2023-07-08T16:00:25Z",
        "clickcount": 6,
        "clicktrend": 0,
        "ssl_error": 0,
        "geo_lat": null,
        "geo_long": null,
        "has_extended_info": false
    },
    {
        "changeuuid": "febd5a70-e35f-4e4a-be52-bcdde640e582",
        "stationuuid": "86492ec0-4e0e-4d1f-a9d0-5ee13953afe1",
        "serveruuid": "50071469-5b7e-4304-8780-08eb8af2d5be",
        "name": "Radio Jaljala",
        "url": "http://live.itech.host:8144/live",
        "url_resolved": "http://live.itech.host:8144/live",
        "homepage": "http://radiojaljala.org.np/",
        "favicon": "",
        "tags": "",
        "country": "Nepal",
        "countrycode": "NP",
        "iso_3166_2": null,
        "state": "",
        "language": "nepali",
        "languagecodes": "ne",
        "votes": 0,
        "lastchangetime": "2023-07-05 12:08:38",
        "lastchangetime_iso8601": "2023-07-05T12:08:38Z",
        "codec": "MP3",
        "bitrate": 32,
        "hls": 0,
        "lastcheckok": 1,
        "lastchecktime": "2023-07-09 12:13:31",
        "lastchecktime_iso8601": "2023-07-09T12:13:31Z",
        "lastcheckoktime": "2023-07-09 12:13:31",
        "lastcheckoktime_iso8601": "2023-07-09T12:13:31Z",
        "lastlocalchecktime": "2023-07-09 03:15:08",
        "lastlocalchecktime_iso8601": "2023-07-09T03:15:08Z",
        "clicktimestamp": "2023-07-08 08:22:33",
        "clicktimestamp_iso8601": "2023-07-08T08:22:33Z",
        "clickcount": 4,
        "clicktrend": -1,
        "ssl_error": 0,
        "geo_lat": null,
        "geo_long": null,
        "has_extended_info": false
    },
    {
        "changeuuid": "0e5e630e-3392-47c6-b952-32eae793ec6f",
        "stationuuid": "33d14180-2e48-4428-9fdc-047def971de2",
        "serveruuid": "c35c963b-3b88-45a3-8a9b-d06aa9f64449",
        "name": "Radio Kanchanpur",
        "url": "http://live.itech.host:8294/live",
        "url_resolved": "http://live.itech.host:8294/live",
        "homepage": "https://radiokanchanpur.com.np/",
        "favicon": "",
        "tags": "",
        "country": "Nepal",
        "countrycode": "NP",
        "iso_3166_2": null,
        "state": "",
        "language": "nepali",
        "languagecodes": "ne",
        "votes": 0,
        "lastchangetime": "2023-07-05 12:26:06",
        "lastchangetime_iso8601": "2023-07-05T12:26:06Z",
        "codec": "MP3",
        "bitrate": 32,
        "hls": 0,
        "lastcheckok": 1,
        "lastchecktime": "2023-07-09 12:28:44",
        "lastchecktime_iso8601": "2023-07-09T12:28:44Z",
        "lastcheckoktime": "2023-07-09 12:28:44",
        "lastcheckoktime_iso8601": "2023-07-09T12:28:44Z",
        "lastlocalchecktime": "2023-07-09 05:28:55",
        "lastlocalchecktime_iso8601": "2023-07-09T05:28:55Z",
        "clicktimestamp": "2023-07-08 08:22:03",
        "clicktimestamp_iso8601": "2023-07-08T08:22:03Z",
        "clickcount": 6,
        "clicktrend": -2,
        "ssl_error": 0,
        "geo_lat": null,
        "geo_long": null,
        "has_extended_info": false
    },
    {
        "changeuuid": "418a687f-09b2-4688-9286-21968016af8e",
        "stationuuid": "b1337ffa-d468-4959-90c1-c225c2176b85",
        "serveruuid": "493d280d-e34b-4142-9b72-889b33dce6a5",
        "name": "Radio Didibahini",
        "url": "http://live.itech.host:8326/live",
        "url_resolved": "http://live.itech.host:8326/live",
        "homepage": "https://radiodidibahini.com.np/",
        "favicon": "",
        "tags": "",
        "country": "Nepal",
        "countrycode": "NP",
        "iso_3166_2": null,
        "state": "",
        "language": "nepali",
        "languagecodes": "ne",
        "votes": 0,
        "lastchangetime": "2023-07-05 12:26:06",
        "lastchangetime_iso8601": "2023-07-05T12:26:06Z",
        "codec": "MP3",
        "bitrate": 32,
        "hls": 0,
        "lastcheckok": 1,
        "lastchecktime": "2023-07-09 12:33:56",
        "lastchecktime_iso8601": "2023-07-09T12:33:56Z",
        "lastcheckoktime": "2023-07-09 12:33:56",
        "lastcheckoktime_iso8601": "2023-07-09T12:33:56Z",
        "lastlocalchecktime": "2023-07-09 00:56:38",
        "lastlocalchecktime_iso8601": "2023-07-09T00:56:38Z",
        "clicktimestamp": "2023-07-06 08:19:32",
        "clicktimestamp_iso8601": "2023-07-06T08:19:32Z",
        "clickcount": 4,
        "clicktrend": 0,
        "ssl_error": 0,
        "geo_lat": null,
        "geo_long": null,
        "has_extended_info": false
    },
    {
        "changeuuid": "ff9d5411-5958-44a8-a891-b47a51cbe957",
        "stationuuid": "21c8ec32-165f-421c-a85c-e7c45748d2c3",
        "serveruuid": "cf645347-963f-41e1-9944-ffeae2fec8f9",
        "name": "Radio Namobuddha",
        "url": "http://live.itech.host:8460/live",
        "url_resolved": "http://live.itech.host:8460/live",
        "homepage": "https://radionamobuddha.com.np/",
        "favicon": "",
        "tags": "",
        "country": "Nepal",
        "countrycode": "NP",
        "iso_3166_2": null,
        "state": "",
        "language": "nepali",
        "languagecodes": "ne",
        "votes": 0,
        "lastchangetime": "2023-07-05 12:31:11",
        "lastchangetime_iso8601": "2023-07-05T12:31:11Z",
        "codec": "MP3",
        "bitrate": 32,
        "hls": 0,
        "lastcheckok": 1,
        "lastchecktime": "2023-07-09 12:39:06",
        "lastchecktime_iso8601": "2023-07-09T12:39:06Z",
        "lastcheckoktime": "2023-07-09 12:39:06",
        "lastcheckoktime_iso8601": "2023-07-09T12:39:06Z",
        "lastlocalchecktime": "2023-07-09 07:41:29",
        "lastlocalchecktime_iso8601": "2023-07-09T07:41:29Z",
        "clicktimestamp": "2023-07-08 06:57:30",
        "clicktimestamp_iso8601": "2023-07-08T06:57:30Z",
        "clickcount": 6,
        "clicktrend": -2,
        "ssl_error": 0,
        "geo_lat": null,
        "geo_long": null,
        "has_extended_info": false
    },
    {
        "changeuuid": "bb8f6105-88fa-458c-b30d-09618e0dec02",
        "stationuuid": "ca43748e-df89-4109-94b7-0ce7316424c9",
        "serveruuid": "0926ee99-3105-4a79-93ed-28b393821d86",
        "name": "Radio Siddhababa",
        "url": "http://live.itech.host:8442/live",
        "url_resolved": "http://live.itech.host:8442/live",
        "homepage": "http://radiosiddhababa.com.np/",
        "favicon": "",
        "tags": "",
        "country": "Nepal",
        "countrycode": "NP",
        "iso_3166_2": null,
        "state": "",
        "language": "nepali",
        "languagecodes": "ne",
        "votes": 0,
        "lastchangetime": "2023-07-05 12:31:11",
        "lastchangetime_iso8601": "2023-07-05T12:31:11Z",
        "codec": "MP3",
        "bitrate": 32,
        "hls": 0,
        "lastcheckok": 1,
        "lastchecktime": "2023-07-09 12:39:06",
        "lastchecktime_iso8601": "2023-07-09T12:39:06Z",
        "lastcheckoktime": "2023-07-09 12:39:06",
        "lastcheckoktime_iso8601": "2023-07-09T12:39:06Z",
        "lastlocalchecktime": "2023-07-09 03:02:04",
        "lastlocalchecktime_iso8601": "2023-07-09T03:02:04Z",
        "clicktimestamp": "2023-07-05 13:26:22",
        "clicktimestamp_iso8601": "2023-07-05T13:26:22Z",
        "clickcount": 4,
        "clicktrend": 0,
        "ssl_error": 0,
        "geo_lat": null,
        "geo_long": null,
        "has_extended_info": false
    },
    {
        "changeuuid": "72a5500b-bfa8-4b55-a720-56e32d75a9af",
        "stationuuid": "0aaf54c1-e3ca-41db-90fb-c8f20cb7080e",
        "serveruuid": "f372d7ac-9893-487e-9782-36dc7db4eb68",
        "name": "Choice FM",
        "url": "http://live.itech.host:8466/live",
        "url_resolved": "http://live.itech.host:8466/live",
        "homepage": "https://choicefm.com.np/",
        "favicon": "",
        "tags": "",
        "country": "Nepal",
        "countrycode": "NP",
        "iso_3166_2": null,
        "state": "",
        "language": "nepali",
        "languagecodes": "ne",
        "votes": 0,
        "lastchangetime": "2023-07-05 12:36:48",
        "lastchangetime_iso8601": "2023-07-05T12:36:48Z",
        "codec": "MP3",
        "bitrate": 32,
        "hls": 0,
        "lastcheckok": 1,
        "lastchecktime": "2023-07-09 12:39:06",
        "lastchecktime_iso8601": "2023-07-09T12:39:06Z",
        "lastcheckoktime": "2023-07-09 12:39:06",
        "lastcheckoktime_iso8601": "2023-07-09T12:39:06Z",
        "lastlocalchecktime": "2023-07-09 06:41:39",
        "lastlocalchecktime_iso8601": "2023-07-09T06:41:39Z",
        "clicktimestamp": "2023-07-08 16:00:00",
        "clicktimestamp_iso8601": "2023-07-08T16:00:00Z",
        "clickcount": 7,
        "clicktrend": -1,
        "ssl_error": 0,
        "geo_lat": null,
        "geo_long": null,
        "has_extended_info": false
    },
    {
        "changeuuid": "8aa78c1f-67be-4bf3-8884-3e410cab1ce7",
        "stationuuid": "1f34d031-6894-49ac-b4d3-e176850920aa",
        "serveruuid": "7ce1610d-8645-4d30-b63c-ac407d227123",
        "name": "Radio Kantipur FM 96.1 MHz",
        "url": "https://radio-broadcast.ekantipur.com/stream",
        "url_resolved": "https://radio-broadcast.ekantipur.com/stream",
        "homepage": "https://radiokantipur.com/",
        "favicon": "http://radio-jcss-cdn.ekantipur.com/images/kfm_logo.png",
        "tags": "",
        "country": "Nepal",
        "countrycode": "NP",
        "iso_3166_2": null,
        "state": "",
        "language": "",
        "languagecodes": "",
        "votes": 106,
        "lastchangetime": "2023-07-14 16:50:23",
        "lastchangetime_iso8601": "2023-07-14T16:50:23Z",
        "codec": "MP3",
        "bitrate": 128,
        "hls": 0,
        "lastcheckok": 1,
        "lastchecktime": "2023-09-02 23:11:23",
        "lastchecktime_iso8601": "2023-09-02T23:11:23Z",
        "lastcheckoktime": "2023-09-02 23:11:23",
        "lastcheckoktime_iso8601": "2023-09-02T23:11:23Z",
        "lastlocalchecktime": "2023-09-02 23:11:23",
        "lastlocalchecktime_iso8601": "2023-09-02T23:11:23Z",
        "clicktimestamp": "2023-09-03 14:01:12",
        "clicktimestamp_iso8601": "2023-09-03T14:01:12Z",
        "clickcount": 137,
        "clicktrend": -8,
        "ssl_error": 0,
        "geo_lat": null,
        "geo_long": null,
        "has_extended_info": false
    },
    {
        "changeuuid": "42a10431-6f0f-4127-b6b8-b15aef1da138",
        "stationuuid": "47ab62d6-ed02-4e76-8942-65cf1d7d7307",
        "serveruuid": "32196897-afc0-480f-bf86-999128d4a6b8",
        "name": "Helambu FM",
        "url": "http://live.itech.host:8010/live",
        "url_resolved": "http://live.itech.host:8010/live",
        "homepage": "https://helambufm.com.np/",
        "favicon": "",
        "tags": "",
        "country": "Nepal",
        "countrycode": "NP",
        "iso_3166_2": null,
        "state": "",
        "language": "nepali",
        "languagecodes": "ne",
        "votes": 23,
        "lastchangetime": "2023-07-05 12:02:44",
        "lastchangetime_iso8601": "2023-07-05T12:02:44Z",
        "codec": "MP3",
        "bitrate": 32,
        "hls": 0,
        "lastcheckok": 1,
        "lastchecktime": "2023-09-03 08:03:27",
        "lastchecktime_iso8601": "2023-09-03T08:03:27Z",
        "lastcheckoktime": "2023-09-03 08:03:27",
        "lastcheckoktime_iso8601": "2023-09-03T08:03:27Z",
        "lastlocalchecktime": "2023-09-03 08:03:27",
        "lastlocalchecktime_iso8601": "2023-09-03T08:03:27Z",
        "clicktimestamp": "2023-09-03 13:32:09",
        "clicktimestamp_iso8601": "2023-09-03T13:32:09Z",
        "clickcount": 28,
        "clicktrend": 3,
        "ssl_error": 0,
        "geo_lat": null,
        "geo_long": null,
        "has_extended_info": false
    },
    {
        "changeuuid": "01a7851f-9e33-4e48-a993-655adaf74e61",
        "stationuuid": "f341de6a-f448-4034-8325-012cb3b832a5",
        "serveruuid": "fb28e99b-9743-4069-bb0e-a1e062c08e8c",
        "name": "RadioSagar",
        "url": "https://eu1.fastcast4u.com/proxy/radiosag?mp=/stream/1/",
        "url_resolved": "https://eu1.fastcast4u.com/proxy/radiosag?mp=/stream/1/",
        "homepage": "",
        "favicon": "https://cdn.webrad.io/images/logos/radionp-com/radiosagar.png",
        "tags": "pop",
        "country": "Nepal",
        "countrycode": "NP",
        "iso_3166_2": null,
        "state": "",
        "language": "",
        "languagecodes": "",
        "votes": 2,
        "lastchangetime": "2023-08-27 21:28:39",
        "lastchangetime_iso8601": "2023-08-27T21:28:39Z",
        "codec": "MP3",
        "bitrate": 128,
        "hls": 0,
        "lastcheckok": 1,
        "lastchecktime": "2023-09-03 12:47:14",
        "lastchecktime_iso8601": "2023-09-03T12:47:14Z",
        "lastcheckoktime": "2023-09-03 12:47:14",
        "lastcheckoktime_iso8601": "2023-09-03T12:47:14Z",
        "lastlocalchecktime": "2023-09-03 07:25:59",
        "lastlocalchecktime_iso8601": "2023-09-03T07:25:59Z",
        "clicktimestamp": "2023-09-02 13:48:55",
        "clicktimestamp_iso8601": "2023-09-02T13:48:55Z",
        "clickcount": 17,
        "clicktrend": -4,
        "ssl_error": 0,
        "geo_lat": null,
        "geo_long": null,
        "has_extended_info": false
    },
    {
        "changeuuid": "f58540ad-adf7-413c-b8fd-267780ca3365",
        "stationuuid": "d9b11ab6-74f0-4be0-a104-2e68c1ee3c4f",
        "serveruuid": "09d21547-2967-42f2-8812-ad351c9127a7",
        "name": "Radio Nepal",
        "url": "https://stream1.radionepal.gov.np/live/",
        "url_resolved": "https://stream1.radionepal.gov.np/live/",
        "homepage": "https://radionepal.gov.np/",
        "favicon": "https://radionepal.gov.np/wp-content/themes/rdnpnew/images/icon/apple-icon-120x120.png",
        "tags": "news",
        "country": "Nepal",
        "countrycode": "NP",
        "iso_3166_2": null,
        "state": "",
        "language": "nepali",
        "languagecodes": "ne",
        "votes": 193,
        "lastchangetime": "2023-11-04 14:45:25",
        "lastchangetime_iso8601": "2023-11-04T14:45:25Z",
        "codec": "MP3",
        "bitrate": 0,
        "hls": 0,
        "lastcheckok": 1,
        "lastchecktime": "2023-11-07 15:07:05",
        "lastchecktime_iso8601": "2023-11-07T15:07:05Z",
        "lastcheckoktime": "2023-11-07 15:07:05",
        "lastcheckoktime_iso8601": "2023-11-07T15:07:05Z",
        "lastlocalchecktime": "2023-11-07 03:05:03",
        "lastlocalchecktime_iso8601": "2023-11-07T03:05:03Z",
        "clicktimestamp": "2023-11-07 17:38:45",
        "clicktimestamp_iso8601": "2023-11-07T17:38:45Z",
        "clickcount": 358,
        "clicktrend": -1,
        "ssl_error": 0,
        "geo_lat": null,
        "geo_long": null,
        "has_extended_info": false
    },
    {
        "changeuuid": "4e41310a-bd0e-4551-a054-99f1044ac3ba",
        "stationuuid": "cfbd8b68-1061-4b40-9660-5ffa9421056e",
        "serveruuid": "1955f630-51df-4b85-8122-5053f03e6c44",
        "name": "\u0915\u093e\u0932\u091c\u092f\u0940 \u0928\u0947\u092a\u093e\u0932\u0940 \u092a\u0941\u0930\u093e\u0928\u093e \u0917\u0940\u0924\u0939\u0930\u0941",
        "url": "http://209.95.50.189:8106/stream/1/?fbclid=IwAR23mjjmHllb--s59PzUC3WueP-alzPIQcc8IGBCI7EucZ0PpFc1yQBQQBg",
        "url_resolved": "http://209.95.50.189:8106/stream/1/?fbclid=IwAR23mjjmHllb--s59PzUC3WueP-alzPIQcc8IGBCI7EucZ0PpFc1yQBQQBg",
        "homepage": "http://radio.pervii.com/sa/radio/242435.htm",
        "favicon": "",
        "tags": "old nepali songs",
        "country": "Nepal",
        "countrycode": "NP",
        "iso_3166_2": null,
        "state": "",
        "language": "nepali",
        "languagecodes": "ne",
        "votes": 46,
        "lastchangetime": "2023-11-05 02:32:37",
        "lastchangetime_iso8601": "2023-11-05T02:32:37Z",
        "codec": "MP3",
        "bitrate": 32,
        "hls": 0,
        "lastcheckok": 1,
        "lastchecktime": "2023-11-07 14:57:14",
        "lastchecktime_iso8601": "2023-11-07T14:57:14Z",
        "lastcheckoktime": "2023-11-07 14:57:14",
        "lastcheckoktime_iso8601": "2023-11-07T14:57:14Z",
        "lastlocalchecktime": "2023-11-07 14:57:14",
        "lastlocalchecktime_iso8601": "2023-11-07T14:57:14Z",
        "clicktimestamp": "2023-11-07 14:39:07",
        "clicktimestamp_iso8601": "2023-11-07T14:39:07Z",
        "clickcount": 83,
        "clicktrend": -8,
        "ssl_error": 0,
        "geo_lat": null,
        "geo_long": null,
        "has_extended_info": false
    },
    {
        "changeuuid": "8b6d14ee-0cd7-461c-a9e3-fb2d4c249cf5",
        "stationuuid": "fa1859bd-4a8d-4ca3-9144-96c6475ac887",
        "serveruuid": "33aeaae6-3de7-4f32-9bd9-e75ca2bdf522",
        "name": "\u0930\u0947\u0921\u093f\u092f\u094b \u0939\u093f\u092e\u093e\u0932\u092f",
        "url": "https://live.itech.host/himalayaradio",
        "url_resolved": "https://live.itech.host/himalayaradio",
        "homepage": "https://radiohimalaya.com/",
        "favicon": "",
        "tags": "nepali evergreen",
        "country": "Nepal",
        "countrycode": "NP",
        "iso_3166_2": null,
        "state": "",
        "language": "nepali",
        "languagecodes": "ne",
        "votes": 37,
        "lastchangetime": "2023-11-04 22:23:41",
        "lastchangetime_iso8601": "2023-11-04T22:23:41Z",
        "codec": "MP3",
        "bitrate": 128,
        "hls": 0,
        "lastcheckok": 1,
        "lastchecktime": "2023-11-07 16:45:49",
        "lastchecktime_iso8601": "2023-11-07T16:45:49Z",
        "lastcheckoktime": "2023-11-07 16:45:49",
        "lastcheckoktime_iso8601": "2023-11-07T16:45:49Z",
        "lastlocalchecktime": "2023-11-07 16:45:49",
        "lastlocalchecktime_iso8601": "2023-11-07T16:45:49Z",
        "clicktimestamp": "2023-11-07 10:08:35",
        "clicktimestamp_iso8601": "2023-11-07T10:08:35Z",
        "clickcount": 55,
        "clicktrend": -4,
        "ssl_error": 0,
        "geo_lat": null,
        "geo_long": null,
        "has_extended_info": false
    }
]