[
    {
        "changeuuid": "85491761-56b3-457b-a279-7e7865ecb840",
        "stationuuid": "0925f9a5-2cee-4900-b8f0-d6b0b64a90af",
        "serveruuid": "85f51bf0-7569-40f3-92f6-683507444190",
        "name": "Virgin Radio Oman",
        "url": "http://uk5.internet-radio.com:8115/stream",
        "url_resolved": "http://uk5.internet-radio.com:8115/stream",
        "homepage": "http://virginradiooman.com/",
        "favicon": "http://virginradiooman.com/wp-content/uploads/2018/03/logo-frequency.png",
        "tags": "hiphop,hits,pop,r'n'b,top 40",
        "country": "Oman",
        "countrycode": "OM",
        "iso_3166_2": null,
        "state": "",
        "language": "english",
        "languagecodes": "en",
        "votes": 608,
        "lastchangetime": "2023-03-04 21:32:40",
        "lastchangetime_iso8601": "2023-03-04T21:32:40Z",
        "codec": "MP3",
        "bitrate": 128,
        "hls": 0,
        "lastcheckok": 1,
        "lastchecktime": "2023-04-07 23:24:20",
        "lastchecktime_iso8601": "2023-04-07T23:24:20Z",
        "lastcheckoktime": "2023-04-07 23:24:20",
        "lastcheckoktime_iso8601": "2023-04-07T23:24:20Z",
        "lastlocalchecktime": "2023-04-07 20:18:26",
        "lastlocalchecktime_iso8601": "2023-04-07T20:18:26Z",
        "clicktimestamp": "2023-04-08 13:28:08",
        "clicktimestamp_iso8601": "2023-04-08T13:28:08Z",
        "clickcount": 26,
        "clicktrend": 1,
        "ssl_error": 0,
        "geo_lat": null,
        "geo_long": null,
        "has_extended_info": false
    },
    {
        "changeuuid": "c1dba5ef-f7dd-4fb6-aee6-9f57022a5db7",
        "stationuuid": "26eb1c40-f314-4976-8969-a70d1fcce1fc",
        "serveruuid": "649f687c-fb7b-48eb-ac8f-669851d47fcd",
        "name": "Hala FM",
        "url": "https://listen-halafm.sharp-stream.com/halafmlow.mp3",
        "url_resolved": "https://listen-halafm.sharp-stream.com/halafmlow.mp3",
        "homepage": "https://halafm.com/",
        "favicon": "https://halafm.om/hubalod/2022/07/cropped-logo_re512-512-180x180.png",
        "tags": "arabic,arabic music,arabic songs,muscat",
        "country": "Oman",
        "countrycode": "OM",
        "iso_3166_2": null,
        "state": "Muscat",
        "language": "arabic",
        "languagecodes": "ar",
        "votes": 231,
        "lastchangetime": "2023-01-12 17:29:14",
        "lastchangetime_iso8601": "2023-01-12T17:29:14Z",
        "codec": "MP3",
        "bitrate": 64,
        "hls": 0,
        "lastcheckok": 1,
        "lastchecktime": "2023-04-08 08:44:14",
        "lastchecktime_iso8601": "2023-04-08T08:44:14Z",
        "lastcheckoktime": "2023-04-08 08:44:14",
        "lastcheckoktime_iso8601": "2023-04-08T08:44:14Z",
        "lastlocalchecktime": "2023-04-08 08:44:14",
        "lastlocalchecktime_iso8601": "2023-04-08T08:44:14Z",
        "clicktimestamp": "2023-04-08 13:26:17",
        "clicktimestamp_iso8601": "2023-04-08T13:26:17Z",
        "clickcount": 73,
        "clicktrend": -1,
        "ssl_error": 0,
        "geo_lat": null,
        "geo_long": null,
        "has_extended_info": false
    },
    {
        "changeuuid": "feafacb0-3f2f-4533-981f-d82892a16dc2",
        "stationuuid": "df11c6f9-6671-11e9-af37-52543be04c81",
        "serveruuid": "30e56841-05ec-475e-83f4-b5f8c1689c30",
        "name": "Merge",
        "url": "http://uk7.internet-radio.com:8040/",
        "url_resolved": "http://uk7.internet-radio.com:8040/",
        "homepage": "http://www.radiomerge.fm/",
        "favicon": "http://radiomerge.fm/merge/wp-content/themes/radiomerge/assets/images/favicon.png",
        "tags": "hits,pop,regional",
        "country": "Oman",
        "countrycode": "OM",
        "iso_3166_2": null,
        "state": "",
        "language": "arabic,english",
        "languagecodes": "ar,en",
        "votes": 207,
        "lastchangetime": "2023-03-04 21:27:51",
        "lastchangetime_iso8601": "2023-03-04T21:27:51Z",
        "codec": "MP3",
        "bitrate": 96,
        "hls": 0,
        "lastcheckok": 1,
        "lastchecktime": "2023-04-08 12:14:39",
        "lastchecktime_iso8601": "2023-04-08T12:14:39Z",
        "lastcheckoktime": "2023-04-08 12:14:39",
        "lastcheckoktime_iso8601": "2023-04-08T12:14:39Z",
        "lastlocalchecktime": "2023-04-08 12:14:39",
        "lastlocalchecktime_iso8601": "2023-04-08T12:14:39Z",
        "clicktimestamp": "2023-04-08 13:28:18",
        "clicktimestamp_iso8601": "2023-04-08T13:28:18Z",
        "clickcount": 20,
        "clicktrend": -1,
        "ssl_error": 0,
        "geo_lat": null,
        "geo_long": null,
        "has_extended_info": false
    },
    {
        "changeuuid": "9d900b4c-1b93-4789-ac03-9cf6bb80ce1b",
        "stationuuid": "ef2cb53f-3f77-482c-942b-a2826cb324af",
        "serveruuid": "8b9f0c2c-9535-427a-bc6d-99ac024e1935",
        "name": "Al Wisal",
        "url": "http://uk7.internet-radio.com:8067/;",
        "url_resolved": "http://uk7.internet-radio.com:8067/;",
        "homepage": "http://wisal.fm/cms",
        "favicon": "",
        "tags": "arabic,music,news,talk",
        "country": "Oman",
        "countrycode": "OM",
        "iso_3166_2": null,
        "state": "Muscat",
        "language": "arabic",
        "languagecodes": "ar",
        "votes": 199,
        "lastchangetime": "2022-03-28 12:33:57",
        "lastchangetime_iso8601": "2022-03-28T12:33:57Z",
        "codec": "MP3",
        "bitrate": 128,
        "hls": 0,
        "lastcheckok": 1,
        "lastchecktime": "2023-04-08 06:55:29",
        "lastchecktime_iso8601": "2023-04-08T06:55:29Z",
        "lastcheckoktime": "2023-04-08 06:55:29",
        "lastcheckoktime_iso8601": "2023-04-08T06:55:29Z",
        "lastlocalchecktime": "2023-04-07 21:05:08",
        "lastlocalchecktime_iso8601": "2023-04-07T21:05:08Z",
        "clicktimestamp": "2023-04-08 13:27:33",
        "clicktimestamp_iso8601": "2023-04-08T13:27:33Z",
        "clickcount": 65,
        "clicktrend": -1,
        "ssl_error": 0,
        "geo_lat": null,
        "geo_long": null,
        "has_extended_info": false
    },
    {
        "changeuuid": "9d7da5a4-8978-436f-8f41-38678cd044b0",
        "stationuuid": "2cc238bc-2466-4e27-a5ad-af7e02991220",
        "serveruuid": "c5b164bb-c38b-4a73-afd2-166b6257c23f",
        "name": "Quran Program Oman   \u0625\u0630\u0627\u0639\u0629-\u0627\u0644\u0642\u0631\u0622\u0646-\u0627\u0644\u0643\u0631\u064a\u0645",
        "url": "https://partwota.cdn.mgmlcdn.com/quranrdoorg/quranrdo.stream_aac/chunklist.m3u8",
        "url_resolved": "https://partwota.cdn.mgmlcdn.com/quranrdoorg/quranrdo.stream_aac/chunklist.m3u8",
        "homepage": "https://ayn.om/",
        "favicon": "https://ayn.om/images/favicon/favicon_v1.png",
        "tags": "",
        "country": "Oman",
        "countrycode": "OM",
        "iso_3166_2": null,
        "state": "",
        "language": "",
        "languagecodes": "",
        "votes": 62,
        "lastchangetime": "2023-02-17 00:33:37",
        "lastchangetime_iso8601": "2023-02-17T00:33:37Z",
        "codec": "UNKNOWN",
        "bitrate": 0,
        "hls": 1,
        "lastcheckok": 1,
        "lastchecktime": "2023-04-08 01:51:26",
        "lastchecktime_iso8601": "2023-04-08T01:51:26Z",
        "lastcheckoktime": "2023-04-08 01:51:26",
        "lastcheckoktime_iso8601": "2023-04-08T01:51:26Z",
        "lastlocalchecktime": "2023-04-07 17:54:18",
        "lastlocalchecktime_iso8601": "2023-04-07T17:54:18Z",
        "clicktimestamp": "2023-04-08 14:28:42",
        "clicktimestamp_iso8601": "2023-04-08T14:28:42Z",
        "clickcount": 182,
        "clicktrend": 3,
        "ssl_error": 0,
        "geo_lat": null,
        "geo_long": null,
        "has_extended_info": false
    },
    {
        "changeuuid": "59a747a7-8cd1-484c-9e68-812c28c1e708",
        "stationuuid": "caa1ef06-c65e-4238-b2b4-1dd6dc1fdf1b",
        "serveruuid": "e40215b7-c5a0-40be-879e-1ff3d541e62c",
        "name": "Public Radio Oman   \u0627\u0644\u0625\u0630\u0627\u0639\u0629-\u0627\u0644\u0639\u0627\u0645\u0629",
        "url": "https://partneta.cdn.mgmlcdn.com/omanrdoorg/omanrdo.stream_aac/chunklist.m3u8",
        "url_resolved": "https://partneta.cdn.mgmlcdn.com/omanrdoorg/omanrdo.stream_aac/chunklist.m3u8",
        "homepage": "https://ayn.om/",
        "favicon": "https://ayn.om/images/favicon/favicon_v1.png",
        "tags": "",
        "country": "Oman",
        "countrycode": "OM",
        "iso_3166_2": null,
        "state": "",
        "language": "",
        "languagecodes": "",
        "votes": 29,
        "lastchangetime": "2023-02-17 00:33:37",
        "lastchangetime_iso8601": "2023-02-17T00:33:37Z",
        "codec": "UNKNOWN",
        "bitrate": 0,
        "hls": 1,
        "lastcheckok": 1,
        "lastchecktime": "2023-04-08 08:57:53",
        "lastchecktime_iso8601": "2023-04-08T08:57:53Z",
        "lastcheckoktime": "2023-04-08 08:57:53",
        "lastcheckoktime_iso8601": "2023-04-08T08:57:53Z",
        "lastlocalchecktime": "2023-04-08 08:57:53",
        "lastlocalchecktime_iso8601": "2023-04-08T08:57:53Z",
        "clicktimestamp": "2023-04-08 13:37:24",
        "clicktimestamp_iso8601": "2023-04-08T13:37:24Z",
        "clickcount": 108,
        "clicktrend": 3,
        "ssl_error": 0,
        "geo_lat": null,
        "geo_long": null,
        "has_extended_info": false
    },
    {
        "changeuuid": "23d8b286-566f-4f6d-8b67-8f7805e75da1",
        "stationuuid": "278a539c-03fe-469d-9a4e-106f91c5f586",
        "serveruuid": "e40215b7-c5a0-40be-879e-1ff3d541e62c",
        "name": "Youth Program Oman  \u0625\u0630\u0627\u0639\u0629-\u0627\u0644\u0634\u0628\u0627\u0628",
        "url": "https://partneta.cdn.mgmlcdn.com/shababrdoorg/shababrdo.stream_aac/chunklist.m3u8",
        "url_resolved": "https://partneta.cdn.mgmlcdn.com/shababrdoorg/shababrdo.stream_aac/chunklist.m3u8",
        "homepage": "https://ayn.om/",
        "favicon": "https://ayn.om/images/favicon/favicon_v1.png",
        "tags": "",
        "country": "Oman",
        "countrycode": "OM",
        "iso_3166_2": null,
        "state": "",
        "language": "",
        "languagecodes": "",
        "votes": 13,
        "lastchangetime": "2023-02-17 00:28:59",
        "lastchangetime_iso8601": "2023-02-17T00:28:59Z",
        "codec": "UNKNOWN",
        "bitrate": 0,
        "hls": 1,
        "lastcheckok": 1,
        "lastchecktime": "2023-04-08 10:53:02",
        "lastchecktime_iso8601": "2023-04-08T10:53:02Z",
        "lastcheckoktime": "2023-04-08 10:53:02",
        "lastcheckoktime_iso8601": "2023-04-08T10:53:02Z",
        "lastlocalchecktime": "2023-04-08 10:53:02",
        "lastlocalchecktime_iso8601": "2023-04-08T10:53:02Z",
        "clicktimestamp": "2023-04-08 13:28:00",
        "clicktimestamp_iso8601": "2023-04-08T13:28:00Z",
        "clickcount": 55,
        "clicktrend": -3,
        "ssl_error": 0,
        "geo_lat": null,
        "geo_long": null,
        "has_extended_info": false
    },
    {
        "changeuuid": "eb5e8aaf-6410-4eef-b1f3-0ffd4e7dd4cc",
        "stationuuid": "6d448167-b7d7-4537-aa0e-fbd11e880783",
        "serveruuid": "930f706a-942f-4a14-bd2e-858d37572dc8",
        "name": "Hi FM Oman ",
        "url": "http://listen-hifmtemp.sharp-stream.com/hifmmid.mp3",
        "url_resolved": "http://listen-hifmtemp.sharp-stream.com/hifmmid.mp3",
        "homepage": "https://www.hifmradio.com/",
        "favicon": "",
        "tags": "pop",
        "country": "Oman",
        "countrycode": "OM",
        "iso_3166_2": null,
        "state": "",
        "language": "english",
        "languagecodes": "en",
        "votes": 12,
        "lastchangetime": "2022-12-24 18:13:56",
        "lastchangetime_iso8601": "2022-12-24T18:13:56Z",
        "codec": "MP3",
        "bitrate": 128,
        "hls": 0,
        "lastcheckok": 1,
        "lastchecktime": "2023-04-08 08:12:55",
        "lastchecktime_iso8601": "2023-04-08T08:12:55Z",
        "lastcheckoktime": "2023-04-08 08:12:55",
        "lastcheckoktime_iso8601": "2023-04-08T08:12:55Z",
        "lastlocalchecktime": "2023-04-08 08:12:55",
        "lastlocalchecktime_iso8601": "2023-04-08T08:12:55Z",
        "clicktimestamp": "2023-04-08 13:28:04",
        "clicktimestamp_iso8601": "2023-04-08T13:28:04Z",
        "clickcount": 29,
        "clicktrend": -2,
        "ssl_error": 0,
        "geo_lat": 23.5789028087415,
        "geo_long": 58.39508056640625,
        "has_extended_info": false
    },
    {
        "changeuuid": "f6868827-d9d9-4bff-8bf2-e0a4879af1f2",
        "stationuuid": "243811b6-bb69-4913-a698-ce5f8d9940d8",
        "serveruuid": "30e56841-05ec-475e-83f4-b5f8c1689c30",
        "name": "Merge 104.8",
        "url": "http://uk7.internet-radio.com:8040/",
        "url_resolved": "http://uk7.internet-radio.com:8040/",
        "homepage": "http://radiomerge.fm/merge/",
        "favicon": "http://radiomerge.fm/merge/wp-content/themes/radiomerge/assets/images/favicon.png",
        "tags": "",
        "country": "Oman",
        "countrycode": "OM",
        "iso_3166_2": null,
        "state": "",
        "language": "english",
        "languagecodes": "en",
        "votes": 12,
        "lastchangetime": "2022-11-02 16:51:02",
        "lastchangetime_iso8601": "2022-11-02T16:51:02Z",
        "codec": "MP3",
        "bitrate": 96,
        "hls": 0,
        "lastcheckok": 1,
        "lastchecktime": "2023-04-08 01:41:11",
        "lastchecktime_iso8601": "2023-04-08T01:41:11Z",
        "lastcheckoktime": "2023-04-08 01:41:11",
        "lastcheckoktime_iso8601": "2023-04-08T01:41:11Z",
        "lastlocalchecktime": "2023-04-07 15:02:13",
        "lastlocalchecktime_iso8601": "2023-04-07T15:02:13Z",
        "clicktimestamp": "2023-04-08 13:35:44",
        "clicktimestamp_iso8601": "2023-04-08T13:35:44Z",
        "clickcount": 21,
        "clicktrend": 0,
        "ssl_error": 0,
        "geo_lat": 23.588055287798817,
        "geo_long": 58.383472982095554,
        "has_extended_info": false
    },
    {
        "changeuuid": "4c3fa274-e110-45f9-8612-158013cfe6f3",
        "stationuuid": "a4cc08fb-cfad-41a4-9672-9a710542f612",
        "serveruuid": "c5b164bb-c38b-4a73-afd2-166b6257c23f",
        "name": "90.4 FM   \u0627\u0644\u0625\u0630\u0627\u0639\u0629-\u0627\u0644\u0625\u0646\u062c\u0644\u064a\u0632\u064a\u0629",
        "url": "https://partwota.cdn.mgmlcdn.com/omengrdoorg/omengrdo.stream_aac/chunklist.m3u8",
        "url_resolved": "https://partwota.cdn.mgmlcdn.com/omengrdoorg/omengrdo.stream_aac/chunklist.m3u8",
        "homepage": "https://ayn.om/",
        "favicon": "https://ayn.om/images/favicon/favicon_v1.png",
        "tags": "",
        "country": "Oman",
        "countrycode": "OM",
        "iso_3166_2": null,
        "state": "",
        "language": "",
        "languagecodes": "",
        "votes": 10,
        "lastchangetime": "2023-02-17 00:28:59",
        "lastchangetime_iso8601": "2023-02-17T00:28:59Z",
        "codec": "UNKNOWN",
        "bitrate": 0,
        "hls": 1,
        "lastcheckok": 1,
        "lastchecktime": "2023-04-08 01:41:11",
        "lastchecktime_iso8601": "2023-04-08T01:41:11Z",
        "lastcheckoktime": "2023-04-08 01:41:11",
        "lastcheckoktime_iso8601": "2023-04-08T01:41:11Z",
        "lastlocalchecktime": "2023-04-07 20:42:02",
        "lastlocalchecktime_iso8601": "2023-04-07T20:42:02Z",
        "clicktimestamp": "2023-04-08 13:28:13",
        "clicktimestamp_iso8601": "2023-04-08T13:28:13Z",
        "clickcount": 14,
        "clicktrend": -3,
        "ssl_error": 0,
        "geo_lat": null,
        "geo_long": null,
        "has_extended_info": false
    },
    {
        "changeuuid": "5a0bd317-dce2-4161-98b1-b7d08ec682a8",
        "stationuuid": "2c95d027-273a-4e9a-a84e-56a21a556ebc",
        "serveruuid": "532458f3-7220-4433-a26b-84b10188f43e",
        "name": ".\u0625\u0630\u0627\u0639\u0629 \u0645\u0627\u0647\u0631 \u0627\u0644\u0645\u0639\u064a\u0642\u0644\u064a ",
        "url": "https://backup.qurango.net/radio/maher",
        "url_resolved": "https://backup.qurango.net/radio/maher",
        "homepage": "",
        "favicon": "",
        "tags": "classical",
        "country": "Oman",
        "countrycode": "OM",
        "iso_3166_2": null,
        "state": "",
        "language": "",
        "languagecodes": "",
        "votes": 0,
        "lastchangetime": "2023-04-03 07:34:39",
        "lastchangetime_iso8601": "2023-04-03T07:34:39Z",
        "codec": "MP3",
        "bitrate": 128,
        "hls": 0,
        "lastcheckok": 1,
        "lastchecktime": "2023-04-08 10:07:40",
        "lastchecktime_iso8601": "2023-04-08T10:07:40Z",
        "lastcheckoktime": "2023-04-08 10:07:40",
        "lastcheckoktime_iso8601": "2023-04-08T10:07:40Z",
        "lastlocalchecktime": "2023-04-08 08:28:21",
        "lastlocalchecktime_iso8601": "2023-04-08T08:28:21Z",
        "clicktimestamp": "2023-04-08 13:31:09",
        "clicktimestamp_iso8601": "2023-04-08T13:31:09Z",
        "clickcount": 21,
        "clicktrend": -5,
        "ssl_error": 0,
        "geo_lat": null,
        "geo_long": null,
        "has_extended_info": false
    },
    {
        "changeuuid": "084ff02a-1225-4e82-afee-7f1ef24d1a36",
        "stationuuid": "ab313b84-3754-4c9e-9af4-5fe0efd302d3",
        "serveruuid": "88feb9ec-34de-468f-a2a6-ec3ce45bc4de",
        "name": "Radio Chaska Omn",
        "url": "http://qurum.ddns.net:8000/radio.mp3",
        "url_resolved": "http://qurum.ddns.net:8000/radio.mp3",
        "homepage": "https://radiochaskaoman.com/",
        "favicon": "https://radiochaskaoman.com/favicon.ico",
        "tags": "",
        "country": "Oman",
        "countrycode": "OM",
        "iso_3166_2": null,
        "state": "Muscat",
        "language": "hindi",
        "languagecodes": "hi",
        "votes": 0,
        "lastchangetime": "2023-08-29 14:03:26",
        "lastchangetime_iso8601": "2023-08-29T14:03:26Z",
        "codec": "MP3",
        "bitrate": 128,
        "hls": 0,
        "lastcheckok": 1,
        "lastchecktime": "2023-09-03 14:15:00",
        "lastchecktime_iso8601": "2023-09-03T14:15:00Z",
        "lastcheckoktime": "2023-09-03 14:15:00",
        "lastcheckoktime_iso8601": "2023-09-03T14:15:00Z",
        "lastlocalchecktime": "2023-09-03 14:06:36",
        "lastlocalchecktime_iso8601": "2023-09-03T14:06:36Z",
        "clicktimestamp": "2023-09-03 03:18:06",
        "clicktimestamp_iso8601": "2023-09-03T03:18:06Z",
        "clickcount": 7,
        "clicktrend": 0,
        "ssl_error": 0,
        "geo_lat": null,
        "geo_long": null,
        "has_extended_info": false
    },
    {
        "changeuuid": "bc584879-72c0-42ac-9e86-eaf2cdae7516",
        "stationuuid": "27b6dcb1-b912-45a5-b86e-394efda415d7",
        "serveruuid": "15d6647d-872e-4fb2-b661-89b5f6b5eba9",
        "name": "Monte Carlo Doualiya",
        "url": "https://montecarlodoualiya320k.ice.infomaniak.ch/mc-doualiya.mp3",
        "url_resolved": "https://montecarlodoualiya320k.ice.infomaniak.ch/mc-doualiya.mp3",
        "homepage": "",
        "favicon": "https://static.mc-doualiya.com/meta_og_twcards/jsonld_publisher.png",
        "tags": "international",
        "country": "Oman",
        "countrycode": "OM",
        "iso_3166_2": null,
        "state": "",
        "language": "",
        "languagecodes": "",
        "votes": 5,
        "lastchangetime": "2023-10-21 08:07:21",
        "lastchangetime_iso8601": "2023-10-21T08:07:21Z",
        "codec": "MP3",
        "bitrate": 128,
        "hls": 0,
        "lastcheckok": 1,
        "lastchecktime": "2023-11-07 08:49:45",
        "lastchecktime_iso8601": "2023-11-07T08:49:45Z",
        "lastcheckoktime": "2023-11-07 08:49:45",
        "lastcheckoktime_iso8601": "2023-11-07T08:49:45Z",
        "lastlocalchecktime": "2023-11-07 08:49:45",
        "lastlocalchecktime_iso8601": "2023-11-07T08:49:45Z",
        "clicktimestamp": "2023-11-07 16:31:50",
        "clicktimestamp_iso8601": "2023-11-07T16:31:50Z",
        "clickcount": 10,
        "clicktrend": -1,
        "ssl_error": 0,
        "geo_lat": null,
        "geo_long": null,
        "has_extended_info": false
    },
    {
        "changeuuid": "191461f6-ad21-4024-a5d9-303da6e1d947",
        "stationuuid": "7b0ecae6-2583-4f3f-bc64-134dfac348b2",
        "serveruuid": "5a0d5e4a-3b52-4fdd-a639-575cc72e6fa4",
        "name": "Muscat FM",
        "url": "http://77.68.3.90:8022/stream/",
        "url_resolved": "http://77.68.3.90:8022/stream/",
        "homepage": "",
        "favicon": "",
        "tags": "international",
        "country": "Oman",
        "countrycode": "OM",
        "iso_3166_2": null,
        "state": "",
        "language": "",
        "languagecodes": "",
        "votes": 1,
        "lastchangetime": "2023-10-21 07:48:38",
        "lastchangetime_iso8601": "2023-10-21T07:48:38Z",
        "codec": "MP3",
        "bitrate": 128,
        "hls": 0,
        "lastcheckok": 1,
        "lastchecktime": "2023-11-07 08:46:49",
        "lastchecktime_iso8601": "2023-11-07T08:46:49Z",
        "lastcheckoktime": "2023-11-07 08:46:49",
        "lastcheckoktime_iso8601": "2023-11-07T08:46:49Z",
        "lastlocalchecktime": "2023-11-07 08:46:49",
        "lastlocalchecktime_iso8601": "2023-11-07T08:46:49Z",
        "clicktimestamp": "2023-11-07 16:31:11",
        "clicktimestamp_iso8601": "2023-11-07T16:31:11Z",
        "clickcount": 13,
        "clicktrend": 0,
        "ssl_error": 0,
        "geo_lat": null,
        "geo_long": null,
        "has_extended_info": false
    }
]