[
    {
        "changeuuid": "eafd0f9e-d41b-4ae9-8c82-702e381d725e",
        "stationuuid": "960968be-0601-11e8-ae97-52543be04c81",
        "serveruuid": "ef5a25d7-5c85-45b4-afc5-d3ceb185f228",
        "name": "Radio Disney Panam\u00e1",
        "url": "http://ic.streann.com:8000/disneypanama",
        "url_resolved": "http://ic.streann.com:8000/disneypanama",
        "homepage": "http://radiodisney.disneylatino.com/panama",
        "favicon": "",
        "tags": "teen pop",
        "country": "Panama",
        "countrycode": "PA",
        "iso_3166_2": null,
        "state": "Panama City",
        "language": "spanish",
        "languagecodes": "es",
        "votes": 547,
        "lastchangetime": "2022-09-08 05:56:14",
        "lastchangetime_iso8601": "2022-09-08T05:56:14Z",
        "codec": "MP3",
        "bitrate": 128,
        "hls": 0,
        "lastcheckok": 1,
        "lastchecktime": "2023-04-08 12:26:52",
        "lastchecktime_iso8601": "2023-04-08T12:26:52Z",
        "lastcheckoktime": "2023-04-08 12:26:52",
        "lastcheckoktime_iso8601": "2023-04-08T12:26:52Z",
        "lastlocalchecktime": "2023-04-08 12:26:52",
        "lastlocalchecktime_iso8601": "2023-04-08T12:26:52Z",
        "clicktimestamp": "2023-04-07 23:45:36",
        "clicktimestamp_iso8601": "2023-04-07T23:45:36Z",
        "clickcount": 31,
        "clicktrend": -1,
        "ssl_error": 0,
        "geo_lat": null,
        "geo_long": null,
        "has_extended_info": false
    },
    {
        "changeuuid": "4bafafdc-29f5-4e9a-af01-a45f73c66cdc",
        "stationuuid": "962dbde6-0601-11e8-ae97-52543be04c81",
        "serveruuid": "09e4aaa4-9383-4c30-990f-5295d60299ff",
        "name": "Los 40 Principales Panam\u00e1",
        "url": "http://provisioning.streamtheworld.com/pls/LOS40_PAN.pls",
        "url_resolved": "http://22983.live.streamtheworld.com/LOS40_PAN_SC",
        "homepage": "http://www.los40.com.pa/",
        "favicon": "",
        "tags": "latin pop,top 40",
        "country": "Panama",
        "countrycode": "PA",
        "iso_3166_2": null,
        "state": "Panama City",
        "language": "spanish",
        "languagecodes": "es",
        "votes": 527,
        "lastchangetime": "2022-09-01 23:35:34",
        "lastchangetime_iso8601": "2022-09-01T23:35:34Z",
        "codec": "MP3",
        "bitrate": 48,
        "hls": 0,
        "lastcheckok": 1,
        "lastchecktime": "2023-04-07 21:12:18",
        "lastchecktime_iso8601": "2023-04-07T21:12:18Z",
        "lastcheckoktime": "2023-04-07 21:12:18",
        "lastcheckoktime_iso8601": "2023-04-07T21:12:18Z",
        "lastlocalchecktime": "2023-04-07 18:49:42",
        "lastlocalchecktime_iso8601": "2023-04-07T18:49:42Z",
        "clicktimestamp": "2023-04-08 08:27:04",
        "clicktimestamp_iso8601": "2023-04-08T08:27:04Z",
        "clickcount": 66,
        "clicktrend": -2,
        "ssl_error": 0,
        "geo_lat": null,
        "geo_long": null,
        "has_extended_info": false
    },
    {
        "changeuuid": "e2564a78-dd1a-4134-b784-796f833e7453",
        "stationuuid": "960b3af3-0601-11e8-ae97-52543be04c81",
        "serveruuid": "8b269da8-cf9d-4891-a522-efc27744f418",
        "name": "AM Original 1180 Veraguas",
        "url": "http://rosetta.shoutca.st:9264/stream",
        "url_resolved": "http://rosetta.shoutca.st:9264/stream",
        "homepage": "http://www.amoriginal.net/",
        "favicon": "http://www.amoriginal.net/favicon.ico",
        "tags": "folkloric",
        "country": "Panama",
        "countrycode": "PA",
        "iso_3166_2": null,
        "state": "Veraguas",
        "language": "spanish",
        "languagecodes": "es",
        "votes": 327,
        "lastchangetime": "2023-04-05 17:02:02",
        "lastchangetime_iso8601": "2023-04-05T17:02:02Z",
        "codec": "MP3",
        "bitrate": 96,
        "hls": 0,
        "lastcheckok": 1,
        "lastchecktime": "2023-04-08 07:56:20",
        "lastchecktime_iso8601": "2023-04-08T07:56:20Z",
        "lastcheckoktime": "2023-04-08 07:56:20",
        "lastcheckoktime_iso8601": "2023-04-08T07:56:20Z",
        "lastlocalchecktime": "2023-04-07 17:08:34",
        "lastlocalchecktime_iso8601": "2023-04-07T17:08:34Z",
        "clicktimestamp": "2023-04-08 04:29:59",
        "clicktimestamp_iso8601": "2023-04-08T04:29:59Z",
        "clickcount": 31,
        "clicktrend": -1,
        "ssl_error": 0,
        "geo_lat": null,
        "geo_long": null,
        "has_extended_info": false
    },
    {
        "changeuuid": "35b10303-d325-4130-812c-517093d7c41b",
        "stationuuid": "fe584da3-7355-11ea-b1cf-52543be04c81",
        "serveruuid": "9b23ebbc-b01a-4a35-afdc-908f2319f5e1",
        "name": ": Radio Venao :",
        "url": "http://s1.sonicabroadcast.com:8805/;listen.mp3",
        "url_resolved": "http://s1.sonicabroadcast.com:8805/;listen.mp3",
        "homepage": "http://ibizasonica.com/radio-venao/",
        "favicon": "",
        "tags": "chill,electronic,house,ibizasonica.com,lounge,panama,playa venao",
        "country": "Panama",
        "countrycode": "PA",
        "iso_3166_2": null,
        "state": "",
        "language": "spanish",
        "languagecodes": "es",
        "votes": 299,
        "lastchangetime": "2022-08-25 22:19:20",
        "lastchangetime_iso8601": "2022-08-25T22:19:20Z",
        "codec": "MP3",
        "bitrate": 128,
        "hls": 0,
        "lastcheckok": 1,
        "lastchecktime": "2023-04-08 13:05:48",
        "lastchecktime_iso8601": "2023-04-08T13:05:48Z",
        "lastcheckoktime": "2023-04-08 13:05:48",
        "lastcheckoktime_iso8601": "2023-04-08T13:05:48Z",
        "lastlocalchecktime": "2023-04-08 13:05:48",
        "lastlocalchecktime_iso8601": "2023-04-08T13:05:48Z",
        "clicktimestamp": "2023-04-08 08:02:19",
        "clicktimestamp_iso8601": "2023-04-08T08:02:19Z",
        "clickcount": 45,
        "clicktrend": -3,
        "ssl_error": 0,
        "geo_lat": null,
        "geo_long": null,
        "has_extended_info": false
    },
    {
        "changeuuid": "4767ae48-aac8-4436-bbb0-06e0d8474ebe",
        "stationuuid": "a3075574-5a91-11e9-a622-52543be04c81",
        "serveruuid": "b52b57af-f7c6-45f0-88ec-bf2da0aba6d5",
        "name": "RADIO MARIA PANAMA",
        "url": "http://dreamsiteradiocp.com:8082/stream",
        "url_resolved": "http://dreamsiteradiocp.com:8082/stream",
        "homepage": "http://www.radiomaria.pa/",
        "favicon": "",
        "tags": "catholic,religion,talk",
        "country": "Panama",
        "countrycode": "PA",
        "iso_3166_2": null,
        "state": "",
        "language": "",
        "languagecodes": "",
        "votes": 257,
        "lastchangetime": "2021-11-11 17:06:49",
        "lastchangetime_iso8601": "2021-11-11T17:06:49Z",
        "codec": "MP3",
        "bitrate": 64,
        "hls": 0,
        "lastcheckok": 1,
        "lastchecktime": "2023-04-08 03:02:35",
        "lastchecktime_iso8601": "2023-04-08T03:02:35Z",
        "lastcheckoktime": "2023-04-08 03:02:35",
        "lastcheckoktime_iso8601": "2023-04-08T03:02:35Z",
        "lastlocalchecktime": "2023-04-07 19:01:32",
        "lastlocalchecktime_iso8601": "2023-04-07T19:01:32Z",
        "clicktimestamp": "2023-04-07 22:39:37",
        "clicktimestamp_iso8601": "2023-04-07T22:39:37Z",
        "clickcount": 39,
        "clicktrend": 1,
        "ssl_error": 0,
        "geo_lat": null,
        "geo_long": null,
        "has_extended_info": false
    },
    {
        "changeuuid": "56501768-e918-477a-84ce-467541c51ab0",
        "stationuuid": "96182615-0601-11e8-ae97-52543be04c81",
        "serveruuid": "b7ae656a-cf89-49d9-b5cb-0ff3aadf4b90",
        "name": "Cool FM 89.3 Panama City",
        "url": "http://provisioning.streamtheworld.com/pls/COOLFMAAC.pls",
        "url_resolved": "http://24063.live.streamtheworld.com/COOLFMAAC_SC",
        "homepage": "http://www.coolfmpanama.com/",
        "favicon": "https://www.coolfmpanama.com/wp-content/uploads/2021/05/cropped-favicom-violeta-1-180x180.png",
        "tags": "smooth jazz",
        "country": "Panama",
        "countrycode": "PA",
        "iso_3166_2": null,
        "state": "Panama City",
        "language": "spanish",
        "languagecodes": "es",
        "votes": 154,
        "lastchangetime": "2022-03-28 12:54:43",
        "lastchangetime_iso8601": "2022-03-28T12:54:43Z",
        "codec": "AAC+",
        "bitrate": 32,
        "hls": 0,
        "lastcheckok": 1,
        "lastchecktime": "2023-04-08 07:41:05",
        "lastchecktime_iso8601": "2023-04-08T07:41:05Z",
        "lastcheckoktime": "2023-04-08 07:41:05",
        "lastcheckoktime_iso8601": "2023-04-08T07:41:05Z",
        "lastlocalchecktime": "2023-04-07 18:00:39",
        "lastlocalchecktime_iso8601": "2023-04-07T18:00:39Z",
        "clicktimestamp": "2023-04-08 09:09:15",
        "clicktimestamp_iso8601": "2023-04-08T09:09:15Z",
        "clickcount": 25,
        "clicktrend": 1,
        "ssl_error": 0,
        "geo_lat": null,
        "geo_long": null,
        "has_extended_info": false
    },
    {
        "changeuuid": "79cfa224-621b-4c8c-bfab-1ddaae16c38f",
        "stationuuid": "b7b47392-a7f9-41db-a71c-0da58c81e6b7",
        "serveruuid": null,
        "name": "Exa FM",
        "url": "https://playerservices.streamtheworld.com/api/livestream-redirect/XHPSFMAAC.aac",
        "url_resolved": "https://22823.live.streamtheworld.com:443/XHPSFMAAC.aac",
        "homepage": "https://www.exafm.com/veracruz/",
        "favicon": "https://exafm.com/veracruz/wp-content/themes/exa/dist/images/favicon.png",
        "tags": "93.3 fm,entretenimiento,espa\u00f1ol,estaci\u00f3n,exa,exa fm,fm,juvenil,la estaci\u00f3n exacta,la estaci\u00f3n naranja,moi merino,mvs,mvs noticias,mvs radio,m\u00fasica en espa\u00f1ol e ingl\u00e9s,m\u00fasica pop,ponte exa,pop,pop en espa\u00f1ol e ingl\u00e9s,pop music,pop rock,radio",
        "country": "Panama",
        "countrycode": "PA",
        "iso_3166_2": null,
        "state": "",
        "language": "spanish",
        "languagecodes": "es",
        "votes": 55,
        "lastchangetime": "2023-04-05 13:54:28",
        "lastchangetime_iso8601": "2023-04-05T13:54:28Z",
        "codec": "AAC+",
        "bitrate": 48,
        "hls": 0,
        "lastcheckok": 1,
        "lastchecktime": "2023-04-08 14:09:02",
        "lastchecktime_iso8601": "2023-04-08T14:09:02Z",
        "lastcheckoktime": "2023-04-08 14:09:02",
        "lastcheckoktime_iso8601": "2023-04-08T14:09:02Z",
        "lastlocalchecktime": "2023-04-08 14:09:02",
        "lastlocalchecktime_iso8601": "2023-04-08T14:09:02Z",
        "clicktimestamp": "2023-04-07 23:45:25",
        "clicktimestamp_iso8601": "2023-04-07T23:45:25Z",
        "clickcount": 18,
        "clicktrend": -1,
        "ssl_error": 0,
        "geo_lat": null,
        "geo_long": null,
        "has_extended_info": false
    },
    {
        "changeuuid": "5e7df95a-02af-40d2-8119-9228e5aa687b",
        "stationuuid": "349bd8e9-ac1f-463f-9c5b-372eaa91db76",
        "serveruuid": "0e7ea397-f787-4013-a0a9-0e370e79e274",
        "name": "Radio Venao",
        "url": "https://ssl1.viastreaming.net:8805/;",
        "url_resolved": "https://ssl1.viastreaming.net:8805/;",
        "homepage": "https://www.radiovenao.com/",
        "favicon": "https://i1.sndcdn.com/avatars-000299501392-8csrzn-t200x200.jpg",
        "tags": "ambient,chill,deep house,downbeat,electronic,house,lounge,melodic house,oriental,panama,playa tech,playa venao,slow house,tipico panameno,world",
        "country": "Panama",
        "countrycode": "PA",
        "iso_3166_2": null,
        "state": "",
        "language": "spanish",
        "languagecodes": "es",
        "votes": 34,
        "lastchangetime": "2023-04-19 09:41:02",
        "lastchangetime_iso8601": "2023-04-19T09:41:02Z",
        "codec": "MP3",
        "bitrate": 128,
        "hls": 0,
        "lastcheckok": 1,
        "lastchecktime": "2023-07-09 00:12:45",
        "lastchecktime_iso8601": "2023-07-09T00:12:45Z",
        "lastcheckoktime": "2023-07-09 00:12:45",
        "lastcheckoktime_iso8601": "2023-07-09T00:12:45Z",
        "lastlocalchecktime": "2023-07-09 00:12:45",
        "lastlocalchecktime_iso8601": "2023-07-09T00:12:45Z",
        "clicktimestamp": "2023-07-09 06:55:46",
        "clicktimestamp_iso8601": "2023-07-09T06:55:46Z",
        "clickcount": 28,
        "clicktrend": -2,
        "ssl_error": 0,
        "geo_lat": null,
        "geo_long": null,
        "has_extended_info": false
    },
    {
        "changeuuid": "ad82c7da-1c40-4b36-bcee-9d599442dfe3",
        "stationuuid": "23749ae2-31cb-4121-9145-96fe81e66f31",
        "serveruuid": "aed7b86f-ea0d-4cef-b9c5-b60388eaa742",
        "name": "Original Stereo 90.7 FM",
        "url": "http://rosetta.shoutca.st:8931/;",
        "url_resolved": "http://rosetta.shoutca.st:8931/;",
        "homepage": "https://originalstereo.net/",
        "favicon": "https://originalstereo.net/favicon.ico",
        "tags": "cumbia,musica latina,reggaet\u00f3n,salsa",
        "country": "Panama",
        "countrycode": "PA",
        "iso_3166_2": null,
        "state": "",
        "language": "spanish",
        "languagecodes": "es",
        "votes": 18,
        "lastchangetime": "2023-05-29 19:23:46",
        "lastchangetime_iso8601": "2023-05-29T19:23:46Z",
        "codec": "MP3",
        "bitrate": 192,
        "hls": 0,
        "lastcheckok": 1,
        "lastchecktime": "2023-07-09 07:53:40",
        "lastchecktime_iso8601": "2023-07-09T07:53:40Z",
        "lastcheckoktime": "2023-07-09 07:53:40",
        "lastcheckoktime_iso8601": "2023-07-09T07:53:40Z",
        "lastlocalchecktime": "2023-07-09 07:53:40",
        "lastlocalchecktime_iso8601": "2023-07-09T07:53:40Z",
        "clicktimestamp": "2023-07-09 13:16:16",
        "clicktimestamp_iso8601": "2023-07-09T13:16:16Z",
        "clickcount": 31,
        "clicktrend": -2,
        "ssl_error": 0,
        "geo_lat": null,
        "geo_long": null,
        "has_extended_info": false
    },
    {
        "changeuuid": "c0046aa6-5840-412c-a75c-1b0174d4fa70",
        "stationuuid": "43b9f22f-ed30-4b64-826d-30110c473b77",
        "serveruuid": "591c790e-c068-4093-85c5-c2308a47015f",
        "name": "Cool Jazz FM (Tropical Moon)",
        "url": "https://stm1.tropicalmoonmedia.com:7006/stream",
        "url_resolved": "https://stm1.tropicalmoonmedia.com:7006/stream",
        "homepage": "https://tropicalmoontv.com/cool-jazz-fm/",
        "favicon": "",
        "tags": "cool jazz",
        "country": "Panama",
        "countrycode": "PA",
        "iso_3166_2": null,
        "state": "",
        "language": "spanish",
        "languagecodes": "es",
        "votes": 7,
        "lastchangetime": "2023-10-07 21:15:58",
        "lastchangetime_iso8601": "2023-10-07T21:15:58Z",
        "codec": "AAC+",
        "bitrate": 128,
        "hls": 0,
        "lastcheckok": 1,
        "lastchecktime": "2023-10-20 21:32:13",
        "lastchecktime_iso8601": "2023-10-20T21:32:13Z",
        "lastcheckoktime": "2023-10-20 21:32:13",
        "lastcheckoktime_iso8601": "2023-10-20T21:32:13Z",
        "lastlocalchecktime": "2023-10-20 21:16:46",
        "lastlocalchecktime_iso8601": "2023-10-20T21:16:46Z",
        "clicktimestamp": "2023-10-20 18:23:47",
        "clicktimestamp_iso8601": "2023-10-20T18:23:47Z",
        "clickcount": 20,
        "clicktrend": -4,
        "ssl_error": 0,
        "geo_lat": null,
        "geo_long": null,
        "has_extended_info": false
    }
]