[
    {
        "changeuuid": "b0a6580b-fceb-4c3a-8838-ac0d473c0842",
        "stationuuid": "ea360929-b30d-4c00-b7c4-a95e77e48eb7",
        "serveruuid": "02cf81c2-bc83-4926-84c6-4b8bd749ba77",
        "name": "Polyn\u00e9sie 1\u00e8re",
        "url": "https://polynesie.ice.infomaniak.ch/polynesie-128.mp3",
        "url_resolved": "https://polynesie.ice.infomaniak.ch/polynesie-128.mp3",
        "homepage": "https://la1ere.francetvinfo.fr/polynesie/",
        "favicon": "",
        "tags": "information",
        "country": "French Polynesia",
        "countrycode": "PF",
        "iso_3166_2": null,
        "state": "",
        "language": "french",
        "languagecodes": "fr",
        "votes": 378,
        "lastchangetime": "2022-09-02 00:27:29",
        "lastchangetime_iso8601": "2022-09-02T00:27:29Z",
        "codec": "MP3",
        "bitrate": 128,
        "hls": 0,
        "lastcheckok": 1,
        "lastchecktime": "2023-04-08 07:56:20",
        "lastchecktime_iso8601": "2023-04-08T07:56:20Z",
        "lastcheckoktime": "2023-04-08 07:56:20",
        "lastcheckoktime_iso8601": "2023-04-08T07:56:20Z",
        "lastlocalchecktime": "2023-04-07 17:18:35",
        "lastlocalchecktime_iso8601": "2023-04-07T17:18:35Z",
        "clicktimestamp": "2023-04-08 10:01:33",
        "clicktimestamp_iso8601": "2023-04-08T10:01:33Z",
        "clickcount": 9,
        "clicktrend": 0,
        "ssl_error": 0,
        "geo_lat": -17.55169087038195,
        "geo_long": -149.58390265703204,
        "has_extended_info": false
    },
    {
        "changeuuid": "508d172a-377a-45e6-9503-807c82656b30",
        "stationuuid": "7e785439-4534-4d27-b8d9-5dbffc94281e",
        "serveruuid": "6183905b-4e8e-4dd1-a342-a4d8c9380446",
        "name": "Tiare FM",
        "url": "https://live.tiarefm.pf:8443/tiarefm",
        "url_resolved": "https://live.tiarefm.pf:8443/tiarefm",
        "homepage": "https://www.tiarefm.pf/",
        "favicon": "",
        "tags": "local information,local music,pop music",
        "country": "French Polynesia",
        "countrycode": "PF",
        "iso_3166_2": null,
        "state": "",
        "language": "french",
        "languagecodes": "fr",
        "votes": 255,
        "lastchangetime": "2022-05-15 20:00:34",
        "lastchangetime_iso8601": "2022-05-15T20:00:34Z",
        "codec": "MP3",
        "bitrate": 128,
        "hls": 0,
        "lastcheckok": 1,
        "lastchecktime": "2023-04-08 09:28:12",
        "lastchecktime_iso8601": "2023-04-08T09:28:12Z",
        "lastcheckoktime": "2023-04-08 09:28:12",
        "lastcheckoktime_iso8601": "2023-04-08T09:28:12Z",
        "lastlocalchecktime": "2023-04-08 09:28:12",
        "lastlocalchecktime_iso8601": "2023-04-08T09:28:12Z",
        "clicktimestamp": "2023-04-08 10:01:53",
        "clicktimestamp_iso8601": "2023-04-08T10:01:53Z",
        "clickcount": 21,
        "clicktrend": -1,
        "ssl_error": 0,
        "geo_lat": -17.646076193959995,
        "geo_long": -149.50744628906253,
        "has_extended_info": false
    },
    {
        "changeuuid": "100b9bcb-e76a-4a99-b13f-0013a0ccbab4",
        "stationuuid": "11f87095-84e8-48cd-8060-554f6d9ca526",
        "serveruuid": "cf17e8b1-4b27-44d7-8db4-8e41efb2089c",
        "name": "Radio 1 PF",
        "url": "https://live.radio1.pf:8443/radio1",
        "url_resolved": "https://live.radio1.pf:8443/radio1",
        "homepage": "https://www.radio1.pf/",
        "favicon": "",
        "tags": "",
        "country": "French Polynesia",
        "countrycode": "PF",
        "iso_3166_2": null,
        "state": "",
        "language": "french",
        "languagecodes": "fr",
        "votes": 254,
        "lastchangetime": "2022-03-28 14:25:46",
        "lastchangetime_iso8601": "2022-03-28T14:25:46Z",
        "codec": "MP3",
        "bitrate": 320,
        "hls": 0,
        "lastcheckok": 1,
        "lastchecktime": "2023-04-08 11:21:49",
        "lastchecktime_iso8601": "2023-04-08T11:21:49Z",
        "lastcheckoktime": "2023-04-08 11:21:49",
        "lastcheckoktime_iso8601": "2023-04-08T11:21:49Z",
        "lastlocalchecktime": "2023-04-08 11:21:49",
        "lastlocalchecktime_iso8601": "2023-04-08T11:21:49Z",
        "clicktimestamp": "2023-04-07 09:29:59",
        "clicktimestamp_iso8601": "2023-04-07T09:29:59Z",
        "clickcount": 8,
        "clicktrend": -3,
        "ssl_error": 0,
        "geo_lat": -17.530570107040212,
        "geo_long": -149.57070350646975,
        "has_extended_info": false
    },
    {
        "changeuuid": "93e93480-bf94-41f1-96b5-84404c6e1129",
        "stationuuid": "c06d6586-9fa8-49cf-9731-7c582430a588",
        "serveruuid": "537c7eef-266e-45bd-89bb-2120d72640f3",
        "name": "Hiti FM",
        "url": "https://n01.radiojar.com/u0yz7p0mb.mp3",
        "url_resolved": "https://n10.radiojar.com/u0yz7p0mb.mp3?rj-ttl=5&rj-tok=AAABh2D8CAMAglOx1tkpuM82EQ",
        "homepage": "https://hiti-fm.com/",
        "favicon": "https://hiti-fm.com/assets/img/favicon.jpg",
        "tags": "pop music",
        "country": "French Polynesia",
        "countrycode": "PF",
        "iso_3166_2": null,
        "state": "",
        "language": "english,french",
        "languagecodes": "en,fr",
        "votes": 198,
        "lastchangetime": "2022-05-15 20:00:34",
        "lastchangetime_iso8601": "2022-05-15T20:00:34Z",
        "codec": "MP3",
        "bitrate": 0,
        "hls": 0,
        "lastcheckok": 1,
        "lastchecktime": "2023-04-08 12:59:45",
        "lastchecktime_iso8601": "2023-04-08T12:59:45Z",
        "lastcheckoktime": "2023-04-08 12:59:45",
        "lastcheckoktime_iso8601": "2023-04-08T12:59:45Z",
        "lastlocalchecktime": "2023-04-08 12:59:45",
        "lastlocalchecktime_iso8601": "2023-04-08T12:59:45Z",
        "clicktimestamp": "2023-04-08 10:01:43",
        "clicktimestamp_iso8601": "2023-04-08T10:01:43Z",
        "clickcount": 26,
        "clicktrend": 3,
        "ssl_error": 0,
        "geo_lat": -17.6460802119512,
        "geo_long": -149.48547363281253,
        "has_extended_info": false
    },
    {
        "changeuuid": "0d5d681f-c852-4e96-bc82-f4a2dfae1cfb",
        "stationuuid": "431e31f5-962f-44a5-878f-1473fc01c1eb",
        "serveruuid": "4fc0b83f-f32b-4536-85ea-e62420f85b7a",
        "name": "Tahiti Web Radio",
        "url": "http://s10.myradiostream.com/:36098/listen.mp3",
        "url_resolved": "http://s10.myradiostream.com/:36098/listen.mp3",
        "homepage": "https://www.tahitiwebradio.pf/",
        "favicon": "https://www.tahitiwebradio.pf/favicon.ico",
        "tags": "christian,local music,pop music",
        "country": "French Polynesia",
        "countrycode": "PF",
        "iso_3166_2": null,
        "state": "",
        "language": "french",
        "languagecodes": "fr",
        "votes": 108,
        "lastchangetime": "2022-09-16 20:26:13",
        "lastchangetime_iso8601": "2022-09-16T20:26:13Z",
        "codec": "MP3",
        "bitrate": 128,
        "hls": 0,
        "lastcheckok": 1,
        "lastchecktime": "2023-04-08 08:46:38",
        "lastchecktime_iso8601": "2023-04-08T08:46:38Z",
        "lastcheckoktime": "2023-04-08 08:46:38",
        "lastcheckoktime_iso8601": "2023-04-08T08:46:38Z",
        "lastlocalchecktime": "2023-04-07 16:44:30",
        "lastlocalchecktime_iso8601": "2023-04-07T16:44:30Z",
        "clicktimestamp": "2023-04-08 10:02:16",
        "clicktimestamp_iso8601": "2023-04-08T10:02:16Z",
        "clickcount": 9,
        "clicktrend": 0,
        "ssl_error": 0,
        "geo_lat": -17.639846725005874,
        "geo_long": -149.43878173828128,
        "has_extended_info": false
    },
    {
        "changeuuid": "cb0b5430-fa11-4d22-8ee0-e053b69d3204",
        "stationuuid": "605e7007-4427-486d-8d30-48545df6ecde",
        "serveruuid": "8e61b139-ce7a-4c27-81a3-009ff284cbc5",
        "name": "Radio 1 Tahiti",
        "url": "http://live.radio1.pf:8001/radio1",
        "url_resolved": "http://live.radio1.pf:8001/radio1",
        "homepage": "https://www.radio1.pf/",
        "favicon": "",
        "tags": "local information,local music,pop music",
        "country": "French Polynesia",
        "countrycode": "PF",
        "iso_3166_2": null,
        "state": "",
        "language": "french",
        "languagecodes": "fr",
        "votes": 100,
        "lastchangetime": "2022-05-15 20:00:34",
        "lastchangetime_iso8601": "2022-05-15T20:00:34Z",
        "codec": "MP3",
        "bitrate": 320,
        "hls": 0,
        "lastcheckok": 1,
        "lastchecktime": "2023-04-08 12:39:01",
        "lastchecktime_iso8601": "2023-04-08T12:39:01Z",
        "lastcheckoktime": "2023-04-08 12:39:01",
        "lastcheckoktime_iso8601": "2023-04-08T12:39:01Z",
        "lastlocalchecktime": "2023-04-08 12:39:01",
        "lastlocalchecktime_iso8601": "2023-04-08T12:39:01Z",
        "clicktimestamp": "2023-04-07 23:10:59",
        "clicktimestamp_iso8601": "2023-04-07T23:10:59Z",
        "clickcount": 9,
        "clicktrend": -1,
        "ssl_error": 0,
        "geo_lat": -17.667061043279222,
        "geo_long": -149.44152832031253,
        "has_extended_info": false
    },
    {
        "changeuuid": "18a51273-bf4b-4ab6-9ff4-5276ff7c9bd0",
        "stationuuid": "97daf697-6aec-48cd-8aa0-d300ecc3885d",
        "serveruuid": "5787ea97-0ad5-43d0-8b29-544fa39c82a7",
        "name": "HITI FM",
        "url": "http://n0a.radiojar.com/u0yz7p0mb.mp3",
        "url_resolved": "http://n0b.radiojar.com/u0yz7p0mb.mp3?rj-ttl=5&rj-tok=AAABh2EqE4oATbrpUr4J0FtDAg",
        "homepage": "http://hitifm.fr/",
        "favicon": "",
        "tags": "",
        "country": "French Polynesia",
        "countrycode": "PF",
        "iso_3166_2": null,
        "state": "",
        "language": "french,tahitian",
        "languagecodes": "fr,ty",
        "votes": 67,
        "lastchangetime": "2022-08-31 05:18:27",
        "lastchangetime_iso8601": "2022-08-31T05:18:27Z",
        "codec": "MP3",
        "bitrate": 0,
        "hls": 0,
        "lastcheckok": 1,
        "lastchecktime": "2023-04-08 13:50:30",
        "lastchecktime_iso8601": "2023-04-08T13:50:30Z",
        "lastcheckoktime": "2023-04-08 13:50:30",
        "lastcheckoktime_iso8601": "2023-04-08T13:50:30Z",
        "lastlocalchecktime": "2023-04-08 13:50:30",
        "lastlocalchecktime_iso8601": "2023-04-08T13:50:30Z",
        "clicktimestamp": "2023-04-06 04:06:12",
        "clicktimestamp_iso8601": "2023-04-06T04:06:12Z",
        "clickcount": 11,
        "clicktrend": 0,
        "ssl_error": 0,
        "geo_lat": null,
        "geo_long": null,
        "has_extended_info": false
    },
    {
        "changeuuid": "f15e07ff-2be3-49b8-876d-b827ff32744b",
        "stationuuid": "5c5beb65-ef62-4730-ac64-b3b24e046620",
        "serveruuid": "02cf81c2-bc83-4926-84c6-4b8bd749ba77",
        "name": "Polyn\u00e9sie 1\u00e8re",
        "url": "https://polynesie.ice.infomaniak.ch/polynesie-128.mp3",
        "url_resolved": "https://polynesie.ice.infomaniak.ch/polynesie-128.mp3",
        "homepage": "https://la1ere.francetvinfo.fr/polynesie/radio",
        "favicon": "https://la1ere.francetvinfo.fr/favicon.png",
        "tags": "information,local music,local news,pop",
        "country": "French Polynesia",
        "countrycode": "PF",
        "iso_3166_2": null,
        "state": "",
        "language": "french",
        "languagecodes": "fr",
        "votes": 60,
        "lastchangetime": "2023-01-18 12:54:17",
        "lastchangetime_iso8601": "2023-01-18T12:54:17Z",
        "codec": "MP3",
        "bitrate": 128,
        "hls": 0,
        "lastcheckok": 1,
        "lastchecktime": "2023-04-07 21:52:45",
        "lastchecktime_iso8601": "2023-04-07T21:52:45Z",
        "lastcheckoktime": "2023-04-07 21:52:45",
        "lastcheckoktime_iso8601": "2023-04-07T21:52:45Z",
        "lastlocalchecktime": "2023-04-07 20:05:01",
        "lastlocalchecktime_iso8601": "2023-04-07T20:05:01Z",
        "clicktimestamp": "2023-04-07 23:17:59",
        "clicktimestamp_iso8601": "2023-04-07T23:17:59Z",
        "clickcount": 16,
        "clicktrend": 1,
        "ssl_error": 0,
        "geo_lat": -17.67122831025464,
        "geo_long": -149.41680908203128,
        "has_extended_info": false
    },
    {
        "changeuuid": "b8fa63b2-613e-4bc3-a12c-32d860657ffa",
        "stationuuid": "56825315-02bd-4cfb-b5da-bf516f75a139",
        "serveruuid": "cf17e8b1-4b27-44d7-8db4-8e41efb2089c",
        "name": "Radio1 Tahiti",
        "url": "https://live.radio1.pf:8443/radio1",
        "url_resolved": "https://live.radio1.pf:8443/radio1",
        "homepage": "https://www.radio1.pf/",
        "favicon": "https://i0.wp.com/www.radio1.pf/cms/wp-content/uploads/2012/04/logo-radio1.jpg?fit=637%2C312&ssl=1",
        "tags": "",
        "country": "French Polynesia",
        "countrycode": "PF",
        "iso_3166_2": null,
        "state": "",
        "language": "",
        "languagecodes": "",
        "votes": 53,
        "lastchangetime": "2022-06-26 02:08:36",
        "lastchangetime_iso8601": "2022-06-26T02:08:36Z",
        "codec": "MP3",
        "bitrate": 320,
        "hls": 0,
        "lastcheckok": 1,
        "lastchecktime": "2023-04-08 12:13:03",
        "lastchecktime_iso8601": "2023-04-08T12:13:03Z",
        "lastcheckoktime": "2023-04-08 12:13:03",
        "lastcheckoktime_iso8601": "2023-04-08T12:13:03Z",
        "lastlocalchecktime": "2023-04-08 11:31:05",
        "lastlocalchecktime_iso8601": "2023-04-08T11:31:05Z",
        "clicktimestamp": "2023-04-07 20:56:52",
        "clicktimestamp_iso8601": "2023-04-07T20:56:52Z",
        "clickcount": 10,
        "clicktrend": 2,
        "ssl_error": 0,
        "geo_lat": null,
        "geo_long": null,
        "has_extended_info": false
    },
    {
        "changeuuid": "225a04d6-65fd-46be-b3b8-4529d35eaae9",
        "stationuuid": "1c07a1b8-b380-4403-a985-53948874b763",
        "serveruuid": "6183905b-4e8e-4dd1-a342-a4d8c9380446",
        "name": "Tiare FM",
        "url": "https://live.tiarefm.pf:8443/tiarefm",
        "url_resolved": "https://live.tiarefm.pf:8443/tiarefm",
        "homepage": "https://www.tiarefm.pf/",
        "favicon": "",
        "tags": "",
        "country": "French Polynesia",
        "countrycode": "PF",
        "iso_3166_2": null,
        "state": "",
        "language": "",
        "languagecodes": "",
        "votes": 35,
        "lastchangetime": "2022-06-26 02:03:07",
        "lastchangetime_iso8601": "2022-06-26T02:03:07Z",
        "codec": "MP3",
        "bitrate": 128,
        "hls": 0,
        "lastcheckok": 1,
        "lastchecktime": "2023-04-08 11:21:49",
        "lastchecktime_iso8601": "2023-04-08T11:21:49Z",
        "lastcheckoktime": "2023-04-08 11:21:49",
        "lastcheckoktime_iso8601": "2023-04-08T11:21:49Z",
        "lastlocalchecktime": "2023-04-08 11:21:49",
        "lastlocalchecktime_iso8601": "2023-04-08T11:21:49Z",
        "clicktimestamp": "2023-04-07 20:57:04",
        "clicktimestamp_iso8601": "2023-04-07T20:57:04Z",
        "clickcount": 6,
        "clicktrend": 1,
        "ssl_error": 0,
        "geo_lat": null,
        "geo_long": null,
        "has_extended_info": false
    },
    {
        "changeuuid": "40147a54-8cfb-4ba6-849c-d96099dafbb3",
        "stationuuid": "e1e860be-ffd2-4509-8e32-89e97e3513c3",
        "serveruuid": "02cf81c2-bc83-4926-84c6-4b8bd749ba77",
        "name": "Polynesie Premi\u00e8re",
        "url": "https://polynesie.ice.infomaniak.ch/polynesie-128.mp3",
        "url_resolved": "https://polynesie.ice.infomaniak.ch/polynesie-128.mp3",
        "homepage": "https://la1ere.francetvinfo.fr/polynesie/",
        "favicon": "https://upload.wikimedia.org/wikipedia/commons/thumb/b/b1/Polyn%C3%A9sie_La_1%C3%A8re_-_Logo_2018.svg/langfr-200px-Polyn%C3%A9sie_La_1%C3%A8re_-_Logo_2018.svg.png",
        "tags": "",
        "country": "French Polynesia",
        "countrycode": "PF",
        "iso_3166_2": null,
        "state": "",
        "language": "french,polynesia",
        "languagecodes": "fr",
        "votes": 27,
        "lastchangetime": "2022-06-26 02:29:17",
        "lastchangetime_iso8601": "2022-06-26T02:29:17Z",
        "codec": "MP3",
        "bitrate": 128,
        "hls": 0,
        "lastcheckok": 1,
        "lastchecktime": "2023-04-08 11:45:59",
        "lastchecktime_iso8601": "2023-04-08T11:45:59Z",
        "lastcheckoktime": "2023-04-08 11:45:59",
        "lastcheckoktime_iso8601": "2023-04-08T11:45:59Z",
        "lastlocalchecktime": "2023-04-08 09:51:57",
        "lastlocalchecktime_iso8601": "2023-04-08T09:51:57Z",
        "clicktimestamp": "2023-04-08 10:02:04",
        "clicktimestamp_iso8601": "2023-04-08T10:02:04Z",
        "clickcount": 6,
        "clicktrend": 1,
        "ssl_error": 0,
        "geo_lat": null,
        "geo_long": null,
        "has_extended_info": false
    },
    {
        "changeuuid": "729f0d55-fcdf-430f-b5a2-58c82742d6e0",
        "stationuuid": "55a9ff49-c9f6-434e-a533-c4bc035ecec8",
        "serveruuid": "a2cfe0a0-7245-4758-9154-e964d36dbeb8",
        "name": "Nrj Tahiti",
        "url": "https://listen.radioking.com/radio/397660/stream/449635",
        "url_resolved": "https://listen.radioking.com/radio/397660/stream/449635",
        "homepage": "https://fr.play.radioking.com/radio/nrj-tahiti1",
        "favicon": "https://upload.wikimedia.org/wikipedia/fr/c/ca/Nrj2014.png",
        "tags": "",
        "country": "French Polynesia",
        "countrycode": "PF",
        "iso_3166_2": null,
        "state": "",
        "language": "french",
        "languagecodes": "fr",
        "votes": 3,
        "lastchangetime": "2023-06-16 20:28:00",
        "lastchangetime_iso8601": "2023-06-16T20:28:00Z",
        "codec": "MP3",
        "bitrate": 128,
        "hls": 0,
        "lastcheckok": 1,
        "lastchecktime": "2023-07-09 06:44:45",
        "lastchecktime_iso8601": "2023-07-09T06:44:45Z",
        "lastcheckoktime": "2023-07-09 06:44:45",
        "lastcheckoktime_iso8601": "2023-07-09T06:44:45Z",
        "lastlocalchecktime": "2023-07-09 06:44:45",
        "lastlocalchecktime_iso8601": "2023-07-09T06:44:45Z",
        "clicktimestamp": "2023-07-08 04:06:48",
        "clicktimestamp_iso8601": "2023-07-08T04:06:48Z",
        "clickcount": 8,
        "clicktrend": -3,
        "ssl_error": 0,
        "geo_lat": null,
        "geo_long": null,
        "has_extended_info": false
    }
]