[
    {
        "changeuuid": "d8781dd3-b4eb-456d-ba7e-6e7ab82f8257",
        "stationuuid": "9431e482-e831-4c69-b132-13f174e126ea",
        "serveruuid": "5f1c0878-7c82-4dd4-85da-ecc245eb6de5",
        "name": "La 1ere Saint Pierre et Miquelon (975)",
        "url": "https://saint-pierreetmiquelon.ice.infomaniak.ch/saint-pierreetmiquelon-128.mp3",
        "url_resolved": "https://saint-pierreetmiquelon.ice.infomaniak.ch/saint-pierreetmiquelon-128.mp3",
        "homepage": "https://la1ere.francetvinfo.fr/saintpierremiquelon/",
        "favicon": "https://www.google.com/url?sa=i&url=http%3A%2F%2Ffr-fr.radioline.co%2Fecouter-rfo-radio-saint-pierre-et-miquelon&psig=AOvVaw1XKDAabRkc01Z7sN8DoKjk&ust=1637792164850000&source=images&cd=vfe&ved=0CAgQjRxqFwoTCKCbmrTBr_QCFQAAAAAdAAAAABAE",
        "tags": "public radio",
        "country": "Saint Pierre And Miquelon",
        "countrycode": "PM",
        "iso_3166_2": null,
        "state": "France",
        "language": "",
        "languagecodes": "",
        "votes": 39,
        "lastchangetime": "2021-11-23 22:24:00",
        "lastchangetime_iso8601": "2021-11-23T22:24:00Z",
        "codec": "MP3",
        "bitrate": 128,
        "hls": 0,
        "lastcheckok": 1,
        "lastchecktime": "2023-04-08 11:45:59",
        "lastchecktime_iso8601": "2023-04-08T11:45:59Z",
        "lastcheckoktime": "2023-04-08 11:45:59",
        "lastcheckoktime_iso8601": "2023-04-08T11:45:59Z",
        "lastlocalchecktime": "2023-04-07 15:02:13",
        "lastlocalchecktime_iso8601": "2023-04-07T15:02:13Z",
        "clicktimestamp": "2023-04-07 17:05:09",
        "clicktimestamp_iso8601": "2023-04-07T17:05:09Z",
        "clickcount": 6,
        "clicktrend": 1,
        "ssl_error": 0,
        "geo_lat": 46.7831779322444,
        "geo_long": -56.173428297042854,
        "has_extended_info": false
    },
    {
        "changeuuid": "5a5112cb-930f-43a0-81af-31039af3d0cf",
        "stationuuid": "01f9d7f0-9629-4b67-95e0-ab8af17569bf",
        "serveruuid": "e75d844a-4a37-4816-91a5-fb3de418ef23",
        "name": "Archipel FM SPM (975) 103.3",
        "url": "http://radioarchipelfm.ice.infomaniak.ch/radioarchipelfm-64.mp3?token=a73d3f78786d4e7faba5a9e35eaed5bb%2Fe5c8c5d1?retry=0",
        "url_resolved": "http://radioarchipelfm.ice.infomaniak.ch/radioarchipelfm-64.mp3?token=a73d3f78786d4e7faba5a9e35eaed5bb%2Fe5c8c5d1?retry=0",
        "homepage": "https://www.facebook.com/Radio-Archipel-FM-1033-985-173650349352754/",
        "favicon": "",
        "tags": "public radio",
        "country": "Saint Pierre And Miquelon",
        "countrycode": "PM",
        "iso_3166_2": null,
        "state": "France",
        "language": "french",
        "languagecodes": "fr",
        "votes": 33,
        "lastchangetime": "2022-08-26 02:34:13",
        "lastchangetime_iso8601": "2022-08-26T02:34:13Z",
        "codec": "MP3",
        "bitrate": 192,
        "hls": 0,
        "lastcheckok": 1,
        "lastchecktime": "2023-04-08 12:13:03",
        "lastchecktime_iso8601": "2023-04-08T12:13:03Z",
        "lastcheckoktime": "2023-04-08 12:13:03",
        "lastcheckoktime_iso8601": "2023-04-08T12:13:03Z",
        "lastlocalchecktime": "2023-04-08 09:21:47",
        "lastlocalchecktime_iso8601": "2023-04-08T09:21:47Z",
        "clicktimestamp": "2023-04-06 10:09:44",
        "clicktimestamp_iso8601": "2023-04-06T10:09:44Z",
        "clickcount": 6,
        "clicktrend": 0,
        "ssl_error": 0,
        "geo_lat": 46.78679311685181,
        "geo_long": -56.17303133010865,
        "has_extended_info": false
    }
]