[
    {
        "changeuuid": "f26a6d89-c236-4993-8550-57aae3ee4b13",
        "stationuuid": "96212079-0601-11e8-ae97-52543be04c81",
        "serveruuid": "37027f0a-4f43-4c43-b744-bd9dc455a4a3",
        "name": "WUNO 630 \"Noti Uno\" San Juan",
        "url": "http://68.235.35.243:9027/;stream.mp3",
        "url_resolved": "http://68.235.35.243:9027/;stream.mp3",
        "homepage": "https://notiuno.com/",
        "favicon": "https://bloximages.newyork1.vip.townnews.com/notiuno.com/content/tncms/custom/image/1910fac6-b6a6-11e8-bedc-73fa7469f5d8.png?resize=200%2c200",
        "tags": "information,local news,news,san juan,talk,weather",
        "country": "Puerto Rico",
        "countrycode": "PR",
        "iso_3166_2": null,
        "state": "",
        "language": "spanish",
        "languagecodes": "es",
        "votes": 817,
        "lastchangetime": "2023-02-13 16:29:18",
        "lastchangetime_iso8601": "2023-02-13T16:29:18Z",
        "codec": "MP3",
        "bitrate": 140,
        "hls": 0,
        "lastcheckok": 1,
        "lastchecktime": "2023-04-07 21:01:33",
        "lastchecktime_iso8601": "2023-04-07T21:01:33Z",
        "lastcheckoktime": "2023-04-07 21:01:33",
        "lastcheckoktime_iso8601": "2023-04-07T21:01:33Z",
        "lastlocalchecktime": "2023-04-07 18:15:45",
        "lastlocalchecktime_iso8601": "2023-04-07T18:15:45Z",
        "clicktimestamp": "2023-04-08 13:16:22",
        "clicktimestamp_iso8601": "2023-04-08T13:16:22Z",
        "clickcount": 48,
        "clicktrend": 0,
        "ssl_error": 0,
        "geo_lat": null,
        "geo_long": null,
        "has_extended_info": false
    },
    {
        "changeuuid": "6171ba59-44b2-4ee7-964e-3b9a00abeb72",
        "stationuuid": "8cfbd33d-d285-431c-935e-a19b9f409127",
        "serveruuid": "dc9799e0-9373-4e1d-9808-34acda0dc8aa",
        "name": "95 XFM",
        "url": "http://162.244.80.106:10913/stream",
        "url_resolved": "http://162.244.80.106:10913/stream",
        "homepage": "https://radiosdepuertorico.com/95x-san-juan/",
        "favicon": "https://cdn.webrad.io/images/brand/icon_192x192.png",
        "tags": "",
        "country": "Puerto Rico",
        "countrycode": "PR",
        "iso_3166_2": null,
        "state": "San Juan PR",
        "language": "english",
        "languagecodes": "en",
        "votes": 536,
        "lastchangetime": "2022-09-02 05:25:30",
        "lastchangetime_iso8601": "2022-09-02T05:25:30Z",
        "codec": "AAC+",
        "bitrate": 64,
        "hls": 0,
        "lastcheckok": 1,
        "lastchecktime": "2023-04-08 11:59:36",
        "lastchecktime_iso8601": "2023-04-08T11:59:36Z",
        "lastcheckoktime": "2023-04-08 11:59:36",
        "lastcheckoktime_iso8601": "2023-04-08T11:59:36Z",
        "lastlocalchecktime": "2023-04-07 20:06:22",
        "lastlocalchecktime_iso8601": "2023-04-07T20:06:22Z",
        "clicktimestamp": "2023-04-08 13:16:11",
        "clicktimestamp_iso8601": "2023-04-08T13:16:11Z",
        "clickcount": 22,
        "clicktrend": -6,
        "ssl_error": 0,
        "geo_lat": 18.400400060009783,
        "geo_long": -66.06079101562501,
        "has_extended_info": false
    },
    {
        "changeuuid": "bbc1a531-b645-439f-8935-bfdffd28c94c",
        "stationuuid": "c5c02678-9e7d-4811-964b-c265eca7812a",
        "serveruuid": "83ae34b4-a28c-4040-9276-76e60ebeba1d",
        "name": "Magic97.3FM",
        "url": "https://stream.eleden.com:8210/magic.aac.m3u",
        "url_resolved": "https://stream.eleden.com:8210/magic.aac",
        "homepage": "https://magic973.com/",
        "favicon": "",
        "tags": "alternative rock,pop rock",
        "country": "Puerto Rico",
        "countrycode": "PR",
        "iso_3166_2": null,
        "state": "",
        "language": "english,spanish",
        "languagecodes": "en,es",
        "votes": 469,
        "lastchangetime": "2022-07-22 04:31:07",
        "lastchangetime_iso8601": "2022-07-22T04:31:07Z",
        "codec": "AAC+",
        "bitrate": 64,
        "hls": 0,
        "lastcheckok": 1,
        "lastchecktime": "2023-04-07 22:38:29",
        "lastchecktime_iso8601": "2023-04-07T22:38:29Z",
        "lastcheckoktime": "2023-04-07 22:38:29",
        "lastcheckoktime_iso8601": "2023-04-07T22:38:29Z",
        "lastlocalchecktime": "2023-04-07 18:36:36",
        "lastlocalchecktime_iso8601": "2023-04-07T18:36:36Z",
        "clicktimestamp": "2023-04-08 14:07:51",
        "clicktimestamp_iso8601": "2023-04-08T14:07:51Z",
        "clickcount": 38,
        "clicktrend": 2,
        "ssl_error": 0,
        "geo_lat": null,
        "geo_long": null,
        "has_extended_info": false
    },
    {
        "changeuuid": "b8554d41-c55e-4782-a011-5832a300fbf4",
        "stationuuid": "96211fb4-0601-11e8-ae97-52543be04c81",
        "serveruuid": "c04d2752-df08-41d2-90e7-3dfc116170ea",
        "name": "WKAQ 580 San Juan",
        "url": "http://stream.abacast.net/playlist/univision-wkaqamaac-ibc1.m3u",
        "url_resolved": "http://18.212.8.243/univision-wkaqamaac-ibc1?session-id=441b207406ed57b7550d599c110489ed",
        "homepage": "http://www.univision.com/puerto-rico/wkaq-am",
        "favicon": "https://cdn-radiotime-logos.tunein.com/s30075q.png",
        "tags": "local news,news,sport,talk",
        "country": "Puerto Rico",
        "countrycode": "PR",
        "iso_3166_2": null,
        "state": "",
        "language": "spanish",
        "languagecodes": "es",
        "votes": 408,
        "lastchangetime": "2022-03-28 11:39:48",
        "lastchangetime_iso8601": "2022-03-28T11:39:48Z",
        "codec": "AAC+",
        "bitrate": 32,
        "hls": 0,
        "lastcheckok": 1,
        "lastchecktime": "2023-04-08 04:03:07",
        "lastchecktime_iso8601": "2023-04-08T04:03:07Z",
        "lastcheckoktime": "2023-04-08 04:03:07",
        "lastcheckoktime_iso8601": "2023-04-08T04:03:07Z",
        "lastlocalchecktime": "2023-04-07 16:33:46",
        "lastlocalchecktime_iso8601": "2023-04-07T16:33:46Z",
        "clicktimestamp": "2023-04-08 13:16:24",
        "clicktimestamp_iso8601": "2023-04-08T13:16:24Z",
        "clickcount": 65,
        "clicktrend": 2,
        "ssl_error": 0,
        "geo_lat": null,
        "geo_long": null,
        "has_extended_info": false
    },
    {
        "changeuuid": "1081542e-f09c-47be-be0b-e17550071381",
        "stationuuid": "96267f26-0601-11e8-ae97-52543be04c81",
        "serveruuid": "a428002d-e6bf-4b4a-8622-565876b33e6a",
        "name": "WRTU 89.7 Radio Universidad de Puerto Rico, San Juan",
        "url": "http://streaming.radiouniversidad.pr:8062/;",
        "url_resolved": "http://streaming.radiouniversidad.pr:8062/;",
        "homepage": "http://www.wrtu.pr/",
        "favicon": "http://www.wrtu.pr/favicon.ico",
        "tags": "mayaguez,public radio,san juan,university radio",
        "country": "Puerto Rico",
        "countrycode": "PR",
        "iso_3166_2": null,
        "state": "",
        "language": "spanish",
        "languagecodes": "es",
        "votes": 406,
        "lastchangetime": "2022-10-22 06:38:09",
        "lastchangetime_iso8601": "2022-10-22T06:38:09Z",
        "codec": "MP3",
        "bitrate": 96,
        "hls": 0,
        "lastcheckok": 1,
        "lastchecktime": "2023-04-08 13:32:43",
        "lastchecktime_iso8601": "2023-04-08T13:32:43Z",
        "lastcheckoktime": "2023-04-08 13:32:43",
        "lastcheckoktime_iso8601": "2023-04-08T13:32:43Z",
        "lastlocalchecktime": "2023-04-08 13:32:43",
        "lastlocalchecktime_iso8601": "2023-04-08T13:32:43Z",
        "clicktimestamp": "2023-04-08 13:16:19",
        "clicktimestamp_iso8601": "2023-04-08T13:16:19Z",
        "clickcount": 39,
        "clicktrend": -2,
        "ssl_error": 0,
        "geo_lat": null,
        "geo_long": null,
        "has_extended_info": false
    },
    {
        "changeuuid": "67646b6d-3bd4-48e1-a558-26a20d6f890c",
        "stationuuid": "d11f4ae1-8302-4883-b4b3-f02d308e3dda",
        "serveruuid": "d1542381-ee6a-4078-90b3-66b36d6fa935",
        "name": "Hot 102",
        "url": "https://server7.servistreaming.com/proxy/hot?mp=%2Fstream%3Ftype%3D.mp3&_=1",
        "url_resolved": "https://server7.servistreaming.com/proxy/hot?mp=%2Fstream%3Ftype%3D.mp3&_=1",
        "homepage": "https://hot102pr.com/",
        "favicon": "https://hot102pr.com/favicon.ico",
        "tags": "mainstream,pop music",
        "country": "Puerto Rico",
        "countrycode": "PR",
        "iso_3166_2": null,
        "state": "San Juan PR",
        "language": "english,spanish",
        "languagecodes": "en,es",
        "votes": 297,
        "lastchangetime": "2023-01-11 13:15:30",
        "lastchangetime_iso8601": "2023-01-11T13:15:30Z",
        "codec": "MP3",
        "bitrate": 140,
        "hls": 0,
        "lastcheckok": 1,
        "lastchecktime": "2023-04-08 11:53:13",
        "lastchecktime_iso8601": "2023-04-08T11:53:13Z",
        "lastcheckoktime": "2023-04-08 11:53:13",
        "lastcheckoktime_iso8601": "2023-04-08T11:53:13Z",
        "lastlocalchecktime": "2023-04-08 11:53:13",
        "lastlocalchecktime_iso8601": "2023-04-08T11:53:13Z",
        "clicktimestamp": "2023-04-08 13:15:30",
        "clicktimestamp_iso8601": "2023-04-08T13:15:30Z",
        "clickcount": 18,
        "clicktrend": 3,
        "ssl_error": 0,
        "geo_lat": 18.456032561247593,
        "geo_long": -66.09718322753908,
        "has_extended_info": false
    },
    {
        "changeuuid": "aeaeb851-2917-4921-a3b1-a65a68e83fe4",
        "stationuuid": "508741c2-4111-11e8-b74d-52543be04c81",
        "serveruuid": "208f684f-f47e-48d3-bdc1-0549673088b7",
        "name": "Radio Casa Pueblo",
        "url": "http://s1.voscast.com:9906/;stream1523840050300/1",
        "url_resolved": "http://s1.voscast.com:9906/;stream1523840050300/1",
        "homepage": "http://casapueblo.org/",
        "favicon": "https://cdn-radiotime-logos.tunein.com/s21779q.png",
        "tags": "community news,environment,spanish talk,variety",
        "country": "Puerto Rico",
        "countrycode": "PR",
        "iso_3166_2": null,
        "state": "San Juan",
        "language": "spanish",
        "languagecodes": "es",
        "votes": 280,
        "lastchangetime": "2022-03-28 10:37:35",
        "lastchangetime_iso8601": "2022-03-28T10:37:35Z",
        "codec": "MP3",
        "bitrate": 48,
        "hls": 0,
        "lastcheckok": 1,
        "lastchecktime": "2023-04-08 04:18:15",
        "lastchecktime_iso8601": "2023-04-08T04:18:15Z",
        "lastcheckoktime": "2023-04-08 04:18:15",
        "lastcheckoktime_iso8601": "2023-04-08T04:18:15Z",
        "lastlocalchecktime": "2023-04-07 18:51:54",
        "lastlocalchecktime_iso8601": "2023-04-07T18:51:54Z",
        "clicktimestamp": "2023-04-08 02:58:55",
        "clicktimestamp_iso8601": "2023-04-08T02:58:55Z",
        "clickcount": 10,
        "clicktrend": -1,
        "ssl_error": 0,
        "geo_lat": null,
        "geo_long": null,
        "has_extended_info": false
    },
    {
        "changeuuid": "456ded49-af57-4f71-975c-a61f42867c63",
        "stationuuid": "e3f0dd24-ebee-11e8-a471-52543be04c81",
        "serveruuid": "a2102347-e75f-4005-8b7d-0ba5b800c67b",
        "name": "AZ Rock",
        "url": "http://cassini.shoutca.st:9300/stream",
        "url_resolved": "http://cassini.shoutca.st:9300/stream",
        "homepage": "https://azrockradio.com/",
        "favicon": "",
        "tags": "alfa,alfa rock,classic rock,cobians,dog,new rock,rock,santurce",
        "country": "Puerto Rico",
        "countrycode": "PR",
        "iso_3166_2": null,
        "state": "",
        "language": "english",
        "languagecodes": "en",
        "votes": 264,
        "lastchangetime": "2022-06-18 02:31:19",
        "lastchangetime_iso8601": "2022-06-18T02:31:19Z",
        "codec": "MP3",
        "bitrate": 128,
        "hls": 0,
        "lastcheckok": 1,
        "lastchecktime": "2023-04-08 07:46:13",
        "lastchecktime_iso8601": "2023-04-08T07:46:13Z",
        "lastcheckoktime": "2023-04-08 07:46:13",
        "lastcheckoktime_iso8601": "2023-04-08T07:46:13Z",
        "lastlocalchecktime": "2023-04-07 17:49:39",
        "lastlocalchecktime_iso8601": "2023-04-07T17:49:39Z",
        "clicktimestamp": "2023-04-08 13:15:33",
        "clicktimestamp_iso8601": "2023-04-08T13:15:33Z",
        "clickcount": 15,
        "clicktrend": -2,
        "ssl_error": 0,
        "geo_lat": null,
        "geo_long": null,
        "has_extended_info": false
    },
    {
        "changeuuid": "29797b33-1d3b-4f69-b0fa-19eb3a3f297e",
        "stationuuid": "961141a7-0601-11e8-ae97-52543be04c81",
        "serveruuid": "19d6180b-dc72-4155-ae15-26f94b544e16",
        "name": "WALO 1240 \"Radio Oriental\" Humacao",
        "url": "http://68.235.35.243:9031/stream?type=.mp3",
        "url_resolved": "http://68.235.35.243:9031/stream?type=.mp3",
        "homepage": "http://waloradio.com/",
        "favicon": "http://waloradio.com/favicon.ico",
        "tags": "local news,music,news,variety",
        "country": "Puerto Rico",
        "countrycode": "PR",
        "iso_3166_2": null,
        "state": "",
        "language": "spanish",
        "languagecodes": "es",
        "votes": 216,
        "lastchangetime": "2022-10-13 10:25:39",
        "lastchangetime_iso8601": "2022-10-13T10:25:39Z",
        "codec": "MP3",
        "bitrate": 128,
        "hls": 0,
        "lastcheckok": 1,
        "lastchecktime": "2023-04-08 13:32:43",
        "lastchecktime_iso8601": "2023-04-08T13:32:43Z",
        "lastcheckoktime": "2023-04-08 13:32:43",
        "lastcheckoktime_iso8601": "2023-04-08T13:32:43Z",
        "lastlocalchecktime": "2023-04-08 13:32:43",
        "lastlocalchecktime_iso8601": "2023-04-08T13:32:43Z",
        "clicktimestamp": "2023-04-08 13:15:36",
        "clicktimestamp_iso8601": "2023-04-08T13:15:36Z",
        "clickcount": 13,
        "clicktrend": -2,
        "ssl_error": 0,
        "geo_lat": null,
        "geo_long": null,
        "has_extended_info": false
    },
    {
        "changeuuid": "3f8a2ab6-6022-4d6f-8285-91c700b41b7b",
        "stationuuid": "9621c713-0601-11e8-ae97-52543be04c81",
        "serveruuid": "8c8dce87-3f89-4813-b5a7-ec8f62e526a9",
        "name": "WIPR \"Allegro 91.3\" San Juan",
        "url": "http://192.254.105.36:8080/broadwavehigh.mp3?src=1",
        "url_resolved": "http://192.254.105.36:8080/broadwavehigh.mp3?src=1",
        "homepage": "http://www.wipr.pr/fm/",
        "favicon": "https://wipr.pr/wp-content/uploads/2022/04/wipr-logo-purple.png",
        "tags": "classical,folk,live concert,npr,pubic radio,san juan",
        "country": "Puerto Rico",
        "countrycode": "PR",
        "iso_3166_2": null,
        "state": "",
        "language": "spanish",
        "languagecodes": "es",
        "votes": 203,
        "lastchangetime": "2022-09-01 05:26:02",
        "lastchangetime_iso8601": "2022-09-01T05:26:02Z",
        "codec": "MP3",
        "bitrate": 0,
        "hls": 0,
        "lastcheckok": 1,
        "lastchecktime": "2023-04-08 04:03:07",
        "lastchecktime_iso8601": "2023-04-08T04:03:07Z",
        "lastcheckoktime": "2023-04-08 04:03:07",
        "lastcheckoktime_iso8601": "2023-04-08T04:03:07Z",
        "lastlocalchecktime": "2023-04-07 16:43:24",
        "lastlocalchecktime_iso8601": "2023-04-07T16:43:24Z",
        "clicktimestamp": "2023-04-07 13:01:07",
        "clicktimestamp_iso8601": "2023-04-07T13:01:07Z",
        "clickcount": 10,
        "clicktrend": -3,
        "ssl_error": 0,
        "geo_lat": null,
        "geo_long": null,
        "has_extended_info": false
    },
    {
        "changeuuid": "f8b27564-2324-4d1d-9e07-70ba50ffa763",
        "stationuuid": "044148b3-70e0-4b12-9745-5a2fa45c9385",
        "serveruuid": "6a629ae3-450a-4377-b81e-3c32fc6b4b26",
        "name": "WSKN Radio Isla1320 am",
        "url": "http://server7.servistreaming.com:10070/stream",
        "url_resolved": "http://server7.servistreaming.com:10070/stream",
        "homepage": "https://radioisla.tv/",
        "favicon": "https://i.pinimg.com/originals/6f/9b/6f/6f9b6f6a3dced7c612823e3b75afebf0.png",
        "tags": "news",
        "country": "Puerto Rico",
        "countrycode": "PR",
        "iso_3166_2": null,
        "state": "",
        "language": "",
        "languagecodes": "",
        "votes": 151,
        "lastchangetime": "2021-09-15 05:47:15",
        "lastchangetime_iso8601": "2021-09-15T05:47:15Z",
        "codec": "MP3",
        "bitrate": 32,
        "hls": 0,
        "lastcheckok": 1,
        "lastchecktime": "2023-04-08 09:38:19",
        "lastchecktime_iso8601": "2023-04-08T09:38:19Z",
        "lastcheckoktime": "2023-04-08 09:38:19",
        "lastcheckoktime_iso8601": "2023-04-08T09:38:19Z",
        "lastlocalchecktime": "2023-04-07 18:56:40",
        "lastlocalchecktime_iso8601": "2023-04-07T18:56:40Z",
        "clicktimestamp": "2023-04-08 02:34:46",
        "clicktimestamp_iso8601": "2023-04-08T02:34:46Z",
        "clickcount": 17,
        "clicktrend": 0,
        "ssl_error": 0,
        "geo_lat": null,
        "geo_long": null,
        "has_extended_info": false
    },
    {
        "changeuuid": "01e1ed2a-2fb1-4332-b1ce-eeb0b0749345",
        "stationuuid": "09d120c4-a3f0-4d7f-b658-61f94b35aa0c",
        "serveruuid": "ea20187c-bac1-4676-8e3e-14b9f58b80c8",
        "name": "RadioORO PR",
        "url": "https://us2.internet-radio.com/proxy/woro?mp=/stream",
        "url_resolved": "https://us2.internet-radio.com/proxy/woro?mp=/stream",
        "homepage": "https://www.empiezatudia.com/",
        "favicon": "https://sep.yimg.com/yf/common/favicon-32x32.png",
        "tags": "",
        "country": "Puerto Rico",
        "countrycode": "PR",
        "iso_3166_2": null,
        "state": "",
        "language": "",
        "languagecodes": "",
        "votes": 146,
        "lastchangetime": "2022-09-06 05:11:09",
        "lastchangetime_iso8601": "2022-09-06T05:11:09Z",
        "codec": "MP3",
        "bitrate": 128,
        "hls": 0,
        "lastcheckok": 1,
        "lastchecktime": "2023-04-08 05:59:37",
        "lastchecktime_iso8601": "2023-04-08T05:59:37Z",
        "lastcheckoktime": "2023-04-08 05:59:37",
        "lastcheckoktime_iso8601": "2023-04-08T05:59:37Z",
        "lastlocalchecktime": "2023-04-07 20:12:41",
        "lastlocalchecktime_iso8601": "2023-04-07T20:12:41Z",
        "clicktimestamp": "2023-04-08 13:16:12",
        "clicktimestamp_iso8601": "2023-04-08T13:16:12Z",
        "clickcount": 25,
        "clicktrend": 1,
        "ssl_error": 0,
        "geo_lat": null,
        "geo_long": null,
        "has_extended_info": false
    },
    {
        "changeuuid": "1c57db6d-efa3-4f96-88da-1b2151e548d3",
        "stationuuid": "38eaa0d8-02c9-49a7-9ce4-d953a47fcb0f",
        "serveruuid": "74c5f367-2e30-4383-b111-d41ece65540c",
        "name": "Spot Radio",
        "url": "https://c9.radioboss.fm/stream/141",
        "url_resolved": "https://c9.radioboss.fm/stream/141",
        "homepage": "https://c9.radioboss.fm/stream/141",
        "favicon": "",
        "tags": "adult contemporary",
        "country": "Puerto Rico",
        "countrycode": "PR",
        "iso_3166_2": null,
        "state": "",
        "language": "english,spanish",
        "languagecodes": "en,es",
        "votes": 141,
        "lastchangetime": "2022-03-28 10:27:13",
        "lastchangetime_iso8601": "2022-03-28T10:27:13Z",
        "codec": "MP3",
        "bitrate": 128,
        "hls": 0,
        "lastcheckok": 1,
        "lastchecktime": "2023-04-08 05:13:53",
        "lastchecktime_iso8601": "2023-04-08T05:13:53Z",
        "lastcheckoktime": "2023-04-08 05:13:53",
        "lastcheckoktime_iso8601": "2023-04-08T05:13:53Z",
        "lastlocalchecktime": "2023-04-07 17:57:14",
        "lastlocalchecktime_iso8601": "2023-04-07T17:57:14Z",
        "clicktimestamp": "2023-04-08 13:15:34",
        "clicktimestamp_iso8601": "2023-04-08T13:15:34Z",
        "clickcount": 13,
        "clicktrend": -1,
        "ssl_error": 0,
        "geo_lat": null,
        "geo_long": null,
        "has_extended_info": false
    },
    {
        "changeuuid": "b2f6b312-4f4b-4ba4-8f95-622263370f74",
        "stationuuid": "f52c1c18-c52f-4578-81f5-98c3f5a32ccb",
        "serveruuid": "24f3abe2-be48-4e06-92d4-9f1dd3e2cfbe",
        "name": "Yunque93",
        "url": "http://server7.servistreaming.com:10021/stream?type=.mp3",
        "url_resolved": "http://server7.servistreaming.com:10021/stream?type=.mp3",
        "homepage": "https://yunque93.com/",
        "favicon": "",
        "tags": "",
        "country": "Puerto Rico",
        "countrycode": "PR",
        "iso_3166_2": null,
        "state": "",
        "language": "",
        "languagecodes": "",
        "votes": 110,
        "lastchangetime": "2022-04-03 13:26:06",
        "lastchangetime_iso8601": "2022-04-03T13:26:06Z",
        "codec": "MP3",
        "bitrate": 128,
        "hls": 0,
        "lastcheckok": 1,
        "lastchecktime": "2023-04-08 10:57:23",
        "lastchecktime_iso8601": "2023-04-08T10:57:23Z",
        "lastcheckoktime": "2023-04-08 10:57:23",
        "lastcheckoktime_iso8601": "2023-04-08T10:57:23Z",
        "lastlocalchecktime": "2023-04-08 10:57:23",
        "lastlocalchecktime_iso8601": "2023-04-08T10:57:23Z",
        "clicktimestamp": "2023-04-08 13:15:39",
        "clicktimestamp_iso8601": "2023-04-08T13:15:39Z",
        "clickcount": 11,
        "clicktrend": 1,
        "ssl_error": 0,
        "geo_lat": null,
        "geo_long": null,
        "has_extended_info": false
    },
    {
        "changeuuid": "786d12e4-fdfb-42a9-802a-b742118f4e3f",
        "stationuuid": "518f9dbd-82aa-410a-8174-a55ced61adc4",
        "serveruuid": "4aedff30-c220-4cd3-b170-8ee43922caec",
        "name": "WUPR \u00c9xitos 1530",
        "url": "https://exitos1530.radioca.st/stream",
        "url_resolved": "https://exitos1530.radioca.st/stream",
        "homepage": "",
        "favicon": "",
        "tags": "misc",
        "country": "Puerto Rico",
        "countrycode": "PR",
        "iso_3166_2": null,
        "state": "",
        "language": "",
        "languagecodes": "",
        "votes": 100,
        "lastchangetime": "2022-03-17 13:06:07",
        "lastchangetime_iso8601": "2022-03-17T13:06:07Z",
        "codec": "MP3",
        "bitrate": 185,
        "hls": 0,
        "lastcheckok": 1,
        "lastchecktime": "2023-04-08 10:35:11",
        "lastchecktime_iso8601": "2023-04-08T10:35:11Z",
        "lastcheckoktime": "2023-04-08 10:35:11",
        "lastcheckoktime_iso8601": "2023-04-08T10:35:11Z",
        "lastlocalchecktime": "2023-04-08 10:35:11",
        "lastlocalchecktime_iso8601": "2023-04-08T10:35:11Z",
        "clicktimestamp": "2023-04-08 13:15:42",
        "clicktimestamp_iso8601": "2023-04-08T13:15:42Z",
        "clickcount": 9,
        "clicktrend": 2,
        "ssl_error": 0,
        "geo_lat": null,
        "geo_long": null,
        "has_extended_info": false
    },
    {
        "changeuuid": "9d0183ff-0599-4bde-b6bd-e8f7da8cd79a",
        "stationuuid": "118012be-410e-11e8-b74d-52543be04c81",
        "serveruuid": "10b6dc38-140f-45b4-ad72-36337fbf0a1c",
        "name": "WPAB 550 PONCE",
        "url": "http://68.235.35.243:9059/stream",
        "url_resolved": "http://68.235.35.243:9059/stream",
        "homepage": "http://www.pab550.com/",
        "favicon": "https://cdn-radiotime-logos.tunein.com/s21849q.png",
        "tags": "spanish pop,spanish talk",
        "country": "Puerto Rico",
        "countrycode": "PR",
        "iso_3166_2": null,
        "state": "San Juan",
        "language": "spanish",
        "languagecodes": "es",
        "votes": 99,
        "lastchangetime": "2022-03-28 11:39:48",
        "lastchangetime_iso8601": "2022-03-28T11:39:48Z",
        "codec": "MP3",
        "bitrate": 128,
        "hls": 0,
        "lastcheckok": 1,
        "lastchecktime": "2023-04-08 04:33:31",
        "lastchecktime_iso8601": "2023-04-08T04:33:31Z",
        "lastcheckoktime": "2023-04-08 04:33:31",
        "lastcheckoktime_iso8601": "2023-04-08T04:33:31Z",
        "lastlocalchecktime": "2023-04-07 20:00:39",
        "lastlocalchecktime_iso8601": "2023-04-07T20:00:39Z",
        "clicktimestamp": "2023-04-08 13:15:38",
        "clicktimestamp_iso8601": "2023-04-08T13:15:38Z",
        "clickcount": 11,
        "clicktrend": 0,
        "ssl_error": 0,
        "geo_lat": null,
        "geo_long": null,
        "has_extended_info": false
    },
    {
        "changeuuid": "da915efb-7474-4d45-bd80-65d75699144f",
        "stationuuid": "9ff6e155-4e90-4d46-a153-5fcd146e892f",
        "serveruuid": "f1b91b0d-31a3-4319-b39f-cfdd00bf364c",
        "name": "Club One World",
        "url": "https://streams.radio.co/sa0b5d970a/listen",
        "url_resolved": "https://streams.radio.co/sa0b5d970a/listen",
        "homepage": "https://www.cluboneworldradio.com/",
        "favicon": "https://www.cluboneworldradio.com/uploads/1/3/1/0/131070830/cow-radio-back-alpha-white.png",
        "tags": "",
        "country": "Puerto Rico",
        "countrycode": "PR",
        "iso_3166_2": null,
        "state": "San Juan PR",
        "language": "english,spanish",
        "languagecodes": "en,es",
        "votes": 83,
        "lastchangetime": "2022-04-19 19:05:45",
        "lastchangetime_iso8601": "2022-04-19T19:05:45Z",
        "codec": "MP3",
        "bitrate": 128,
        "hls": 0,
        "lastcheckok": 1,
        "lastchecktime": "2023-04-08 13:08:49",
        "lastchecktime_iso8601": "2023-04-08T13:08:49Z",
        "lastcheckoktime": "2023-04-08 13:08:49",
        "lastcheckoktime_iso8601": "2023-04-08T13:08:49Z",
        "lastlocalchecktime": "2023-04-08 13:08:49",
        "lastlocalchecktime_iso8601": "2023-04-08T13:08:49Z",
        "clicktimestamp": "2023-04-08 13:16:00",
        "clicktimestamp_iso8601": "2023-04-08T13:16:00Z",
        "clickcount": 8,
        "clicktrend": -1,
        "ssl_error": 0,
        "geo_lat": null,
        "geo_long": null,
        "has_extended_info": false
    },
    {
        "changeuuid": "3f75d069-7ff9-49c2-9236-94f4a4241787",
        "stationuuid": "962adf9a-0601-11e8-ae97-52543be04c81",
        "serveruuid": "e06197dd-7fad-4873-a70b-34f8e98ec075",
        "name": "WMSW \"Radio Once\" 1120 AM Hatillo, PR",
        "url": "http://server10.servistreaming.com:9004/stream",
        "url_resolved": "http://server10.servistreaming.com:9004/stream",
        "homepage": "http://www.radioonce.com/",
        "favicon": "",
        "tags": "talk",
        "country": "Puerto Rico",
        "countrycode": "PR",
        "iso_3166_2": null,
        "state": "",
        "language": "spanish",
        "languagecodes": "es",
        "votes": 79,
        "lastchangetime": "2022-03-28 13:16:34",
        "lastchangetime_iso8601": "2022-03-28T13:16:34Z",
        "codec": "MP3",
        "bitrate": 128,
        "hls": 0,
        "lastcheckok": 1,
        "lastchecktime": "2023-04-08 09:56:28",
        "lastchecktime_iso8601": "2023-04-08T09:56:28Z",
        "lastcheckoktime": "2023-04-08 09:56:28",
        "lastcheckoktime_iso8601": "2023-04-08T09:56:28Z",
        "lastlocalchecktime": "2023-04-07 15:12:10",
        "lastlocalchecktime_iso8601": "2023-04-07T15:12:10Z",
        "clicktimestamp": "2023-04-08 13:15:51",
        "clicktimestamp_iso8601": "2023-04-08T13:15:51Z",
        "clickcount": 6,
        "clicktrend": -1,
        "ssl_error": 0,
        "geo_lat": null,
        "geo_long": null,
        "has_extended_info": false
    },
    {
        "changeuuid": "04379df6-e1df-4eae-add7-98c8ae183601",
        "stationuuid": "357a56ea-3ca3-4529-a5d0-3d2aadf1be70",
        "serveruuid": "3af6b54f-99f6-44fd-81df-f10fb2249a82",
        "name": "Catolica Radio",
        "url": "https://live.turadio.stream:7017/catolicaradiopr",
        "url_resolved": "https://live.turadio.stream:7017/catolicaradiopr",
        "homepage": "https://www.catolicaradiopr.com/",
        "favicon": "https://www.catolicaradiopr.com/wp-content/uploads/2020/07/cropped-lo-catolica-radio-web-1-180x180.png",
        "tags": "easy listening",
        "country": "Puerto Rico",
        "countrycode": "PR",
        "iso_3166_2": null,
        "state": "",
        "language": "spanish",
        "languagecodes": "es",
        "votes": 70,
        "lastchangetime": "2022-11-24 08:37:56",
        "lastchangetime_iso8601": "2022-11-24T08:37:56Z",
        "codec": "MP3",
        "bitrate": 64,
        "hls": 0,
        "lastcheckok": 1,
        "lastchecktime": "2023-04-08 10:45:53",
        "lastchecktime_iso8601": "2023-04-08T10:45:53Z",
        "lastcheckoktime": "2023-04-08 10:45:53",
        "lastcheckoktime_iso8601": "2023-04-08T10:45:53Z",
        "lastlocalchecktime": "2023-04-08 09:01:22",
        "lastlocalchecktime_iso8601": "2023-04-08T09:01:22Z",
        "clicktimestamp": "2023-04-08 13:16:14",
        "clicktimestamp_iso8601": "2023-04-08T13:16:14Z",
        "clickcount": 31,
        "clicktrend": 5,
        "ssl_error": 0,
        "geo_lat": null,
        "geo_long": null,
        "has_extended_info": false
    },
    {
        "changeuuid": "729a1671-d4d9-4ad6-b55e-5799e4a9b6af",
        "stationuuid": "9d28e755-6a29-4b59-a93c-3cc5a2abddca",
        "serveruuid": "aa367a7b-5620-43c5-961e-b0ff6513b1c2",
        "name": "Echo 355",
        "url": "http://stream.zeno.fm/hssq9ydayf9uv",
        "url_resolved": "http://stream-068.zeno.fm/hssq9ydayf9uv?zs=EqrXk7HGRt-SOExLCuiy8w",
        "homepage": "http://echo355.com/",
        "favicon": "",
        "tags": "acustic,alternative,indi,pop,rock",
        "country": "Puerto Rico",
        "countrycode": "PR",
        "iso_3166_2": null,
        "state": "Vega Baja",
        "language": "english,spanish",
        "languagecodes": "en,es",
        "votes": 66,
        "lastchangetime": "2022-04-19 11:54:41",
        "lastchangetime_iso8601": "2022-04-19T11:54:41Z",
        "codec": "MP3",
        "bitrate": 0,
        "hls": 0,
        "lastcheckok": 1,
        "lastchecktime": "2023-04-08 10:51:43",
        "lastchecktime_iso8601": "2023-04-08T10:51:43Z",
        "lastcheckoktime": "2023-04-08 10:51:43",
        "lastcheckoktime_iso8601": "2023-04-08T10:51:43Z",
        "lastlocalchecktime": "2023-04-07 19:44:45",
        "lastlocalchecktime_iso8601": "2023-04-07T19:44:45Z",
        "clicktimestamp": "2023-04-08 13:15:49",
        "clicktimestamp_iso8601": "2023-04-08T13:15:49Z",
        "clickcount": 6,
        "clicktrend": -2,
        "ssl_error": 0,
        "geo_lat": 18.464685494126712,
        "geo_long": -66.41194850206377,
        "has_extended_info": false
    },
    {
        "changeuuid": "5cc9e09c-7c3d-41f2-b69f-a0be557cc277",
        "stationuuid": "0fb52d49-863d-402e-9bb5-147c5a8a5b73",
        "serveruuid": "81fecf64-a5fd-426e-83e2-22a7972a7691",
        "name": "Pura Gracia Radio",
        "url": "https://26383.live.streamtheworld.com/SAM05AAC459_SC",
        "url_resolved": "https://26383.live.streamtheworld.com/SAM05AAC459_SC",
        "homepage": "https://www.puragracia.com/",
        "favicon": "http://bit.ly/logopgr",
        "tags": "talk & speech",
        "country": "Puerto Rico",
        "countrycode": "PR",
        "iso_3166_2": null,
        "state": "",
        "language": "",
        "languagecodes": "",
        "votes": 60,
        "lastchangetime": "2022-12-13 04:07:38",
        "lastchangetime_iso8601": "2022-12-13T04:07:38Z",
        "codec": "AAC+",
        "bitrate": 128,
        "hls": 0,
        "lastcheckok": 1,
        "lastchecktime": "2023-04-08 11:59:36",
        "lastchecktime_iso8601": "2023-04-08T11:59:36Z",
        "lastcheckoktime": "2023-04-08 11:59:36",
        "lastcheckoktime_iso8601": "2023-04-08T11:59:36Z",
        "lastlocalchecktime": "2023-04-07 18:43:08",
        "lastlocalchecktime_iso8601": "2023-04-07T18:43:08Z",
        "clicktimestamp": "2023-04-08 13:15:55",
        "clicktimestamp_iso8601": "2023-04-08T13:15:55Z",
        "clickcount": 6,
        "clicktrend": 0,
        "ssl_error": 0,
        "geo_lat": null,
        "geo_long": null,
        "has_extended_info": false
    },
    {
        "changeuuid": "5a188266-ce42-4741-bf12-7a8b86894026",
        "stationuuid": "bb8c5610-480c-4f90-a9dc-6bb6092b6315",
        "serveruuid": "56b9953f-0d94-4175-945a-185058cb84b9",
        "name": "WABA",
        "url": "https://stream.eleden.com/waba.aac/waba.aac.stream/playlist.m3u8",
        "url_resolved": "https://stream.eleden.com/waba.aac/waba.aac.stream/playlist.m3u8",
        "homepage": "https://stream.eleden.com/waba.aac/waba.aac.stream/playlist.m3u8",
        "favicon": "",
        "tags": "",
        "country": "Puerto Rico",
        "countrycode": "PR",
        "iso_3166_2": null,
        "state": "",
        "language": "",
        "languagecodes": "",
        "votes": 54,
        "lastchangetime": "2021-08-06 08:36:44",
        "lastchangetime_iso8601": "2021-08-06T08:36:44Z",
        "codec": "AAC",
        "bitrate": 32,
        "hls": 1,
        "lastcheckok": 1,
        "lastchecktime": "2023-04-08 11:21:00",
        "lastchecktime_iso8601": "2023-04-08T11:21:00Z",
        "lastcheckoktime": "2023-04-08 11:21:00",
        "lastcheckoktime_iso8601": "2023-04-08T11:21:00Z",
        "lastlocalchecktime": "2023-04-08 09:03:44",
        "lastlocalchecktime_iso8601": "2023-04-08T09:03:44Z",
        "clicktimestamp": "2023-04-08 13:15:56",
        "clicktimestamp_iso8601": "2023-04-08T13:15:56Z",
        "clickcount": 7,
        "clicktrend": -2,
        "ssl_error": 0,
        "geo_lat": null,
        "geo_long": null,
        "has_extended_info": false
    },
    {
        "changeuuid": "5b0bbb18-8364-419b-830f-405b3b52d0ca",
        "stationuuid": "e5cc6794-7191-481f-a888-d0043baced89",
        "serveruuid": null,
        "name": "Exa FM",
        "url": "https://playerservices.streamtheworld.com/api/livestream-redirect/XHPSFMAAC.aac",
        "url_resolved": "https://26523.live.streamtheworld.com:443/XHPSFMAAC.aac",
        "homepage": "https://www.exafm.com/veracruz/",
        "favicon": "https://i.iheart.com/v3/re/new_assets/5f9883c7cde5eff19e6eabac",
        "tags": "93.3 fm,entretenimiento,espa\u00f1ol,estaci\u00f3n,exa,exa fm,fm,juvenil,la estaci\u00f3n exacta,la estaci\u00f3n naranja,moi merino,mvs,mvs noticias,mvs radio,m\u00fasica en espa\u00f1ol e ingl\u00e9s,m\u00fasica pop,ponte exa,pop,pop en espa\u00f1ol e ingl\u00e9s,pop music,pop rock,radio",
        "country": "Puerto Rico",
        "countrycode": "PR",
        "iso_3166_2": null,
        "state": "",
        "language": "spanish",
        "languagecodes": "es",
        "votes": 39,
        "lastchangetime": "2022-12-12 06:02:03",
        "lastchangetime_iso8601": "2022-12-12T06:02:03Z",
        "codec": "AAC+",
        "bitrate": 48,
        "hls": 0,
        "lastcheckok": 1,
        "lastchecktime": "2023-04-07 18:29:38",
        "lastchecktime_iso8601": "2023-04-07T18:29:38Z",
        "lastcheckoktime": "2023-04-07 18:29:38",
        "lastcheckoktime_iso8601": "2023-04-07T18:29:38Z",
        "lastlocalchecktime": "2023-04-07 16:46:50",
        "lastlocalchecktime_iso8601": "2023-04-07T16:46:50Z",
        "clicktimestamp": "2023-04-07 13:35:44",
        "clicktimestamp_iso8601": "2023-04-07T13:35:44Z",
        "clickcount": 7,
        "clicktrend": -3,
        "ssl_error": 0,
        "geo_lat": null,
        "geo_long": null,
        "has_extended_info": false
    },
    {
        "changeuuid": "a80ff2b3-8579-4a18-8789-ab10b25814da",
        "stationuuid": "e08d3620-04e1-45d2-81c3-5e87e10e79ef",
        "serveruuid": "81fecf64-a5fd-426e-83e2-22a7972a7691",
        "name": "Pura Gracia",
        "url": "https://26383.live.streamtheworld.com/SAM05AAC459_SC",
        "url_resolved": "https://26383.live.streamtheworld.com/SAM05AAC459_SC",
        "homepage": "http://www.puragracia.com/",
        "favicon": "https://draft.blogger.com/favicon-image.g?blogID=8167857395450999811",
        "tags": "christian",
        "country": "Puerto Rico",
        "countrycode": "PR",
        "iso_3166_2": null,
        "state": "",
        "language": "spanish",
        "languagecodes": "es",
        "votes": 18,
        "lastchangetime": "2022-12-13 04:41:59",
        "lastchangetime_iso8601": "2022-12-13T04:41:59Z",
        "codec": "AAC+",
        "bitrate": 128,
        "hls": 0,
        "lastcheckok": 1,
        "lastchecktime": "2023-04-08 12:13:03",
        "lastchecktime_iso8601": "2023-04-08T12:13:03Z",
        "lastcheckoktime": "2023-04-08 12:13:03",
        "lastcheckoktime_iso8601": "2023-04-08T12:13:03Z",
        "lastlocalchecktime": "2023-04-07 19:29:06",
        "lastlocalchecktime_iso8601": "2023-04-07T19:29:06Z",
        "clicktimestamp": "2023-04-08 13:15:52",
        "clicktimestamp_iso8601": "2023-04-08T13:15:52Z",
        "clickcount": 4,
        "clicktrend": 1,
        "ssl_error": 0,
        "geo_lat": 18.233080976176367,
        "geo_long": -66.03607177734376,
        "has_extended_info": false
    },
    {
        "changeuuid": "cbe1737a-97b1-46ed-9229-67bad4534bdb",
        "stationuuid": "b09bf4ad-d47d-4f25-a235-ba32a511d2d3",
        "serveruuid": "e1771179-d9ae-4de1-8582-fc51d25e52f0",
        "name": "WKVM Radio Paz 810",
        "url": "http://us2.internet-radio.com:8085/",
        "url_resolved": "http://us2.internet-radio.com:8085/",
        "homepage": "http://810am.bellezamag.com/",
        "favicon": "http://810am.bellezamag.com/favicon.png",
        "tags": "",
        "country": "Puerto Rico",
        "countrycode": "PR",
        "iso_3166_2": null,
        "state": "",
        "language": "spanish",
        "languagecodes": "es",
        "votes": 6,
        "lastchangetime": "2023-03-13 23:27:02",
        "lastchangetime_iso8601": "2023-03-13T23:27:02Z",
        "codec": "MP3",
        "bitrate": 64,
        "hls": 0,
        "lastcheckok": 1,
        "lastchecktime": "2023-04-07 23:59:48",
        "lastchecktime_iso8601": "2023-04-07T23:59:48Z",
        "lastcheckoktime": "2023-04-07 23:59:48",
        "lastcheckoktime_iso8601": "2023-04-07T23:59:48Z",
        "lastlocalchecktime": "2023-04-07 17:25:16",
        "lastlocalchecktime_iso8601": "2023-04-07T17:25:16Z",
        "clicktimestamp": "2023-04-08 11:54:20",
        "clicktimestamp_iso8601": "2023-04-08T11:54:20Z",
        "clickcount": 8,
        "clicktrend": -2,
        "ssl_error": 0,
        "geo_lat": null,
        "geo_long": null,
        "has_extended_info": false
    },
    {
        "changeuuid": "8887c6ec-4427-4ea9-a207-959faeaeec0f",
        "stationuuid": "7d83f1b5-f9d5-44ce-9575-b704b80f70fa",
        "serveruuid": "4fbd9a66-32a1-44b2-beff-45061fa5cce0",
        "name": "Radio Costa Calidad Normal",
        "url": "https://radio.archipielago.uno/radiocosta",
        "url_resolved": "https://radio.archipielago.uno/radiocosta",
        "homepage": "https://radio.archipielago.uno/",
        "favicon": "",
        "tags": "anguilla,antigua y barbuda,aruba,bahamas,belice,bonaire,colombia,costa rica,cuba,dominica,el salvador,granada,guadalupe,guatemala,hait\u00ed,honduras,isla clipperton,isla navassa,islas caim\u00e1n,islas virgenes,jamaica,martinique,mexico,montserrat,music,musica de america media,musica latinoamericana,musica regional,nicaragua,panam\u00e1,puerto rico,republica dominicana,san bartolom\u00e9,san cirstobal y nieves,san mart\u00edn,san vicente y granadinas,santa luc\u00eda,trinidad y tobago,venezuela",
        "country": "Puerto Rico",
        "countrycode": "PR",
        "iso_3166_2": null,
        "state": "Internet",
        "language": "espa\u00f1ol internacional,ingl\u00e9s/portugu\u00e9s/espa\u00f1ol,originarios",
        "languagecodes": "",
        "votes": 12,
        "lastchangetime": "2023-05-18 03:13:14",
        "lastchangetime_iso8601": "2023-05-18T03:13:14Z",
        "codec": "MP3",
        "bitrate": 128,
        "hls": 0,
        "lastcheckok": 1,
        "lastchecktime": "2023-07-09 04:33:50",
        "lastchecktime_iso8601": "2023-07-09T04:33:50Z",
        "lastcheckoktime": "2023-07-09 04:33:50",
        "lastcheckoktime_iso8601": "2023-07-09T04:33:50Z",
        "lastlocalchecktime": "2023-07-09 03:36:00",
        "lastlocalchecktime_iso8601": "2023-07-09T03:36:00Z",
        "clicktimestamp": "2023-07-05 19:54:28",
        "clicktimestamp_iso8601": "2023-07-05T19:54:28Z",
        "clickcount": 5,
        "clicktrend": 0,
        "ssl_error": 0,
        "geo_lat": null,
        "geo_long": null,
        "has_extended_info": false
    },
    {
        "changeuuid": "d6b9ad6e-1765-43b4-999c-01aa41f9d158",
        "stationuuid": "c8583733-2fd9-4259-9285-2da22704141f",
        "serveruuid": "b07d04c6-aa67-4657-9ad3-e66898b3a071",
        "name": "FM 96",
        "url": "http://149.56.155.73:8105/stream",
        "url_resolved": "http://149.56.155.73:8105/stream",
        "homepage": "https://fm96puertorico.com/",
        "favicon": "https://fm96puertorico.com/wp-content/uploads/2020/10/fm96logo-1.png",
        "tags": "bachata,merengue,puerto rico,salsa",
        "country": "Puerto Rico",
        "countrycode": "PR",
        "iso_3166_2": null,
        "state": "",
        "language": "spanish",
        "languagecodes": "es",
        "votes": 36,
        "lastchangetime": "2023-07-17 02:56:16",
        "lastchangetime_iso8601": "2023-07-17T02:56:16Z",
        "codec": "MP3",
        "bitrate": 90,
        "hls": 0,
        "lastcheckok": 1,
        "lastchecktime": "2023-09-03 10:47:44",
        "lastchecktime_iso8601": "2023-09-03T10:47:44Z",
        "lastcheckoktime": "2023-09-03 10:47:44",
        "lastcheckoktime_iso8601": "2023-09-03T10:47:44Z",
        "lastlocalchecktime": "2023-09-03 10:47:44",
        "lastlocalchecktime_iso8601": "2023-09-03T10:47:44Z",
        "clicktimestamp": "2023-09-01 02:28:44",
        "clicktimestamp_iso8601": "2023-09-01T02:28:44Z",
        "clickcount": 24,
        "clicktrend": 0,
        "ssl_error": 0,
        "geo_lat": null,
        "geo_long": null,
        "has_extended_info": false
    },
    {
        "changeuuid": "3d41a63b-bff9-4161-9240-f7c487438f07",
        "stationuuid": "2d661749-ce77-4514-bfd8-271cf8847cf5",
        "serveruuid": "cc54fe42-1a10-408f-89a8-0094ebcda960",
        "name": "La X 100.7 FM",
        "url": "http://stream.eleden.com:8235/lax.ogg",
        "url_resolved": "http://stream.eleden.com:8235/lax.ogg",
        "homepage": "https://www.lax.fm/",
        "favicon": "",
        "tags": "pop,reggaeton,rock",
        "country": "Puerto Rico",
        "countrycode": "PR",
        "iso_3166_2": null,
        "state": "",
        "language": "spanish",
        "languagecodes": "es",
        "votes": 19,
        "lastchangetime": "2023-08-08 02:08:48",
        "lastchangetime_iso8601": "2023-08-08T02:08:48Z",
        "codec": "OGG",
        "bitrate": 48,
        "hls": 0,
        "lastcheckok": 1,
        "lastchecktime": "2023-09-03 08:40:13",
        "lastchecktime_iso8601": "2023-09-03T08:40:13Z",
        "lastcheckoktime": "2023-09-03 08:40:13",
        "lastcheckoktime_iso8601": "2023-09-03T08:40:13Z",
        "lastlocalchecktime": "2023-09-03 08:40:13",
        "lastlocalchecktime_iso8601": "2023-09-03T08:40:13Z",
        "clicktimestamp": "2023-09-03 13:58:56",
        "clicktimestamp_iso8601": "2023-09-03T13:58:56Z",
        "clickcount": 20,
        "clicktrend": 1,
        "ssl_error": 0,
        "geo_lat": 18.4622852015226,
        "geo_long": -66.11692428588869,
        "has_extended_info": false
    },
    {
        "changeuuid": "057d5bf5-d4af-497c-bc05-9364eefd8004",
        "stationuuid": "17deb4cf-c0fc-4fa0-bd1e-5414815c95b5",
        "serveruuid": "d1542381-ee6a-4078-90b3-66b36d6fa935",
        "name": "Fidelity 95.7 fm PR",
        "url": "https://server7.servistreaming.com/proxy/fidelity?mp=%2Fstream%3Ftype%3D.mp3&_=1",
        "url_resolved": "https://server7.servistreaming.com/proxy/fidelity?mp=%2Fstream%3Ftype%3D.mp3&_=1",
        "homepage": "https://fidelitypr.com/",
        "favicon": "",
        "tags": "",
        "country": "Puerto Rico",
        "countrycode": "PR",
        "iso_3166_2": null,
        "state": "",
        "language": "spanish",
        "languagecodes": "es",
        "votes": 17,
        "lastchangetime": "2023-07-15 02:23:33",
        "lastchangetime_iso8601": "2023-07-15T02:23:33Z",
        "codec": "MP3",
        "bitrate": 120,
        "hls": 0,
        "lastcheckok": 1,
        "lastchecktime": "2023-09-03 08:20:54",
        "lastchecktime_iso8601": "2023-09-03T08:20:54Z",
        "lastcheckoktime": "2023-09-03 08:20:54",
        "lastcheckoktime_iso8601": "2023-09-03T08:20:54Z",
        "lastlocalchecktime": "2023-09-03 08:20:54",
        "lastlocalchecktime_iso8601": "2023-09-03T08:20:54Z",
        "clicktimestamp": "2023-09-02 13:48:27",
        "clicktimestamp_iso8601": "2023-09-02T13:48:27Z",
        "clickcount": 19,
        "clicktrend": -1,
        "ssl_error": 0,
        "geo_lat": null,
        "geo_long": null,
        "has_extended_info": false
    },
    {
        "changeuuid": "96fb79df-683f-40fb-97f2-dc072c71b9b2",
        "stationuuid": "822d6bdd-d8ac-4768-955b-cf095aa018f2",
        "serveruuid": "07fcec61-0869-4914-9788-86dd3c10a86e",
        "name": "Radio Atenas 1500 AM",
        "url": "https://radioatenas-webctgena.radioca.st/stream",
        "url_resolved": "https://radioatenas-webctgena.radioca.st/stream",
        "homepage": "https://radioatenas-webctgena.radioca.st/stream",
        "favicon": "",
        "tags": "",
        "country": "Puerto Rico",
        "countrycode": "PR",
        "iso_3166_2": null,
        "state": "",
        "language": "spanish",
        "languagecodes": "es",
        "votes": 6,
        "lastchangetime": "2023-08-25 17:37:37",
        "lastchangetime_iso8601": "2023-08-25T17:37:37Z",
        "codec": "MP3",
        "bitrate": 128,
        "hls": 0,
        "lastcheckok": 1,
        "lastchecktime": "2023-09-03 07:19:59",
        "lastchecktime_iso8601": "2023-09-03T07:19:59Z",
        "lastcheckoktime": "2023-09-03 07:19:59",
        "lastcheckoktime_iso8601": "2023-09-03T07:19:59Z",
        "lastlocalchecktime": "2023-09-03 07:19:59",
        "lastlocalchecktime_iso8601": "2023-09-03T07:19:59Z",
        "clicktimestamp": "2023-08-28 17:38:29",
        "clicktimestamp_iso8601": "2023-08-28T17:38:29Z",
        "clickcount": 14,
        "clicktrend": 0,
        "ssl_error": 0,
        "geo_lat": null,
        "geo_long": null,
        "has_extended_info": false
    }
]