[
    {
        "changeuuid": "3094be93-17b3-46a8-8d8c-e3072e98b1f9",
        "stationuuid": "961ffb71-0601-11e8-ae97-52543be04c81",
        "serveruuid": "ab0aab87-a9c2-4107-b82e-b89c27bdee7b",
        "name": "Quran Radio Station-Nablus",
        "url": "http://www.quran-radio.org:8002/",
        "url_resolved": "http://www.quran-radio.org:8002/",
        "homepage": "http://www.quran-radio.com/",
        "favicon": "",
        "tags": "arabic,islamic,nablus,quran,\u0627\u0644\u0642\u0631\u0622\u0646 \u0627\u0644\u0643\u0631\u064a\u0645",
        "country": "State Of Palestine",
        "countrycode": "PS",
        "iso_3166_2": null,
        "state": "West Bank",
        "language": "arabic",
        "languagecodes": "ar",
        "votes": 972,
        "lastchangetime": "2022-08-27 03:12:31",
        "lastchangetime_iso8601": "2022-08-27T03:12:31Z",
        "codec": "MP3",
        "bitrate": 64,
        "hls": 0,
        "lastcheckok": 1,
        "lastchecktime": "2023-04-07 21:01:33",
        "lastchecktime_iso8601": "2023-04-07T21:01:33Z",
        "lastcheckoktime": "2023-04-07 21:01:33",
        "lastcheckoktime_iso8601": "2023-04-07T21:01:33Z",
        "lastlocalchecktime": "2023-04-07 19:05:11",
        "lastlocalchecktime_iso8601": "2023-04-07T19:05:11Z",
        "clicktimestamp": "2023-04-08 06:16:49",
        "clicktimestamp_iso8601": "2023-04-08T06:16:49Z",
        "clickcount": 108,
        "clicktrend": -1,
        "ssl_error": 0,
        "geo_lat": null,
        "geo_long": null,
        "has_extended_info": false
    },
    {
        "changeuuid": "84795a59-3dac-4f75-bc95-16eb0556c953",
        "stationuuid": "b58bce2b-1883-473b-91fd-7d0b5835a4e4",
        "serveruuid": "272dc08b-7e4d-4fb4-9514-5630f4c32917",
        "name": "Tafsir Quran & Islam Radio Station",
        "url": "https://radio.quranradiotafsir.com/9992/stream",
        "url_resolved": "https://radio.quranradiotafsir.com/9992/stream",
        "homepage": "http://quranradiotafsir.com/",
        "favicon": "",
        "tags": "",
        "country": "State Of Palestine",
        "countrycode": "PS",
        "iso_3166_2": null,
        "state": "",
        "language": "arabic",
        "languagecodes": "ar",
        "votes": 551,
        "lastchangetime": "2022-09-10 04:18:21",
        "lastchangetime_iso8601": "2022-09-10T04:18:21Z",
        "codec": "MP3",
        "bitrate": 128,
        "hls": 0,
        "lastcheckok": 1,
        "lastchecktime": "2023-04-08 11:45:59",
        "lastchecktime_iso8601": "2023-04-08T11:45:59Z",
        "lastcheckoktime": "2023-04-08 11:45:59",
        "lastcheckoktime_iso8601": "2023-04-08T11:45:59Z",
        "lastlocalchecktime": "2023-04-07 19:11:27",
        "lastlocalchecktime_iso8601": "2023-04-07T19:11:27Z",
        "clicktimestamp": "2023-04-08 12:37:16",
        "clicktimestamp_iso8601": "2023-04-08T12:37:16Z",
        "clickcount": 150,
        "clicktrend": 3,
        "ssl_error": 0,
        "geo_lat": 32.71458754107655,
        "geo_long": 35.85937500000001,
        "has_extended_info": false
    },
    {
        "changeuuid": "e10190f9-022c-4983-acc3-db6fe33724d9",
        "stationuuid": "9634586d-0601-11e8-ae97-52543be04c81",
        "serveruuid": "a4e651b3-85d5-4fbe-b509-47a4dd48d5e9",
        "name": "Burj FM",
        "url": "http://82.213.26.67:8000/stream",
        "url_resolved": "http://82.213.26.67:8000/stream",
        "homepage": "http://www.palestinetradetower.com/burjfm/",
        "favicon": "http://www.palestinetradetower.com/wp-content/themes/wp_philoxenia5-v1.2.1/panel/img/apple-touch-icon-72x72.png",
        "tags": "arabic music",
        "country": "State Of Palestine",
        "countrycode": "PS",
        "iso_3166_2": null,
        "state": "West Bank",
        "language": "arabic",
        "languagecodes": "ar",
        "votes": 414,
        "lastchangetime": "2022-12-20 14:04:31",
        "lastchangetime_iso8601": "2022-12-20T14:04:31Z",
        "codec": "MP3",
        "bitrate": 96,
        "hls": 0,
        "lastcheckok": 1,
        "lastchecktime": "2023-04-08 12:44:12",
        "lastchecktime_iso8601": "2023-04-08T12:44:12Z",
        "lastcheckoktime": "2023-04-08 12:44:12",
        "lastcheckoktime_iso8601": "2023-04-08T12:44:12Z",
        "lastlocalchecktime": "2023-04-08 12:44:12",
        "lastlocalchecktime_iso8601": "2023-04-08T12:44:12Z",
        "clicktimestamp": "2023-04-08 13:30:38",
        "clicktimestamp_iso8601": "2023-04-08T13:30:38Z",
        "clickcount": 46,
        "clicktrend": 2,
        "ssl_error": 0,
        "geo_lat": null,
        "geo_long": null,
        "has_extended_info": false
    },
    {
        "changeuuid": "783db801-7ff0-41d0-8058-1dee53a93006",
        "stationuuid": "bcfe2aae-33fa-494a-a571-c3bbc8715c7d",
        "serveruuid": "f4eb814b-f190-436d-8b7f-198d3eea5c9d",
        "name": "\u0631\u0627\u062f\u064a\u0648 \u0627\u0644\u0646\u0627\u0633",
        "url": "https://cdna.streamgates.net/RadioNas/Live-Audio/icecast.audio",
        "url_resolved": "https://cdna.streamgates.net/RadioNas/Live-Audio/icecast.audio",
        "homepage": "https://nasradio.fm/",
        "favicon": "https://nasradio.fm/images/logo.png",
        "tags": "culture,music,news,talk",
        "country": "State Of Palestine",
        "countrycode": "PS",
        "iso_3166_2": null,
        "state": "",
        "language": "\u0627\u0644\u0639\u0631\u0628\u064a\u0629",
        "languagecodes": "",
        "votes": 267,
        "lastchangetime": "2022-02-19 12:18:43",
        "lastchangetime_iso8601": "2022-02-19T12:18:43Z",
        "codec": "MP3",
        "bitrate": 128,
        "hls": 0,
        "lastcheckok": 1,
        "lastchecktime": "2023-04-08 07:05:34",
        "lastchecktime_iso8601": "2023-04-08T07:05:34Z",
        "lastcheckoktime": "2023-04-08 07:05:34",
        "lastcheckoktime_iso8601": "2023-04-08T07:05:34Z",
        "lastlocalchecktime": "2023-04-07 16:41:14",
        "lastlocalchecktime_iso8601": "2023-04-07T16:41:14Z",
        "clicktimestamp": "2023-04-08 12:52:29",
        "clicktimestamp_iso8601": "2023-04-08T12:52:29Z",
        "clickcount": 62,
        "clicktrend": 1,
        "ssl_error": 0,
        "geo_lat": 32.70075627080152,
        "geo_long": 35.29718935489655,
        "has_extended_info": false
    },
    {
        "changeuuid": "41c187ad-4115-49e0-a7c4-af4a9763c01c",
        "stationuuid": "d62fa52b-7c1c-492c-9861-cd2c0ec02f00",
        "serveruuid": "fcce28f5-0200-4962-95c7-234ddf7deeb1",
        "name": "Radio alHara",
        "url": "http://n02.radiojar.com/78cxy6wkxtzuv?1634328730=&rj-tok=AAABfIWfHK4AlWz8Q03vJJQdWw&rj-ttl=5",
        "url_resolved": "http://n05.radiojar.com/78cxy6wkxtzuv?1634328730=&rj-ttl=5&rj-tok=AAABh16iDhMAqDdVKxQOyCI65w",
        "homepage": "https://yamakan.place/palestine/",
        "favicon": "",
        "tags": "community radio",
        "country": "State Of Palestine",
        "countrycode": "PS",
        "iso_3166_2": null,
        "state": "Bethlehem PA",
        "language": "arabic,english",
        "languagecodes": "ar,en",
        "votes": 262,
        "lastchangetime": "2022-03-28 11:00:40",
        "lastchangetime_iso8601": "2022-03-28T11:00:40Z",
        "codec": "MP3",
        "bitrate": 0,
        "hls": 0,
        "lastcheckok": 1,
        "lastchecktime": "2023-04-08 02:06:42",
        "lastchecktime_iso8601": "2023-04-08T02:06:42Z",
        "lastcheckoktime": "2023-04-08 02:06:42",
        "lastcheckoktime_iso8601": "2023-04-08T02:06:42Z",
        "lastlocalchecktime": "2023-04-07 16:53:45",
        "lastlocalchecktime_iso8601": "2023-04-07T16:53:45Z",
        "clicktimestamp": "2023-04-07 21:05:28",
        "clicktimestamp_iso8601": "2023-04-07T21:05:28Z",
        "clickcount": 21,
        "clicktrend": -3,
        "ssl_error": 0,
        "geo_lat": null,
        "geo_long": null,
        "has_extended_info": false
    },
    {
        "changeuuid": "163a325a-8ce1-4c20-a370-ef214b7c2367",
        "stationuuid": "25099007-e335-4bad-bd3a-515a34be3cc4",
        "serveruuid": "bc77f81b-f976-4e85-b4cd-00d45c9e6f02",
        "name": "Radio AlHara",
        "url": "http://n02.radiojar.com/78cxy6wkxtzuv?1634328730=&rj-tok=AAABfIWfHK4AlWz8Q03vJJQdWw&rj-ttl=5",
        "url_resolved": "http://n05.radiojar.com/78cxy6wkxtzuv?1634328730=&rj-ttl=5&rj-tok=AAABh2DMGdQA9fffo3CggkLNCg",
        "homepage": "https://www.radioalhara.net/",
        "favicon": "",
        "tags": "community radio",
        "country": "State Of Palestine",
        "countrycode": "PS",
        "iso_3166_2": null,
        "state": "",
        "language": "arabic,english",
        "languagecodes": "ar,en",
        "votes": 68,
        "lastchangetime": "2022-07-10 23:16:34",
        "lastchangetime_iso8601": "2022-07-10T23:16:34Z",
        "codec": "MP3",
        "bitrate": 0,
        "hls": 0,
        "lastcheckok": 1,
        "lastchecktime": "2023-04-08 12:13:03",
        "lastchecktime_iso8601": "2023-04-08T12:13:03Z",
        "lastcheckoktime": "2023-04-08 12:13:03",
        "lastcheckoktime_iso8601": "2023-04-08T12:13:03Z",
        "lastlocalchecktime": "2023-04-07 20:47:30",
        "lastlocalchecktime_iso8601": "2023-04-07T20:47:30Z",
        "clicktimestamp": "2023-04-08 14:00:46",
        "clicktimestamp_iso8601": "2023-04-08T14:00:46Z",
        "clickcount": 43,
        "clicktrend": -1,
        "ssl_error": 0,
        "geo_lat": null,
        "geo_long": null,
        "has_extended_info": false
    },
    {
        "changeuuid": "3b096bdd-6b9e-4e1e-bbe5-f9c49c10c895",
        "stationuuid": "308a9f58-fb54-44dc-b95d-bb40fe4f3631",
        "serveruuid": "018cca7c-9e10-4207-8b25-328b5ef215b1",
        "name": "Radio AlHara",
        "url": "http://n02.radiojar.com/78cxy6wkxtzuv?1634328730=&rj-tok=AAABfIWfHK4AlWz8Q03vJJQdWw&rj-ttl=5",
        "url_resolved": "http://n02.radiojar.com/78cxy6wkxtzuv?1634328730=&rj-ttl=5&rj-tok=AAABh2DJyt8AHpiWu52f1FUltQ",
        "homepage": "https://www.radioalhara.net/",
        "favicon": "",
        "tags": "community radio",
        "country": "State Of Palestine",
        "countrycode": "PS",
        "iso_3166_2": null,
        "state": "",
        "language": "arabic,english",
        "languagecodes": "ar,en",
        "votes": 42,
        "lastchangetime": "2022-08-28 01:33:55",
        "lastchangetime_iso8601": "2022-08-28T01:33:55Z",
        "codec": "MP3",
        "bitrate": 0,
        "hls": 0,
        "lastcheckok": 1,
        "lastchecktime": "2023-04-08 12:04:40",
        "lastchecktime_iso8601": "2023-04-08T12:04:40Z",
        "lastcheckoktime": "2023-04-08 12:04:40",
        "lastcheckoktime_iso8601": "2023-04-08T12:04:40Z",
        "lastlocalchecktime": "2023-04-08 12:04:40",
        "lastlocalchecktime_iso8601": "2023-04-08T12:04:40Z",
        "clicktimestamp": "2023-04-08 05:47:02",
        "clicktimestamp_iso8601": "2023-04-08T05:47:02Z",
        "clickcount": 20,
        "clicktrend": -1,
        "ssl_error": 0,
        "geo_lat": null,
        "geo_long": null,
        "has_extended_info": false
    },
    {
        "changeuuid": "f470a12d-42f7-4dd2-8736-6869e2210181",
        "stationuuid": "6c702a5c-b1c3-4cdc-9d7a-ecfab34b1d1a",
        "serveruuid": "eb215b06-b2e8-4e14-8433-382e3493a5cc",
        "name": "Raya",
        "url": "http://live.raya.ps:8064/",
        "url_resolved": "http://live.raya.ps:8064/",
        "homepage": "",
        "favicon": "",
        "tags": "classical",
        "country": "State Of Palestine",
        "countrycode": "PS",
        "iso_3166_2": null,
        "state": "",
        "language": "",
        "languagecodes": "",
        "votes": 23,
        "lastchangetime": "2023-02-26 12:54:03",
        "lastchangetime_iso8601": "2023-02-26T12:54:03Z",
        "codec": "MP3",
        "bitrate": 64,
        "hls": 0,
        "lastcheckok": 1,
        "lastchecktime": "2023-04-08 14:28:48",
        "lastchecktime_iso8601": "2023-04-08T14:28:48Z",
        "lastcheckoktime": "2023-04-08 14:28:48",
        "lastcheckoktime_iso8601": "2023-04-08T14:28:48Z",
        "lastlocalchecktime": "2023-04-07 19:03:16",
        "lastlocalchecktime_iso8601": "2023-04-07T19:03:16Z",
        "clicktimestamp": "2023-04-07 22:42:47",
        "clicktimestamp_iso8601": "2023-04-07T22:42:47Z",
        "clickcount": 24,
        "clicktrend": -2,
        "ssl_error": 0,
        "geo_lat": null,
        "geo_long": null,
        "has_extended_info": false
    },
    {
        "changeuuid": "0de0b34c-2073-483c-9fae-0ebea394d623",
        "stationuuid": "e7e418ef-a7c1-48d1-a1ac-64010dcb7fa4",
        "serveruuid": "580208ee-e12a-4e2b-8bb5-2eceb9ef6f7a",
        "name": "seba",
        "url": "http://213.6.93.254:8000/sebafm",
        "url_resolved": "http://213.6.93.254:8000/sebafm",
        "homepage": "",
        "favicon": "",
        "tags": "classical",
        "country": "State Of Palestine",
        "countrycode": "PS",
        "iso_3166_2": null,
        "state": "",
        "language": "",
        "languagecodes": "",
        "votes": 20,
        "lastchangetime": "2023-02-26 12:10:03",
        "lastchangetime_iso8601": "2023-02-26T12:10:03Z",
        "codec": "MP3",
        "bitrate": 128,
        "hls": 0,
        "lastcheckok": 1,
        "lastchecktime": "2023-04-08 13:37:31",
        "lastchecktime_iso8601": "2023-04-08T13:37:31Z",
        "lastcheckoktime": "2023-04-08 13:37:31",
        "lastcheckoktime_iso8601": "2023-04-08T13:37:31Z",
        "lastlocalchecktime": "2023-04-07 19:03:16",
        "lastlocalchecktime_iso8601": "2023-04-07T19:03:16Z",
        "clicktimestamp": "2023-04-07 21:57:46",
        "clicktimestamp_iso8601": "2023-04-07T21:57:46Z",
        "clickcount": 13,
        "clicktrend": 1,
        "ssl_error": 0,
        "geo_lat": null,
        "geo_long": null,
        "has_extended_info": false
    },
    {
        "changeuuid": "20faf416-da25-419c-a67f-658ac6d96287",
        "stationuuid": "efae3fcc-ca4a-4e10-961b-505ff3417ad2",
        "serveruuid": "010b884c-da82-44f9-a281-f581995b300d",
        "name": "Betlehem2000",
        "url": "http://live.raya.ps:8046/",
        "url_resolved": "http://live.raya.ps:8046/",
        "homepage": "",
        "favicon": "",
        "tags": "classical",
        "country": "State Of Palestine",
        "countrycode": "PS",
        "iso_3166_2": null,
        "state": "",
        "language": "",
        "languagecodes": "",
        "votes": 20,
        "lastchangetime": "2023-02-26 12:16:33",
        "lastchangetime_iso8601": "2023-02-26T12:16:33Z",
        "codec": "MP3",
        "bitrate": 128,
        "hls": 0,
        "lastcheckok": 1,
        "lastchecktime": "2023-04-08 13:48:53",
        "lastchecktime_iso8601": "2023-04-08T13:48:53Z",
        "lastcheckoktime": "2023-04-08 13:48:53",
        "lastcheckoktime_iso8601": "2023-04-08T13:48:53Z",
        "lastlocalchecktime": "2023-04-08 09:33:47",
        "lastlocalchecktime_iso8601": "2023-04-08T09:33:47Z",
        "clicktimestamp": "2023-04-08 12:23:01",
        "clicktimestamp_iso8601": "2023-04-08T12:23:01Z",
        "clickcount": 23,
        "clicktrend": 1,
        "ssl_error": 0,
        "geo_lat": null,
        "geo_long": null,
        "has_extended_info": false
    },
    {
        "changeuuid": "79ce6b4b-4206-42bb-a915-06de8c5320ad",
        "stationuuid": "fd9c72aa-5935-43ca-a1f2-53be00c48961",
        "serveruuid": "bef04470-3b8f-4c36-b30d-308c21781830",
        "name": "Hona Falestin",
        "url": "http://audio.osina.cloud:9324/",
        "url_resolved": "http://audio.osina.cloud:9324/",
        "homepage": "",
        "favicon": "",
        "tags": "classical",
        "country": "State Of Palestine",
        "countrycode": "PS",
        "iso_3166_2": null,
        "state": "",
        "language": "",
        "languagecodes": "",
        "votes": 20,
        "lastchangetime": "2023-03-11 06:36:20",
        "lastchangetime_iso8601": "2023-03-11T06:36:20Z",
        "codec": "MP3",
        "bitrate": 64,
        "hls": 0,
        "lastcheckok": 1,
        "lastchecktime": "2023-04-08 12:18:43",
        "lastchecktime_iso8601": "2023-04-08T12:18:43Z",
        "lastcheckoktime": "2023-04-08 12:18:43",
        "lastcheckoktime_iso8601": "2023-04-08T12:18:43Z",
        "lastlocalchecktime": "2023-04-08 12:18:43",
        "lastlocalchecktime_iso8601": "2023-04-08T12:18:43Z",
        "clicktimestamp": "2023-04-08 12:26:59",
        "clicktimestamp_iso8601": "2023-04-08T12:26:59Z",
        "clickcount": 24,
        "clicktrend": 1,
        "ssl_error": 0,
        "geo_lat": null,
        "geo_long": null,
        "has_extended_info": false
    },
    {
        "changeuuid": "e53b2fb4-38fa-4169-8978-577032928cee",
        "stationuuid": "983d6cc4-0c28-4816-87e8-f6421fda2f55",
        "serveruuid": "13c1620f-b92e-4775-97aa-42e2a614e0e7",
        "name": "Falastini",
        "url": "https://palradio.radioca.st/",
        "url_resolved": "https://palradio.radioca.st/",
        "homepage": "",
        "favicon": "",
        "tags": "classical",
        "country": "State Of Palestine",
        "countrycode": "PS",
        "iso_3166_2": null,
        "state": "",
        "language": "",
        "languagecodes": "",
        "votes": 18,
        "lastchangetime": "2023-03-11 06:36:10",
        "lastchangetime_iso8601": "2023-03-11T06:36:10Z",
        "codec": "MP3",
        "bitrate": 128,
        "hls": 0,
        "lastcheckok": 1,
        "lastchecktime": "2023-04-08 12:07:27",
        "lastchecktime_iso8601": "2023-04-08T12:07:27Z",
        "lastcheckoktime": "2023-04-08 12:07:27",
        "lastcheckoktime_iso8601": "2023-04-08T12:07:27Z",
        "lastlocalchecktime": "2023-04-08 12:07:27",
        "lastlocalchecktime_iso8601": "2023-04-08T12:07:27Z",
        "clicktimestamp": "2023-04-07 20:26:26",
        "clicktimestamp_iso8601": "2023-04-07T20:26:26Z",
        "clickcount": 31,
        "clicktrend": -3,
        "ssl_error": 0,
        "geo_lat": null,
        "geo_long": null,
        "has_extended_info": false
    },
    {
        "changeuuid": "61b0427b-5da0-4832-a8fc-a5ea1da5f33a",
        "stationuuid": "a1ed846a-6e45-4119-94e2-3148bf42a2a7",
        "serveruuid": "74e3e693-8cf3-4d08-94c7-da8914013311",
        "name": "Watan",
        "url": "http://rs.hadara.ps:8556/live",
        "url_resolved": "http://rs.hadara.ps:8556/live",
        "homepage": "",
        "favicon": "",
        "tags": "classical",
        "country": "State Of Palestine",
        "countrycode": "PS",
        "iso_3166_2": null,
        "state": "",
        "language": "",
        "languagecodes": "",
        "votes": 18,
        "lastchangetime": "2023-03-11 06:39:12",
        "lastchangetime_iso8601": "2023-03-11T06:39:12Z",
        "codec": "MP3",
        "bitrate": 128,
        "hls": 0,
        "lastcheckok": 1,
        "lastchecktime": "2023-04-08 07:35:55",
        "lastchecktime_iso8601": "2023-04-08T07:35:55Z",
        "lastcheckoktime": "2023-04-08 07:35:55",
        "lastcheckoktime_iso8601": "2023-04-08T07:35:55Z",
        "lastlocalchecktime": "2023-04-07 18:25:31",
        "lastlocalchecktime_iso8601": "2023-04-07T18:25:31Z",
        "clicktimestamp": "2023-04-07 20:19:29",
        "clicktimestamp_iso8601": "2023-04-07T20:19:29Z",
        "clickcount": 14,
        "clicktrend": -2,
        "ssl_error": 0,
        "geo_lat": null,
        "geo_long": null,
        "has_extended_info": false
    },
    {
        "changeuuid": "b6776336-8e93-4f24-a7b7-ad7e67fac9c4",
        "stationuuid": "d3ffa413-0a5d-4573-8df1-53e337bd9697",
        "serveruuid": "1100c152-20a0-46d7-830a-ddb47e742647",
        "name": "Najah",
        "url": "http://rs.hadara.ps:8550/stream",
        "url_resolved": "http://rs.hadara.ps:8550/stream",
        "homepage": "",
        "favicon": "",
        "tags": "classical",
        "country": "State Of Palestine",
        "countrycode": "PS",
        "iso_3166_2": null,
        "state": "",
        "language": "",
        "languagecodes": "",
        "votes": 16,
        "lastchangetime": "2023-02-26 12:23:49",
        "lastchangetime_iso8601": "2023-02-26T12:23:49Z",
        "codec": "MP3",
        "bitrate": 128,
        "hls": 0,
        "lastcheckok": 1,
        "lastchecktime": "2023-04-08 13:48:53",
        "lastchecktime_iso8601": "2023-04-08T13:48:53Z",
        "lastcheckoktime": "2023-04-08 13:48:53",
        "lastcheckoktime_iso8601": "2023-04-08T13:48:53Z",
        "lastlocalchecktime": "2023-04-08 09:03:44",
        "lastlocalchecktime_iso8601": "2023-04-08T09:03:44Z",
        "clicktimestamp": "2023-04-07 22:15:46",
        "clicktimestamp_iso8601": "2023-04-07T22:15:46Z",
        "clickcount": 17,
        "clicktrend": 0,
        "ssl_error": 0,
        "geo_lat": null,
        "geo_long": null,
        "has_extended_info": false
    },
    {
        "changeuuid": "94f33e72-f1a4-4fed-9bca-ea91f65cb2f3",
        "stationuuid": "f5c69c5c-c5d2-47e4-b171-e54ded699939",
        "serveruuid": "e18a92db-a198-4b86-994f-1d74b02a2677",
        "name": "Albalad",
        "url": "http://live.masterweb-ps.com:8006/",
        "url_resolved": "http://live.masterweb-ps.com:8006/",
        "homepage": "",
        "favicon": "",
        "tags": "classical",
        "country": "State Of Palestine",
        "countrycode": "PS",
        "iso_3166_2": null,
        "state": "",
        "language": "",
        "languagecodes": "",
        "votes": 14,
        "lastchangetime": "2023-03-11 06:26:28",
        "lastchangetime_iso8601": "2023-03-11T06:26:28Z",
        "codec": "MP3",
        "bitrate": 48,
        "hls": 0,
        "lastcheckok": 1,
        "lastchecktime": "2023-04-08 07:55:56",
        "lastchecktime_iso8601": "2023-04-08T07:55:56Z",
        "lastcheckoktime": "2023-04-08 07:55:56",
        "lastcheckoktime_iso8601": "2023-04-08T07:55:56Z",
        "lastlocalchecktime": "2023-04-08 07:55:56",
        "lastlocalchecktime_iso8601": "2023-04-08T07:55:56Z",
        "clicktimestamp": "2023-04-07 19:34:34",
        "clicktimestamp_iso8601": "2023-04-07T19:34:34Z",
        "clickcount": 19,
        "clicktrend": -1,
        "ssl_error": 0,
        "geo_lat": null,
        "geo_long": null,
        "has_extended_info": false
    },
    {
        "changeuuid": "8076b075-500a-4ade-840e-86fab1444a47",
        "stationuuid": "51ccca43-63c0-4b56-82a2-689a2d1160c7",
        "serveruuid": "99be975c-9168-47cf-b79f-0069959145d6",
        "name": "#Radio Quran",
        "url": "https://n0a.radiojar.com/0tpy1h0kxtzuv?rj-ttl=5&rj-tok=AAABhdgGORQA-2acfyF3_4WY2g",
        "url_resolved": "http://n05.radiojar.com/0tpy1h0kxtzuv?rj-ttl=5&rj-tok=AAABiTrU2PgAIdlgy3pgLU4nkg",
        "homepage": "",
        "favicon": "",
        "tags": "classical",
        "country": "State Of Palestine",
        "countrycode": "PS",
        "iso_3166_2": null,
        "state": "",
        "language": "",
        "languagecodes": "",
        "votes": 22,
        "lastchangetime": "2023-04-14 10:14:19",
        "lastchangetime_iso8601": "2023-04-14T10:14:19Z",
        "codec": "MP3",
        "bitrate": 0,
        "hls": 0,
        "lastcheckok": 1,
        "lastchecktime": "2023-07-09 13:20:06",
        "lastchecktime_iso8601": "2023-07-09T13:20:06Z",
        "lastcheckoktime": "2023-07-09 13:20:06",
        "lastcheckoktime_iso8601": "2023-07-09T13:20:06Z",
        "lastlocalchecktime": "2023-07-09 05:25:12",
        "lastlocalchecktime_iso8601": "2023-07-09T05:25:12Z",
        "clicktimestamp": "2023-07-09 13:09:36",
        "clicktimestamp_iso8601": "2023-07-09T13:09:36Z",
        "clickcount": 30,
        "clicktrend": 1,
        "ssl_error": 0,
        "geo_lat": null,
        "geo_long": null,
        "has_extended_info": false
    },
    {
        "changeuuid": "7eee3088-7544-4026-8ed1-a6b07e822274",
        "stationuuid": "e344d23f-b10e-4a91-a15f-09739f66cef1",
        "serveruuid": "c2bff27a-8c86-46da-8972-96ae9b5ec3ad",
        "name": "VOP voice of Palestine",
        "url": "http://46.43.69.146:8008/",
        "url_resolved": "http://46.43.69.146:8008/",
        "homepage": "",
        "favicon": "",
        "tags": "misc",
        "country": "State Of Palestine",
        "countrycode": "PS",
        "iso_3166_2": null,
        "state": "",
        "language": "",
        "languagecodes": "",
        "votes": 14,
        "lastchangetime": "2023-05-14 09:07:11",
        "lastchangetime_iso8601": "2023-05-14T09:07:11Z",
        "codec": "MP3",
        "bitrate": 128,
        "hls": 0,
        "lastcheckok": 1,
        "lastchecktime": "2023-07-09 10:31:44",
        "lastchecktime_iso8601": "2023-07-09T10:31:44Z",
        "lastcheckoktime": "2023-07-09 10:31:44",
        "lastcheckoktime_iso8601": "2023-07-09T10:31:44Z",
        "lastlocalchecktime": "2023-07-09 00:14:53",
        "lastlocalchecktime_iso8601": "2023-07-09T00:14:53Z",
        "clicktimestamp": "2023-07-09 13:10:03",
        "clicktimestamp_iso8601": "2023-07-09T13:10:03Z",
        "clickcount": 45,
        "clicktrend": 6,
        "ssl_error": 0,
        "geo_lat": null,
        "geo_long": null,
        "has_extended_info": false
    },
    {
        "changeuuid": "be10ff67-1b05-4eea-b0f6-af05098898ba",
        "stationuuid": "882fa9b2-15f6-4601-999f-8eba74914f8b",
        "serveruuid": "72905375-aeea-49af-afa5-72684645719c",
        "name": ".\u0625\u0630\u0627\u0639\u0629 \u0627\u0644\u0642\u0631\u0622\u0646 \u0627\u0644\u0643\u0631\u064a\u0645 ",
        "url": "http://m.live.net.sa:1935/live/quransa/playlist.m3u8",
        "url_resolved": "http://m.live.net.sa:1935/live/quransa/playlist.m3u8",
        "homepage": "",
        "favicon": "",
        "tags": "classical",
        "country": "State Of Palestine",
        "countrycode": "PS",
        "iso_3166_2": null,
        "state": "",
        "language": "",
        "languagecodes": "",
        "votes": 11,
        "lastchangetime": "2023-10-25 18:08:56",
        "lastchangetime_iso8601": "2023-10-25T18:08:56Z",
        "codec": "AAC",
        "bitrate": 67,
        "hls": 1,
        "lastcheckok": 1,
        "lastchecktime": "2023-11-07 00:10:17",
        "lastchecktime_iso8601": "2023-11-07T00:10:17Z",
        "lastcheckoktime": "2023-11-07 00:10:17",
        "lastcheckoktime_iso8601": "2023-11-07T00:10:17Z",
        "lastlocalchecktime": "2023-11-06 18:59:30",
        "lastlocalchecktime_iso8601": "2023-11-06T18:59:30Z",
        "clicktimestamp": "2023-11-07 17:45:22",
        "clicktimestamp_iso8601": "2023-11-07T17:45:22Z",
        "clickcount": 80,
        "clicktrend": -2,
        "ssl_error": 0,
        "geo_lat": null,
        "geo_long": null,
        "has_extended_info": false
    }
]