[
    {
        "changeuuid": "840a68eb-63a8-4a91-af8d-7e7e7ab6ffde",
        "stationuuid": "fabf3cab-a9d2-11e9-88f4-52543be04c81",
        "serveruuid": "b0302a10-8d8a-48d3-966f-b356c711b8be",
        "name": "RADIO VALLENATOS CL\u00c1SICOS",
        "url": "http://stream.zeno.fm/z07vyxbqz8quv",
        "url_resolved": "http://stream-006.zeno.fm/z07vyxbqz8quv?zs=BeUcNG65R5-DpfIRI_5GBQ",
        "homepage": "http://stream.zeno.fm/z07vyxbqz8quv",
        "favicon": "",
        "tags": "",
        "country": "Paraguay",
        "countrycode": "PY",
        "iso_3166_2": null,
        "state": "Lambare Paraguay",
        "language": "spanish",
        "languagecodes": "es",
        "votes": 501,
        "lastchangetime": "2022-03-28 08:52:35",
        "lastchangetime_iso8601": "2022-03-28T08:52:35Z",
        "codec": "MP3",
        "bitrate": 0,
        "hls": 0,
        "lastcheckok": 1,
        "lastchecktime": "2023-04-08 01:36:07",
        "lastchecktime_iso8601": "2023-04-08T01:36:07Z",
        "lastcheckoktime": "2023-04-08 01:36:07",
        "lastcheckoktime_iso8601": "2023-04-08T01:36:07Z",
        "lastlocalchecktime": "2023-04-07 16:38:59",
        "lastlocalchecktime_iso8601": "2023-04-07T16:38:59Z",
        "clicktimestamp": "2023-04-08 13:47:56",
        "clicktimestamp_iso8601": "2023-04-08T13:47:56Z",
        "clickcount": 65,
        "clicktrend": 4,
        "ssl_error": 0,
        "geo_lat": null,
        "geo_long": null,
        "has_extended_info": false
    },
    {
        "changeuuid": "8732b623-8b70-4760-a004-b1a855982335",
        "stationuuid": "964fc166-0601-11e8-ae97-52543be04c81",
        "serveruuid": "46d3f33c-a16c-46e2-942d-dc74b8d3a75a",
        "name": "Radio Nacional del Paraguay 920 AM",
        "url": "http://audio.radionacional.gov.py:8085/920",
        "url_resolved": "http://audio.radionacional.gov.py:8085/920",
        "homepage": "http://www.radionacional.gov.py/",
        "favicon": "http://www.radionacional.gov.py/favicon.ico",
        "tags": "full service,public radio,radio publica",
        "country": "Paraguay",
        "countrycode": "PY",
        "iso_3166_2": null,
        "state": "Asuncion",
        "language": "guarani,spanish",
        "languagecodes": "es,gn",
        "votes": 385,
        "lastchangetime": "2022-12-01 16:47:00",
        "lastchangetime_iso8601": "2022-12-01T16:47:00Z",
        "codec": "MP3",
        "bitrate": 64,
        "hls": 0,
        "lastcheckok": 1,
        "lastchecktime": "2023-04-08 08:26:51",
        "lastchecktime_iso8601": "2023-04-08T08:26:51Z",
        "lastcheckoktime": "2023-04-08 08:26:51",
        "lastcheckoktime_iso8601": "2023-04-08T08:26:51Z",
        "lastlocalchecktime": "2023-04-07 20:02:25",
        "lastlocalchecktime_iso8601": "2023-04-07T20:02:25Z",
        "clicktimestamp": "2023-04-08 12:27:47",
        "clicktimestamp_iso8601": "2023-04-08T12:27:47Z",
        "clickcount": 15,
        "clicktrend": 3,
        "ssl_error": 0,
        "geo_lat": null,
        "geo_long": null,
        "has_extended_info": false
    },
    {
        "changeuuid": "d82a1f13-14bb-4848-82df-5cad6405e263",
        "stationuuid": "bcc2363f-d35e-42cc-9437-68881134d908",
        "serveruuid": "0d2734ea-8219-4dcf-aac3-31b9d576b07a",
        "name": "Radio ABC Cardinal 730 AM",
        "url": "http://sc.abc.com.py:8000/stream",
        "url_resolved": "http://sc.abc.com.py:8000/stream",
        "homepage": "https://www.abc.com.py/730am/",
        "favicon": "https://cdn-radiotime-logos.tunein.com/s17748q.png",
        "tags": "news,sports,sports news",
        "country": "Paraguay",
        "countrycode": "PY",
        "iso_3166_2": null,
        "state": "Asuncion",
        "language": "spanish",
        "languagecodes": "es",
        "votes": 348,
        "lastchangetime": "2022-03-28 12:06:32",
        "lastchangetime_iso8601": "2022-03-28T12:06:32Z",
        "codec": "MP3",
        "bitrate": 32,
        "hls": 0,
        "lastcheckok": 1,
        "lastchecktime": "2023-04-08 09:10:32",
        "lastchecktime_iso8601": "2023-04-08T09:10:32Z",
        "lastcheckoktime": "2023-04-08 09:10:32",
        "lastcheckoktime_iso8601": "2023-04-08T09:10:32Z",
        "lastlocalchecktime": "2023-04-08 09:10:32",
        "lastlocalchecktime_iso8601": "2023-04-08T09:10:32Z",
        "clicktimestamp": "2023-04-08 13:47:57",
        "clicktimestamp_iso8601": "2023-04-08T13:47:57Z",
        "clickcount": 78,
        "clicktrend": 0,
        "ssl_error": 0,
        "geo_lat": null,
        "geo_long": null,
        "has_extended_info": false
    },
    {
        "changeuuid": "da76a0ad-ac88-4fa2-967a-010777eb525f",
        "stationuuid": "d3302811-1be3-11e9-a80b-52543be04c81",
        "serveruuid": "b0113360-0819-434e-b8e3-ed4ceb3f18e1",
        "name": "Radio Nacional de Paraguay 95.1 FM",
        "url": "http://audio2.radionacional.gov.py:8084/951fm",
        "url_resolved": "http://audio2.radionacional.gov.py:8084/951fm",
        "homepage": "http://www.radionacional.gov.py/rnp-95-1-fm-en-vivo/",
        "favicon": "http://www.radionacional.gov.py/favicon.ico",
        "tags": "espa\u00f1ol,folk,guaran\u00ed,latino,paraguay,polka paraguaya,spanish",
        "country": "Paraguay",
        "countrycode": "PY",
        "iso_3166_2": null,
        "state": "",
        "language": "guaran\u00ed,spanish",
        "languagecodes": "es",
        "votes": 320,
        "lastchangetime": "2023-01-11 13:08:17",
        "lastchangetime_iso8601": "2023-01-11T13:08:17Z",
        "codec": "MP3",
        "bitrate": 64,
        "hls": 0,
        "lastcheckok": 1,
        "lastchecktime": "2023-04-08 12:39:01",
        "lastchecktime_iso8601": "2023-04-08T12:39:01Z",
        "lastcheckoktime": "2023-04-08 12:39:01",
        "lastcheckoktime_iso8601": "2023-04-08T12:39:01Z",
        "lastlocalchecktime": "2023-04-08 12:39:01",
        "lastlocalchecktime_iso8601": "2023-04-08T12:39:01Z",
        "clicktimestamp": "2023-04-08 13:20:17",
        "clicktimestamp_iso8601": "2023-04-08T13:20:17Z",
        "clickcount": 27,
        "clicktrend": 4,
        "ssl_error": 0,
        "geo_lat": null,
        "geo_long": null,
        "has_extended_info": false
    },
    {
        "changeuuid": "4dc1035c-c58a-4488-9310-63fcc724995b",
        "stationuuid": "1c553915-b675-11e9-acb2-52543be04c81",
        "serveruuid": "a2b67684-4d7e-4428-9042-288a80f3b731",
        "name": "RADIO EXITOS DE AYER",
        "url": "http://stream.zeno.fm/hvnh6d5uebruv",
        "url_resolved": "http://stream-040.zeno.fm/hvnh6d5uebruv?zs=24vJQyrPT-uJgVK9ajjcwQ",
        "homepage": "http://stream.zeno.fm/hvnh6d5uebruv",
        "favicon": "",
        "tags": "",
        "country": "Paraguay",
        "countrycode": "PY",
        "iso_3166_2": null,
        "state": "Central",
        "language": "english,spanish",
        "languagecodes": "en,es",
        "votes": 249,
        "lastchangetime": "2022-04-20 10:21:38",
        "lastchangetime_iso8601": "2022-04-20T10:21:38Z",
        "codec": "MP3",
        "bitrate": 0,
        "hls": 0,
        "lastcheckok": 1,
        "lastchecktime": "2023-04-08 01:31:02",
        "lastchecktime_iso8601": "2023-04-08T01:31:02Z",
        "lastcheckoktime": "2023-04-08 01:31:02",
        "lastcheckoktime_iso8601": "2023-04-08T01:31:02Z",
        "lastlocalchecktime": "2023-04-07 19:34:12",
        "lastlocalchecktime_iso8601": "2023-04-07T19:34:12Z",
        "clicktimestamp": "2023-04-08 12:46:36",
        "clicktimestamp_iso8601": "2023-04-08T12:46:36Z",
        "clickcount": 53,
        "clicktrend": 6,
        "ssl_error": 0,
        "geo_lat": null,
        "geo_long": null,
        "has_extended_info": false
    },
    {
        "changeuuid": "4dc27e02-fa0f-481b-bb49-b05711729d41",
        "stationuuid": "5b09f5b6-6689-11e8-b15b-52543be04c81",
        "serveruuid": "eb589d5d-895c-4b15-aaf1-356d261003ed",
        "name": "Radio ZP-30, La Voz del Chaco Paraguayo Stream",
        "url": "http://184.154.43.106:8019/stream",
        "url_resolved": "http://184.154.43.106:8019/stream",
        "homepage": "http://www.zp30.com.py/main/de/",
        "favicon": "",
        "tags": "christian",
        "country": "Paraguay",
        "countrycode": "PY",
        "iso_3166_2": null,
        "state": "",
        "language": "german,spanish",
        "languagecodes": "de,es",
        "votes": 197,
        "lastchangetime": "2022-03-28 09:44:46",
        "lastchangetime_iso8601": "2022-03-28T09:44:46Z",
        "codec": "MP3",
        "bitrate": 32,
        "hls": 0,
        "lastcheckok": 1,
        "lastchecktime": "2023-04-08 02:01:36",
        "lastchecktime_iso8601": "2023-04-08T02:01:36Z",
        "lastcheckoktime": "2023-04-08 02:01:36",
        "lastcheckoktime_iso8601": "2023-04-08T02:01:36Z",
        "lastlocalchecktime": "2023-04-07 14:47:27",
        "lastlocalchecktime_iso8601": "2023-04-07T14:47:27Z",
        "clicktimestamp": "2023-04-08 12:28:58",
        "clicktimestamp_iso8601": "2023-04-08T12:28:58Z",
        "clickcount": 19,
        "clicktrend": 3,
        "ssl_error": 0,
        "geo_lat": null,
        "geo_long": null,
        "has_extended_info": false
    },
    {
        "changeuuid": "284c1832-2a24-4bc1-ad12-45abb663e046",
        "stationuuid": "96506405-0601-11e8-ae97-52543be04c81",
        "serveruuid": "35a62222-ec4c-4b1c-9a33-2547a9bf9b5f",
        "name": "C\u00e1ritas AM 680",
        "url": "http://200.1.201.244:8000/680AM",
        "url_resolved": "http://200.1.201.244:8000/680AM",
        "homepage": "http://www.caritas.com.py/",
        "favicon": "",
        "tags": "catholic,universidad,university radio",
        "country": "Paraguay",
        "countrycode": "PY",
        "iso_3166_2": null,
        "state": "Asuncion",
        "language": "spanish",
        "languagecodes": "es",
        "votes": 149,
        "lastchangetime": "2022-06-25 22:18:16",
        "lastchangetime_iso8601": "2022-06-25T22:18:16Z",
        "codec": "MP3",
        "bitrate": 128,
        "hls": 0,
        "lastcheckok": 1,
        "lastchecktime": "2023-04-08 07:05:34",
        "lastchecktime_iso8601": "2023-04-08T07:05:34Z",
        "lastcheckoktime": "2023-04-08 07:05:34",
        "lastcheckoktime_iso8601": "2023-04-08T07:05:34Z",
        "lastlocalchecktime": "2023-04-07 19:40:51",
        "lastlocalchecktime_iso8601": "2023-04-07T19:40:51Z",
        "clicktimestamp": "2023-04-08 12:28:41",
        "clicktimestamp_iso8601": "2023-04-08T12:28:41Z",
        "clickcount": 11,
        "clicktrend": 4,
        "ssl_error": 0,
        "geo_lat": null,
        "geo_long": null,
        "has_extended_info": false
    },
    {
        "changeuuid": "c8262b8f-8816-487d-9f28-efb90120b0e5",
        "stationuuid": "1c179a86-5a89-11e9-a622-52543be04c81",
        "serveruuid": "ff02bab2-b305-49ef-b8cb-7c2bb9ff96e0",
        "name": "RADIO MARIA PARAGUAY",
        "url": "http://dreamsiteradiocp.com:8090/stream",
        "url_resolved": "http://dreamsiteradiocp.com:8090/stream",
        "homepage": "http://radiomaria.org.py/",
        "favicon": "http://radiomaria.org.py/wp-content/uploads/2019/01/cropped-LogoRadioMari\u0301a-Favicon-512x512-32x32.png",
        "tags": "catholic,religion,talk",
        "country": "Paraguay",
        "countrycode": "PY",
        "iso_3166_2": null,
        "state": "",
        "language": "",
        "languagecodes": "",
        "votes": 136,
        "lastchangetime": "2021-11-10 18:00:12",
        "lastchangetime_iso8601": "2021-11-10T18:00:12Z",
        "codec": "MP3",
        "bitrate": 128,
        "hls": 0,
        "lastcheckok": 1,
        "lastchecktime": "2023-04-08 14:11:16",
        "lastchecktime_iso8601": "2023-04-08T14:11:16Z",
        "lastcheckoktime": "2023-04-08 14:11:16",
        "lastcheckoktime_iso8601": "2023-04-08T14:11:16Z",
        "lastlocalchecktime": "2023-04-08 14:11:16",
        "lastlocalchecktime_iso8601": "2023-04-08T14:11:16Z",
        "clicktimestamp": "2023-04-07 20:14:59",
        "clicktimestamp_iso8601": "2023-04-07T20:14:59Z",
        "clickcount": 8,
        "clicktrend": 0,
        "ssl_error": 0,
        "geo_lat": null,
        "geo_long": null,
        "has_extended_info": false
    },
    {
        "changeuuid": "1fb7c76c-a632-4789-9501-6681c4e0d0ff",
        "stationuuid": "2e826e34-897e-4666-b575-f8d1f0ae5562",
        "serveruuid": "07f384f7-356e-41ac-bb6e-815003b7b780",
        "name": "Naranjaty 103.3",
        "url": "http://35.211.228.170/radio/8000/player.mp3",
        "url_resolved": "http://35.211.228.170/radio/8000/player.mp3",
        "homepage": "http://www.naranjaty.com.py/",
        "favicon": "https://assets.website-files.com/56f156317a0b2d237272ac36/571f62f12ab0dfe3725494c4_radio%20favicon.png",
        "tags": "",
        "country": "Paraguay",
        "countrycode": "PY",
        "iso_3166_2": null,
        "state": "Alto Parana",
        "language": "",
        "languagecodes": "",
        "votes": 101,
        "lastchangetime": "2022-09-05 08:56:25",
        "lastchangetime_iso8601": "2022-09-05T08:56:25Z",
        "codec": "AAC",
        "bitrate": 64,
        "hls": 0,
        "lastcheckok": 1,
        "lastchecktime": "2023-04-07 22:28:12",
        "lastchecktime_iso8601": "2023-04-07T22:28:12Z",
        "lastcheckoktime": "2023-04-07 22:28:12",
        "lastcheckoktime_iso8601": "2023-04-07T22:28:12Z",
        "lastlocalchecktime": "2023-04-07 16:26:14",
        "lastlocalchecktime_iso8601": "2023-04-07T16:26:14Z",
        "clicktimestamp": "2023-04-08 12:28:35",
        "clicktimestamp_iso8601": "2023-04-08T12:28:35Z",
        "clickcount": 13,
        "clicktrend": 3,
        "ssl_error": 0,
        "geo_lat": -25.973802068587272,
        "geo_long": -55.18883228302003,
        "has_extended_info": false
    },
    {
        "changeuuid": "42896a9d-0aa6-4421-b7d0-5c210f7bd2c7",
        "stationuuid": "d32198ff-33de-440d-bf16-233513db5311",
        "serveruuid": "2c9e7881-f196-4a06-bdf7-93cbf41487c0",
        "name": "Radio Suceso 97.1",
        "url": "http://stm11.srvstm.com:7722/stream",
        "url_resolved": "http://stm11.srvstm.com:7722/stream",
        "homepage": "https://onlineradiobox.com/py/suceso/?cs=py.suceso",
        "favicon": "https://us0-cdn.onlineradiobox.com/img/l/8/37178.v2.png",
        "tags": "",
        "country": "Paraguay",
        "countrycode": "PY",
        "iso_3166_2": null,
        "state": "Alto Parana",
        "language": "portuguese",
        "languagecodes": "pt",
        "votes": 95,
        "lastchangetime": "2022-05-15 20:00:34",
        "lastchangetime_iso8601": "2022-05-15T20:00:34Z",
        "codec": "AAC+",
        "bitrate": 128,
        "hls": 0,
        "lastcheckok": 1,
        "lastchecktime": "2023-04-08 06:15:03",
        "lastchecktime_iso8601": "2023-04-08T06:15:03Z",
        "lastcheckoktime": "2023-04-08 06:15:03",
        "lastcheckoktime_iso8601": "2023-04-08T06:15:03Z",
        "lastlocalchecktime": "2023-04-07 18:04:52",
        "lastlocalchecktime_iso8601": "2023-04-07T18:04:52Z",
        "clicktimestamp": "2023-04-08 12:27:52",
        "clicktimestamp_iso8601": "2023-04-08T12:27:52Z",
        "clickcount": 17,
        "clicktrend": 3,
        "ssl_error": 0,
        "geo_lat": -25.973724907254248,
        "geo_long": -55.18908977508545,
        "has_extended_info": false
    },
    {
        "changeuuid": "9caca022-fe65-4418-bfa9-141bceb3bf00",
        "stationuuid": "bfe79bf3-6752-4d01-af26-bdfd65075e62",
        "serveruuid": "4b071126-1bc7-463b-ba3b-fe438eb4a060",
        "name": "Radio Amor 95.9FM",
        "url": "https://copaco.desdeparaguay.net/movamor/movamor.stream/playlist.m3u8",
        "url_resolved": "https://copaco.desdeparaguay.net/movamor/movamor.stream/playlist.m3u8",
        "homepage": "https://www.facebook.com/FMAmor959/",
        "favicon": "",
        "tags": "amor,clasicos,latino,m\u00fasica rom\u00e1ntica,nuevos",
        "country": "Paraguay",
        "countrycode": "PY",
        "iso_3166_2": null,
        "state": "",
        "language": "spanish",
        "languagecodes": "es",
        "votes": 83,
        "lastchangetime": "2022-06-24 22:37:17",
        "lastchangetime_iso8601": "2022-06-24T22:37:17Z",
        "codec": "AAC",
        "bitrate": 48,
        "hls": 1,
        "lastcheckok": 1,
        "lastchecktime": "2023-04-08 11:26:45",
        "lastchecktime_iso8601": "2023-04-08T11:26:45Z",
        "lastcheckoktime": "2023-04-08 11:26:45",
        "lastcheckoktime_iso8601": "2023-04-08T11:26:45Z",
        "lastlocalchecktime": "2023-04-07 16:49:20",
        "lastlocalchecktime_iso8601": "2023-04-07T16:49:20Z",
        "clicktimestamp": "2023-04-08 12:26:56",
        "clicktimestamp_iso8601": "2023-04-08T12:26:56Z",
        "clickcount": 37,
        "clicktrend": 5,
        "ssl_error": 0,
        "geo_lat": -25.32256266258606,
        "geo_long": -57.56148487329484,
        "has_extended_info": false
    },
    {
        "changeuuid": "0b191c42-3521-4d35-adc1-eb9fcccfd1fc",
        "stationuuid": "542ed9ce-f3f1-4653-b1f0-f6cd7461bb75",
        "serveruuid": "c3addf7a-c7b2-4fb4-b83c-7d157316a476",
        "name": "Tropicalia 93.9FM",
        "url": "https://rds3.desdeparaguay.net/movtropicalia/movtropicalia.stream/playlist.m3u8",
        "url_resolved": "https://rds3.desdeparaguay.net/movtropicalia/movtropicalia.stream/playlist.m3u8",
        "homepage": "https://www.tropicalia.com.py/",
        "favicon": "",
        "tags": "cumbia,latino,pop urbano,reggaeton,trap,urbano",
        "country": "Paraguay",
        "countrycode": "PY",
        "iso_3166_2": null,
        "state": "",
        "language": "spanish",
        "languagecodes": "es",
        "votes": 77,
        "lastchangetime": "2023-04-07 10:14:49",
        "lastchangetime_iso8601": "2023-04-07T10:14:49Z",
        "codec": "AAC",
        "bitrate": 264,
        "hls": 1,
        "lastcheckok": 1,
        "lastchecktime": "2023-04-08 10:25:23",
        "lastchecktime_iso8601": "2023-04-08T10:25:23Z",
        "lastcheckoktime": "2023-04-08 10:25:23",
        "lastcheckoktime_iso8601": "2023-04-08T10:25:23Z",
        "lastlocalchecktime": "2023-04-08 10:25:23",
        "lastlocalchecktime_iso8601": "2023-04-08T10:25:23Z",
        "clicktimestamp": "2023-04-08 13:47:42",
        "clicktimestamp_iso8601": "2023-04-08T13:47:42Z",
        "clickcount": 39,
        "clicktrend": 2,
        "ssl_error": 0,
        "geo_lat": -25.322544971407744,
        "geo_long": -57.56139028351755,
        "has_extended_info": false
    },
    {
        "changeuuid": "bc8bcdcc-ec5a-44e7-9b1a-613ac44bd00f",
        "stationuuid": "b50fbb6a-05ab-4eb5-b52f-eb65021e76bc",
        "serveruuid": "c3addf7a-c7b2-4fb4-b83c-7d157316a476",
        "name": "Radio Vibras 92.7FM",
        "url": "https://rds3.desdeparaguay.net/movvibras/movvibras.stream/playlist.m3u8",
        "url_resolved": "https://rds3.desdeparaguay.net/movvibras/movvibras.stream/playlist.m3u8",
        "homepage": "https://www.vibras.com.py/",
        "favicon": "https://i0.wp.com/www.ipparaguay.com.py/wp-content/uploads/2020/10/Radio-Vibras.jpg?resize=1024%2C1024&ssl=1",
        "tags": "latino,reggaet\u00f3n,urban,urbano",
        "country": "Paraguay",
        "countrycode": "PY",
        "iso_3166_2": null,
        "state": "",
        "language": "spanish",
        "languagecodes": "es",
        "votes": 67,
        "lastchangetime": "2022-05-26 21:01:28",
        "lastchangetime_iso8601": "2022-05-26T21:01:28Z",
        "codec": "AAC",
        "bitrate": 192,
        "hls": 1,
        "lastcheckok": 1,
        "lastchecktime": "2023-04-08 08:49:21",
        "lastchecktime_iso8601": "2023-04-08T08:49:21Z",
        "lastcheckoktime": "2023-04-08 08:49:21",
        "lastcheckoktime_iso8601": "2023-04-08T08:49:21Z",
        "lastlocalchecktime": "2023-04-08 08:49:21",
        "lastlocalchecktime_iso8601": "2023-04-08T08:49:21Z",
        "clicktimestamp": "2023-04-08 12:27:37",
        "clicktimestamp_iso8601": "2023-04-08T12:27:37Z",
        "clickcount": 18,
        "clicktrend": 3,
        "ssl_error": 0,
        "geo_lat": -25.32263880660027,
        "geo_long": -57.56137490272523,
        "has_extended_info": false
    },
    {
        "changeuuid": "c67ced68-9b18-49a0-b927-9d4670751167",
        "stationuuid": "bdeb6376-c6b1-4971-80aa-b11abe20d16b",
        "serveruuid": "291ab02a-7689-4e57-9c88-f735949fd4b5",
        "name": "Radio Luz 101.5 FM",
        "url": "http://167.114.116.223:9960/;stream.nsv",
        "url_resolved": "http://167.114.116.223:9960/;stream.nsv",
        "homepage": "https://www.radioluzfmpy.com/",
        "favicon": "",
        "tags": "",
        "country": "Paraguay",
        "countrycode": "PY",
        "iso_3166_2": null,
        "state": "Alto Parana",
        "language": "portuguese,spanish",
        "languagecodes": "es,pt",
        "votes": 51,
        "lastchangetime": "2022-05-15 20:00:34",
        "lastchangetime_iso8601": "2022-05-15T20:00:34Z",
        "codec": "MP3",
        "bitrate": 96,
        "hls": 0,
        "lastcheckok": 1,
        "lastchecktime": "2023-04-08 10:57:36",
        "lastchecktime_iso8601": "2023-04-08T10:57:36Z",
        "lastcheckoktime": "2023-04-08 10:57:36",
        "lastcheckoktime_iso8601": "2023-04-08T10:57:36Z",
        "lastlocalchecktime": "2023-04-07 17:52:52",
        "lastlocalchecktime_iso8601": "2023-04-07T17:52:52Z",
        "clicktimestamp": "2023-04-08 12:27:05",
        "clicktimestamp_iso8601": "2023-04-08T12:27:05Z",
        "clickcount": 23,
        "clicktrend": 2,
        "ssl_error": 0,
        "geo_lat": -25.79635193197379,
        "geo_long": -55.09727507829667,
        "has_extended_info": false
    },
    {
        "changeuuid": "244f66c6-a8bb-4976-9457-24c07e7994e7",
        "stationuuid": "65396ff4-6e59-4554-bfc1-c3a67f8cad8f",
        "serveruuid": "014f9037-140e-445b-a439-7a96cb5b2100",
        "name": "Radio Aspen Paraguay",
        "url": "https://tigocloud.desdeparaguay.net/movaspen/movaspen.stream/playlist.m3u8?k=cab33b6f9bb8d7e340d2a8ce8d4476e4576ce92fbc993b81666e7db795dc1da7&exp=1664206557",
        "url_resolved": "https://tigocloud.desdeparaguay.net/movaspen/movaspen.stream/playlist.m3u8?k=cab33b6f9bb8d7e340d2a8ce8d4476e4576ce92fbc993b81666e7db795dc1da7&exp=1664206557",
        "homepage": "https://www.radioaspen.com.py/",
        "favicon": "https://www.radioaspen.com.py/wp-content/uploads/2021/05/cropped-android-chrome-512x512-1-1-180x180.png",
        "tags": "",
        "country": "Paraguay",
        "countrycode": "PY",
        "iso_3166_2": null,
        "state": "Asuncion",
        "language": "",
        "languagecodes": "",
        "votes": 47,
        "lastchangetime": "2022-09-26 16:14:58",
        "lastchangetime_iso8601": "2022-09-26T16:14:58Z",
        "codec": "AAC",
        "bitrate": 28,
        "hls": 1,
        "lastcheckok": 1,
        "lastchecktime": "2023-04-08 01:20:54",
        "lastchecktime_iso8601": "2023-04-08T01:20:54Z",
        "lastcheckoktime": "2023-04-08 01:20:54",
        "lastcheckoktime_iso8601": "2023-04-08T01:20:54Z",
        "lastlocalchecktime": "2023-04-07 15:47:02",
        "lastlocalchecktime_iso8601": "2023-04-07T15:47:02Z",
        "clicktimestamp": "2023-04-08 13:20:50",
        "clicktimestamp_iso8601": "2023-04-08T13:20:50Z",
        "clickcount": 18,
        "clicktrend": 1,
        "ssl_error": 0,
        "geo_lat": null,
        "geo_long": null,
        "has_extended_info": false
    },
    {
        "changeuuid": "50914a51-e038-4013-ae0f-6ad606a1f07f",
        "stationuuid": "78763b6e-212a-45f7-a2dc-9d27593daa2c",
        "serveruuid": "bb424cdf-91ab-47be-ab65-6dcfe89d5ba8",
        "name": "Radio Tu Voz",
        "url": "https://radiotuvoz.online/listen/radio_tu_voz_/radio.mp3",
        "url_resolved": "https://radiotuvoz.online/listen/radio_tu_voz_/radio.mp3",
        "homepage": "https://radiotuvoz.online/",
        "favicon": "https://radiotuvoz.online/static/uploads/browser_icon/120.1676599398.png",
        "tags": "noticias locales",
        "country": "Paraguay",
        "countrycode": "PY",
        "iso_3166_2": null,
        "state": "",
        "language": "espa\u00f1ol internacional",
        "languagecodes": "",
        "votes": 38,
        "lastchangetime": "2023-03-05 23:07:35",
        "lastchangetime_iso8601": "2023-03-05T23:07:35Z",
        "codec": "MP3",
        "bitrate": 128,
        "hls": 0,
        "lastcheckok": 1,
        "lastchecktime": "2023-04-08 09:43:12",
        "lastchecktime_iso8601": "2023-04-08T09:43:12Z",
        "lastcheckoktime": "2023-04-08 09:43:12",
        "lastcheckoktime_iso8601": "2023-04-08T09:43:12Z",
        "lastlocalchecktime": "2023-04-08 09:43:12",
        "lastlocalchecktime_iso8601": "2023-04-08T09:43:12Z",
        "clicktimestamp": "2023-04-08 12:28:27",
        "clicktimestamp_iso8601": "2023-04-08T12:28:27Z",
        "clickcount": 14,
        "clicktrend": 1,
        "ssl_error": 0,
        "geo_lat": -25.303620923403574,
        "geo_long": -57.58313941896632,
        "has_extended_info": false
    },
    {
        "changeuuid": "f4bde478-ce5f-43dc-8b49-e3aad043b3a2",
        "stationuuid": "6f0d037e-2aef-406d-94d8-85669a0c5f31",
        "serveruuid": "4b071126-1bc7-463b-ba3b-fe438eb4a060",
        "name": "Vibras 92.7FM",
        "url": "https://copaco.desdeparaguay.net/movvibras/movvibras.stream/chunklist_w1786225280.m3u8?k=5d1b32cc4cfb2b10be3ecff56d8aeee5e59993cfc1a5234cc73eca0b8b7f7487&exp=1651095717",
        "url_resolved": "https://copaco.desdeparaguay.net/movvibras/movvibras.stream/chunklist_w1786225280.m3u8?k=5d1b32cc4cfb2b10be3ecff56d8aeee5e59993cfc1a5234cc73eca0b8b7f7487&exp=1651095717",
        "homepage": "https://www.vibras.com.py/",
        "favicon": "https://www.vibras.com.py/wp-content/uploads/2019/04/favico-150x150.png",
        "tags": "r&b/urban",
        "country": "Paraguay",
        "countrycode": "PY",
        "iso_3166_2": null,
        "state": "",
        "language": "",
        "languagecodes": "",
        "votes": 25,
        "lastchangetime": "2023-02-07 01:06:28",
        "lastchangetime_iso8601": "2023-02-07T01:06:28Z",
        "codec": "UNKNOWN",
        "bitrate": 0,
        "hls": 1,
        "lastcheckok": 1,
        "lastchecktime": "2023-04-07 19:57:48",
        "lastchecktime_iso8601": "2023-04-07T19:57:48Z",
        "lastcheckoktime": "2023-04-07 19:57:48",
        "lastcheckoktime_iso8601": "2023-04-07T19:57:48Z",
        "lastlocalchecktime": "2023-04-07 19:57:48",
        "lastlocalchecktime_iso8601": "2023-04-07T19:57:48Z",
        "clicktimestamp": "2023-04-08 12:28:12",
        "clicktimestamp_iso8601": "2023-04-08T12:28:12Z",
        "clickcount": 15,
        "clicktrend": 3,
        "ssl_error": 0,
        "geo_lat": null,
        "geo_long": null,
        "has_extended_info": false
    },
    {
        "changeuuid": "0cdf3205-7510-477d-b4f8-25426836e4e0",
        "stationuuid": "68104ae4-257b-4281-9258-88d4580ac037",
        "serveruuid": "e0966701-7adc-487c-9160-4a46f3435d72",
        "name": "Radio Digital 88.5 Fm Paraguay ",
        "url": "http://streaming.camaronhosting.com:8036/",
        "url_resolved": "http://streaming.camaronhosting.com:8036/",
        "homepage": "http://streaming.camaronhosting.com:8036/",
        "favicon": "https://m.facebook.com/story.php?story_fbid=385074119999677&id=100054912755185",
        "tags": "",
        "country": "Paraguay",
        "countrycode": "PY",
        "iso_3166_2": null,
        "state": "San Pedro Paraguay ",
        "language": "",
        "languagecodes": "",
        "votes": 22,
        "lastchangetime": "2022-06-10 03:02:31",
        "lastchangetime_iso8601": "2022-06-10T03:02:31Z",
        "codec": "AAC+",
        "bitrate": 32,
        "hls": 0,
        "lastcheckok": 1,
        "lastchecktime": "2023-04-07 18:34:55",
        "lastchecktime_iso8601": "2023-04-07T18:34:55Z",
        "lastcheckoktime": "2023-04-07 18:06:06",
        "lastcheckoktime_iso8601": "2023-04-07T18:06:06Z",
        "lastlocalchecktime": "2023-04-07 18:06:06",
        "lastlocalchecktime_iso8601": "2023-04-07T18:06:06Z",
        "clicktimestamp": "2023-04-08 12:28:46",
        "clicktimestamp_iso8601": "2023-04-08T12:28:46Z",
        "clickcount": 10,
        "clicktrend": 2,
        "ssl_error": 0,
        "geo_lat": -24.08339883801558,
        "geo_long": -57.08485826470862,
        "has_extended_info": false
    },
    {
        "changeuuid": "801d5b30-9853-4a97-825d-b11e1dd6141b",
        "stationuuid": "ede5de2d-52a0-4851-8546-8b3d018dd187",
        "serveruuid": "91f57661-0d59-4f51-bbab-c82cb1a0edce",
        "name": "Mix radio Sandro cd.s ",
        "url": "http://stream.zeno.fm/n6pcbk423rhvv",
        "url_resolved": "http://stream-053.zeno.fm/n6pcbk423rhvv?zs=YCqd-q20T0CSMF6-4e8nrQ",
        "homepage": "http://stream.zeno.fm/n6pcbk423rhvv",
        "favicon": "",
        "tags": "",
        "country": "Paraguay",
        "countrycode": "PY",
        "iso_3166_2": null,
        "state": "guarabira ",
        "language": "",
        "languagecodes": "",
        "votes": 10,
        "lastchangetime": "2023-01-06 02:18:33",
        "lastchangetime_iso8601": "2023-01-06T02:18:33Z",
        "codec": "MP3",
        "bitrate": 0,
        "hls": 0,
        "lastcheckok": 1,
        "lastchecktime": "2023-04-08 11:26:45",
        "lastchecktime_iso8601": "2023-04-08T11:26:45Z",
        "lastcheckoktime": "2023-04-08 11:26:45",
        "lastcheckoktime_iso8601": "2023-04-08T11:26:45Z",
        "lastlocalchecktime": "2023-04-07 20:01:26",
        "lastlocalchecktime_iso8601": "2023-04-07T20:01:26Z",
        "clicktimestamp": "2023-04-08 13:33:14",
        "clicktimestamp_iso8601": "2023-04-08T13:33:14Z",
        "clickcount": 9,
        "clicktrend": 2,
        "ssl_error": 0,
        "geo_lat": null,
        "geo_long": null,
        "has_extended_info": false
    },
    {
        "changeuuid": "dbb10f17-2027-47c5-9149-8c4625c5a078",
        "stationuuid": "98073eff-a00a-42ce-b855-715770e5cd87",
        "serveruuid": "ae082839-5f2d-416f-a4aa-d3b53e71da06",
        "name": "Rock&Pop Paraguay",
        "url": "https://cp9.serverse.com/proxy/rockandpop/stream",
        "url_resolved": "https://cp9.serverse.com/proxy/rockandpop/stream",
        "homepage": "https://rockandpop.com.py/",
        "favicon": "https://rockandpop.com.py/wp-content/uploads/2020/06/cropped-cropped-logorockas-180x180-1-192x192.png",
        "tags": "",
        "country": "Paraguay",
        "countrycode": "PY",
        "iso_3166_2": null,
        "state": "Asuncion",
        "language": "",
        "languagecodes": "",
        "votes": 8,
        "lastchangetime": "2023-03-14 22:30:51",
        "lastchangetime_iso8601": "2023-03-14T22:30:51Z",
        "codec": "AAC+",
        "bitrate": 96,
        "hls": 0,
        "lastcheckok": 1,
        "lastchecktime": "2023-04-08 11:00:43",
        "lastchecktime_iso8601": "2023-04-08T11:00:43Z",
        "lastcheckoktime": "2023-04-08 11:00:43",
        "lastcheckoktime_iso8601": "2023-04-08T11:00:43Z",
        "lastlocalchecktime": "2023-04-08 11:00:43",
        "lastlocalchecktime_iso8601": "2023-04-08T11:00:43Z",
        "clicktimestamp": "2023-04-08 12:27:20",
        "clicktimestamp_iso8601": "2023-04-08T12:27:20Z",
        "clickcount": 22,
        "clicktrend": 3,
        "ssl_error": 0,
        "geo_lat": -25.300012836598857,
        "geo_long": -57.59406298398972,
        "has_extended_info": false
    },
    {
        "changeuuid": "45e5394e-4e06-4bd5-b8de-d094de363f7b",
        "stationuuid": "5f369cb8-1ff8-4dd3-9178-976936358ca7",
        "serveruuid": "e0966701-7adc-487c-9160-4a46f3435d72",
        "name": "Radio Digital 88.5 Fm Paraguay ",
        "url": "http://streaming.camaronhosting.com:8036/",
        "url_resolved": "http://streaming.camaronhosting.com:8036/",
        "homepage": "http://streaming.camaronhosting.com:8036/",
        "favicon": "",
        "tags": "",
        "country": "Paraguay",
        "countrycode": "PY",
        "iso_3166_2": null,
        "state": "San Pedro de Ycuamandyy\u00fa",
        "language": "",
        "languagecodes": "",
        "votes": 86,
        "lastchangetime": "2022-08-30 18:48:24",
        "lastchangetime_iso8601": "2022-08-30T18:48:24Z",
        "codec": "AAC+",
        "bitrate": 72,
        "hls": 0,
        "lastcheckok": 1,
        "lastchecktime": "2023-07-09 12:13:31",
        "lastchecktime_iso8601": "2023-07-09T12:13:31Z",
        "lastcheckoktime": "2023-07-09 12:13:31",
        "lastcheckoktime_iso8601": "2023-07-09T12:13:31Z",
        "lastlocalchecktime": "2023-07-08 19:40:09",
        "lastlocalchecktime_iso8601": "2023-07-08T19:40:09Z",
        "clicktimestamp": "2023-07-08 20:03:24",
        "clicktimestamp_iso8601": "2023-07-08T20:03:24Z",
        "clickcount": 11,
        "clicktrend": 2,
        "ssl_error": 0,
        "geo_lat": -24.082831313256037,
        "geo_long": -57.083891057716606,
        "has_extended_info": false
    },
    {
        "changeuuid": "0e216ec9-f0bd-41dd-9d7e-92dc8c709aef",
        "stationuuid": "19bc7085-e36d-4268-8070-129bdbefe228",
        "serveruuid": null,
        "name": "Exa FM",
        "url": "https://playerservices.streamtheworld.com/api/livestream-redirect/XHPSFMAAC.aac",
        "url_resolved": "https://22823.live.streamtheworld.com:443/XHPSFMAAC.aac",
        "homepage": "https://www.exafm.com/veracruz/",
        "favicon": "https://i.iheart.com/v3/re/new_assets/5f9883c7cde5eff19e6eabac",
        "tags": "93.3 fm,entretenimiento,espa\u00f1ol,estaci\u00f3n,exa,exa fm,fm,juvenil,la estaci\u00f3n exacta,la estaci\u00f3n naranja,moi merino,mvs,mvs noticias,mvs radio,m\u00fasica en espa\u00f1ol e ingl\u00e9s,m\u00fasica pop,ponte exa,pop,pop en espa\u00f1ol e ingl\u00e9s,pop music,pop rock,radio",
        "country": "Paraguay",
        "countrycode": "PY",
        "iso_3166_2": null,
        "state": "",
        "language": "spanish",
        "languagecodes": "es",
        "votes": 30,
        "lastchangetime": "2022-12-12 06:02:03",
        "lastchangetime_iso8601": "2022-12-12T06:02:03Z",
        "codec": "AAC+",
        "bitrate": 48,
        "hls": 0,
        "lastcheckok": 1,
        "lastchecktime": "2023-07-09 07:16:41",
        "lastchecktime_iso8601": "2023-07-09T07:16:41Z",
        "lastcheckoktime": "2023-07-09 07:16:41",
        "lastcheckoktime_iso8601": "2023-07-09T07:16:41Z",
        "lastlocalchecktime": "2023-07-09 07:16:41",
        "lastlocalchecktime_iso8601": "2023-07-09T07:16:41Z",
        "clicktimestamp": "2023-07-07 14:01:29",
        "clicktimestamp_iso8601": "2023-07-07T14:01:29Z",
        "clickcount": 14,
        "clicktrend": -1,
        "ssl_error": 0,
        "geo_lat": null,
        "geo_long": null,
        "has_extended_info": false
    },
    {
        "changeuuid": "14f32c25-3b0b-4f9d-9d4c-967daadd02ed",
        "stationuuid": "ae11b16e-cbb8-4fc9-ba97-34f3f29bfce7",
        "serveruuid": "c83c8d48-53d1-46ae-ae1f-bbf715294c81",
        "name": "100% Reggaeton Radio",
        "url": "https://stream-148.zeno.fm/qmhf2yd9dm0uv",
        "url_resolved": "https://stream-147.zeno.fm/qmhf2yd9dm0uv?zs=k7XgE8_ETKO7Qut_MbSeYg",
        "homepage": "https://100reggaetonradio.com/",
        "favicon": "",
        "tags": "",
        "country": "Paraguay",
        "countrycode": "PY",
        "iso_3166_2": null,
        "state": "",
        "language": "english,spanish",
        "languagecodes": "en,es",
        "votes": 18,
        "lastchangetime": "2023-05-28 18:03:12",
        "lastchangetime_iso8601": "2023-05-28T18:03:12Z",
        "codec": "MP3",
        "bitrate": 0,
        "hls": 0,
        "lastcheckok": 1,
        "lastchecktime": "2023-07-09 02:29:17",
        "lastchecktime_iso8601": "2023-07-09T02:29:17Z",
        "lastcheckoktime": "2023-07-09 02:29:17",
        "lastcheckoktime_iso8601": "2023-07-09T02:29:17Z",
        "lastlocalchecktime": "2023-07-09 02:29:17",
        "lastlocalchecktime_iso8601": "2023-07-09T02:29:17Z",
        "clicktimestamp": "2023-07-09 13:16:51",
        "clicktimestamp_iso8601": "2023-07-09T13:16:51Z",
        "clickcount": 36,
        "clicktrend": 2,
        "ssl_error": 0,
        "geo_lat": null,
        "geo_long": null,
        "has_extended_info": false
    },
    {
        "changeuuid": "562db6bc-5ad1-478e-bc71-3a09a9d6ae16",
        "stationuuid": "28192c9a-2bd6-4e0d-8a03-379a7890108a",
        "serveruuid": null,
        "name": "Radio Disney Paraguay FM 96.5",
        "url": "https://playerservices.streamtheworld.com/api/livestream-redirect/DISNEY_PAR_ASAAC.m3u8?dist=web-radiodisney",
        "url_resolved": "https://24383.live.streamtheworld.com:443/DISNEY_PAR_ASAAC/HLS/playlist.m3u8?dist=web-radiodisney",
        "homepage": "https://py.radiodisney.com/",
        "favicon": "https://py.radiodisney.com/favicon.ico",
        "tags": "",
        "country": "Paraguay",
        "countrycode": "PY",
        "iso_3166_2": null,
        "state": "Asuncion",
        "language": "espa\u00f1ol paraguay,spanish",
        "languagecodes": "es",
        "votes": 5,
        "lastchangetime": "2023-06-15 02:56:35",
        "lastchangetime_iso8601": "2023-06-15T02:56:35Z",
        "codec": "AAC+",
        "bitrate": 64,
        "hls": 1,
        "lastcheckok": 1,
        "lastchecktime": "2023-07-09 06:02:45",
        "lastchecktime_iso8601": "2023-07-09T06:02:45Z",
        "lastcheckoktime": "2023-07-09 06:02:45",
        "lastcheckoktime_iso8601": "2023-07-09T06:02:45Z",
        "lastlocalchecktime": "2023-07-09 06:02:45",
        "lastlocalchecktime_iso8601": "2023-07-09T06:02:45Z",
        "clicktimestamp": "2023-07-09 06:35:47",
        "clicktimestamp_iso8601": "2023-07-09T06:35:47Z",
        "clickcount": 14,
        "clicktrend": 2,
        "ssl_error": 0,
        "geo_lat": null,
        "geo_long": null,
        "has_extended_info": false
    },
    {
        "changeuuid": "71548b8f-4758-4966-b73e-94d61efd6f0e",
        "stationuuid": "1a9b0548-a017-4ec8-88f5-095d16566dad",
        "serveruuid": "d9f4ef5c-e00d-4752-9e85-1cb13467ed7e",
        "name": "Radio Siete 107.7 FM",
        "url": "https://rss1.siete.com.py:9433/stream",
        "url_resolved": "https://rss1.siete.com.py:9433/stream",
        "homepage": "http://www.siete.com.py/",
        "favicon": "http://www.siete.com.py/img/logo.png",
        "tags": "hits,modern",
        "country": "Paraguay",
        "countrycode": "PY",
        "iso_3166_2": null,
        "state": "",
        "language": "espa\u00f1ol internacional,espa\u00f1ol paraguay,spanish",
        "languagecodes": "es",
        "votes": 3,
        "lastchangetime": "2023-06-15 02:30:42",
        "lastchangetime_iso8601": "2023-06-15T02:30:42Z",
        "codec": "MP3",
        "bitrate": 128,
        "hls": 0,
        "lastcheckok": 1,
        "lastchecktime": "2023-07-09 04:47:20",
        "lastchecktime_iso8601": "2023-07-09T04:47:20Z",
        "lastcheckoktime": "2023-07-09 04:47:20",
        "lastcheckoktime_iso8601": "2023-07-09T04:47:20Z",
        "lastlocalchecktime": "2023-07-09 04:47:20",
        "lastlocalchecktime_iso8601": "2023-07-09T04:47:20Z",
        "clicktimestamp": "2023-07-09 10:18:22",
        "clicktimestamp_iso8601": "2023-07-09T10:18:22Z",
        "clickcount": 16,
        "clicktrend": 0,
        "ssl_error": 0,
        "geo_lat": -25.312927202166534,
        "geo_long": -57.60668814182282,
        "has_extended_info": false
    }
]