[
    {
        "changeuuid": "a9f2a4a3-e159-4c83-8db2-8dd766b399b1",
        "stationuuid": "e2011342-2b07-40b7-a64d-af695146085b",
        "serveruuid": "6a6edef4-335e-4d4d-a52d-7b58860f7714",
        "name": "Aljazeera Arabic",
        "url": "https://live-hls-web-aja.getaj.net/AJA/index.m3u8",
        "url_resolved": "https://live-hls-web-aja.getaj.net/AJA/index.m3u8",
        "homepage": "https://www.aljazeera.net/",
        "favicon": "",
        "tags": "aljazeera,\u0627\u0644\u062c\u0632\u064a\u0631\u0629,\u0642\u0646\u0627\u0629 \u0627\u0644\u062c\u0632\u064a\u0631\u0629",
        "country": "Qatar",
        "countrycode": "QA",
        "iso_3166_2": null,
        "state": "",
        "language": "arabic",
        "languagecodes": "ar",
        "votes": 1868,
        "lastchangetime": "2022-08-26 01:00:03",
        "lastchangetime_iso8601": "2022-08-26T01:00:03Z",
        "codec": "AAC,H.264",
        "bitrate": 6324,
        "hls": 1,
        "lastcheckok": 1,
        "lastchecktime": "2023-04-08 09:50:47",
        "lastchecktime_iso8601": "2023-04-08T09:50:47Z",
        "lastcheckoktime": "2023-04-08 09:50:47",
        "lastcheckoktime_iso8601": "2023-04-08T09:50:47Z",
        "lastlocalchecktime": "2023-04-07 19:06:53",
        "lastlocalchecktime_iso8601": "2023-04-07T19:06:53Z",
        "clicktimestamp": "2023-04-08 13:54:51",
        "clicktimestamp_iso8601": "2023-04-08T13:54:51Z",
        "clickcount": 283,
        "clicktrend": 1,
        "ssl_error": 0,
        "geo_lat": null,
        "geo_long": null,
        "has_extended_info": false
    },
    {
        "changeuuid": "e8972297-50c3-4c6d-9362-98ff4ba82dd5",
        "stationuuid": "edc133eb-0736-4056-a955-2f02fdc8c0e2",
        "serveruuid": "8c82dcc3-4b33-4ca9-99c4-cd0e9d256db3",
        "name": "\u0627\u0644\u062c\u0632\u064a\u0631\u0629 \u0635\u0648\u062a",
        "url": "https://live-hls-audio-web-aja.getaj.net/VOICE-AJA/01.m3u8",
        "url_resolved": "https://live-hls-audio-web-aja.getaj.net/VOICE-AJA/01.m3u8",
        "homepage": "",
        "favicon": "https://upload.wikimedia.org/wikipedia/ar/thumb/7/71/Aljazeera.svg/1200px-Aljazeera.svg.png",
        "tags": "news",
        "country": "Qatar",
        "countrycode": "QA",
        "iso_3166_2": null,
        "state": "",
        "language": "",
        "languagecodes": "",
        "votes": 1446,
        "lastchangetime": "2021-09-26 03:18:33",
        "lastchangetime_iso8601": "2021-09-26T03:18:33Z",
        "codec": "UNKNOWN",
        "bitrate": 0,
        "hls": 1,
        "lastcheckok": 1,
        "lastchecktime": "2023-04-08 09:50:47",
        "lastchecktime_iso8601": "2023-04-08T09:50:47Z",
        "lastcheckoktime": "2023-04-08 09:50:47",
        "lastcheckoktime_iso8601": "2023-04-08T09:50:47Z",
        "lastlocalchecktime": "2023-04-07 18:49:42",
        "lastlocalchecktime_iso8601": "2023-04-07T18:49:42Z",
        "clicktimestamp": "2023-04-08 14:03:24",
        "clicktimestamp_iso8601": "2023-04-08T14:03:24Z",
        "clickcount": 235,
        "clicktrend": 1,
        "ssl_error": 0,
        "geo_lat": null,
        "geo_long": null,
        "has_extended_info": false
    },
    {
        "changeuuid": "79c5b5a2-d843-4c30-be64-ad4e8c6628a7",
        "stationuuid": "244cf1a8-52d8-4e26-bf23-821a21129bbf",
        "serveruuid": "6a6edef4-335e-4d4d-a52d-7b58860f7714",
        "name": "\u0642\u0646\u0627\u0629 \u0627\u0644\u062c\u0632\u064a\u0631\u0629",
        "url": "https://live-hls-web-aja.getaj.net/AJA/06.m3u8",
        "url_resolved": "https://live-hls-web-aja.getaj.net/AJA/06.m3u8",
        "homepage": "https://www.aljazeera.net/",
        "favicon": "",
        "tags": "",
        "country": "Qatar",
        "countrycode": "QA",
        "iso_3166_2": null,
        "state": "",
        "language": "arabic",
        "languagecodes": "ar",
        "votes": 1099,
        "lastchangetime": "2022-09-03 03:45:28",
        "lastchangetime_iso8601": "2022-09-03T03:45:28Z",
        "codec": "UNKNOWN",
        "bitrate": 0,
        "hls": 1,
        "lastcheckok": 1,
        "lastchecktime": "2023-04-08 08:26:51",
        "lastchecktime_iso8601": "2023-04-08T08:26:51Z",
        "lastcheckoktime": "2023-04-08 08:26:51",
        "lastcheckoktime_iso8601": "2023-04-08T08:26:51Z",
        "lastlocalchecktime": "2023-04-07 20:32:17",
        "lastlocalchecktime_iso8601": "2023-04-07T20:32:17Z",
        "clicktimestamp": "2023-04-08 13:51:16",
        "clicktimestamp_iso8601": "2023-04-08T13:51:16Z",
        "clickcount": 181,
        "clicktrend": -4,
        "ssl_error": 0,
        "geo_lat": null,
        "geo_long": null,
        "has_extended_info": false
    },
    {
        "changeuuid": "49527bff-4657-400d-84f7-7af0a21755cc",
        "stationuuid": "9fe97127-61fe-4b7d-8706-6205034422c6",
        "serveruuid": "470de3bb-90ae-4f64-8380-1923770c2908",
        "name": "AlJazeera English Audio",
        "url": "https://live-hls-audio-aje-ak.getaj.net/VOICE-AJE/01.m3u8",
        "url_resolved": "https://live-hls-audio-aje-ak.getaj.net/VOICE-AJE/01.m3u8",
        "homepage": "https://www.aljazeera.com/",
        "favicon": "",
        "tags": "news,talk,world news",
        "country": "Qatar",
        "countrycode": "QA",
        "iso_3166_2": null,
        "state": "",
        "language": "english",
        "languagecodes": "en",
        "votes": 969,
        "lastchangetime": "2022-03-28 12:33:57",
        "lastchangetime_iso8601": "2022-03-28T12:33:57Z",
        "codec": "UNKNOWN",
        "bitrate": 0,
        "hls": 1,
        "lastcheckok": 1,
        "lastchecktime": "2023-04-08 10:45:53",
        "lastchecktime_iso8601": "2023-04-08T10:45:53Z",
        "lastcheckoktime": "2023-04-08 10:45:53",
        "lastcheckoktime_iso8601": "2023-04-08T10:45:53Z",
        "lastlocalchecktime": "2023-04-07 18:56:40",
        "lastlocalchecktime_iso8601": "2023-04-07T18:56:40Z",
        "clicktimestamp": "2023-04-08 13:53:24",
        "clicktimestamp_iso8601": "2023-04-08T13:53:24Z",
        "clickcount": 251,
        "clicktrend": -10,
        "ssl_error": 0,
        "geo_lat": null,
        "geo_long": null,
        "has_extended_info": false
    },
    {
        "changeuuid": "23dec1c7-6b6c-449d-9dc5-1ac0e76dba2e",
        "stationuuid": "269669db-e4cc-4609-a023-39c8736ca5b5",
        "serveruuid": "d28a75f9-1a6e-4ecb-b225-3d5db199277e",
        "name": "Aljazeera English",
        "url": "http://live-hls-web-aje.getaj.net/AJE/06.m3u8",
        "url_resolved": "http://live-hls-web-aje.getaj.net/AJE/06.m3u8",
        "homepage": "https://www.aljazeera.com/",
        "favicon": "",
        "tags": "",
        "country": "Qatar",
        "countrycode": "QA",
        "iso_3166_2": null,
        "state": "",
        "language": "english",
        "languagecodes": "en",
        "votes": 911,
        "lastchangetime": "2022-03-28 09:55:53",
        "lastchangetime_iso8601": "2022-03-28T09:55:53Z",
        "codec": "UNKNOWN",
        "bitrate": 0,
        "hls": 1,
        "lastcheckok": 1,
        "lastchecktime": "2023-04-08 02:06:42",
        "lastchecktime_iso8601": "2023-04-08T02:06:42Z",
        "lastcheckoktime": "2023-04-08 02:06:42",
        "lastcheckoktime_iso8601": "2023-04-08T02:06:42Z",
        "lastlocalchecktime": "2023-04-07 16:31:54",
        "lastlocalchecktime_iso8601": "2023-04-07T16:31:54Z",
        "clicktimestamp": "2023-04-08 14:13:11",
        "clicktimestamp_iso8601": "2023-04-08T14:13:11Z",
        "clickcount": 126,
        "clicktrend": 5,
        "ssl_error": 0,
        "geo_lat": null,
        "geo_long": null,
        "has_extended_info": false
    },
    {
        "changeuuid": "f13d4581-00ac-421a-a576-3c6f14b69ddf",
        "stationuuid": "43023b6f-5695-4108-8892-07d22e9b1181",
        "serveruuid": "cdce97e2-8e7e-44c6-9cea-d4cade6508a6",
        "name": "Al Jazeera - Arabic",
        "url": "http://live-hls-audio-web-aja.getaj.net/VOICE-AJA/index.m3u8",
        "url_resolved": "http://live-hls-audio-web-aja.getaj.net/VOICE-AJA/index.m3u8",
        "homepage": "https://www.aljazeera.net/",
        "favicon": "",
        "tags": "documentaries,news,speech,talk",
        "country": "Qatar",
        "countrycode": "QA",
        "iso_3166_2": null,
        "state": "",
        "language": "arabic",
        "languagecodes": "ar",
        "votes": 701,
        "lastchangetime": "2022-11-01 02:49:17",
        "lastchangetime_iso8601": "2022-11-01T02:49:17Z",
        "codec": "AAC",
        "bitrate": 99,
        "hls": 1,
        "lastcheckok": 1,
        "lastchecktime": "2023-04-07 19:32:12",
        "lastchecktime_iso8601": "2023-04-07T19:32:12Z",
        "lastcheckoktime": "2023-04-07 19:32:12",
        "lastcheckoktime_iso8601": "2023-04-07T19:32:12Z",
        "lastlocalchecktime": "2023-04-07 19:32:12",
        "lastlocalchecktime_iso8601": "2023-04-07T19:32:12Z",
        "clicktimestamp": "2023-04-08 13:11:39",
        "clicktimestamp_iso8601": "2023-04-08T13:11:39Z",
        "clickcount": 102,
        "clicktrend": 0,
        "ssl_error": 0,
        "geo_lat": null,
        "geo_long": null,
        "has_extended_info": false
    },
    {
        "changeuuid": "215f02cf-d0ba-4dbe-bcc1-1e96beb135c3",
        "stationuuid": "00727ea0-0fa1-4c87-b4da-170d319bd2ab",
        "serveruuid": null,
        "name": "Suno Malayalam FM",
        "url": "https://playerservices.streamtheworld.com/api/livestream-redirect/SUNO917.mp3",
        "url_resolved": "https://20863.live.streamtheworld.com:443/SUNO917.mp3",
        "homepage": "https://suno.qa/",
        "favicon": "https://suno.qa/favicon.ico",
        "tags": "",
        "country": "Qatar",
        "countrycode": "QA",
        "iso_3166_2": null,
        "state": "",
        "language": "",
        "languagecodes": "",
        "votes": 660,
        "lastchangetime": "2022-11-13 06:34:53",
        "lastchangetime_iso8601": "2022-11-13T06:34:53Z",
        "codec": "MP3",
        "bitrate": 128,
        "hls": 0,
        "lastcheckok": 1,
        "lastchecktime": "2023-04-08 08:51:56",
        "lastchecktime_iso8601": "2023-04-08T08:51:56Z",
        "lastcheckoktime": "2023-04-08 08:51:56",
        "lastcheckoktime_iso8601": "2023-04-08T08:51:56Z",
        "lastlocalchecktime": "2023-04-08 08:51:56",
        "lastlocalchecktime_iso8601": "2023-04-08T08:51:56Z",
        "clicktimestamp": "2023-04-08 11:53:58",
        "clicktimestamp_iso8601": "2023-04-08T11:53:58Z",
        "clickcount": 22,
        "clicktrend": 1,
        "ssl_error": 0,
        "geo_lat": null,
        "geo_long": null,
        "has_extended_info": false
    },
    {
        "changeuuid": "f3e52add-7151-4406-bc85-78e87969d642",
        "stationuuid": "f35d0956-6b7b-4c42-bdb5-e9ef1daf8c3d",
        "serveruuid": "23d8178f-4867-4d3b-ad10-8599a46ec7bb",
        "name": "\u062a\u0641\u0633\u064a\u0631 \u0628\u0646 \u0639\u062b\u064a\u0645\u064a\u0646 \u0631\u062d\u0645\u0647 \u0627\u0644\u0644\u0647",
        "url": "https://qurango.net/radio/tafseer",
        "url_resolved": "https://qurango.net/radio/tafseer",
        "homepage": "",
        "favicon": "",
        "tags": "classical",
        "country": "Qatar",
        "countrycode": "QA",
        "iso_3166_2": null,
        "state": "",
        "language": "",
        "languagecodes": "",
        "votes": 116,
        "lastchangetime": "2022-12-06 07:11:09",
        "lastchangetime_iso8601": "2022-12-06T07:11:09Z",
        "codec": "MP3",
        "bitrate": 128,
        "hls": 0,
        "lastcheckok": 1,
        "lastchecktime": "2023-04-07 17:46:11",
        "lastchecktime_iso8601": "2023-04-07T17:46:11Z",
        "lastcheckoktime": "2023-04-07 17:46:11",
        "lastcheckoktime_iso8601": "2023-04-07T17:46:11Z",
        "lastlocalchecktime": "2023-04-07 17:46:11",
        "lastlocalchecktime_iso8601": "2023-04-07T17:46:11Z",
        "clicktimestamp": "2023-04-05 11:26:42",
        "clicktimestamp_iso8601": "2023-04-05T11:26:42Z",
        "clickcount": 11,
        "clicktrend": 0,
        "ssl_error": 0,
        "geo_lat": null,
        "geo_long": null,
        "has_extended_info": false
    },
    {
        "changeuuid": "b47b1226-6ceb-4e60-84ca-9a46c6408cd7",
        "stationuuid": "1d6d58c1-a042-4cfb-b449-bee2ee85b3c3",
        "serveruuid": "e589dfa3-a4cf-4c38-8dca-d273aad76f70",
        "name": "\u0627\u0630\u0627\u0639\u0629 \u0627\u0644\u0642\u0631\u0622\u0646 \u0627\u0644\u0643\u0631\u064a\u0645",
        "url": "http://stream.radiojar.com/0tpy1h0kxtzuv",
        "url_resolved": "http://n0a.radiojar.com/0tpy1h0kxtzuv?rj-ttl=5&rj-tok=AAABh2DsHh4AAkRL2IdOhJ60Xw",
        "homepage": "",
        "favicon": "",
        "tags": "classical",
        "country": "Qatar",
        "countrycode": "QA",
        "iso_3166_2": null,
        "state": "",
        "language": "",
        "languagecodes": "",
        "votes": 112,
        "lastchangetime": "2022-12-10 05:15:29",
        "lastchangetime_iso8601": "2022-12-10T05:15:29Z",
        "codec": "MP3",
        "bitrate": 0,
        "hls": 0,
        "lastcheckok": 1,
        "lastchecktime": "2023-04-08 12:46:03",
        "lastchecktime_iso8601": "2023-04-08T12:46:03Z",
        "lastcheckoktime": "2023-04-08 12:46:03",
        "lastcheckoktime_iso8601": "2023-04-08T12:46:03Z",
        "lastlocalchecktime": "2023-04-07 17:06:28",
        "lastlocalchecktime_iso8601": "2023-04-07T17:06:28Z",
        "clicktimestamp": "2023-04-07 21:32:26",
        "clicktimestamp_iso8601": "2023-04-07T21:32:26Z",
        "clickcount": 25,
        "clicktrend": -2,
        "ssl_error": 0,
        "geo_lat": null,
        "geo_long": null,
        "has_extended_info": false
    },
    {
        "changeuuid": "06a4077c-7b2e-493f-b44b-6a6146b96b04",
        "stationuuid": "e4046469-8cef-4ffd-a95d-528e57e4641b",
        "serveruuid": "cdce97e2-8e7e-44c6-9cea-d4cade6508a6",
        "name": "Al Jazeera - Arabic",
        "url": "http://live-hls-audio-web-aja.getaj.net/VOICE-AJA/index.m3u8",
        "url_resolved": "http://live-hls-audio-web-aja.getaj.net/VOICE-AJA/index.m3u8",
        "homepage": "http://www.aljazeera.net/",
        "favicon": "",
        "tags": "news,news talk,talk",
        "country": "Qatar",
        "countrycode": "QA",
        "iso_3166_2": null,
        "state": "",
        "language": "",
        "languagecodes": "",
        "votes": 79,
        "lastchangetime": "2023-04-07 19:47:13",
        "lastchangetime_iso8601": "2023-04-07T19:47:13Z",
        "codec": "AAC",
        "bitrate": 99,
        "hls": 1,
        "lastcheckok": 1,
        "lastchecktime": "2023-04-08 02:32:09",
        "lastchecktime_iso8601": "2023-04-08T02:32:09Z",
        "lastcheckoktime": "2023-04-08 02:32:09",
        "lastcheckoktime_iso8601": "2023-04-08T02:32:09Z",
        "lastlocalchecktime": "2023-04-07 19:47:14",
        "lastlocalchecktime_iso8601": "2023-04-07T19:47:14Z",
        "clicktimestamp": "2023-04-08 11:47:48",
        "clicktimestamp_iso8601": "2023-04-08T11:47:48Z",
        "clickcount": 150,
        "clicktrend": -9,
        "ssl_error": 0,
        "geo_lat": null,
        "geo_long": null,
        "has_extended_info": false
    },
    {
        "changeuuid": "2c5577e7-a3d5-4539-bda0-32e8c8edfada",
        "stationuuid": "ed7da98e-6271-4efe-8766-a39c5bd4424b",
        "serveruuid": "d2d8650b-34ff-4b47-8699-4fc2c155ef5e",
        "name": "Qabayan Radio 94.3 FM",
        "url": "http://c2.radioboss.fm:8478/live",
        "url_resolved": "http://c2.radioboss.fm:8478/live",
        "homepage": "https://qabayanfm.com/",
        "favicon": "https://static.wixstatic.com/media/418af1_5d1217a51ce0453c8c3c15b09649cfb8~mv2.png/v1/fill/w_560,h_229,al_c,q_85,usm_0.66_1.00_0.01,enc_auto/418af1_5d1217a51ce0453c8c3c15b09649cfb8~mv2.png",
        "tags": "opm hits",
        "country": "Qatar",
        "countrycode": "QA",
        "iso_3166_2": null,
        "state": "",
        "language": "filipino",
        "languagecodes": "",
        "votes": 63,
        "lastchangetime": "2022-12-30 17:31:46",
        "lastchangetime_iso8601": "2022-12-30T17:31:46Z",
        "codec": "MP3",
        "bitrate": 128,
        "hls": 0,
        "lastcheckok": 1,
        "lastchecktime": "2023-04-08 02:47:27",
        "lastchecktime_iso8601": "2023-04-08T02:47:27Z",
        "lastcheckoktime": "2023-04-08 02:47:27",
        "lastcheckoktime_iso8601": "2023-04-08T02:47:27Z",
        "lastlocalchecktime": "2023-04-07 18:06:39",
        "lastlocalchecktime_iso8601": "2023-04-07T18:06:39Z",
        "clicktimestamp": "2023-04-06 20:01:33",
        "clicktimestamp_iso8601": "2023-04-06T20:01:33Z",
        "clickcount": 14,
        "clicktrend": -1,
        "ssl_error": 0,
        "geo_lat": null,
        "geo_long": null,
        "has_extended_info": false
    },
    {
        "changeuuid": "612a306e-63a3-43b0-995b-beefa347cc38",
        "stationuuid": "0c361d22-df9e-4e94-a731-98d231aba85a",
        "serveruuid": "d306f91b-8b2d-4c70-bf1b-16445e2adad2",
        "name": ". Islam call ",
        "url": "https://n0c.radiojar.com/59096z743d0uv?rj-ttl=5&rj-tok=AAABhd07tHIAJ2GRl2KNynaKow",
        "url_resolved": "http://n0c.radiojar.com/59096z743d0uv?rj-ttl=5&rj-tok=AAABh2Es9FwA7MDshG2mX533sA",
        "homepage": "",
        "favicon": "https://yt3.googleusercontent.com/g7QLQFSQFZyGLz-IHCxjLEl7hEU8_-5KwZufvkeyqvvYORHEB3QxUZGaRmWjbC2Ewe7QGk8L5A=s900-c-k-c0x00ffffff-no-rj",
        "tags": "classical",
        "country": "Qatar",
        "countrycode": "QA",
        "iso_3166_2": null,
        "state": "",
        "language": "",
        "languagecodes": "",
        "votes": 55,
        "lastchangetime": "2023-01-23 06:13:40",
        "lastchangetime_iso8601": "2023-01-23T06:13:40Z",
        "codec": "MP3",
        "bitrate": 0,
        "hls": 0,
        "lastcheckok": 1,
        "lastchecktime": "2023-04-08 13:54:55",
        "lastchecktime_iso8601": "2023-04-08T13:54:55Z",
        "lastcheckoktime": "2023-04-08 13:54:55",
        "lastcheckoktime_iso8601": "2023-04-08T13:54:55Z",
        "lastlocalchecktime": "2023-04-08 09:01:22",
        "lastlocalchecktime_iso8601": "2023-04-08T09:01:22Z",
        "clicktimestamp": "2023-04-07 07:16:53",
        "clicktimestamp_iso8601": "2023-04-07T07:16:53Z",
        "clickcount": 21,
        "clicktrend": -1,
        "ssl_error": 0,
        "geo_lat": null,
        "geo_long": null,
        "has_extended_info": false
    },
    {
        "changeuuid": "2c224bf3-f129-4e53-8881-f2e49c882f2a",
        "stationuuid": "1fa92b08-2a90-42e8-bb55-bc3172050714",
        "serveruuid": "2d9b7e0f-5900-4035-8074-534304b05b99",
        "name": "ORYX Radio FM",
        "url": "https://qmclivestreaming.qa/ORYX/myStream/Playlist.m3u8",
        "url_resolved": "https://qmclivestreaming.qa/ORYX/myStream/Playlist.m3u8",
        "homepage": "https://www.oryxradio.qa/",
        "favicon": "https://www.oryxradio.qa/assets/images/favicon.png",
        "tags": "",
        "country": "Qatar",
        "countrycode": "QA",
        "iso_3166_2": null,
        "state": "",
        "language": "arabic,english,french",
        "languagecodes": "ar,en,fr",
        "votes": 49,
        "lastchangetime": "2022-11-13 23:56:48",
        "lastchangetime_iso8601": "2022-11-13T23:56:48Z",
        "codec": "AAC",
        "bitrate": 206,
        "hls": 1,
        "lastcheckok": 1,
        "lastchecktime": "2023-04-08 09:23:58",
        "lastchecktime_iso8601": "2023-04-08T09:23:58Z",
        "lastcheckoktime": "2023-04-08 09:23:58",
        "lastcheckoktime_iso8601": "2023-04-08T09:23:58Z",
        "lastlocalchecktime": "2023-04-08 09:23:58",
        "lastlocalchecktime_iso8601": "2023-04-08T09:23:58Z",
        "clicktimestamp": "2023-04-07 07:16:47",
        "clicktimestamp_iso8601": "2023-04-07T07:16:47Z",
        "clickcount": 26,
        "clicktrend": -5,
        "ssl_error": 1,
        "geo_lat": null,
        "geo_long": null,
        "has_extended_info": false
    },
    {
        "changeuuid": "97c25fea-22ee-428c-befa-9badfaa87c9e",
        "stationuuid": "01d6bde1-e8cb-47f9-b8de-998ceace088d",
        "serveruuid": "c6a44553-dd16-45e9-9b08-65ef445113c5",
        "name": "\u0625\u0630\u0627\u0639\u0629 \u0637\u0631\u064a\u0642 \u0627\u0644\u0633\u0644\u0641\n\n",
        "url": "https://airtime.salafwayfm.ly/",
        "url_resolved": "https://airtime.salafwayfm.ly/",
        "homepage": "",
        "favicon": "",
        "tags": "classical",
        "country": "Qatar",
        "countrycode": "QA",
        "iso_3166_2": null,
        "state": "",
        "language": "",
        "languagecodes": "",
        "votes": 47,
        "lastchangetime": "2023-02-24 15:58:44",
        "lastchangetime_iso8601": "2023-02-24T15:58:44Z",
        "codec": "MP3",
        "bitrate": 128,
        "hls": 0,
        "lastcheckok": 1,
        "lastchecktime": "2023-04-07 17:38:26",
        "lastchecktime_iso8601": "2023-04-07T17:38:26Z",
        "lastcheckoktime": "2023-04-07 17:38:26",
        "lastcheckoktime_iso8601": "2023-04-07T17:38:26Z",
        "lastlocalchecktime": "2023-04-07 17:38:26",
        "lastlocalchecktime_iso8601": "2023-04-07T17:38:26Z",
        "clicktimestamp": "2023-04-07 07:16:56",
        "clicktimestamp_iso8601": "2023-04-07T07:16:56Z",
        "clickcount": 20,
        "clicktrend": -1,
        "ssl_error": 0,
        "geo_lat": null,
        "geo_long": null,
        "has_extended_info": false
    },
    {
        "changeuuid": "af89763e-1a99-4359-843b-96fcc02daeca",
        "stationuuid": "55b90391-3c07-4b01-8ae4-73d073158ddf",
        "serveruuid": "2d9b7e0f-5900-4035-8074-534304b05b99",
        "name": "Qatar Broadcasting Station (QBS)",
        "url": "https://qmclivestreaming.qa/QBS/myStream/Playlist.m3u8",
        "url_resolved": "https://qmclivestreaming.qa/QBS/myStream/Playlist.m3u8",
        "homepage": "https://www.qbsradio.qa/",
        "favicon": "",
        "tags": "",
        "country": "Qatar",
        "countrycode": "QA",
        "iso_3166_2": null,
        "state": "",
        "language": "english",
        "languagecodes": "en",
        "votes": 41,
        "lastchangetime": "2022-05-15 20:00:34",
        "lastchangetime_iso8601": "2022-05-15T20:00:34Z",
        "codec": "AAC",
        "bitrate": 208,
        "hls": 1,
        "lastcheckok": 1,
        "lastchecktime": "2023-04-08 11:11:10",
        "lastchecktime_iso8601": "2023-04-08T11:11:10Z",
        "lastcheckoktime": "2023-04-08 11:11:10",
        "lastcheckoktime_iso8601": "2023-04-08T11:11:10Z",
        "lastlocalchecktime": "2023-04-08 11:11:10",
        "lastlocalchecktime_iso8601": "2023-04-08T11:11:10Z",
        "clicktimestamp": "2023-04-08 02:55:22",
        "clicktimestamp_iso8601": "2023-04-08T02:55:22Z",
        "clickcount": 31,
        "clicktrend": 4,
        "ssl_error": 1,
        "geo_lat": 25.397643969115155,
        "geo_long": 51.46406532885099,
        "has_extended_info": false
    },
    {
        "changeuuid": "740548c1-c3d3-4351-a2a4-a10ab4773c3d",
        "stationuuid": "cc523bb7-3789-4fa6-a52a-84bbcb9d79b8",
        "serveruuid": "23d8178f-4867-4d3b-ad10-8599a46ec7bb",
        "name": ".. \u0645\u062e\u062a\u0635\u0631 \u0627\u0644\u062a\u0641\u0633\u064a\u0631 ",
        "url": "https://qurango.net/radio/mukhtasartafsir",
        "url_resolved": "https://qurango.net/radio/mukhtasartafsir",
        "homepage": "",
        "favicon": "",
        "tags": "classical",
        "country": "Qatar",
        "countrycode": "QA",
        "iso_3166_2": null,
        "state": "",
        "language": "",
        "languagecodes": "",
        "votes": 40,
        "lastchangetime": "2023-01-23 12:20:05",
        "lastchangetime_iso8601": "2023-01-23T12:20:05Z",
        "codec": "MP3",
        "bitrate": 128,
        "hls": 0,
        "lastcheckok": 1,
        "lastchecktime": "2023-04-08 10:57:23",
        "lastchecktime_iso8601": "2023-04-08T10:57:23Z",
        "lastcheckoktime": "2023-04-08 10:57:23",
        "lastcheckoktime_iso8601": "2023-04-08T10:57:23Z",
        "lastlocalchecktime": "2023-04-08 10:57:23",
        "lastlocalchecktime_iso8601": "2023-04-08T10:57:23Z",
        "clicktimestamp": "2023-04-07 20:54:24",
        "clicktimestamp_iso8601": "2023-04-07T20:54:24Z",
        "clickcount": 12,
        "clicktrend": 1,
        "ssl_error": 0,
        "geo_lat": null,
        "geo_long": null,
        "has_extended_info": false
    },
    {
        "changeuuid": "afac79f5-7876-4997-acd6-65a6180dcac3",
        "stationuuid": "4aeccada-2c4a-45cf-8572-c9d4349238df",
        "serveruuid": "23d8178f-4867-4d3b-ad10-8599a46ec7bb",
        "name": ". \u0627\u0644\u0642\u0627\u0631\u0626 \u0645\u062d\u0645\u062f \u0623\u064a\u0648\u0628 ",
        "url": "https://qurango.net/radio/mohammed_ayyub",
        "url_resolved": "https://qurango.net/radio/mohammed_ayyub",
        "homepage": "",
        "favicon": "",
        "tags": "classical",
        "country": "Qatar",
        "countrycode": "QA",
        "iso_3166_2": null,
        "state": "",
        "language": "",
        "languagecodes": "",
        "votes": 35,
        "lastchangetime": "2023-01-28 07:17:08",
        "lastchangetime_iso8601": "2023-01-28T07:17:08Z",
        "codec": "MP3",
        "bitrate": 128,
        "hls": 0,
        "lastcheckok": 1,
        "lastchecktime": "2023-04-08 10:20:51",
        "lastchecktime_iso8601": "2023-04-08T10:20:51Z",
        "lastcheckoktime": "2023-04-08 10:20:51",
        "lastcheckoktime_iso8601": "2023-04-08T10:20:51Z",
        "lastlocalchecktime": "2023-04-07 17:43:28",
        "lastlocalchecktime_iso8601": "2023-04-07T17:43:28Z",
        "clicktimestamp": "2023-04-08 02:55:42",
        "clicktimestamp_iso8601": "2023-04-08T02:55:42Z",
        "clickcount": 12,
        "clicktrend": -1,
        "ssl_error": 0,
        "geo_lat": null,
        "geo_long": null,
        "has_extended_info": false
    },
    {
        "changeuuid": "c9a52b4b-6f96-486e-b621-e4e0ff9c18f1",
        "stationuuid": "5d9e440c-d634-4473-b56c-8f505ed33302",
        "serveruuid": "6a6edef4-335e-4d4d-a52d-7b58860f7714",
        "name": "aljazeera ",
        "url": "https://live-hls-web-aja.getaj.net/AJA/index.m3u8",
        "url_resolved": "https://live-hls-web-aja.getaj.net/AJA/index.m3u8",
        "homepage": "",
        "favicon": "",
        "tags": "classical",
        "country": "Qatar",
        "countrycode": "QA",
        "iso_3166_2": null,
        "state": "",
        "language": "",
        "languagecodes": "",
        "votes": 17,
        "lastchangetime": "2023-02-26 12:54:03",
        "lastchangetime_iso8601": "2023-02-26T12:54:03Z",
        "codec": "AAC,H.264",
        "bitrate": 6324,
        "hls": 1,
        "lastcheckok": 1,
        "lastchecktime": "2023-04-07 19:00:38",
        "lastchecktime_iso8601": "2023-04-07T19:00:38Z",
        "lastcheckoktime": "2023-04-07 19:00:38",
        "lastcheckoktime_iso8601": "2023-04-07T19:00:38Z",
        "lastlocalchecktime": "2023-04-07 19:00:38",
        "lastlocalchecktime_iso8601": "2023-04-07T19:00:38Z",
        "clicktimestamp": "2023-04-08 05:57:17",
        "clicktimestamp_iso8601": "2023-04-08T05:57:17Z",
        "clickcount": 15,
        "clicktrend": 1,
        "ssl_error": 0,
        "geo_lat": null,
        "geo_long": null,
        "has_extended_info": false
    },
    {
        "changeuuid": "92200aff-1b08-44be-a6c7-10b488dbf6d6",
        "stationuuid": "a43cc3e4-961a-4aab-a3d1-8a96fde9ca43",
        "serveruuid": "d28a75f9-1a6e-4ecb-b225-3d5db199277e",
        "name": "Al Jazeera (English)",
        "url": "http://live-hls-web-aje.getaj.net/AJE/06.m3u8",
        "url_resolved": "http://live-hls-web-aje.getaj.net/AJE/06.m3u8",
        "homepage": "https://www.aljazeera.com/",
        "favicon": "https://upload.wikimedia.org/wikipedia/en/thumb/7/71/Aljazeera.svg/90px-Aljazeera.svg.png",
        "tags": "world news",
        "country": "Qatar",
        "countrycode": "QA",
        "iso_3166_2": null,
        "state": "",
        "language": "english",
        "languagecodes": "en",
        "votes": 9,
        "lastchangetime": "2023-10-15 20:23:18",
        "lastchangetime_iso8601": "2023-10-15T20:23:18Z",
        "codec": "UNKNOWN",
        "bitrate": 0,
        "hls": 1,
        "lastcheckok": 1,
        "lastchecktime": "2023-10-20 20:31:11",
        "lastchecktime_iso8601": "2023-10-20T20:31:11Z",
        "lastcheckoktime": "2023-10-20 20:31:11",
        "lastcheckoktime_iso8601": "2023-10-20T20:31:11Z",
        "lastlocalchecktime": "2023-10-20 20:20:38",
        "lastlocalchecktime_iso8601": "2023-10-20T20:20:38Z",
        "clicktimestamp": "2023-10-21 08:39:08",
        "clicktimestamp_iso8601": "2023-10-21T08:39:08Z",
        "clickcount": 41,
        "clicktrend": -1,
        "ssl_error": 0,
        "geo_lat": 25.279222362939844,
        "geo_long": 51.52725219726563,
        "has_extended_info": false
    },
    {
        "changeuuid": "59fac8f4-9ef6-47ee-ade0-c3a38e36fff6",
        "stationuuid": "573ca1a2-58db-4a87-ab93-d86906f715dc",
        "serveruuid": "d28a75f9-1a6e-4ecb-b225-3d5db199277e",
        "name": "Al Jazeeera (English)",
        "url": "http://live-hls-web-aje.getaj.net/AJE/06.m3u8",
        "url_resolved": "http://live-hls-web-aje.getaj.net/AJE/06.m3u8",
        "homepage": "https://www.aljazeera.com/",
        "favicon": "https://upload.wikimedia.org/wikipedia/en/thumb/7/71/Aljazeera.svg/90px-Aljazeera.svg.png",
        "tags": "world news",
        "country": "Qatar",
        "countrycode": "QA",
        "iso_3166_2": null,
        "state": "",
        "language": "english",
        "languagecodes": "en",
        "votes": 5,
        "lastchangetime": "2023-10-15 20:23:18",
        "lastchangetime_iso8601": "2023-10-15T20:23:18Z",
        "codec": "UNKNOWN",
        "bitrate": 0,
        "hls": 1,
        "lastcheckok": 1,
        "lastchecktime": "2023-10-20 20:25:56",
        "lastchecktime_iso8601": "2023-10-20T20:25:56Z",
        "lastcheckoktime": "2023-10-20 20:25:56",
        "lastcheckoktime_iso8601": "2023-10-20T20:25:56Z",
        "lastlocalchecktime": "2023-10-20 20:15:19",
        "lastlocalchecktime_iso8601": "2023-10-20T20:15:19Z",
        "clicktimestamp": "2023-10-20 18:13:17",
        "clicktimestamp_iso8601": "2023-10-20T18:13:17Z",
        "clickcount": 28,
        "clicktrend": -3,
        "ssl_error": 0,
        "geo_lat": 25.27425513651031,
        "geo_long": 51.51763916015626,
        "has_extended_info": false
    }
]