[
    {
        "changeuuid": "0e6bdb95-791e-435b-b8b6-c7bbda335ce0",
        "stationuuid": "879907df-654a-4a72-989e-b968ab51e818",
        "serveruuid": "a3bac5e7-cec0-4d79-8aa8-6cb0e77d00d8",
        "name": "R\u00e9union La 1\u00e8re",
        "url": "https://reunion.ice.infomaniak.ch/reunion-128.mp3",
        "url_resolved": "https://reunion.ice.infomaniak.ch/reunion-128.mp3",
        "homepage": "https://la1ere.francetvinfo.fr/reunion/",
        "favicon": "",
        "tags": "french overseas,public radio",
        "country": "Reunion",
        "countrycode": "RE",
        "iso_3166_2": null,
        "state": "",
        "language": "creole,french",
        "languagecodes": "fr",
        "votes": 1347,
        "lastchangetime": "2022-08-27 02:13:37",
        "lastchangetime_iso8601": "2022-08-27T02:13:37Z",
        "codec": "MP3",
        "bitrate": 128,
        "hls": 0,
        "lastcheckok": 1,
        "lastchecktime": "2023-04-08 11:24:04",
        "lastchecktime_iso8601": "2023-04-08T11:24:04Z",
        "lastcheckoktime": "2023-04-08 11:24:04",
        "lastcheckoktime_iso8601": "2023-04-08T11:24:04Z",
        "lastlocalchecktime": "2023-04-08 11:24:04",
        "lastlocalchecktime_iso8601": "2023-04-08T11:24:04Z",
        "clicktimestamp": "2023-04-08 06:36:25",
        "clicktimestamp_iso8601": "2023-04-08T06:36:25Z",
        "clickcount": 63,
        "clicktrend": 1,
        "ssl_error": 0,
        "geo_lat": null,
        "geo_long": null,
        "has_extended_info": false
    },
    {
        "changeuuid": "dde14036-422f-4020-b084-3f58cfb93f64",
        "stationuuid": "1ab85d31-2540-11ea-aa0c-52543be04c81",
        "serveruuid": "f8183b65-d44d-49fb-ae70-26beccc818ca",
        "name": "RER Sport",
        "url": "http://rerreunion.ice.infomaniak.ch/rerreunion-64.aac",
        "url_resolved": "http://rerreunion.ice.infomaniak.ch/rerreunion-64.aac",
        "homepage": "http://www.rer.re/",
        "favicon": "",
        "tags": "",
        "country": "Reunion",
        "countrycode": "RE",
        "iso_3166_2": null,
        "state": "",
        "language": "french",
        "languagecodes": "fr",
        "votes": 574,
        "lastchangetime": "2022-03-29 09:49:57",
        "lastchangetime_iso8601": "2022-03-29T09:49:57Z",
        "codec": "AAC+",
        "bitrate": 64,
        "hls": 0,
        "lastcheckok": 1,
        "lastchecktime": "2023-04-08 09:13:55",
        "lastchecktime_iso8601": "2023-04-08T09:13:55Z",
        "lastcheckoktime": "2023-04-08 09:13:55",
        "lastcheckoktime_iso8601": "2023-04-08T09:13:55Z",
        "lastlocalchecktime": "2023-04-08 09:13:55",
        "lastlocalchecktime_iso8601": "2023-04-08T09:13:55Z",
        "clicktimestamp": "2023-04-08 12:08:03",
        "clicktimestamp_iso8601": "2023-04-08T12:08:03Z",
        "clickcount": 17,
        "clicktrend": 2,
        "ssl_error": 0,
        "geo_lat": null,
        "geo_long": null,
        "has_extended_info": false
    },
    {
        "changeuuid": "be3ec664-db7a-4fb9-b479-ddc470983404",
        "stationuuid": "4ee765c7-b132-4df5-a48a-4634c8dadfcf",
        "serveruuid": "a2cfe0a0-7245-4758-9154-e964d36dbeb8",
        "name": "Radio Babouk",
        "url": "https://listen.radioking.com/radio/244351/stream/288496",
        "url_resolved": "https://listen.radioking.com/radio/244351/stream/288496",
        "homepage": "https://www.lafriche974.com/radio-babouk",
        "favicon": "https://static.wixstatic.com/media/3dc804_add6b2f86b75418d97babe2007a702b2%7emv2.png/v1/fill/w_32%2ch_32%2clg_1%2cusm_0.66_1.00_0.01/3dc804_add6b2f86b75418d97babe2007a702b2%7emv2.png",
        "tags": "",
        "country": "Reunion",
        "countrycode": "RE",
        "iso_3166_2": null,
        "state": "",
        "language": "french",
        "languagecodes": "fr",
        "votes": 100,
        "lastchangetime": "2022-03-28 12:39:31",
        "lastchangetime_iso8601": "2022-03-28T12:39:31Z",
        "codec": "MP3",
        "bitrate": 128,
        "hls": 0,
        "lastcheckok": 1,
        "lastchecktime": "2023-04-08 09:59:25",
        "lastchecktime_iso8601": "2023-04-08T09:59:25Z",
        "lastcheckoktime": "2023-04-08 09:59:25",
        "lastcheckoktime_iso8601": "2023-04-08T09:59:25Z",
        "lastlocalchecktime": "2023-04-08 09:59:25",
        "lastlocalchecktime_iso8601": "2023-04-08T09:59:25Z",
        "clicktimestamp": "2023-04-08 06:37:08",
        "clicktimestamp_iso8601": "2023-04-08T06:37:08Z",
        "clickcount": 18,
        "clicktrend": 1,
        "ssl_error": 0,
        "geo_lat": -20.93373452043311,
        "geo_long": 55.29077580544272,
        "has_extended_info": false
    },
    {
        "changeuuid": "6d5ec4f2-2688-4bf2-b63e-a399c3943450",
        "stationuuid": "5a7ce3e3-11c3-4ba6-8428-13c5b2faf649",
        "serveruuid": "a2cfe0a0-7245-4758-9154-e964d36dbeb8",
        "name": "Konect Radio",
        "url": "https://listen.radioking.com/radio/129973/stream/169819",
        "url_resolved": "https://listen.radioking.com/radio/129973/stream/169819",
        "homepage": "https://konect.re/",
        "favicon": "",
        "tags": "",
        "country": "Reunion",
        "countrycode": "RE",
        "iso_3166_2": null,
        "state": "",
        "language": "french",
        "languagecodes": "fr",
        "votes": 73,
        "lastchangetime": "2022-03-28 10:02:44",
        "lastchangetime_iso8601": "2022-03-28T10:02:44Z",
        "codec": "MP3",
        "bitrate": 128,
        "hls": 0,
        "lastcheckok": 1,
        "lastchecktime": "2023-04-08 05:18:59",
        "lastchecktime_iso8601": "2023-04-08T05:18:59Z",
        "lastcheckoktime": "2023-04-08 05:18:59",
        "lastcheckoktime_iso8601": "2023-04-08T05:18:59Z",
        "lastlocalchecktime": "2023-04-07 16:19:40",
        "lastlocalchecktime_iso8601": "2023-04-07T16:19:40Z",
        "clicktimestamp": "2023-04-08 06:37:13",
        "clicktimestamp_iso8601": "2023-04-08T06:37:13Z",
        "clickcount": 8,
        "clicktrend": 1,
        "ssl_error": 0,
        "geo_lat": -21.32641341900401,
        "geo_long": 55.60752088112483,
        "has_extended_info": false
    },
    {
        "changeuuid": "0f10a758-7070-432c-ab42-ce1a3b5e5249",
        "stationuuid": "f81735cc-873c-4d86-9fb0-5232f52064f7",
        "serveruuid": "e774d4e0-0435-4688-b32b-9cbc6061d087",
        "name": "NRJ R\u00e9union 100,0 FM",
        "url": "http://cdn.nrjaudio.fm/adwz1/fr_re/55759/mp3_128.mp3",
        "url_resolved": "http://185.52.127.131/fr_re/55759/mp3_128.mp3?adws_out_a2&access_token=287e2af1b9b5440289be0925f03ba3f9",
        "homepage": "https://www.nrj.re/",
        "favicon": "https://static.wixstatic.com/media/21ae91_b17592cfda5145dcaa7d877132c0124c%7emv2.png/v1/fill/w_32%2ch_32%2clg_1%2cusm_0.66_1.00_0.01/21ae91_b17592cfda5145dcaa7d877132c0124c%7emv2.png",
        "tags": "pop",
        "country": "Reunion",
        "countrycode": "RE",
        "iso_3166_2": null,
        "state": "",
        "language": "",
        "languagecodes": "",
        "votes": 58,
        "lastchangetime": "2022-09-01 07:56:45",
        "lastchangetime_iso8601": "2022-09-01T07:56:45Z",
        "codec": "MP3",
        "bitrate": 128,
        "hls": 0,
        "lastcheckok": 1,
        "lastchecktime": "2023-04-07 20:28:55",
        "lastchecktime_iso8601": "2023-04-07T20:28:55Z",
        "lastcheckoktime": "2023-04-07 20:28:55",
        "lastcheckoktime_iso8601": "2023-04-07T20:28:55Z",
        "lastlocalchecktime": "2023-04-07 20:28:55",
        "lastlocalchecktime_iso8601": "2023-04-07T20:28:55Z",
        "clicktimestamp": "2023-04-08 06:36:48",
        "clicktimestamp_iso8601": "2023-04-08T06:36:48Z",
        "clickcount": 16,
        "clicktrend": -3,
        "ssl_error": 0,
        "geo_lat": null,
        "geo_long": null,
        "has_extended_info": false
    },
    {
        "changeuuid": "47cc9eef-932e-4d90-8de5-f803611fdfa4",
        "stationuuid": "f8c5d6a3-e29f-48f2-b4b4-6d0033ce9837",
        "serveruuid": "d0fac95c-b949-4963-8703-538b7374d543",
        "name": "louange radio ",
        "url": "https://radio13.pro-fhi.net:19079/",
        "url_resolved": "https://radio13.pro-fhi.net:19079/",
        "homepage": "",
        "favicon": "",
        "tags": "international",
        "country": "Reunion",
        "countrycode": "RE",
        "iso_3166_2": null,
        "state": "",
        "language": "",
        "languagecodes": "",
        "votes": 2,
        "lastchangetime": "2023-06-25 14:51:11",
        "lastchangetime_iso8601": "2023-06-25T14:51:11Z",
        "codec": "MP3",
        "bitrate": 320,
        "hls": 0,
        "lastcheckok": 1,
        "lastchecktime": "2023-07-09 07:15:41",
        "lastchecktime_iso8601": "2023-07-09T07:15:41Z",
        "lastcheckoktime": "2023-07-09 07:15:41",
        "lastcheckoktime_iso8601": "2023-07-09T07:15:41Z",
        "lastlocalchecktime": "2023-07-09 07:15:41",
        "lastlocalchecktime_iso8601": "2023-07-09T07:15:41Z",
        "clicktimestamp": "2023-07-04 04:14:02",
        "clicktimestamp_iso8601": "2023-07-04T04:14:02Z",
        "clickcount": 4,
        "clicktrend": 0,
        "ssl_error": 0,
        "geo_lat": null,
        "geo_long": null,
        "has_extended_info": false
    },
    {
        "changeuuid": "702cbf39-4b12-4646-8c6f-3e3894776f22",
        "stationuuid": "f7b6e483-5936-42b0-a1aa-48adccd75d58",
        "serveruuid": "d0fac95c-b949-4963-8703-538b7374d543",
        "name": "louange radio ",
        "url": "https://radio13.pro-fhi.net:19079/",
        "url_resolved": "https://radio13.pro-fhi.net:19079/",
        "homepage": "",
        "favicon": "",
        "tags": "international",
        "country": "Reunion",
        "countrycode": "RE",
        "iso_3166_2": null,
        "state": "",
        "language": "",
        "languagecodes": "",
        "votes": 1,
        "lastchangetime": "2023-06-25 14:51:25",
        "lastchangetime_iso8601": "2023-06-25T14:51:25Z",
        "codec": "MP3",
        "bitrate": 320,
        "hls": 0,
        "lastcheckok": 1,
        "lastchecktime": "2023-07-08 20:25:57",
        "lastchecktime_iso8601": "2023-07-08T20:25:57Z",
        "lastcheckoktime": "2023-07-08 20:25:57",
        "lastcheckoktime_iso8601": "2023-07-08T20:25:57Z",
        "lastlocalchecktime": "2023-07-08 20:25:57",
        "lastlocalchecktime_iso8601": "2023-07-08T20:25:57Z",
        "clicktimestamp": "2023-07-04 04:10:00",
        "clicktimestamp_iso8601": "2023-07-04T04:10:00Z",
        "clickcount": 3,
        "clicktrend": 0,
        "ssl_error": 0,
        "geo_lat": null,
        "geo_long": null,
        "has_extended_info": false
    }
]