[
    {
        "changeuuid": "064b3fd3-a537-4388-a407-1c4538ed9f9a",
        "stationuuid": "9644efa9-0601-11e8-ae97-52543be04c81",
        "serveruuid": "f63af35b-666e-4042-a821-7c24a822b6e6",
        "name": "\u0625\u0630\u0627\u0639\u0629 \u0627\u0644\u0633\u0646\u0629",
        "url": "http://andromeda.shoutca.st:8189/live",
        "url_resolved": "http://andromeda.shoutca.st:8189/live",
        "homepage": "http://www.radiosunna.com/",
        "favicon": "",
        "tags": "",
        "country": "Saudi Arabia",
        "countrycode": "SA",
        "iso_3166_2": null,
        "state": "Riyadh",
        "language": "arabic",
        "languagecodes": "ar",
        "votes": 3111,
        "lastchangetime": "2022-08-28 06:30:18",
        "lastchangetime_iso8601": "2022-08-28T06:30:18Z",
        "codec": "MP3",
        "bitrate": 32,
        "hls": 0,
        "lastcheckok": 1,
        "lastchecktime": "2023-04-08 04:18:15",
        "lastchecktime_iso8601": "2023-04-08T04:18:15Z",
        "lastcheckoktime": "2023-04-08 04:18:15",
        "lastcheckoktime_iso8601": "2023-04-08T04:18:15Z",
        "lastlocalchecktime": "2023-04-07 20:28:55",
        "lastlocalchecktime_iso8601": "2023-04-07T20:28:55Z",
        "clicktimestamp": "2023-04-08 14:23:42",
        "clicktimestamp_iso8601": "2023-04-08T14:23:42Z",
        "clickcount": 121,
        "clicktrend": 5,
        "ssl_error": 0,
        "geo_lat": null,
        "geo_long": null,
        "has_extended_info": false
    },
    {
        "changeuuid": "79e53b24-df4d-4a81-9f80-d120f7bd3e9f",
        "stationuuid": "9645ad42-0601-11e8-ae97-52543be04c81",
        "serveruuid": "3a176588-5393-4c87-8698-983d96438915",
        "name": "Rotana FM",
        "url": "http://curiosity.shoutca.st:6035/;",
        "url_resolved": "http://curiosity.shoutca.st:6035/;",
        "homepage": "http://rotana.net/",
        "favicon": "http://rotana.net/apple-icon-120x120.png",
        "tags": "",
        "country": "Saudi Arabia",
        "countrycode": "SA",
        "iso_3166_2": null,
        "state": "Riyadh",
        "language": "arabic",
        "languagecodes": "ar",
        "votes": 2812,
        "lastchangetime": "2022-09-29 05:04:57",
        "lastchangetime_iso8601": "2022-09-29T05:04:57Z",
        "codec": "MP3",
        "bitrate": 128,
        "hls": 0,
        "lastcheckok": 1,
        "lastchecktime": "2023-04-08 09:01:22",
        "lastchecktime_iso8601": "2023-04-08T09:01:22Z",
        "lastcheckoktime": "2023-04-08 09:01:22",
        "lastcheckoktime_iso8601": "2023-04-08T09:01:22Z",
        "lastlocalchecktime": "2023-04-08 09:01:22",
        "lastlocalchecktime_iso8601": "2023-04-08T09:01:22Z",
        "clicktimestamp": "2023-04-08 13:05:45",
        "clicktimestamp_iso8601": "2023-04-08T13:05:45Z",
        "clickcount": 203,
        "clicktrend": 7,
        "ssl_error": 0,
        "geo_lat": null,
        "geo_long": null,
        "has_extended_info": false
    },
    {
        "changeuuid": "cce7fa91-810e-42cc-aafa-d61a68a777a2",
        "stationuuid": "89334c01-1690-4fb9-bb6c-ef7f12328fee",
        "serveruuid": "8a307ed8-3cb5-49cd-91c3-18a4e7ef8461",
        "name": "Annahj - Islam Arabic - \u0625\u0630\u0627\u0639\u0629 \u0627\u0644\u0646\u0647\u062c \u0627\u0644\u0648\u0627\u0636\u062d",
        "url": "https://node33.obviousapproach.com:9000/stream",
        "url_resolved": "https://node33.obviousapproach.com:9000/stream",
        "homepage": "https://ar.alnahj.net/radio/annahj-alwadeeh",
        "favicon": "",
        "tags": "bahrain,hadith,islam,islamic,kuwait,musica romantica,qatar,quran,salafi,salafy,saudi,sunnah,uae",
        "country": "Saudi Arabia",
        "countrycode": "SA",
        "iso_3166_2": null,
        "state": "Makkah",
        "language": "arabic",
        "languagecodes": "ar",
        "votes": 2272,
        "lastchangetime": "2022-05-04 15:37:48",
        "lastchangetime_iso8601": "2022-05-04T15:37:48Z",
        "codec": "MP3",
        "bitrate": 32,
        "hls": 0,
        "lastcheckok": 1,
        "lastchecktime": "2023-04-08 05:29:11",
        "lastchecktime_iso8601": "2023-04-08T05:29:11Z",
        "lastcheckoktime": "2023-04-08 05:29:11",
        "lastcheckoktime_iso8601": "2023-04-08T05:29:11Z",
        "lastlocalchecktime": "2023-04-07 21:07:01",
        "lastlocalchecktime_iso8601": "2023-04-07T21:07:01Z",
        "clicktimestamp": "2023-04-08 13:29:59",
        "clicktimestamp_iso8601": "2023-04-08T13:29:59Z",
        "clickcount": 143,
        "clicktrend": -1,
        "ssl_error": 0,
        "geo_lat": null,
        "geo_long": null,
        "has_extended_info": false
    },
    {
        "changeuuid": "927c6743-2f0c-47bf-9f5b-e724aa44c4e8",
        "stationuuid": "07db2754-08c2-43f9-952d-7f96060c7088",
        "serveruuid": "4615540f-c0c1-4311-b149-74c48348e89b",
        "name": "\u0641\u062a\u0627\u0648\u0649 \u0627\u0644\u0634\u064a\u062e \u0627\u0628\u0646 \u0639\u062b\u064a\u0645\u064a\u0646",
        "url": "http://server2.quraan.us:9890/;*.mp3",
        "url_resolved": "http://server2.quraan.us:9890/;*.mp3",
        "homepage": "http://quraan.us/",
        "favicon": "http://quraan.us/favicon.ico",
        "tags": "\u0641\u062a\u0627\u0648\u064a",
        "country": "Saudi Arabia",
        "countrycode": "SA",
        "iso_3166_2": null,
        "state": "",
        "language": "arabic",
        "languagecodes": "ar",
        "votes": 1953,
        "lastchangetime": "2023-03-17 02:12:30",
        "lastchangetime_iso8601": "2023-03-17T02:12:30Z",
        "codec": "MP3",
        "bitrate": 128,
        "hls": 0,
        "lastcheckok": 1,
        "lastchecktime": "2023-04-08 11:15:09",
        "lastchecktime_iso8601": "2023-04-08T11:15:09Z",
        "lastcheckoktime": "2023-04-08 11:15:09",
        "lastcheckoktime_iso8601": "2023-04-08T11:15:09Z",
        "lastlocalchecktime": "2023-04-07 20:51:20",
        "lastlocalchecktime_iso8601": "2023-04-07T20:51:20Z",
        "clicktimestamp": "2023-04-08 13:08:05",
        "clicktimestamp_iso8601": "2023-04-08T13:08:05Z",
        "clickcount": 152,
        "clicktrend": 8,
        "ssl_error": 0,
        "geo_lat": null,
        "geo_long": null,
        "has_extended_info": false
    },
    {
        "changeuuid": "b716e9dc-c83b-4bf7-a662-723e7aaf4843",
        "stationuuid": "adab5f75-f0d6-44e6-9b67-f9bfcc1112bd",
        "serveruuid": "3bc56541-0643-4182-973c-0bfa2513f2a7",
        "name": "QURAN KAREEM",
        "url": "https://quraanfm-radio.mbc.net/quraanfm-radio.m3u8",
        "url_resolved": "https://quraanfm-radio.mbc.net/quraanfm-radio.m3u8",
        "homepage": "https://mbc.net/",
        "favicon": "https://mbc.net/.resources/mbclite-theme/webresources/assets/img/apple-touch-icon.png",
        "tags": "quran,religious",
        "country": "Saudi Arabia",
        "countrycode": "SA",
        "iso_3166_2": null,
        "state": "",
        "language": "arabic",
        "languagecodes": "ar",
        "votes": 1547,
        "lastchangetime": "2022-09-03 21:04:51",
        "lastchangetime_iso8601": "2022-09-03T21:04:51Z",
        "codec": "AAC+",
        "bitrate": 70,
        "hls": 1,
        "lastcheckok": 1,
        "lastchecktime": "2023-04-08 07:54:02",
        "lastchecktime_iso8601": "2023-04-08T07:54:02Z",
        "lastcheckoktime": "2023-04-08 07:54:02",
        "lastcheckoktime_iso8601": "2023-04-08T07:54:02Z",
        "lastlocalchecktime": "2023-04-08 07:54:02",
        "lastlocalchecktime_iso8601": "2023-04-08T07:54:02Z",
        "clicktimestamp": "2023-04-08 13:58:40",
        "clicktimestamp_iso8601": "2023-04-08T13:58:40Z",
        "clickcount": 368,
        "clicktrend": 11,
        "ssl_error": 0,
        "geo_lat": null,
        "geo_long": null,
        "has_extended_info": false
    },
    {
        "changeuuid": "6bb557cf-b5f2-4990-a735-c4a8fb79966c",
        "stationuuid": "075e5897-3bb9-4eaf-a418-ebdd7cba957e",
        "serveruuid": "e04441dd-cc40-432e-8248-ca700af8d81c",
        "name": "Al Arabiya FM",
        "url": "https://fm.alarabiya.net/fm/myStream/playlist.m3u8",
        "url_resolved": "https://fm.alarabiya.net/fm/myStream/playlist.m3u8",
        "homepage": "https://www.alarabiya.net/ar/fm",
        "favicon": "",
        "tags": "news",
        "country": "Saudi Arabia",
        "countrycode": "SA",
        "iso_3166_2": null,
        "state": "",
        "language": "arabic",
        "languagecodes": "ar",
        "votes": 1353,
        "lastchangetime": "2022-03-28 11:47:20",
        "lastchangetime_iso8601": "2022-03-28T11:47:20Z",
        "codec": "AAC",
        "bitrate": 128,
        "hls": 1,
        "lastcheckok": 1,
        "lastchecktime": "2023-04-08 05:03:47",
        "lastchecktime_iso8601": "2023-04-08T05:03:47Z",
        "lastcheckoktime": "2023-04-08 05:03:47",
        "lastcheckoktime_iso8601": "2023-04-08T05:03:47Z",
        "lastlocalchecktime": "2023-04-07 19:26:15",
        "lastlocalchecktime_iso8601": "2023-04-07T19:26:15Z",
        "clicktimestamp": "2023-04-08 13:52:27",
        "clicktimestamp_iso8601": "2023-04-08T13:52:27Z",
        "clickcount": 255,
        "clicktrend": 6,
        "ssl_error": 0,
        "geo_lat": null,
        "geo_long": null,
        "has_extended_info": false
    },
    {
        "changeuuid": "177ba9eb-0a8f-4d10-ad29-c43c17b9de2c",
        "stationuuid": "f483fc26-d6c7-4d16-8b81-03e4e8683643",
        "serveruuid": "3612ae90-c167-4114-be4b-1558ccfe6f9f",
        "name": "AlifAlif FM",
        "url": "https://alifalifjobs.com/radio/8000/AlifAlifLive.mp3",
        "url_resolved": "https://alifalifjobs.com/radio/8000/AlifAlifLive.mp3",
        "homepage": "https://www.alifaliffm.com/",
        "favicon": "https://alifaliffm.com/wp-content/uploads/2020/03/cropped-alifalif-logo-180x180.png",
        "tags": "",
        "country": "Saudi Arabia",
        "countrycode": "SA",
        "iso_3166_2": null,
        "state": "",
        "language": "arabic",
        "languagecodes": "ar",
        "votes": 1267,
        "lastchangetime": "2022-09-21 00:24:50",
        "lastchangetime_iso8601": "2022-09-21T00:24:50Z",
        "codec": "MP3",
        "bitrate": 128,
        "hls": 0,
        "lastcheckok": 1,
        "lastchecktime": "2023-04-08 12:58:37",
        "lastchecktime_iso8601": "2023-04-08T12:58:37Z",
        "lastcheckoktime": "2023-04-08 12:58:37",
        "lastcheckoktime_iso8601": "2023-04-08T12:58:37Z",
        "lastlocalchecktime": "2023-04-08 10:37:27",
        "lastlocalchecktime_iso8601": "2023-04-08T10:37:27Z",
        "clicktimestamp": "2023-04-08 14:18:13",
        "clicktimestamp_iso8601": "2023-04-08T14:18:13Z",
        "clickcount": 109,
        "clicktrend": 17,
        "ssl_error": 0,
        "geo_lat": null,
        "geo_long": null,
        "has_extended_info": false
    },
    {
        "changeuuid": "4625cc02-cba0-426f-8a27-8d439522acb7",
        "stationuuid": "9624b376-0601-11e8-ae97-52543be04c81",
        "serveruuid": "308d15f0-e3cc-4590-9bd9-d71038f75cf2",
        "name": "Saudi Aramco Studio 1 FM 94.1 Dharan",
        "url": "http://ice31.securenetsystems.net/STUDIO1",
        "url_resolved": "http://ice31.securenetsystems.net/STUDIO1",
        "homepage": "http://saudiaramco.com/",
        "favicon": "http://static.radio.net/images/broadcasts/a6/3c/41740/1/c300.png",
        "tags": "classic rock,dharan",
        "country": "Saudi Arabia",
        "countrycode": "SA",
        "iso_3166_2": null,
        "state": "Eastern Province",
        "language": "english",
        "languagecodes": "en",
        "votes": 1254,
        "lastchangetime": "2022-03-28 10:55:22",
        "lastchangetime_iso8601": "2022-03-28T10:55:22Z",
        "codec": "AAC+",
        "bitrate": 64,
        "hls": 0,
        "lastcheckok": 1,
        "lastchecktime": "2023-04-08 09:48:54",
        "lastchecktime_iso8601": "2023-04-08T09:48:54Z",
        "lastcheckoktime": "2023-04-08 09:48:54",
        "lastcheckoktime_iso8601": "2023-04-08T09:48:54Z",
        "lastlocalchecktime": "2023-04-08 09:48:54",
        "lastlocalchecktime_iso8601": "2023-04-08T09:48:54Z",
        "clicktimestamp": "2023-04-08 12:58:23",
        "clicktimestamp_iso8601": "2023-04-08T12:58:23Z",
        "clickcount": 67,
        "clicktrend": 7,
        "ssl_error": 0,
        "geo_lat": null,
        "geo_long": null,
        "has_extended_info": false
    },
    {
        "changeuuid": "7304460d-23d1-4adb-bd8d-c058bc3827a1",
        "stationuuid": "344e6e4e-a7b3-11e8-a8ed-52543be04c81",
        "serveruuid": "f63af35b-666e-4042-a821-7c24a822b6e6",
        "name": "RadioSunna",
        "url": "http://andromeda.shoutca.st:8189/stream",
        "url_resolved": "http://andromeda.shoutca.st:8189/stream",
        "homepage": "http://www.radiosunna.com/",
        "favicon": "",
        "tags": "arabic,islam,islamic,religion,religious,talk",
        "country": "Saudi Arabia",
        "countrycode": "SA",
        "iso_3166_2": null,
        "state": "Makkah",
        "language": "arabic",
        "languagecodes": "ar",
        "votes": 1191,
        "lastchangetime": "2022-08-30 21:08:15",
        "lastchangetime_iso8601": "2022-08-30T21:08:15Z",
        "codec": "MP3",
        "bitrate": 32,
        "hls": 0,
        "lastcheckok": 1,
        "lastchecktime": "2023-04-08 11:31:05",
        "lastchecktime_iso8601": "2023-04-08T11:31:05Z",
        "lastcheckoktime": "2023-04-08 11:31:05",
        "lastcheckoktime_iso8601": "2023-04-08T11:31:05Z",
        "lastlocalchecktime": "2023-04-08 11:31:05",
        "lastlocalchecktime_iso8601": "2023-04-08T11:31:05Z",
        "clicktimestamp": "2023-04-08 14:02:16",
        "clicktimestamp_iso8601": "2023-04-08T14:02:16Z",
        "clickcount": 54,
        "clicktrend": 6,
        "ssl_error": 0,
        "geo_lat": null,
        "geo_long": null,
        "has_extended_info": false
    },
    {
        "changeuuid": "0fa2b8a1-8f2e-4073-b9f6-1cde3e2de6ac",
        "stationuuid": "c3ce4dd9-875b-42e6-a667-0fa5feaad064",
        "serveruuid": "3eea598d-9db4-4294-ae67-efe5f33f4cde",
        "name": "\u0627\u0644\u0634\u064a\u062e \u0625\u062f\u0631\u064a\u0633 \u0623\u0628\u0643\u0631 \u0628\u0631\u0648\u0627\u064a\u0629 \u062d\u0641\u0635",
        "url": "http://server2.quraan.us:9300/;*.mp3",
        "url_resolved": "http://server2.quraan.us:9300/;*.mp3",
        "homepage": "http://quraan.us/",
        "favicon": "http://quraan.us/favicon.ico",
        "tags": "quran station,\u0627\u0644\u0642\u0631\u0622\u0646 \u0627\u0644\u0643\u0631\u064a\u0645",
        "country": "Saudi Arabia",
        "countrycode": "SA",
        "iso_3166_2": null,
        "state": "",
        "language": "arabic",
        "languagecodes": "ar",
        "votes": 921,
        "lastchangetime": "2022-12-21 13:46:41",
        "lastchangetime_iso8601": "2022-12-21T13:46:41Z",
        "codec": "MP3",
        "bitrate": 128,
        "hls": 0,
        "lastcheckok": 1,
        "lastchecktime": "2023-04-08 01:05:36",
        "lastchecktime_iso8601": "2023-04-08T01:05:36Z",
        "lastcheckoktime": "2023-04-08 01:05:36",
        "lastcheckoktime_iso8601": "2023-04-08T01:05:36Z",
        "lastlocalchecktime": "2023-04-07 17:06:28",
        "lastlocalchecktime_iso8601": "2023-04-07T17:06:28Z",
        "clicktimestamp": "2023-04-08 06:59:17",
        "clicktimestamp_iso8601": "2023-04-08T06:59:17Z",
        "clickcount": 66,
        "clicktrend": 3,
        "ssl_error": 0,
        "geo_lat": null,
        "geo_long": null,
        "has_extended_info": false
    },
    {
        "changeuuid": "7d1a038d-d565-4e37-bfbd-077224937d76",
        "stationuuid": "835c47a0-2326-410c-8782-6a2c453a7497",
        "serveruuid": "5f8b22a9-7d75-48b7-88fb-7f980857c07b",
        "name": "MBC FM",
        "url": "https://mbcfm-radio.mbc.net/mbcfm-radio.m3u8",
        "url_resolved": "https://mbcfm-radio.mbc.net/mbcfm-radio.m3u8",
        "homepage": "https://www.mbc.net/channels/mbc-fm",
        "favicon": "https://www.mbc.net/.resources/mbclite-theme/webresources/assets/img/apple-touch-icon.png",
        "tags": "",
        "country": "Saudi Arabia",
        "countrycode": "SA",
        "iso_3166_2": null,
        "state": "",
        "language": "arabic",
        "languagecodes": "ar",
        "votes": 883,
        "lastchangetime": "2022-05-15 20:00:34",
        "lastchangetime_iso8601": "2022-05-15T20:00:34Z",
        "codec": "AAC+",
        "bitrate": 70,
        "hls": 1,
        "lastcheckok": 1,
        "lastchecktime": "2023-04-08 08:33:00",
        "lastchecktime_iso8601": "2023-04-08T08:33:00Z",
        "lastcheckoktime": "2023-04-08 08:33:00",
        "lastcheckoktime_iso8601": "2023-04-08T08:33:00Z",
        "lastlocalchecktime": "2023-04-07 18:13:29",
        "lastlocalchecktime_iso8601": "2023-04-07T18:13:29Z",
        "clicktimestamp": "2023-04-08 13:33:16",
        "clicktimestamp_iso8601": "2023-04-08T13:33:16Z",
        "clickcount": 130,
        "clicktrend": 2,
        "ssl_error": 0,
        "geo_lat": null,
        "geo_long": null,
        "has_extended_info": false
    },
    {
        "changeuuid": "accfd36c-9ab7-4e6e-a332-45f7902521ca",
        "stationuuid": "270ced22-869e-4071-9dd4-53f43f778e0c",
        "serveruuid": "374b87ce-7d3d-4c4a-b864-fec2d4c34dcc",
        "name": "\u0627\u0644\u0634\u064a\u062e \u062a\u0648\u0641\u064a\u0642 \u0627\u0644\u0635\u0627\u064a\u063a \u0628\u0631\u0648\u0627\u064a\u0629 \u062d\u0641\u0635",
        "url": "http://quraan.us:9796/;*.mp3",
        "url_resolved": "http://quraan.us:9796/;*.mp3",
        "homepage": "http://quraan.us/",
        "favicon": "",
        "tags": "quran station,\u0627\u0644\u0642\u0631\u0622\u0646 \u0627\u0644\u0643\u0631\u064a\u0645",
        "country": "Saudi Arabia",
        "countrycode": "SA",
        "iso_3166_2": null,
        "state": "",
        "language": "arabic",
        "languagecodes": "ar",
        "votes": 859,
        "lastchangetime": "2023-02-13 02:43:02",
        "lastchangetime_iso8601": "2023-02-13T02:43:02Z",
        "codec": "MP3",
        "bitrate": 128,
        "hls": 0,
        "lastcheckok": 1,
        "lastchecktime": "2023-04-08 01:00:32",
        "lastchecktime_iso8601": "2023-04-08T01:00:32Z",
        "lastcheckoktime": "2023-04-08 01:00:32",
        "lastcheckoktime_iso8601": "2023-04-08T01:00:32Z",
        "lastlocalchecktime": "2023-04-07 14:36:56",
        "lastlocalchecktime_iso8601": "2023-04-07T14:36:56Z",
        "clicktimestamp": "2023-04-08 05:33:16",
        "clicktimestamp_iso8601": "2023-04-08T05:33:16Z",
        "clickcount": 52,
        "clicktrend": 1,
        "ssl_error": 0,
        "geo_lat": null,
        "geo_long": null,
        "has_extended_info": false
    },
    {
        "changeuuid": "38145b13-c000-4ae6-ada3-2a3dc191a15c",
        "stationuuid": "9624b446-0601-11e8-ae97-52543be04c81",
        "serveruuid": "308d15f0-e3cc-4590-9bd9-d71038f75cf2",
        "name": "Saudi Aramco Studio 2 FM 101.4 Dharan",
        "url": "http://ice31.securenetsystems.net/STUDIO2",
        "url_resolved": "http://ice31.securenetsystems.net/STUDIO2",
        "homepage": "http://saudiaramco.com/",
        "favicon": "http://saudiaramco.com/images/favicon/mstile-70x70.png",
        "tags": "classical,dharan,jazz,urban",
        "country": "Saudi Arabia",
        "countrycode": "SA",
        "iso_3166_2": null,
        "state": "Eastern Province",
        "language": "english",
        "languagecodes": "en",
        "votes": 834,
        "lastchangetime": "2022-03-28 10:14:58",
        "lastchangetime_iso8601": "2022-03-28T10:14:58Z",
        "codec": "AAC+",
        "bitrate": 64,
        "hls": 0,
        "lastcheckok": 1,
        "lastchecktime": "2023-04-08 10:19:01",
        "lastchecktime_iso8601": "2023-04-08T10:19:01Z",
        "lastcheckoktime": "2023-04-08 10:19:01",
        "lastcheckoktime_iso8601": "2023-04-08T10:19:01Z",
        "lastlocalchecktime": "2023-04-08 10:19:01",
        "lastlocalchecktime_iso8601": "2023-04-08T10:19:01Z",
        "clicktimestamp": "2023-04-08 05:33:40",
        "clicktimestamp_iso8601": "2023-04-08T05:33:40Z",
        "clickcount": 51,
        "clicktrend": 2,
        "ssl_error": 0,
        "geo_lat": null,
        "geo_long": null,
        "has_extended_info": false
    },
    {
        "changeuuid": "2fb32da5-1f8d-4bd5-a576-963127333af6",
        "stationuuid": "645a7aa9-bdf0-42ae-b8dd-240c717def23",
        "serveruuid": "72905375-aeea-49af-afa5-72684645719c",
        "name": "Quran 100 FM",
        "url": "http://m.live.net.sa:1935/live/quransa/playlist.m3u8",
        "url_resolved": "http://m.live.net.sa:1935/live/quransa/playlist.m3u8",
        "homepage": "",
        "favicon": "",
        "tags": "classical",
        "country": "Saudi Arabia",
        "countrycode": "SA",
        "iso_3166_2": null,
        "state": "",
        "language": "",
        "languagecodes": "",
        "votes": 800,
        "lastchangetime": "2021-08-06 08:36:45",
        "lastchangetime_iso8601": "2021-08-06T08:36:45Z",
        "codec": "AAC",
        "bitrate": 67,
        "hls": 1,
        "lastcheckok": 1,
        "lastchecktime": "2023-04-08 07:51:17",
        "lastchecktime_iso8601": "2023-04-08T07:51:17Z",
        "lastcheckoktime": "2023-04-08 07:51:17",
        "lastcheckoktime_iso8601": "2023-04-08T07:51:17Z",
        "lastlocalchecktime": "2023-04-07 18:20:47",
        "lastlocalchecktime_iso8601": "2023-04-07T18:20:47Z",
        "clicktimestamp": "2023-04-08 14:03:03",
        "clicktimestamp_iso8601": "2023-04-08T14:03:03Z",
        "clickcount": 331,
        "clicktrend": 1,
        "ssl_error": 0,
        "geo_lat": null,
        "geo_long": null,
        "has_extended_info": false
    },
    {
        "changeuuid": "1d39ffba-633e-4ca4-ae68-9d2cd0db96a5",
        "stationuuid": "e914900b-c469-4909-91b7-e7926606ada9",
        "serveruuid": "23d8178f-4867-4d3b-ad10-8599a46ec7bb",
        "name": "\u062a\u0641\u0633\u064a\u0631 \u0627\u0644\u0642\u0631\u0622\u0646 \u0627\u0644\u0643\u0631\u064a\u0645 ",
        "url": "https://qurango.net/radio/tafseer",
        "url_resolved": "https://qurango.net/radio/tafseer",
        "homepage": "",
        "favicon": "",
        "tags": "classical",
        "country": "Saudi Arabia",
        "countrycode": "SA",
        "iso_3166_2": null,
        "state": "",
        "language": "",
        "languagecodes": "",
        "votes": 705,
        "lastchangetime": "2022-01-13 07:56:33",
        "lastchangetime_iso8601": "2022-01-13T07:56:33Z",
        "codec": "MP3",
        "bitrate": 128,
        "hls": 0,
        "lastcheckok": 1,
        "lastchecktime": "2023-04-08 01:31:02",
        "lastchecktime_iso8601": "2023-04-08T01:31:02Z",
        "lastcheckoktime": "2023-04-08 01:31:02",
        "lastcheckoktime_iso8601": "2023-04-08T01:31:02Z",
        "lastlocalchecktime": "2023-04-07 17:47:51",
        "lastlocalchecktime_iso8601": "2023-04-07T17:47:51Z",
        "clicktimestamp": "2023-04-08 06:59:50",
        "clicktimestamp_iso8601": "2023-04-08T06:59:50Z",
        "clickcount": 69,
        "clicktrend": 2,
        "ssl_error": 0,
        "geo_lat": null,
        "geo_long": null,
        "has_extended_info": false
    },
    {
        "changeuuid": "4ea17de9-50c4-476d-a60a-982d376073a8",
        "stationuuid": "e4120f3d-ff45-4bfb-a6fd-2746bd00db64",
        "serveruuid": "23d8178f-4867-4d3b-ad10-8599a46ec7bb",
        "name": "Mp3Quran Tarateel",
        "url": "https://qurango.net/radio/tarateel",
        "url_resolved": "https://qurango.net/radio/tarateel",
        "homepage": "https://www.mp3quran.net/",
        "favicon": "https://www.mp3quran.net/favicon.ico",
        "tags": "",
        "country": "Saudi Arabia",
        "countrycode": "SA",
        "iso_3166_2": null,
        "state": "",
        "language": "",
        "languagecodes": "",
        "votes": 691,
        "lastchangetime": "2022-02-11 19:34:47",
        "lastchangetime_iso8601": "2022-02-11T19:34:47Z",
        "codec": "MP3",
        "bitrate": 128,
        "hls": 0,
        "lastcheckok": 1,
        "lastchecktime": "2023-04-08 07:56:20",
        "lastchecktime_iso8601": "2023-04-08T07:56:20Z",
        "lastcheckoktime": "2023-04-08 07:56:20",
        "lastcheckoktime_iso8601": "2023-04-08T07:56:20Z",
        "lastlocalchecktime": "2023-04-07 17:10:24",
        "lastlocalchecktime_iso8601": "2023-04-07T17:10:24Z",
        "clicktimestamp": "2023-04-08 13:06:04",
        "clicktimestamp_iso8601": "2023-04-08T13:06:04Z",
        "clickcount": 98,
        "clicktrend": 5,
        "ssl_error": 0,
        "geo_lat": null,
        "geo_long": null,
        "has_extended_info": false
    },
    {
        "changeuuid": "65f38f39-a45d-41c2-a6fa-53dab49ec6e4",
        "stationuuid": "4a493415-8a86-434c-a09b-44183d1e89e4",
        "serveruuid": "3f0d7218-bbaa-40c6-af51-8d1f29b07361",
        "name": "\u0642\u0646\u0627\u0629 \u0627\u0644\u0642\u0631\u0622\u0646 \u0627\u0644\u0643\u0631\u064a\u0645 \u0627\u0644\u0633\u0639\u0648\u062f\u064a\u0629 ",
        "url": "http://mediaserver2.islamicity.com:8000/SaudiTVArabic",
        "url_resolved": "http://mediaserver2.islamicity.com:8000/SaudiTVArabic",
        "homepage": "",
        "favicon": "",
        "tags": "classical",
        "country": "Saudi Arabia",
        "countrycode": "SA",
        "iso_3166_2": null,
        "state": "",
        "language": "",
        "languagecodes": "",
        "votes": 686,
        "lastchangetime": "2022-01-14 04:39:09",
        "lastchangetime_iso8601": "2022-01-14T04:39:09Z",
        "codec": "MP3",
        "bitrate": 48,
        "hls": 0,
        "lastcheckok": 1,
        "lastchecktime": "2023-04-08 10:40:32",
        "lastchecktime_iso8601": "2023-04-08T10:40:32Z",
        "lastcheckoktime": "2023-04-08 10:40:32",
        "lastcheckoktime_iso8601": "2023-04-08T10:40:32Z",
        "lastlocalchecktime": "2023-04-08 10:40:32",
        "lastlocalchecktime_iso8601": "2023-04-08T10:40:32Z",
        "clicktimestamp": "2023-04-08 07:03:50",
        "clicktimestamp_iso8601": "2023-04-08T07:03:50Z",
        "clickcount": 100,
        "clicktrend": 6,
        "ssl_error": 0,
        "geo_lat": null,
        "geo_long": null,
        "has_extended_info": false
    },
    {
        "changeuuid": "a3e9442f-2035-40b1-a746-b45a6742bac4",
        "stationuuid": "e9744b90-2619-4a0c-93b4-5996e213068a",
        "serveruuid": "23d8178f-4867-4d3b-ad10-8599a46ec7bb",
        "name": "Mp3Quran Main",
        "url": "https://qurango.net/radio/mix",
        "url_resolved": "https://qurango.net/radio/mix",
        "homepage": "https://www.mp3quran.net/",
        "favicon": "https://www.mp3quran.net/favicon.ico",
        "tags": "quran",
        "country": "Saudi Arabia",
        "countrycode": "SA",
        "iso_3166_2": null,
        "state": "",
        "language": "arabic",
        "languagecodes": "ar",
        "votes": 648,
        "lastchangetime": "2022-05-15 20:00:34",
        "lastchangetime_iso8601": "2022-05-15T20:00:34Z",
        "codec": "MP3",
        "bitrate": 128,
        "hls": 0,
        "lastcheckok": 1,
        "lastchecktime": "2023-04-08 09:56:28",
        "lastchecktime_iso8601": "2023-04-08T09:56:28Z",
        "lastcheckoktime": "2023-04-08 09:56:28",
        "lastcheckoktime_iso8601": "2023-04-08T09:56:28Z",
        "lastlocalchecktime": "2023-04-07 18:44:01",
        "lastlocalchecktime_iso8601": "2023-04-07T18:44:01Z",
        "clicktimestamp": "2023-04-08 14:05:49",
        "clicktimestamp_iso8601": "2023-04-08T14:05:49Z",
        "clickcount": 146,
        "clicktrend": 9,
        "ssl_error": 0,
        "geo_lat": null,
        "geo_long": null,
        "has_extended_info": false
    },
    {
        "changeuuid": "e4fb9986-24f6-4f02-aaf6-544b0e5fa3b6",
        "stationuuid": "215d9397-56e4-4c14-a875-2dbd123ca970",
        "serveruuid": "99b56540-d167-4795-abb6-e65ec35fc21e",
        "name": "Panorama FM",
        "url": "https://panoramafm-radio.mbc.net/panoramafm-radio.m3u8",
        "url_resolved": "https://panoramafm-radio.mbc.net/panoramafm-radio.m3u8",
        "homepage": "https://www.mbc.net/channels/panorama-fm",
        "favicon": "https://www.mbc.net/.resources/mbclite-theme/webresources/assets/img/apple-touch-icon.png",
        "tags": "",
        "country": "Saudi Arabia",
        "countrycode": "SA",
        "iso_3166_2": null,
        "state": "",
        "language": "arabic",
        "languagecodes": "ar",
        "votes": 580,
        "lastchangetime": "2022-05-15 20:00:34",
        "lastchangetime_iso8601": "2022-05-15T20:00:34Z",
        "codec": "AAC+",
        "bitrate": 70,
        "hls": 1,
        "lastcheckok": 1,
        "lastchecktime": "2023-04-08 08:26:51",
        "lastchecktime_iso8601": "2023-04-08T08:26:51Z",
        "lastcheckoktime": "2023-04-08 08:26:51",
        "lastcheckoktime_iso8601": "2023-04-08T08:26:51Z",
        "lastlocalchecktime": "2023-04-07 20:33:14",
        "lastlocalchecktime_iso8601": "2023-04-07T20:33:14Z",
        "clicktimestamp": "2023-04-08 05:32:41",
        "clicktimestamp_iso8601": "2023-04-08T05:32:41Z",
        "clickcount": 78,
        "clicktrend": 0,
        "ssl_error": 0,
        "geo_lat": null,
        "geo_long": null,
        "has_extended_info": false
    },
    {
        "changeuuid": "bab0bc23-5728-418d-8066-6e2f6c29e300",
        "stationuuid": "df6e450f-5e4d-44bd-9bf9-ca50e1f717be",
        "serveruuid": "3f0d7218-bbaa-40c6-af51-8d1f29b07361",
        "name": "\u0642\u0646\u0627\u0629 \u0627\u0644\u0633\u0646\u0629 \u0627\u0644\u0646\u0628\u0648\u064a\u0629 \u0627\u0644\u0633\u0639\u0648\u062f\u064a\u0629 ",
        "url": "http://mediaserver2.islamicity.com:8000/SaudiTVEnglish",
        "url_resolved": "http://mediaserver2.islamicity.com:8000/SaudiTVEnglish",
        "homepage": "",
        "favicon": "",
        "tags": "classical",
        "country": "Saudi Arabia",
        "countrycode": "SA",
        "iso_3166_2": null,
        "state": "",
        "language": "",
        "languagecodes": "",
        "votes": 577,
        "lastchangetime": "2022-01-14 04:43:36",
        "lastchangetime_iso8601": "2022-01-14T04:43:36Z",
        "codec": "MP3",
        "bitrate": 48,
        "hls": 0,
        "lastcheckok": 1,
        "lastchecktime": "2023-04-08 11:24:04",
        "lastchecktime_iso8601": "2023-04-08T11:24:04Z",
        "lastcheckoktime": "2023-04-08 11:24:04",
        "lastcheckoktime_iso8601": "2023-04-08T11:24:04Z",
        "lastlocalchecktime": "2023-04-08 11:24:04",
        "lastlocalchecktime_iso8601": "2023-04-08T11:24:04Z",
        "clicktimestamp": "2023-04-08 07:06:54",
        "clicktimestamp_iso8601": "2023-04-08T07:06:54Z",
        "clickcount": 49,
        "clicktrend": 3,
        "ssl_error": 0,
        "geo_lat": null,
        "geo_long": null,
        "has_extended_info": false
    },
    {
        "changeuuid": "e24b71f4-d587-4c86-bb40-0c0dffe7ef48",
        "stationuuid": "a8b78876-e59b-4b07-a685-5bac03d3da3b",
        "serveruuid": "48b39867-e66c-44bf-9adc-39fd8fe6f3b4",
        "name": "UFM",
        "url": "http://69.61.26.75:8000/;",
        "url_resolved": "http://69.61.26.75:8000/;",
        "homepage": "",
        "favicon": "",
        "tags": "classical",
        "country": "Saudi Arabia",
        "countrycode": "SA",
        "iso_3166_2": null,
        "state": "",
        "language": "",
        "languagecodes": "",
        "votes": 527,
        "lastchangetime": "2021-08-06 08:36:44",
        "lastchangetime_iso8601": "2021-08-06T08:36:44Z",
        "codec": "MP3",
        "bitrate": 64,
        "hls": 0,
        "lastcheckok": 1,
        "lastchecktime": "2023-04-08 09:12:26",
        "lastchecktime_iso8601": "2023-04-08T09:12:26Z",
        "lastcheckoktime": "2023-04-08 09:12:26",
        "lastcheckoktime_iso8601": "2023-04-08T09:12:26Z",
        "lastlocalchecktime": "2023-04-08 08:41:45",
        "lastlocalchecktime_iso8601": "2023-04-08T08:41:45Z",
        "clicktimestamp": "2023-04-08 12:32:50",
        "clicktimestamp_iso8601": "2023-04-08T12:32:50Z",
        "clickcount": 80,
        "clicktrend": 5,
        "ssl_error": 0,
        "geo_lat": null,
        "geo_long": null,
        "has_extended_info": false
    },
    {
        "changeuuid": "1917fd81-19ca-4b8d-a544-024f806c253c",
        "stationuuid": "8a753c11-ee4a-42bf-8e4d-6d852cac9030",
        "serveruuid": "23d8178f-4867-4d3b-ad10-8599a46ec7bb",
        "name": "\u0627\u0644\u0642\u0627\u0631\u0626 \u0639\u0644\u064a \u0627\u0644\u062d\u0630\u064a\u0641\u064a \u0631\u0648\u0627\u064a\u0629 \u0642\u0627\u0644\u0648\u0646 ",
        "url": "https://qurango.net/radio/ali_alhuthaifi_qalon",
        "url_resolved": "https://qurango.net/radio/ali_alhuthaifi_qalon",
        "homepage": "",
        "favicon": "",
        "tags": "classical",
        "country": "Saudi Arabia",
        "countrycode": "SA",
        "iso_3166_2": null,
        "state": "",
        "language": "",
        "languagecodes": "",
        "votes": 471,
        "lastchangetime": "2022-01-13 07:55:41",
        "lastchangetime_iso8601": "2022-01-13T07:55:41Z",
        "codec": "MP3",
        "bitrate": 128,
        "hls": 0,
        "lastcheckok": 1,
        "lastchecktime": "2023-04-08 08:33:00",
        "lastchecktime_iso8601": "2023-04-08T08:33:00Z",
        "lastcheckoktime": "2023-04-08 08:33:00",
        "lastcheckoktime_iso8601": "2023-04-08T08:33:00Z",
        "lastlocalchecktime": "2023-04-07 16:21:14",
        "lastlocalchecktime_iso8601": "2023-04-07T16:21:14Z",
        "clicktimestamp": "2023-04-08 07:00:16",
        "clicktimestamp_iso8601": "2023-04-08T07:00:16Z",
        "clickcount": 88,
        "clicktrend": 1,
        "ssl_error": 0,
        "geo_lat": null,
        "geo_long": null,
        "has_extended_info": false
    },
    {
        "changeuuid": "76a0f73b-7537-42b8-bd70-6f2904317f72",
        "stationuuid": "a0fce314-26ab-4ce1-bb9f-b6e06bb6d8b4",
        "serveruuid": "01f2532d-0a5c-4eba-a03e-4735aa6676d4",
        "name": "Radio nida alislam",
        "url": "http://n05.radiojar.com/59096z743d0uv?rj-ttl=5&rj-tok=AAZBfqTS3R8Zo-MbNKypObvbjA",
        "url_resolved": "http://n06.radiojar.com/59096z743d0uv?rj-ttl=5&rj-tok=AAABh1_HSLkAVUQMf5cAfayUnw",
        "homepage": "https://neda.sba.sa/live",
        "favicon": "",
        "tags": "classical",
        "country": "Saudi Arabia",
        "countrycode": "SA",
        "iso_3166_2": null,
        "state": "",
        "language": "",
        "languagecodes": "",
        "votes": 382,
        "lastchangetime": "2022-04-19 17:28:06",
        "lastchangetime_iso8601": "2022-04-19T17:28:06Z",
        "codec": "MP3",
        "bitrate": 0,
        "hls": 0,
        "lastcheckok": 1,
        "lastchecktime": "2023-04-08 07:25:50",
        "lastchecktime_iso8601": "2023-04-08T07:25:50Z",
        "lastcheckoktime": "2023-04-08 07:25:50",
        "lastcheckoktime_iso8601": "2023-04-08T07:25:50Z",
        "lastlocalchecktime": "2023-04-07 20:51:20",
        "lastlocalchecktime_iso8601": "2023-04-07T20:51:20Z",
        "clicktimestamp": "2023-04-08 12:32:12",
        "clicktimestamp_iso8601": "2023-04-08T12:32:12Z",
        "clickcount": 133,
        "clicktrend": -1,
        "ssl_error": 0,
        "geo_lat": null,
        "geo_long": null,
        "has_extended_info": false
    },
    {
        "changeuuid": "8980e72d-447d-4a6d-8f02-e16311034271",
        "stationuuid": "c17f2216-254b-4168-9145-be6d0ed2f89c",
        "serveruuid": "fc6882b9-8a4f-4eb4-93c9-f2e60c3d601a",
        "name": "\u062a\u0641\u0633\u064a\u0631 \u0627\u0644\u0633\u0639\u062f\u064a",
        "url": "https://server03.quran.com.kw:7004/;*.mp3",
        "url_resolved": "https://server03.quran.com.kw:7004/;*.mp3",
        "homepage": "",
        "favicon": "",
        "tags": "classical",
        "country": "Saudi Arabia",
        "countrycode": "SA",
        "iso_3166_2": null,
        "state": "",
        "language": "",
        "languagecodes": "",
        "votes": 360,
        "lastchangetime": "2022-01-13 15:39:44",
        "lastchangetime_iso8601": "2022-01-13T15:39:44Z",
        "codec": "MP3",
        "bitrate": 128,
        "hls": 0,
        "lastcheckok": 1,
        "lastchecktime": "2023-04-08 04:33:31",
        "lastchecktime_iso8601": "2023-04-08T04:33:31Z",
        "lastcheckoktime": "2023-04-08 04:33:31",
        "lastcheckoktime_iso8601": "2023-04-08T04:33:31Z",
        "lastlocalchecktime": "2023-04-07 19:48:55",
        "lastlocalchecktime_iso8601": "2023-04-07T19:48:55Z",
        "clicktimestamp": "2023-04-08 07:00:30",
        "clicktimestamp_iso8601": "2023-04-08T07:00:30Z",
        "clickcount": 29,
        "clicktrend": 3,
        "ssl_error": 0,
        "geo_lat": null,
        "geo_long": null,
        "has_extended_info": false
    },
    {
        "changeuuid": "48ff1e4d-5e12-4741-a306-8e010f4ac881",
        "stationuuid": "98da22b5-050d-4ad2-a97d-3cdb7aa1d5fa",
        "serveruuid": "23d8178f-4867-4d3b-ad10-8599a46ec7bb",
        "name": "\u0625\u0630\u0627\u0639\u0629 \u0645\u062d\u0645\u062f \u0623\u064a\u0648\u0628",
        "url": "https://qurango.net/radio/mohammed_ayyub",
        "url_resolved": "https://qurango.net/radio/mohammed_ayyub",
        "homepage": "",
        "favicon": "",
        "tags": "classical",
        "country": "Saudi Arabia",
        "countrycode": "SA",
        "iso_3166_2": null,
        "state": "",
        "language": "",
        "languagecodes": "",
        "votes": 273,
        "lastchangetime": "2022-01-14 04:07:33",
        "lastchangetime_iso8601": "2022-01-14T04:07:33Z",
        "codec": "MP3",
        "bitrate": 128,
        "hls": 0,
        "lastcheckok": 1,
        "lastchecktime": "2023-04-08 11:34:43",
        "lastchecktime_iso8601": "2023-04-08T11:34:43Z",
        "lastcheckoktime": "2023-04-08 11:34:43",
        "lastcheckoktime_iso8601": "2023-04-08T11:34:43Z",
        "lastlocalchecktime": "2023-04-08 11:34:43",
        "lastlocalchecktime_iso8601": "2023-04-08T11:34:43Z",
        "clicktimestamp": "2023-04-08 07:01:39",
        "clicktimestamp_iso8601": "2023-04-08T07:01:39Z",
        "clickcount": 40,
        "clicktrend": 2,
        "ssl_error": 0,
        "geo_lat": null,
        "geo_long": null,
        "has_extended_info": false
    },
    {
        "changeuuid": "b9abd0f0-bc42-42cc-add9-13260d0d93fb",
        "stationuuid": "e2d75665-c4a9-4433-b953-3a5346ae5fb6",
        "serveruuid": "c494138c-17f2-4ce0-8e11-19b2474102fd",
        "name": "Fred Film Radio(\u0644\u063a\u0629 \u0639\u0631\u0628\u064a\u0629)",
        "url": "https://s10.webradio-hosting.com/proxy/fredradioar/stream",
        "url_resolved": "https://s10.webradio-hosting.com/proxy/fredradioar/stream",
        "homepage": "http://www.fred.fm/",
        "favicon": "https://www.fred.fm/wp-content/uploads/2014/11/fred_front_logo1.png",
        "tags": "culture,film,movie",
        "country": "Saudi Arabia",
        "countrycode": "SA",
        "iso_3166_2": null,
        "state": "",
        "language": "arabic",
        "languagecodes": "ar",
        "votes": 271,
        "lastchangetime": "2023-03-30 06:10:59",
        "lastchangetime_iso8601": "2023-03-30T06:10:59Z",
        "codec": "MP3",
        "bitrate": 128,
        "hls": 0,
        "lastcheckok": 1,
        "lastchecktime": "2023-04-08 12:06:33",
        "lastchecktime_iso8601": "2023-04-08T12:06:33Z",
        "lastcheckoktime": "2023-04-08 12:06:33",
        "lastcheckoktime_iso8601": "2023-04-08T12:06:33Z",
        "lastlocalchecktime": "2023-04-07 16:46:50",
        "lastlocalchecktime_iso8601": "2023-04-07T16:46:50Z",
        "clicktimestamp": "2023-04-08 05:34:11",
        "clicktimestamp_iso8601": "2023-04-08T05:34:11Z",
        "clickcount": 39,
        "clicktrend": 0,
        "ssl_error": 0,
        "geo_lat": null,
        "geo_long": null,
        "has_extended_info": false
    },
    {
        "changeuuid": "18e51f94-abd3-451b-b9b4-90c240a43bf2",
        "stationuuid": "082d274e-c633-41b1-b83d-58395c7a4f58",
        "serveruuid": "4b9d69ed-a5f3-4086-bda3-b1b5851bd1e8",
        "name": "WANASAH",
        "url": "https://wanasahfm-radio.mbc.net/wanasahfm-radio.m3u8",
        "url_resolved": "https://wanasahfm-radio.mbc.net/wanasahfm-radio.m3u8",
        "homepage": "https://www.mbc.net/en/corporate/channels/wanasah.html",
        "favicon": "",
        "tags": "music",
        "country": "Saudi Arabia",
        "countrycode": "SA",
        "iso_3166_2": null,
        "state": "",
        "language": "arabic",
        "languagecodes": "ar",
        "votes": 267,
        "lastchangetime": "2022-03-28 10:32:24",
        "lastchangetime_iso8601": "2022-03-28T10:32:24Z",
        "codec": "AAC+",
        "bitrate": 70,
        "hls": 1,
        "lastcheckok": 1,
        "lastchecktime": "2023-04-08 10:40:32",
        "lastchecktime_iso8601": "2023-04-08T10:40:32Z",
        "lastcheckoktime": "2023-04-08 10:40:32",
        "lastcheckoktime_iso8601": "2023-04-08T10:40:32Z",
        "lastlocalchecktime": "2023-04-08 10:40:32",
        "lastlocalchecktime_iso8601": "2023-04-08T10:40:32Z",
        "clicktimestamp": "2023-04-08 05:34:08",
        "clicktimestamp_iso8601": "2023-04-08T05:34:08Z",
        "clickcount": 41,
        "clicktrend": 2,
        "ssl_error": 0,
        "geo_lat": null,
        "geo_long": null,
        "has_extended_info": false
    },
    {
        "changeuuid": "42514e8d-d721-49c5-afcc-ea2faa69123a",
        "stationuuid": "c7a5f6d9-e524-4bfe-9e19-70a74e7c63b4",
        "serveruuid": "a337aec1-ec55-41c1-b8bf-d6e216b5c354",
        "name": "MOOD FM",
        "url": "https://moodfm-radio.mbc.net/moodfm-radio.m3u8",
        "url_resolved": "https://moodfm-radio.mbc.net/moodfm-radio.m3u8",
        "homepage": "https://mbc.net/",
        "favicon": "https://mbc.net/.resources/mbclite-theme/webresources/assets/img/apple-touch-icon.png",
        "tags": "",
        "country": "Saudi Arabia",
        "countrycode": "SA",
        "iso_3166_2": null,
        "state": "",
        "language": "arabic",
        "languagecodes": "ar",
        "votes": 264,
        "lastchangetime": "2022-05-20 17:57:30",
        "lastchangetime_iso8601": "2022-05-20T17:57:30Z",
        "codec": "AAC+",
        "bitrate": 70,
        "hls": 1,
        "lastcheckok": 1,
        "lastchecktime": "2023-04-08 10:19:01",
        "lastchecktime_iso8601": "2023-04-08T10:19:01Z",
        "lastcheckoktime": "2023-04-08 10:19:01",
        "lastcheckoktime_iso8601": "2023-04-08T10:19:01Z",
        "lastlocalchecktime": "2023-04-08 10:19:01",
        "lastlocalchecktime_iso8601": "2023-04-08T10:19:01Z",
        "clicktimestamp": "2023-04-08 14:01:49",
        "clicktimestamp_iso8601": "2023-04-08T14:01:49Z",
        "clickcount": 25,
        "clicktrend": 2,
        "ssl_error": 0,
        "geo_lat": null,
        "geo_long": null,
        "has_extended_info": false
    },
    {
        "changeuuid": "12a945e6-e441-41e8-b0ac-c705bf35aea3",
        "stationuuid": "98df39c2-f5f9-4bc9-ae98-c554528c2cd9",
        "serveruuid": "1d24829b-0b09-4b8f-b1c0-773419f86008",
        "name": "AHLA AL QASEED FM",
        "url": "https://ahlalqaseedfm-radio.mbc.net/ahlalqaseedfm-radio.m3u8",
        "url_resolved": "https://ahlalqaseedfm-radio.mbc.net/ahlalqaseedfm-radio.m3u8",
        "homepage": "https://mbc.net/",
        "favicon": "https://mbc.net/.resources/mbclite-theme/webresources/assets/img/apple-touch-icon.png",
        "tags": "",
        "country": "Saudi Arabia",
        "countrycode": "SA",
        "iso_3166_2": null,
        "state": "",
        "language": "arabic",
        "languagecodes": "ar",
        "votes": 195,
        "lastchangetime": "2022-05-21 12:17:18",
        "lastchangetime_iso8601": "2022-05-21T12:17:18Z",
        "codec": "AAC+",
        "bitrate": 70,
        "hls": 1,
        "lastcheckok": 1,
        "lastchecktime": "2023-04-08 08:40:02",
        "lastchecktime_iso8601": "2023-04-08T08:40:02Z",
        "lastcheckoktime": "2023-04-08 08:40:02",
        "lastcheckoktime_iso8601": "2023-04-08T08:40:02Z",
        "lastlocalchecktime": "2023-04-08 08:20:05",
        "lastlocalchecktime_iso8601": "2023-04-08T08:20:05Z",
        "clicktimestamp": "2023-04-08 05:34:25",
        "clicktimestamp_iso8601": "2023-04-08T05:34:25Z",
        "clickcount": 36,
        "clicktrend": 0,
        "ssl_error": 0,
        "geo_lat": null,
        "geo_long": null,
        "has_extended_info": false
    },
    {
        "changeuuid": "936529bc-46fd-4892-b4dc-37d6c9a389e5",
        "stationuuid": "4fa1aaff-16e2-4d9a-a209-4d492a30b59f",
        "serveruuid": "23d8178f-4867-4d3b-ad10-8599a46ec7bb",
        "name": "\u062a\u0641\u0633\u064a\u0631 \u0628\u0646 \u0639\u062b\u064a\u0645\u064a\u0646 \u0631\u062d\u0645\u0647 \u0627\u0644\u0644\u0647 \u062a\u0639\u0627\u0644\u0649 ",
        "url": "https://qurango.net/radio/tafseer",
        "url_resolved": "https://qurango.net/radio/tafseer",
        "homepage": "",
        "favicon": "",
        "tags": "classical",
        "country": "Saudi Arabia",
        "countrycode": "SA",
        "iso_3166_2": null,
        "state": "",
        "language": "",
        "languagecodes": "",
        "votes": 142,
        "lastchangetime": "2022-01-14 04:05:44",
        "lastchangetime_iso8601": "2022-01-14T04:05:44Z",
        "codec": "MP3",
        "bitrate": 128,
        "hls": 0,
        "lastcheckok": 1,
        "lastchecktime": "2023-04-08 10:14:10",
        "lastchecktime_iso8601": "2023-04-08T10:14:10Z",
        "lastcheckoktime": "2023-04-08 10:14:10",
        "lastcheckoktime_iso8601": "2023-04-08T10:14:10Z",
        "lastlocalchecktime": "2023-04-08 08:10:38",
        "lastlocalchecktime_iso8601": "2023-04-08T08:10:38Z",
        "clicktimestamp": "2023-04-08 05:35:09",
        "clicktimestamp_iso8601": "2023-04-08T05:35:09Z",
        "clickcount": 25,
        "clicktrend": -1,
        "ssl_error": 0,
        "geo_lat": null,
        "geo_long": null,
        "has_extended_info": false
    },
    {
        "changeuuid": "f823ac8f-373a-485b-b1df-50c386363c51",
        "stationuuid": "c7be71fc-e6d5-4a88-8aca-5b15f5fa85ad",
        "serveruuid": "d2656504-6606-4ca6-9a38-52b22075d7ec",
        "name": "\u0642\u0631\u0622\u0646",
        "url": "http://quraan.us:9842/;",
        "url_resolved": "http://quraan.us:9842/;",
        "homepage": "",
        "favicon": "",
        "tags": "classical",
        "country": "Saudi Arabia",
        "countrycode": "SA",
        "iso_3166_2": null,
        "state": "",
        "language": "",
        "languagecodes": "",
        "votes": 135,
        "lastchangetime": "2022-11-11 06:35:28",
        "lastchangetime_iso8601": "2022-11-11T06:35:28Z",
        "codec": "MP3",
        "bitrate": 64,
        "hls": 0,
        "lastcheckok": 1,
        "lastchecktime": "2023-04-07 19:15:03",
        "lastchecktime_iso8601": "2023-04-07T19:15:03Z",
        "lastcheckoktime": "2023-04-07 19:15:03",
        "lastcheckoktime_iso8601": "2023-04-07T19:15:03Z",
        "lastlocalchecktime": "2023-04-07 19:15:03",
        "lastlocalchecktime_iso8601": "2023-04-07T19:15:03Z",
        "clicktimestamp": "2023-04-08 13:06:11",
        "clicktimestamp_iso8601": "2023-04-08T13:06:11Z",
        "clickcount": 39,
        "clicktrend": 4,
        "ssl_error": 0,
        "geo_lat": null,
        "geo_long": null,
        "has_extended_info": false
    },
    {
        "changeuuid": "96732f51-416d-4a5c-b33b-53227a694221",
        "stationuuid": "1bc95858-1db9-47ea-931c-9b05f5a1a45f",
        "serveruuid": "c6a44553-dd16-45e9-9b08-65ef445113c5",
        "name": "\u0625\u0630\u0627\u0639\u0629 \u0637\u0631\u064a\u0642 \u0627\u0644\u0633\u0644\u0641\n",
        "url": "https://airtime.salafwayfm.ly/",
        "url_resolved": "https://airtime.salafwayfm.ly/",
        "homepage": "https://salafwayfm.ly/",
        "favicon": "https://salafwayfm.ly/assets/img/logo.png",
        "tags": "classical",
        "country": "Saudi Arabia",
        "countrycode": "SA",
        "iso_3166_2": null,
        "state": "",
        "language": "",
        "languagecodes": "",
        "votes": 135,
        "lastchangetime": "2022-12-18 08:32:13",
        "lastchangetime_iso8601": "2022-12-18T08:32:13Z",
        "codec": "MP3",
        "bitrate": 128,
        "hls": 0,
        "lastcheckok": 1,
        "lastchecktime": "2023-04-07 19:26:15",
        "lastchecktime_iso8601": "2023-04-07T19:26:15Z",
        "lastcheckoktime": "2023-04-07 19:26:15",
        "lastcheckoktime_iso8601": "2023-04-07T19:26:15Z",
        "lastlocalchecktime": "2023-04-07 19:26:15",
        "lastlocalchecktime_iso8601": "2023-04-07T19:26:15Z",
        "clicktimestamp": "2023-04-08 08:42:53",
        "clicktimestamp_iso8601": "2023-04-08T08:42:53Z",
        "clickcount": 44,
        "clicktrend": 2,
        "ssl_error": 0,
        "geo_lat": null,
        "geo_long": null,
        "has_extended_info": false
    },
    {
        "changeuuid": "cdeee67a-9ca4-4eca-b17e-4fc1cc1dd73a",
        "stationuuid": "0f1acaea-03a6-4f1d-878d-c574804ff484",
        "serveruuid": "4615540f-c0c1-4311-b149-74c48348e89b",
        "name": "\u0641\u062a\u0627\u0648\u0649 \u0628\u0646 \u0639\u062b\u064a\u0645\u064a\u0646 ",
        "url": "http://server2.quraan.us:9890/;*.mp3",
        "url_resolved": "http://server2.quraan.us:9890/;*.mp3",
        "homepage": "",
        "favicon": "",
        "tags": "classical",
        "country": "Saudi Arabia",
        "countrycode": "SA",
        "iso_3166_2": null,
        "state": "",
        "language": "",
        "languagecodes": "",
        "votes": 121,
        "lastchangetime": "2022-01-13 15:34:35",
        "lastchangetime_iso8601": "2022-01-13T15:34:35Z",
        "codec": "MP3",
        "bitrate": 128,
        "hls": 0,
        "lastcheckok": 1,
        "lastchecktime": "2023-04-08 10:09:22",
        "lastchecktime_iso8601": "2023-04-08T10:09:22Z",
        "lastcheckoktime": "2023-04-08 10:09:22",
        "lastcheckoktime_iso8601": "2023-04-08T10:09:22Z",
        "lastlocalchecktime": "2023-04-08 10:09:22",
        "lastlocalchecktime_iso8601": "2023-04-08T10:09:22Z",
        "clicktimestamp": "2023-04-08 08:37:51",
        "clicktimestamp_iso8601": "2023-04-08T08:37:51Z",
        "clickcount": 24,
        "clicktrend": -1,
        "ssl_error": 0,
        "geo_lat": null,
        "geo_long": null,
        "has_extended_info": false
    },
    {
        "changeuuid": "df6711e2-1dba-4251-aa0e-cc4a5824735a",
        "stationuuid": "823fc9d0-944f-4f11-a0ba-62323c8e39f2",
        "serveruuid": "3f0d7218-bbaa-40c6-af51-8d1f29b07361",
        "name": "\u0642\u0646\u0627\u0629 \u0627\u0644\u0633\u0646\u0629 \u0627\u0644\u0646\u0628\u0648\u064a\u0629",
        "url": "http://mediaserver2.islamicity.com:8000/SaudiTVEnglish",
        "url_resolved": "http://mediaserver2.islamicity.com:8000/SaudiTVEnglish",
        "homepage": "https://www.islamicity.org/10404/ksa-sunnah-channel-madinah/",
        "favicon": "https://www.islamicity.org/wp-content/uploads/2015/06/logo-header-beta.png",
        "tags": "islamic,religious",
        "country": "Saudi Arabia",
        "countrycode": "SA",
        "iso_3166_2": null,
        "state": "",
        "language": "arabic",
        "languagecodes": "ar",
        "votes": 118,
        "lastchangetime": "2022-05-04 17:09:54",
        "lastchangetime_iso8601": "2022-05-04T17:09:54Z",
        "codec": "MP3",
        "bitrate": 48,
        "hls": 0,
        "lastcheckok": 1,
        "lastchecktime": "2023-04-08 11:26:45",
        "lastchecktime_iso8601": "2023-04-08T11:26:45Z",
        "lastcheckoktime": "2023-04-08 11:26:45",
        "lastcheckoktime_iso8601": "2023-04-08T11:26:45Z",
        "lastlocalchecktime": "2023-04-07 15:42:46",
        "lastlocalchecktime_iso8601": "2023-04-07T15:42:46Z",
        "clicktimestamp": "2023-04-08 14:02:10",
        "clicktimestamp_iso8601": "2023-04-08T14:02:10Z",
        "clickcount": 52,
        "clicktrend": 6,
        "ssl_error": 0,
        "geo_lat": null,
        "geo_long": null,
        "has_extended_info": false
    },
    {
        "changeuuid": "be5c1444-a7ba-4fb9-8d80-55f0112977d0",
        "stationuuid": "a03fb58e-760c-4375-b7c7-c2ee28077795",
        "serveruuid": "3f0d7218-bbaa-40c6-af51-8d1f29b07361",
        "name": "\u0642\u0646\u0627\u0629 \u0627\u0644\u0642\u0631\u0622\u0646 \u0627\u0644\u0643\u0631\u064a\u0645",
        "url": "http://mediaserver2.islamicity.com:8000/SaudiTVArabic",
        "url_resolved": "http://mediaserver2.islamicity.com:8000/SaudiTVArabic",
        "homepage": "https://www.islamicity.org/10406/ksa-quran-channel-makkah/",
        "favicon": "https://www.islamicity.org/wp-content/uploads/2015/06/logo-header-beta.png",
        "tags": "islamic,religious",
        "country": "Saudi Arabia",
        "countrycode": "SA",
        "iso_3166_2": null,
        "state": "",
        "language": "arabic",
        "languagecodes": "ar",
        "votes": 108,
        "lastchangetime": "2022-05-04 17:17:37",
        "lastchangetime_iso8601": "2022-05-04T17:17:37Z",
        "codec": "MP3",
        "bitrate": 48,
        "hls": 0,
        "lastcheckok": 1,
        "lastchecktime": "2023-04-08 10:51:43",
        "lastchecktime_iso8601": "2023-04-08T10:51:43Z",
        "lastcheckoktime": "2023-04-08 10:51:43",
        "lastcheckoktime_iso8601": "2023-04-08T10:51:43Z",
        "lastlocalchecktime": "2023-04-08 10:28:27",
        "lastlocalchecktime_iso8601": "2023-04-08T10:28:27Z",
        "clicktimestamp": "2023-04-08 10:03:01",
        "clicktimestamp_iso8601": "2023-04-08T10:03:01Z",
        "clickcount": 82,
        "clicktrend": 3,
        "ssl_error": 0,
        "geo_lat": 21.431777961201288,
        "geo_long": 39.825439453125,
        "has_extended_info": false
    },
    {
        "changeuuid": "ac17670e-61c0-4687-be7c-bbd9fdfa3857",
        "stationuuid": "c5930a83-8319-484b-a76f-ca4a10387ef1",
        "serveruuid": "59abdd5b-ac5c-4488-9e89-7b2253d013c1",
        "name": "Voice Of Grace",
        "url": "https://securestreams5.reliastream.com:1820/;",
        "url_resolved": "https://securestreams5.reliastream.com:1820/;",
        "homepage": "https://antiochpatriarchate.org/radio.php",
        "favicon": "",
        "tags": "christian",
        "country": "Saudi Arabia",
        "countrycode": "SA",
        "iso_3166_2": null,
        "state": "",
        "language": "arabic",
        "languagecodes": "ar",
        "votes": 77,
        "lastchangetime": "2022-11-12 18:54:19",
        "lastchangetime_iso8601": "2022-11-12T18:54:19Z",
        "codec": "MP3",
        "bitrate": 128,
        "hls": 0,
        "lastcheckok": 1,
        "lastchecktime": "2023-04-08 02:01:36",
        "lastchecktime_iso8601": "2023-04-08T02:01:36Z",
        "lastcheckoktime": "2023-04-08 02:01:36",
        "lastcheckoktime_iso8601": "2023-04-08T02:01:36Z",
        "lastlocalchecktime": "2023-04-07 20:58:43",
        "lastlocalchecktime_iso8601": "2023-04-07T20:58:43Z",
        "clicktimestamp": "2023-04-08 01:13:07",
        "clicktimestamp_iso8601": "2023-04-08T01:13:07Z",
        "clickcount": 26,
        "clicktrend": 2,
        "ssl_error": 0,
        "geo_lat": null,
        "geo_long": null,
        "has_extended_info": false
    },
    {
        "changeuuid": "c6234a6b-7266-4be1-b408-923d4d192dee",
        "stationuuid": "d36a55c5-48a1-4bdf-bb06-b7554aba43ec",
        "serveruuid": "5f8b22a9-7d75-48b7-88fb-7f980857c07b",
        "name": "MBC FM",
        "url": "https://mbcfm-radio.mbc.net/mbcfm-radio.m3u8",
        "url_resolved": "https://mbcfm-radio.mbc.net/mbcfm-radio.m3u8",
        "homepage": "https://mbc-mood.s3.amazonaws.com/channels/16439614501635428726MBCfmmob.png",
        "favicon": "",
        "tags": "misc",
        "country": "Saudi Arabia",
        "countrycode": "SA",
        "iso_3166_2": null,
        "state": "",
        "language": "",
        "languagecodes": "",
        "votes": 68,
        "lastchangetime": "2022-08-27 20:34:22",
        "lastchangetime_iso8601": "2022-08-27T20:34:22Z",
        "codec": "AAC+",
        "bitrate": 70,
        "hls": 1,
        "lastcheckok": 1,
        "lastchecktime": "2023-04-08 08:53:47",
        "lastchecktime_iso8601": "2023-04-08T08:53:47Z",
        "lastcheckoktime": "2023-04-08 08:53:47",
        "lastcheckoktime_iso8601": "2023-04-08T08:53:47Z",
        "lastlocalchecktime": "2023-04-07 20:29:54",
        "lastlocalchecktime_iso8601": "2023-04-07T20:29:54Z",
        "clicktimestamp": "2023-04-08 14:05:03",
        "clicktimestamp_iso8601": "2023-04-08T14:05:03Z",
        "clickcount": 29,
        "clicktrend": 4,
        "ssl_error": 0,
        "geo_lat": null,
        "geo_long": null,
        "has_extended_info": false
    },
    {
        "changeuuid": "d9100bdc-95a4-4021-9459-5601cc5856dd",
        "stationuuid": "ae50f36e-5982-45ed-aad7-a9e32dfca8be",
        "serveruuid": "5f8b22a9-7d75-48b7-88fb-7f980857c07b",
        "name": "MBC FM",
        "url": "https://mbcfm-radio.mbc.net/mbcfm-radio.m3u8",
        "url_resolved": "https://mbcfm-radio.mbc.net/mbcfm-radio.m3u8",
        "homepage": "https://mbcradios.net/#/",
        "favicon": "https://mbcradios.net/favicon/apple-touch-icon.png",
        "tags": "misc",
        "country": "Saudi Arabia",
        "countrycode": "SA",
        "iso_3166_2": null,
        "state": "",
        "language": "",
        "languagecodes": "",
        "votes": 51,
        "lastchangetime": "2022-05-17 03:02:35",
        "lastchangetime_iso8601": "2022-05-17T03:02:35Z",
        "codec": "AAC+",
        "bitrate": 70,
        "hls": 1,
        "lastcheckok": 1,
        "lastchecktime": "2023-04-08 11:57:13",
        "lastchecktime_iso8601": "2023-04-08T11:57:13Z",
        "lastcheckoktime": "2023-04-08 11:57:13",
        "lastcheckoktime_iso8601": "2023-04-08T11:57:13Z",
        "lastlocalchecktime": "2023-04-08 11:57:13",
        "lastlocalchecktime_iso8601": "2023-04-08T11:57:13Z",
        "clicktimestamp": "2023-04-08 06:10:33",
        "clicktimestamp_iso8601": "2023-04-08T06:10:33Z",
        "clickcount": 47,
        "clicktrend": -1,
        "ssl_error": 0,
        "geo_lat": null,
        "geo_long": null,
        "has_extended_info": false
    },
    {
        "changeuuid": "58d5b7e9-fe78-4444-9ce5-48ad20c3d768",
        "stationuuid": "5907b197-bc1b-407e-80c4-9181fb25f20e",
        "serveruuid": "c6a44553-dd16-45e9-9b08-65ef445113c5",
        "name": "\u0625\u0630\u0627\u0639\u0629 \u0637\u0631\u064a\u0642 \u0627\u0644\u0633\u0644\u0641\n\n",
        "url": "https://airtime.salafwayfm.ly/",
        "url_resolved": "https://airtime.salafwayfm.ly/",
        "homepage": "",
        "favicon": "https://salafwayfm.ly/assets/img/logo.png",
        "tags": "classical",
        "country": "Saudi Arabia",
        "countrycode": "SA",
        "iso_3166_2": null,
        "state": "",
        "language": "",
        "languagecodes": "",
        "votes": 32,
        "lastchangetime": "2022-12-27 06:39:03",
        "lastchangetime_iso8601": "2022-12-27T06:39:03Z",
        "codec": "MP3",
        "bitrate": 128,
        "hls": 0,
        "lastcheckok": 1,
        "lastchecktime": "2023-04-08 08:51:56",
        "lastchecktime_iso8601": "2023-04-08T08:51:56Z",
        "lastcheckoktime": "2023-04-08 08:51:56",
        "lastcheckoktime_iso8601": "2023-04-08T08:51:56Z",
        "lastlocalchecktime": "2023-04-08 08:51:56",
        "lastlocalchecktime_iso8601": "2023-04-08T08:51:56Z",
        "clicktimestamp": "2023-04-08 05:35:05",
        "clicktimestamp_iso8601": "2023-04-08T05:35:05Z",
        "clickcount": 23,
        "clicktrend": 0,
        "ssl_error": 0,
        "geo_lat": null,
        "geo_long": null,
        "has_extended_info": false
    },
    {
        "changeuuid": "05127821-c605-4d64-997b-9b7239346b87",
        "stationuuid": "fe7ee806-b0e5-4860-ba35-f9e56306c869",
        "serveruuid": "1b63f0e6-c82e-46c9-a5af-c813c1b3fe2c",
        "name": "\u0627\u0644\u062a\u0641\u0633\u064a\u0631 \u0627\u0644\u0645\u064a\u0633\u0631 \u0645\u0635\u062d\u0648\u0628\u064b\u0627 \u0628\u062a\u0644\u0627\u0648\u0629 \u0627\u0644\u0634\u064a\u062e \u0645\u062d\u0645\u062f \u0623\u064a\u0648\u0628",
        "url": "https://server03.quran.com.kw:7042/;*.mp3",
        "url_resolved": "https://server03.quran.com.kw:7042/;*.mp3",
        "homepage": "https://quran.com.kw/%d8%a7%d9%84%d8%aa%d9%81%d8%b3%d9%8a%d8%b1-%d8%a7%d9%84%d9%85%d9%8a%d8%b3%d8%b1-%d9%85%d8%b5%d8%ad%d9%88%d8%a8%d9%8b%d8%a7-%d8%a8%d8%aa%d9%84%d8%a7%d9%88%d8%a9-%d8%a7%d9%84%d8%b4%d9%8a%d8%ae-%d9%85/",
        "favicon": "https://quran.com.kw/favicon.ico",
        "tags": "",
        "country": "Saudi Arabia",
        "countrycode": "SA",
        "iso_3166_2": null,
        "state": "Makkah",
        "language": "arabic",
        "languagecodes": "ar",
        "votes": 15,
        "lastchangetime": "2023-03-29 12:28:22",
        "lastchangetime_iso8601": "2023-03-29T12:28:22Z",
        "codec": "MP3",
        "bitrate": 128,
        "hls": 0,
        "lastcheckok": 1,
        "lastchecktime": "2023-04-08 12:35:06",
        "lastchecktime_iso8601": "2023-04-08T12:35:06Z",
        "lastcheckoktime": "2023-04-08 12:35:06",
        "lastcheckoktime_iso8601": "2023-04-08T12:35:06Z",
        "lastlocalchecktime": "2023-04-07 19:34:12",
        "lastlocalchecktime_iso8601": "2023-04-07T19:34:12Z",
        "clicktimestamp": "2023-04-08 07:01:28",
        "clicktimestamp_iso8601": "2023-04-08T07:01:28Z",
        "clickcount": 44,
        "clicktrend": 5,
        "ssl_error": 0,
        "geo_lat": 21.418874222551366,
        "geo_long": 39.82612609863281,
        "has_extended_info": false
    },
    {
        "changeuuid": "2f5b21a8-ec01-4045-b1b9-082bf6d00464",
        "stationuuid": "a5b9d2d4-d387-4682-b095-7b19f3ac8e85",
        "serveruuid": "25c28fc8-1aee-4d2a-93c5-af1c7e1c7cd2",
        "name": "\u0625\u0630\u0627\u0639\u0629 \u0627\u0644\u0643\u062a\u0627\u0628 \u0648\u0627\u0644\u0633\u0646\u0629",
        "url": "http://162.244.80.118:5678/stream",
        "url_resolved": "http://162.244.80.118:5678/stream",
        "homepage": "http://kwsfm.ly/",
        "favicon": "http://kwsfm.ly/wp-content/uploads/2020/10/kws-logo.svg",
        "tags": "",
        "country": "Saudi Arabia",
        "countrycode": "SA",
        "iso_3166_2": null,
        "state": "Makkah",
        "language": "arabic",
        "languagecodes": "ar",
        "votes": 11,
        "lastchangetime": "2023-03-29 12:12:55",
        "lastchangetime_iso8601": "2023-03-29T12:12:55Z",
        "codec": "MP3",
        "bitrate": 64,
        "hls": 0,
        "lastcheckok": 1,
        "lastchecktime": "2023-04-08 12:21:10",
        "lastchecktime_iso8601": "2023-04-08T12:21:10Z",
        "lastcheckoktime": "2023-04-08 12:21:10",
        "lastcheckoktime_iso8601": "2023-04-08T12:21:10Z",
        "lastlocalchecktime": "2023-04-07 19:08:11",
        "lastlocalchecktime_iso8601": "2023-04-07T19:08:11Z",
        "clicktimestamp": "2023-04-08 07:06:41",
        "clicktimestamp_iso8601": "2023-04-08T07:06:41Z",
        "clickcount": 45,
        "clicktrend": 2,
        "ssl_error": 0,
        "geo_lat": 21.53075892624171,
        "geo_long": 39.79248046875001,
        "has_extended_info": false
    },
    {
        "changeuuid": "278a47c1-789d-42c7-8665-d40767b17ada",
        "stationuuid": "855b419e-f738-464d-afe2-259f5ad44ec6",
        "serveruuid": "6301eab3-9f48-4ddc-bec8-c75d052ef2fd",
        "name": "Radio Asharq",
        "url": "https://svs.itworkscdn.net/asharqradioalive/asharqradioa/playlist.m3u8",
        "url_resolved": "https://svs.itworkscdn.net/asharqradioalive/asharqradioa/playlist.m3u8",
        "homepage": "https://asharqbusiness.com/radio",
        "favicon": "",
        "tags": "",
        "country": "Saudi Arabia",
        "countrycode": "SA",
        "iso_3166_2": null,
        "state": "Riyadh",
        "language": "",
        "languagecodes": "",
        "votes": 10,
        "lastchangetime": "2023-03-27 09:43:51",
        "lastchangetime_iso8601": "2023-03-27T09:43:51Z",
        "codec": "AAC",
        "bitrate": 258,
        "hls": 1,
        "lastcheckok": 1,
        "lastchecktime": "2023-04-08 10:07:40",
        "lastchecktime_iso8601": "2023-04-08T10:07:40Z",
        "lastcheckoktime": "2023-04-08 10:07:40",
        "lastcheckoktime_iso8601": "2023-04-08T10:07:40Z",
        "lastlocalchecktime": "2023-04-07 17:13:42",
        "lastlocalchecktime_iso8601": "2023-04-07T17:13:42Z",
        "clicktimestamp": "2023-04-08 13:06:20",
        "clicktimestamp_iso8601": "2023-04-08T13:06:20Z",
        "clickcount": 25,
        "clicktrend": 2,
        "ssl_error": 0,
        "geo_lat": null,
        "geo_long": null,
        "has_extended_info": false
    },
    {
        "changeuuid": "67775a3c-6a6b-436d-8997-ab7ae6545c7e",
        "stationuuid": "e64b473a-ccdb-492b-8687-8a6644942987",
        "serveruuid": "23d8178f-4867-4d3b-ad10-8599a46ec7bb",
        "name": ". \u0627\u0644\u0642\u0627\u0631\u0626 \u0645\u062d\u0645\u062f \u0623\u064a\u0648\u0628 ",
        "url": "https://qurango.net/radio/mohammed_ayyub",
        "url_resolved": "https://qurango.net/radio/mohammed_ayyub",
        "homepage": "",
        "favicon": "",
        "tags": "classical",
        "country": "Saudi Arabia",
        "countrycode": "SA",
        "iso_3166_2": null,
        "state": "",
        "language": "",
        "languagecodes": "",
        "votes": 10,
        "lastchangetime": "2023-01-28 07:16:56",
        "lastchangetime_iso8601": "2023-01-28T07:16:56Z",
        "codec": "MP3",
        "bitrate": 128,
        "hls": 0,
        "lastcheckok": 1,
        "lastchecktime": "2023-04-08 13:02:31",
        "lastchecktime_iso8601": "2023-04-08T13:02:31Z",
        "lastcheckoktime": "2023-04-08 13:02:31",
        "lastcheckoktime_iso8601": "2023-04-08T13:02:31Z",
        "lastlocalchecktime": "2023-04-08 13:02:31",
        "lastlocalchecktime_iso8601": "2023-04-08T13:02:31Z",
        "clicktimestamp": "2023-04-08 08:37:31",
        "clicktimestamp_iso8601": "2023-04-08T08:37:31Z",
        "clickcount": 19,
        "clicktrend": 1,
        "ssl_error": 0,
        "geo_lat": null,
        "geo_long": null,
        "has_extended_info": false
    },
    {
        "changeuuid": "9e5b86f0-e9d6-4388-b9e8-217b9b93b516",
        "stationuuid": "da683ec8-2878-4783-827a-60ae2353016b",
        "serveruuid": "23d8178f-4867-4d3b-ad10-8599a46ec7bb",
        "name": ".\u0635\u0648\u0631 \u0645\u0646 \u062d\u064a\u0627\u0629 \u0627\u0644\u0635\u062d\u0627\u0628\u0629 ",
        "url": "https://qurango.net/radio/sahabah",
        "url_resolved": "https://qurango.net/radio/sahabah",
        "homepage": "",
        "favicon": "",
        "tags": "classical",
        "country": "Saudi Arabia",
        "countrycode": "SA",
        "iso_3166_2": null,
        "state": "",
        "language": "",
        "languagecodes": "",
        "votes": 7,
        "lastchangetime": "2023-04-02 10:04:37",
        "lastchangetime_iso8601": "2023-04-02T10:04:37Z",
        "codec": "MP3",
        "bitrate": 128,
        "hls": 0,
        "lastcheckok": 1,
        "lastchecktime": "2023-04-08 10:27:19",
        "lastchecktime_iso8601": "2023-04-08T10:27:19Z",
        "lastcheckoktime": "2023-04-08 10:27:19",
        "lastcheckoktime_iso8601": "2023-04-08T10:27:19Z",
        "lastlocalchecktime": "2023-04-07 20:43:39",
        "lastlocalchecktime_iso8601": "2023-04-07T20:43:39Z",
        "clicktimestamp": "2023-04-08 08:24:03",
        "clicktimestamp_iso8601": "2023-04-08T08:24:03Z",
        "clickcount": 32,
        "clicktrend": 2,
        "ssl_error": 0,
        "geo_lat": null,
        "geo_long": null,
        "has_extended_info": false
    },
    {
        "changeuuid": "7db194fd-7bcb-4524-a0a3-f82330c0893f",
        "stationuuid": "fc5fe23a-2369-4b1c-bc74-97df6468642b",
        "serveruuid": "532458f3-7220-4433-a26b-84b10188f43e",
        "name": ".\u0645\u0627\u0647\u0631 \u0627\u0644\u0645\u0639\u064a\u0642\u0644\u064a ",
        "url": "https://backup.qurango.net/radio/maher",
        "url_resolved": "https://backup.qurango.net/radio/maher",
        "homepage": "",
        "favicon": "",
        "tags": "classical",
        "country": "Saudi Arabia",
        "countrycode": "SA",
        "iso_3166_2": null,
        "state": "",
        "language": "",
        "languagecodes": "",
        "votes": 5,
        "lastchangetime": "2023-04-03 07:34:39",
        "lastchangetime_iso8601": "2023-04-03T07:34:39Z",
        "codec": "MP3",
        "bitrate": 128,
        "hls": 0,
        "lastcheckok": 1,
        "lastchecktime": "2023-04-08 10:07:40",
        "lastchecktime_iso8601": "2023-04-08T10:07:40Z",
        "lastcheckoktime": "2023-04-08 10:07:40",
        "lastcheckoktime_iso8601": "2023-04-08T10:07:40Z",
        "lastlocalchecktime": "2023-04-07 19:33:06",
        "lastlocalchecktime_iso8601": "2023-04-07T19:33:06Z",
        "clicktimestamp": "2023-04-08 07:01:51",
        "clicktimestamp_iso8601": "2023-04-08T07:01:51Z",
        "clickcount": 24,
        "clicktrend": 3,
        "ssl_error": 0,
        "geo_lat": null,
        "geo_long": null,
        "has_extended_info": false
    },
    {
        "changeuuid": "2cf63e3b-4dfe-4303-b289-49f4a357e46a",
        "stationuuid": "367578fd-4670-4956-8699-4d12c962b292",
        "serveruuid": "23d8178f-4867-4d3b-ad10-8599a46ec7bb",
        "name": ". \u0645\u062e\u062a\u0635\u0631 \u0627\u0644\u0633\u064a\u0631\u0629",
        "url": "https://qurango.net/radio/almukhtasar_fi_alsiyra",
        "url_resolved": "https://qurango.net/radio/almukhtasar_fi_alsiyra",
        "homepage": "",
        "favicon": "",
        "tags": "classical",
        "country": "Saudi Arabia",
        "countrycode": "SA",
        "iso_3166_2": null,
        "state": "",
        "language": "",
        "languagecodes": "",
        "votes": 5,
        "lastchangetime": "2023-04-03 07:34:39",
        "lastchangetime_iso8601": "2023-04-03T07:34:39Z",
        "codec": "MP3",
        "bitrate": 128,
        "hls": 0,
        "lastcheckok": 1,
        "lastchecktime": "2023-04-08 14:11:16",
        "lastchecktime_iso8601": "2023-04-08T14:11:16Z",
        "lastcheckoktime": "2023-04-08 14:11:16",
        "lastcheckoktime_iso8601": "2023-04-08T14:11:16Z",
        "lastlocalchecktime": "2023-04-08 14:11:16",
        "lastlocalchecktime_iso8601": "2023-04-08T14:11:16Z",
        "clicktimestamp": "2023-04-08 08:37:12",
        "clicktimestamp_iso8601": "2023-04-08T08:37:12Z",
        "clickcount": 13,
        "clicktrend": 4,
        "ssl_error": 0,
        "geo_lat": null,
        "geo_long": null,
        "has_extended_info": false
    },
    {
        "changeuuid": "a628fff2-649e-4975-96cd-c02d880a09eb",
        "stationuuid": "68236f9e-f603-41e6-8fc9-5ae3752fe3a3",
        "serveruuid": "6301eab3-9f48-4ddc-bec8-c75d052ef2fd",
        "name": "Radio Asharq",
        "url": "https://svs.itworkscdn.net/asharqradioalive/asharqradioa/playlist.m3u8",
        "url_resolved": "https://svs.itworkscdn.net/asharqradioalive/asharqradioa/playlist.m3u8",
        "homepage": "https://asharqbusiness.com/radio",
        "favicon": "",
        "tags": "business,classical",
        "country": "Saudi Arabia",
        "countrycode": "SA",
        "iso_3166_2": null,
        "state": "Riyadh",
        "language": "arabic",
        "languagecodes": "ar",
        "votes": 0,
        "lastchangetime": "2023-03-27 10:02:08",
        "lastchangetime_iso8601": "2023-03-27T10:02:08Z",
        "codec": "AAC",
        "bitrate": 258,
        "hls": 1,
        "lastcheckok": 1,
        "lastchecktime": "2023-04-08 10:27:19",
        "lastchecktime_iso8601": "2023-04-08T10:27:19Z",
        "lastcheckoktime": "2023-04-08 10:27:19",
        "lastcheckoktime_iso8601": "2023-04-08T10:27:19Z",
        "lastlocalchecktime": "2023-04-08 08:25:01",
        "lastlocalchecktime_iso8601": "2023-04-08T08:25:01Z",
        "clicktimestamp": "2023-04-08 08:37:43",
        "clicktimestamp_iso8601": "2023-04-08T08:37:43Z",
        "clickcount": 21,
        "clicktrend": 3,
        "ssl_error": 0,
        "geo_lat": null,
        "geo_long": null,
        "has_extended_info": false
    },
    {
        "changeuuid": "cf8f7c16-465b-4dd1-9aab-138b6834b567",
        "stationuuid": "e65cfca0-dfe3-4378-a602-b1416158669d",
        "serveruuid": "5f8b22a9-7d75-48b7-88fb-7f980857c07b",
        "name": "MBC FM",
        "url": "https://mbcfm-radio.mbc.net/mbcfm-radio_1.m3u8",
        "url_resolved": "https://mbcfm-radio.mbc.net/mbcfm-radio_1.m3u8",
        "homepage": "https://mbcradios.net/",
        "favicon": "https://www.mbc.net/dam/jcr:0611b73a-741c-4a25-831b-7ea27be642da/mbc-fm1.png",
        "tags": "",
        "country": "Saudi Arabia",
        "countrycode": "SA",
        "iso_3166_2": null,
        "state": "Riyadh",
        "language": "arabic",
        "languagecodes": "ar",
        "votes": 42,
        "lastchangetime": "2023-05-21 03:53:16",
        "lastchangetime_iso8601": "2023-05-21T03:53:16Z",
        "codec": "UNKNOWN",
        "bitrate": 0,
        "hls": 1,
        "lastcheckok": 1,
        "lastchecktime": "2023-07-09 04:43:57",
        "lastchecktime_iso8601": "2023-07-09T04:43:57Z",
        "lastcheckoktime": "2023-07-09 04:43:57",
        "lastcheckoktime_iso8601": "2023-07-09T04:43:57Z",
        "lastlocalchecktime": "2023-07-08 21:27:39",
        "lastlocalchecktime_iso8601": "2023-07-08T21:27:39Z",
        "clicktimestamp": "2023-07-09 06:38:06",
        "clicktimestamp_iso8601": "2023-07-09T06:38:06Z",
        "clickcount": 61,
        "clicktrend": 0,
        "ssl_error": 0,
        "geo_lat": 24.626752157735744,
        "geo_long": 46.72004699707032,
        "has_extended_info": false
    },
    {
        "changeuuid": "1a69d8cf-6c61-4d18-bbea-45c734190c46",
        "stationuuid": "bef11abc-f4f7-440e-897a-93b7b8e59879",
        "serveruuid": "472780bb-f5f7-4928-a0b9-2c8308b05ba9",
        "name": "MIX FM KSA",
        "url": "https://s1.voscast.com:11377/live.mp3",
        "url_resolved": "https://s1.voscast.com:11377/live.mp3",
        "homepage": "https://www.mixfm-sa.com/live",
        "favicon": "https://www.mixfm-sa.com/favicon.png",
        "tags": "",
        "country": "Saudi Arabia",
        "countrycode": "SA",
        "iso_3166_2": null,
        "state": "Jeddah",
        "language": "arabic,english",
        "languagecodes": "ar,en",
        "votes": 37,
        "lastchangetime": "2023-05-21 03:37:54",
        "lastchangetime_iso8601": "2023-05-21T03:37:54Z",
        "codec": "MP3",
        "bitrate": 96,
        "hls": 0,
        "lastcheckok": 1,
        "lastchecktime": "2023-07-09 08:18:56",
        "lastchecktime_iso8601": "2023-07-09T08:18:56Z",
        "lastcheckoktime": "2023-07-09 08:18:56",
        "lastcheckoktime_iso8601": "2023-07-09T08:18:56Z",
        "lastlocalchecktime": "2023-07-09 08:18:56",
        "lastlocalchecktime_iso8601": "2023-07-09T08:18:56Z",
        "clicktimestamp": "2023-07-09 13:27:30",
        "clicktimestamp_iso8601": "2023-07-09T13:27:30Z",
        "clickcount": 65,
        "clicktrend": -2,
        "ssl_error": 0,
        "geo_lat": 21.582987061917077,
        "geo_long": 39.16952133178712,
        "has_extended_info": false
    },
    {
        "changeuuid": "c3a464ab-c2a8-4871-b8fa-60b2ca73dd78",
        "stationuuid": "60f41b34-7467-4268-8e44-39acd609052e",
        "serveruuid": "099028e4-4857-4f28-a091-d8be79ff62f3",
        "name": "\u0631\u0627\u062f\u064a\u0648 \u0627\u0644\u0634\u0631\u0642 \u0645\u0639 \u0628\u0644\u0648\u0645\u0628\u0631\u063a",
        "url": "https://l3.itworkscdn.net/asharqradioalive/asharqradioa/icecast.audio",
        "url_resolved": "https://l3.itworkscdn.net/asharqradioalive/asharqradioa/icecast.audio",
        "homepage": "https://www.asharqbusiness.com/radio",
        "favicon": "https://www.asharqbusiness.com/_nuxt/img/asharqRadio.5bb45e5.png",
        "tags": "",
        "country": "Saudi Arabia",
        "countrycode": "SA",
        "iso_3166_2": null,
        "state": "Riyadh",
        "language": "",
        "languagecodes": "",
        "votes": 31,
        "lastchangetime": "2023-05-17 10:11:24",
        "lastchangetime_iso8601": "2023-05-17T10:11:24Z",
        "codec": "AAC+",
        "bitrate": 256,
        "hls": 0,
        "lastcheckok": 1,
        "lastchecktime": "2023-07-09 11:27:34",
        "lastchecktime_iso8601": "2023-07-09T11:27:34Z",
        "lastcheckoktime": "2023-07-09 11:27:34",
        "lastcheckoktime_iso8601": "2023-07-09T11:27:34Z",
        "lastlocalchecktime": "2023-07-09 06:11:51",
        "lastlocalchecktime_iso8601": "2023-07-09T06:11:51Z",
        "clicktimestamp": "2023-07-09 03:40:38",
        "clicktimestamp_iso8601": "2023-07-09T03:40:38Z",
        "clickcount": 15,
        "clicktrend": 2,
        "ssl_error": 0,
        "geo_lat": 23.805449612314625,
        "geo_long": 44.29687500000001,
        "has_extended_info": false
    },
    {
        "changeuuid": "db3d9b70-8bc2-41fd-83ef-7c68f5bd32a1",
        "stationuuid": "d4b1391a-79b3-45df-a72e-ea6c252a3615",
        "serveruuid": "4b9d69ed-a5f3-4086-bda3-b1b5851bd1e8",
        "name": "Wanasah FM",
        "url": "https://wanasahfm-radio.mbc.net/wanasahfm-radio_1.m3u8",
        "url_resolved": "https://wanasahfm-radio.mbc.net/wanasahfm-radio_1.m3u8",
        "homepage": "https://mbcradios.net/",
        "favicon": "https://mbc-mood.s3.amazonaws.com/channels/1643962027wanass-mob.png",
        "tags": "",
        "country": "Saudi Arabia",
        "countrycode": "SA",
        "iso_3166_2": null,
        "state": "Riyadh",
        "language": "arabic",
        "languagecodes": "ar",
        "votes": 27,
        "lastchangetime": "2023-05-21 03:58:26",
        "lastchangetime_iso8601": "2023-05-21T03:58:26Z",
        "codec": "UNKNOWN",
        "bitrate": 0,
        "hls": 1,
        "lastcheckok": 1,
        "lastchecktime": "2023-07-09 08:03:19",
        "lastchecktime_iso8601": "2023-07-09T08:03:19Z",
        "lastcheckoktime": "2023-07-09 08:03:19",
        "lastcheckoktime_iso8601": "2023-07-09T08:03:19Z",
        "lastlocalchecktime": "2023-07-09 08:03:19",
        "lastlocalchecktime_iso8601": "2023-07-09T08:03:19Z",
        "clicktimestamp": "2023-07-09 03:40:53",
        "clicktimestamp_iso8601": "2023-07-09T03:40:53Z",
        "clickcount": 24,
        "clicktrend": -3,
        "ssl_error": 0,
        "geo_lat": 24.690549466549076,
        "geo_long": 46.692924499511726,
        "has_extended_info": false
    },
    {
        "changeuuid": "aa0368bf-4333-4e3e-a30d-efd92886954d",
        "stationuuid": "1fb95eb5-3ed6-4633-961d-ecffa5d56591",
        "serveruuid": "099028e4-4857-4f28-a091-d8be79ff62f3",
        "name": "Radio Asharq with Bloomberg /\u00a0\u0631\u0627\u062f\u064a\u0648 \u0627\u0644\u0634\u0631\u0642 \u0645\u0639 \u0628\u0644\u0648\u0645\u0628\u0631\u063a",
        "url": "https://l3.itworkscdn.net/asharqradioalive/asharqradioa/icecast.audio",
        "url_resolved": "https://l3.itworkscdn.net/asharqradioalive/asharqradioa/icecast.audio",
        "homepage": "https://www.radioasharq.com/",
        "favicon": "https://i.imgur.com/7EL88ez.png",
        "tags": "arabic,business,talk",
        "country": "Saudi Arabia",
        "countrycode": "SA",
        "iso_3166_2": null,
        "state": "Riyadh",
        "language": "arabic",
        "languagecodes": "ar",
        "votes": 26,
        "lastchangetime": "2023-05-16 03:09:03",
        "lastchangetime_iso8601": "2023-05-16T03:09:03Z",
        "codec": "AAC+",
        "bitrate": 256,
        "hls": 0,
        "lastcheckok": 1,
        "lastchecktime": "2023-07-09 06:20:40",
        "lastchecktime_iso8601": "2023-07-09T06:20:40Z",
        "lastcheckoktime": "2023-07-09 06:20:40",
        "lastcheckoktime_iso8601": "2023-07-09T06:20:40Z",
        "lastlocalchecktime": "2023-07-09 06:20:40",
        "lastlocalchecktime_iso8601": "2023-07-09T06:20:40Z",
        "clicktimestamp": "2023-07-09 12:11:17",
        "clicktimestamp_iso8601": "2023-07-09T12:11:17Z",
        "clickcount": 40,
        "clicktrend": 0,
        "ssl_error": 0,
        "geo_lat": null,
        "geo_long": null,
        "has_extended_info": false
    },
    {
        "changeuuid": "c6bdf113-1319-4659-851a-8ae90e2204d5",
        "stationuuid": "067ee4b5-2d94-4888-8eb4-cc5b17da1fff",
        "serveruuid": "250242a0-959e-4b70-a197-c52becda10ac",
        "name": "\u0645\u0642\u062f\u0645\u0629 \u0631\u0633\u0627\u0644\u0629 \u0627\u0628\u0646 \u0623\u0628\u064a \u0632\u064a\u062f \u0627\u0644\u0642\u064a\u0631\u0648\u0627\u0646\u064a1",
        "url": "https://www.al-badr.net/download/esound/choroohat/abuzaid_alkirawani/001.mp3",
        "url_resolved": "https://www.al-badr.net/download/esound/choroohat/abuzaid_alkirawani/001.mp3",
        "homepage": "https://www.al-badr.net/",
        "favicon": "",
        "tags": "",
        "country": "Saudi Arabia",
        "countrycode": "SA",
        "iso_3166_2": null,
        "state": "",
        "language": "\u0627\u0644\u0639\u0631\u0628\u064a\u0629",
        "languagecodes": "",
        "votes": 24,
        "lastchangetime": "2023-05-06 12:24:54",
        "lastchangetime_iso8601": "2023-05-06T12:24:54Z",
        "codec": "MP3",
        "bitrate": 0,
        "hls": 0,
        "lastcheckok": 1,
        "lastchecktime": "2023-07-08 19:10:08",
        "lastchecktime_iso8601": "2023-07-08T19:10:08Z",
        "lastcheckoktime": "2023-07-08 19:10:08",
        "lastcheckoktime_iso8601": "2023-07-08T19:10:08Z",
        "lastlocalchecktime": "2023-07-08 19:10:08",
        "lastlocalchecktime_iso8601": "2023-07-08T19:10:08Z",
        "clicktimestamp": "2023-07-09 03:41:00",
        "clicktimestamp_iso8601": "2023-07-09T03:41:00Z",
        "clickcount": 21,
        "clicktrend": 1,
        "ssl_error": 0,
        "geo_lat": null,
        "geo_long": null,
        "has_extended_info": false
    },
    {
        "changeuuid": "12a599f2-4078-4e37-8ec1-2db8a62a47c1",
        "stationuuid": "c5684455-e338-4646-b7f2-44c24467c4f3",
        "serveruuid": "6301eab3-9f48-4ddc-bec8-c75d052ef2fd",
        "name": "Radio Asharq with Bloomberg /\u00a0\u0631\u0627\u062f\u064a\u0648 \u0627\u0644\u0634\u0631\u0642 \u0645\u0639 \u0628\u0644\u0648\u0645\u0628\u0631\u063a",
        "url": "https://svs.itworkscdn.net/asharqradioalive/asharqradioa/playlist.m3u8",
        "url_resolved": "https://svs.itworkscdn.net/asharqradioalive/asharqradioa/playlist.m3u8",
        "homepage": "https://www.radioasharq.com/",
        "favicon": "https://i.imgur.com/7EL88ez.png",
        "tags": "",
        "country": "Saudi Arabia",
        "countrycode": "SA",
        "iso_3166_2": null,
        "state": "Riyadh",
        "language": "",
        "languagecodes": "",
        "votes": 11,
        "lastchangetime": "2023-05-16 03:09:03",
        "lastchangetime_iso8601": "2023-05-16T03:09:03Z",
        "codec": "AAC",
        "bitrate": 258,
        "hls": 1,
        "lastcheckok": 1,
        "lastchecktime": "2023-07-09 05:38:18",
        "lastchecktime_iso8601": "2023-07-09T05:38:18Z",
        "lastcheckoktime": "2023-07-09 05:38:18",
        "lastcheckoktime_iso8601": "2023-07-09T05:38:18Z",
        "lastlocalchecktime": "2023-07-09 05:38:18",
        "lastlocalchecktime_iso8601": "2023-07-09T05:38:18Z",
        "clicktimestamp": "2023-07-09 05:50:29",
        "clicktimestamp_iso8601": "2023-07-09T05:50:29Z",
        "clickcount": 12,
        "clicktrend": 2,
        "ssl_error": 0,
        "geo_lat": null,
        "geo_long": null,
        "has_extended_info": false
    },
    {
        "changeuuid": "2bf24a08-109b-4ac0-b7fc-ed8f8f57380b",
        "stationuuid": "860a91bb-b409-4d72-9740-0e94b26b0818",
        "serveruuid": "6301eab3-9f48-4ddc-bec8-c75d052ef2fd",
        "name": "Radio Asharq with Bloomberg /\u00a0\u0631\u0627\u062f\u064a\u0648 \u0627\u0644\u0634\u0631\u0642 \u0645\u0639 \u0628\u0644\u0648\u0645\u0628\u0631\u063a",
        "url": "https://svs.itworkscdn.net/asharqradioalive/asharqradioa/playlist.m3u8",
        "url_resolved": "https://svs.itworkscdn.net/asharqradioalive/asharqradioa/playlist.m3u8",
        "homepage": "https://www.radioasharq.com/",
        "favicon": "https://i.imgur.com/7EL88ez.png",
        "tags": "",
        "country": "Saudi Arabia",
        "countrycode": "SA",
        "iso_3166_2": null,
        "state": "Riyadh",
        "language": "",
        "languagecodes": "",
        "votes": 6,
        "lastchangetime": "2023-05-16 03:09:03",
        "lastchangetime_iso8601": "2023-05-16T03:09:03Z",
        "codec": "AAC",
        "bitrate": 258,
        "hls": 1,
        "lastcheckok": 1,
        "lastchecktime": "2023-07-09 07:32:43",
        "lastchecktime_iso8601": "2023-07-09T07:32:43Z",
        "lastcheckoktime": "2023-07-09 07:32:43",
        "lastcheckoktime_iso8601": "2023-07-09T07:32:43Z",
        "lastlocalchecktime": "2023-07-09 07:32:43",
        "lastlocalchecktime_iso8601": "2023-07-09T07:32:43Z",
        "clicktimestamp": "2023-07-09 02:28:07",
        "clicktimestamp_iso8601": "2023-07-09T02:28:07Z",
        "clickcount": 13,
        "clicktrend": 1,
        "ssl_error": 0,
        "geo_lat": null,
        "geo_long": null,
        "has_extended_info": false
    },
    {
        "changeuuid": "bf944099-ec75-4bab-9291-b7756c2d3576",
        "stationuuid": "0fcfa7cf-eef7-406e-a1f4-a47ac848e97b",
        "serveruuid": "6301eab3-9f48-4ddc-bec8-c75d052ef2fd",
        "name": "\u0631\u0627\u062f\u064a\u0648 \u0627\u0644\u0634\u0631\u0642 \u0645\u0639 \u0628\u0644\u0648\u0645\u0628\u0631\u063a",
        "url": "https://svs.itworkscdn.net/asharqradioalive/asharqradioa/playlist.m3u8",
        "url_resolved": "https://svs.itworkscdn.net/asharqradioalive/asharqradioa/playlist.m3u8",
        "homepage": "https://www.asharqbusiness.com/radio",
        "favicon": "https://i.imgur.com/7EL88ez.png",
        "tags": "",
        "country": "Saudi Arabia",
        "countrycode": "SA",
        "iso_3166_2": null,
        "state": "Riyadh",
        "language": "",
        "languagecodes": "",
        "votes": 3,
        "lastchangetime": "2023-06-07 23:40:38",
        "lastchangetime_iso8601": "2023-06-07T23:40:38Z",
        "codec": "AAC",
        "bitrate": 258,
        "hls": 1,
        "lastcheckok": 1,
        "lastchecktime": "2023-07-09 02:41:12",
        "lastchecktime_iso8601": "2023-07-09T02:41:12Z",
        "lastcheckoktime": "2023-07-09 02:41:12",
        "lastcheckoktime_iso8601": "2023-07-09T02:41:12Z",
        "lastlocalchecktime": "2023-07-09 02:41:12",
        "lastlocalchecktime_iso8601": "2023-07-09T02:41:12Z",
        "clicktimestamp": "2023-07-09 07:05:52",
        "clicktimestamp_iso8601": "2023-07-09T07:05:52Z",
        "clickcount": 14,
        "clicktrend": 3,
        "ssl_error": 0,
        "geo_lat": null,
        "geo_long": null,
        "has_extended_info": false
    },
    {
        "changeuuid": "d0f4f566-ee4c-4266-8c2c-61ba1b0983d5",
        "stationuuid": "91d77ed4-a680-48dc-b97a-c8e34e11e270",
        "serveruuid": "41a5c168-2a6e-4665-a1db-4be1c15bbff0",
        "name": "mbc",
        "url": "http://211.221.46.79:1935/live/mp4:BusanMBC.Live-FM-0415/playlist.m3u8",
        "url_resolved": "http://211.221.46.79:1935/live/mp4:BusanMBC.Live-FM-0415/playlist.m3u8",
        "homepage": "http://211.221.46.79:1935/live/mp4:BusanMBC.Live-FM-0415/playlist.m3u8",
        "favicon": "",
        "tags": "",
        "country": "Saudi Arabia",
        "countrycode": "SA",
        "iso_3166_2": null,
        "state": "",
        "language": "arabic",
        "languagecodes": "ar",
        "votes": 1,
        "lastchangetime": "2023-11-05 02:45:45",
        "lastchangetime_iso8601": "2023-11-05T02:45:45Z",
        "codec": "UNKNOWN",
        "bitrate": 250,
        "hls": 1,
        "lastcheckok": 1,
        "lastchecktime": "2023-11-07 03:16:25",
        "lastchecktime_iso8601": "2023-11-07T03:16:25Z",
        "lastcheckoktime": "2023-11-07 03:16:25",
        "lastcheckoktime_iso8601": "2023-11-07T03:16:25Z",
        "lastlocalchecktime": "2023-11-06 20:01:50",
        "lastlocalchecktime_iso8601": "2023-11-06T20:01:50Z",
        "clicktimestamp": "2023-11-07 10:20:17",
        "clicktimestamp_iso8601": "2023-11-07T10:20:17Z",
        "clickcount": 39,
        "clicktrend": -2,
        "ssl_error": 0,
        "geo_lat": 21.414187252504956,
        "geo_long": 39.8286209120059,
        "has_extended_info": false
    }
]