[
    {
        "changeuuid": "9e49ae73-7be7-434d-8f44-ec5ddb4ae07c",
        "stationuuid": "78d3cd84-7f82-4305-8479-04275d778f86",
        "serveruuid": "eaf8d47a-abc4-4ae0-8bbe-903574901324",
        "name": "Radio Sesel",
        "url": "http://176.31.123.49:2199/tunein/svibes.pls",
        "url_resolved": "http://176.31.123.49:8000/stream",
        "homepage": "http://radiosesel.com/",
        "favicon": "",
        "tags": "sesel,seychelles",
        "country": "Seychelles",
        "countrycode": "SC",
        "iso_3166_2": null,
        "state": "",
        "language": "creole,english",
        "languagecodes": "en",
        "votes": 171,
        "lastchangetime": "2022-03-28 14:09:15",
        "lastchangetime_iso8601": "2022-03-28T14:09:15Z",
        "codec": "MP3",
        "bitrate": 128,
        "hls": 0,
        "lastcheckok": 1,
        "lastchecktime": "2023-04-08 10:20:51",
        "lastchecktime_iso8601": "2023-04-08T10:20:51Z",
        "lastcheckoktime": "2023-04-08 10:20:51",
        "lastcheckoktime_iso8601": "2023-04-08T10:20:51Z",
        "lastlocalchecktime": "2023-04-07 20:36:52",
        "lastlocalchecktime_iso8601": "2023-04-07T20:36:52Z",
        "clicktimestamp": "2023-04-08 06:30:59",
        "clicktimestamp_iso8601": "2023-04-08T06:30:59Z",
        "clickcount": 26,
        "clicktrend": 1,
        "ssl_error": 0,
        "geo_lat": null,
        "geo_long": null,
        "has_extended_info": false
    },
    {
        "changeuuid": "1b9c6fe1-3710-4168-9cea-ecd858209ef7",
        "stationuuid": "18d9b902-3d2b-442a-8287-752fa3923340",
        "serveruuid": "4632e07b-8b45-41f3-9400-f3aeda4a2bba",
        "name": "SBC Paradise FM - Seychelles Best Mix",
        "url": "https://streaming.fabrik.fm/paradise-fm/echocast/audio/index.m3u8",
        "url_resolved": "https://streaming.fabrik.fm/paradise-fm/echocast/audio/index.m3u8",
        "homepage": "https://sbc.sc/",
        "favicon": "",
        "tags": "contemporary,creole",
        "country": "Seychelles",
        "countrycode": "SC",
        "iso_3166_2": null,
        "state": "",
        "language": "english",
        "languagecodes": "en",
        "votes": 17,
        "lastchangetime": "2023-04-06 17:04:41",
        "lastchangetime_iso8601": "2023-04-06T17:04:41Z",
        "codec": "UNKNOWN",
        "bitrate": 0,
        "hls": 1,
        "lastcheckok": 1,
        "lastchecktime": "2023-04-07 17:23:22",
        "lastchecktime_iso8601": "2023-04-07T17:23:22Z",
        "lastcheckoktime": "2023-04-07 17:23:22",
        "lastcheckoktime_iso8601": "2023-04-07T17:23:22Z",
        "lastlocalchecktime": "2023-04-07 17:06:28",
        "lastlocalchecktime_iso8601": "2023-04-07T17:06:28Z",
        "clicktimestamp": "2023-04-08 02:05:22",
        "clicktimestamp_iso8601": "2023-04-08T02:05:22Z",
        "clickcount": 15,
        "clicktrend": 1,
        "ssl_error": 0,
        "geo_lat": null,
        "geo_long": null,
        "has_extended_info": false
    }
]