[
    {
        "changeuuid": "d36ed134-15e9-46c4-8262-e995c80004e0",
        "stationuuid": "754cec66-a07c-41dd-a67d-8233f1cd5557",
        "serveruuid": "f1b91b0d-31a3-4319-b39f-cfdd00bf364c",
        "name": "\u0631\u0627\u062f\u064a\u0648 \u0627\u0644\u0631\u0627\u0628\u0639\u0629",
        "url": "https://streams.radio.co/s909325731/listen?ver=97613",
        "url_resolved": "https://streams.radio.co/s909325731/listen?ver=97613",
        "homepage": "https://streams.radio.co/s909325731/listen?ver=97613",
        "favicon": "",
        "tags": "",
        "country": "The Sudan",
        "countrycode": "SD",
        "iso_3166_2": null,
        "state": "qqqe",
        "language": "arabic",
        "languagecodes": "ar",
        "votes": 1046,
        "lastchangetime": "2022-03-28 10:02:44",
        "lastchangetime_iso8601": "2022-03-28T10:02:44Z",
        "codec": "MP3",
        "bitrate": 128,
        "hls": 0,
        "lastcheckok": 1,
        "lastchecktime": "2023-04-08 02:01:36",
        "lastchecktime_iso8601": "2023-04-08T02:01:36Z",
        "lastcheckoktime": "2023-04-08 02:01:36",
        "lastcheckoktime_iso8601": "2023-04-08T02:01:36Z",
        "lastlocalchecktime": "2023-04-07 17:30:34",
        "lastlocalchecktime_iso8601": "2023-04-07T17:30:34Z",
        "clicktimestamp": "2023-04-08 13:24:52",
        "clicktimestamp_iso8601": "2023-04-08T13:24:52Z",
        "clickcount": 107,
        "clicktrend": -1,
        "ssl_error": 0,
        "geo_lat": null,
        "geo_long": null,
        "has_extended_info": false
    },
    {
        "changeuuid": "9731922c-25be-4a9a-858c-c9339b4d2037",
        "stationuuid": "d59460b2-a487-4d3c-a9f0-46dfddef2430",
        "serveruuid": "8fc57ada-272d-4371-a140-3993f271dd48",
        "name": "Radio DeeShaK- Sudan",
        "url": "http://198.105.216.204:8230/stream",
        "url_resolved": "http://198.105.216.204:8230/stream",
        "homepage": "http://www.deeshak.com/",
        "favicon": "",
        "tags": "sudan africa",
        "country": "The Sudan",
        "countrycode": "SD",
        "iso_3166_2": null,
        "state": "",
        "language": "arabic",
        "languagecodes": "ar",
        "votes": 397,
        "lastchangetime": "2022-11-19 23:28:29",
        "lastchangetime_iso8601": "2022-11-19T23:28:29Z",
        "codec": "MP3",
        "bitrate": 128,
        "hls": 0,
        "lastcheckok": 1,
        "lastchecktime": "2023-04-08 07:35:55",
        "lastchecktime_iso8601": "2023-04-08T07:35:55Z",
        "lastcheckoktime": "2023-04-08 07:35:55",
        "lastcheckoktime_iso8601": "2023-04-08T07:35:55Z",
        "lastlocalchecktime": "2023-04-07 20:11:09",
        "lastlocalchecktime_iso8601": "2023-04-07T20:11:09Z",
        "clicktimestamp": "2023-04-08 13:24:27",
        "clicktimestamp_iso8601": "2023-04-08T13:24:27Z",
        "clickcount": 73,
        "clicktrend": 1,
        "ssl_error": 0,
        "geo_lat": null,
        "geo_long": null,
        "has_extended_info": false
    },
    {
        "changeuuid": "d78b3909-1965-473c-a942-de52cf3b25a3",
        "stationuuid": "fe41041e-84ec-433d-83e6-c4e00cb96887",
        "serveruuid": "8fc57ada-272d-4371-a140-3993f271dd48",
        "name": "Radio DeeShaK- Sudan",
        "url": "http://198.105.216.204:8230/stream",
        "url_resolved": "http://198.105.216.204:8230/stream",
        "homepage": "http://www.deeshak.com/",
        "favicon": "",
        "tags": "sudan africa",
        "country": "The Sudan",
        "countrycode": "SD",
        "iso_3166_2": null,
        "state": "",
        "language": "arabic",
        "languagecodes": "ar",
        "votes": 171,
        "lastchangetime": "2022-11-19 23:28:29",
        "lastchangetime_iso8601": "2022-11-19T23:28:29Z",
        "codec": "MP3",
        "bitrate": 128,
        "hls": 0,
        "lastcheckok": 1,
        "lastchecktime": "2023-04-08 08:02:45",
        "lastchecktime_iso8601": "2023-04-08T08:02:45Z",
        "lastcheckoktime": "2023-04-08 08:02:45",
        "lastcheckoktime_iso8601": "2023-04-08T08:02:45Z",
        "lastlocalchecktime": "2023-04-07 20:21:17",
        "lastlocalchecktime_iso8601": "2023-04-07T20:21:17Z",
        "clicktimestamp": "2023-04-08 13:24:40",
        "clicktimestamp_iso8601": "2023-04-08T13:24:40Z",
        "clickcount": 49,
        "clicktrend": 3,
        "ssl_error": 0,
        "geo_lat": null,
        "geo_long": null,
        "has_extended_info": false
    },
    {
        "changeuuid": "a6b1dca2-659e-429b-a2e3-2d118c19ce03",
        "stationuuid": "89023510-b6e0-4e51-be88-40ca12441333",
        "serveruuid": "560f21d7-fe12-428f-86fe-172cb2aed732",
        "name": "107.8 AZUL POP FM",
        "url": "https://azulpop.ozelip.com/8006/stream",
        "url_resolved": "https://azulpop.ozelip.com/8006/stream",
        "homepage": "https://azulradyo.com/",
        "favicon": "",
        "tags": "m\u00fasica pop,pop,pop dance,pop music,pop rock,sudan africa",
        "country": "The Sudan",
        "countrycode": "SD",
        "iso_3166_2": null,
        "state": "Damascus",
        "language": "arabic",
        "languagecodes": "ar",
        "votes": 112,
        "lastchangetime": "2023-02-24 00:35:11",
        "lastchangetime_iso8601": "2023-02-24T00:35:11Z",
        "codec": "MP3",
        "bitrate": 128,
        "hls": 0,
        "lastcheckok": 1,
        "lastchecktime": "2023-04-07 21:01:33",
        "lastchecktime_iso8601": "2023-04-07T21:01:33Z",
        "lastcheckoktime": "2023-04-07 21:01:33",
        "lastcheckoktime_iso8601": "2023-04-07T21:01:33Z",
        "lastlocalchecktime": "2023-04-07 15:19:32",
        "lastlocalchecktime_iso8601": "2023-04-07T15:19:32Z",
        "clicktimestamp": "2023-04-08 13:24:44",
        "clicktimestamp_iso8601": "2023-04-08T13:24:44Z",
        "clickcount": 42,
        "clicktrend": -1,
        "ssl_error": 0,
        "geo_lat": 14.386794648086314,
        "geo_long": 28.359376788139347,
        "has_extended_info": false
    },
    {
        "changeuuid": "f72fafb2-0ad1-413e-87de-bd68be830f24",
        "stationuuid": "45c5d682-38f3-42f0-a041-7cdb812b20ff",
        "serveruuid": "cd078b55-1305-4eb4-acc9-5bb166f1482e",
        "name": "#Radio Quran",
        "url": "https://n0a.radiojar.com/0tpy1h0kxtzuv?rj-ttl=5&rj-tok=AAABhdgGORQA-2acfyF3_4WY2g",
        "url_resolved": "http://n05.radiojar.com/0tpy1h0kxtzuv?rj-ttl=5&rj-tok=AAABiTrXVcsAp4GIyCsJYAqXLA",
        "homepage": "",
        "favicon": "",
        "tags": "classical",
        "country": "The Sudan",
        "countrycode": "SD",
        "iso_3166_2": null,
        "state": "",
        "language": "",
        "languagecodes": "",
        "votes": 40,
        "lastchangetime": "2023-04-14 10:14:06",
        "lastchangetime_iso8601": "2023-04-14T10:14:06Z",
        "codec": "MP3",
        "bitrate": 0,
        "hls": 0,
        "lastcheckok": 1,
        "lastchecktime": "2023-07-09 13:25:08",
        "lastchecktime_iso8601": "2023-07-09T13:25:08Z",
        "lastcheckoktime": "2023-07-09 13:25:08",
        "lastcheckoktime_iso8601": "2023-07-09T13:25:08Z",
        "lastlocalchecktime": "2023-07-09 00:59:22",
        "lastlocalchecktime_iso8601": "2023-07-09T00:59:22Z",
        "clicktimestamp": "2023-07-09 10:01:37",
        "clicktimestamp_iso8601": "2023-07-09T10:01:37Z",
        "clickcount": 21,
        "clicktrend": 1,
        "ssl_error": 0,
        "geo_lat": null,
        "geo_long": null,
        "has_extended_info": false
    },
    {
        "changeuuid": "1a333fd6-08bf-432c-9e5b-58fb65de7b1b",
        "stationuuid": "0dff0316-0e12-4e9f-b828-ce228c23c242",
        "serveruuid": "a5dc01bf-a9f0-45aa-84c6-1b76c0925cd8",
        "name": "Miraya FM",
        "url": "http://s3.myradiostream.com:15918/;",
        "url_resolved": "http://s3.myradiostream.com:15918/;",
        "homepage": "http://mirayafm.org/",
        "favicon": "",
        "tags": "",
        "country": "The Sudan",
        "countrycode": "SD",
        "iso_3166_2": null,
        "state": "",
        "language": "english",
        "languagecodes": "en",
        "votes": 0,
        "lastchangetime": "2023-07-04 11:00:58",
        "lastchangetime_iso8601": "2023-07-04T11:00:58Z",
        "codec": "MP3",
        "bitrate": 128,
        "hls": 0,
        "lastcheckok": 1,
        "lastchecktime": "2023-07-09 11:02:03",
        "lastchecktime_iso8601": "2023-07-09T11:02:03Z",
        "lastcheckoktime": "2023-07-09 11:02:03",
        "lastcheckoktime_iso8601": "2023-07-09T11:02:03Z",
        "lastlocalchecktime": "2023-07-09 01:41:59",
        "lastlocalchecktime_iso8601": "2023-07-09T01:41:59Z",
        "clicktimestamp": "2023-07-08 11:55:21",
        "clicktimestamp_iso8601": "2023-07-08T11:55:21Z",
        "clickcount": 8,
        "clicktrend": -3,
        "ssl_error": 0,
        "geo_lat": null,
        "geo_long": null,
        "has_extended_info": false
    },
    {
        "changeuuid": "fd3e4de5-34c7-41f9-ba0c-7d6600d9d187",
        "stationuuid": "56b4d7c7-205f-4467-a0e5-97c3977cc076",
        "serveruuid": "454ae35b-ac28-4296-844e-996e6b50f9db",
        "name": "DIMusic Club \ud83c\uddf8\ud83c\udde9 ",
        "url": "http://stream1.dimusic.club:11496/live",
        "url_resolved": "http://stream1.dimusic.club:11496/live",
        "homepage": "http://dimusic.club/",
        "favicon": "https://firebasestorage.googleapis.com/v0/b/radiogalaxy-580f4.appspot.com/o/images%2FIMG_20230810_043033081.jpg?alt=media&token=f9885ad6-529b-46f5-bffc-d76ec564d407",
        "tags": "dance,eurodance,eurohit,europop,pop,pophit",
        "country": "The Sudan",
        "countrycode": "SD",
        "iso_3166_2": null,
        "state": "",
        "language": "english/ espa\u00f1a/ russian /francia /italia",
        "languagecodes": "",
        "votes": 10,
        "lastchangetime": "2023-08-10 01:41:29",
        "lastchangetime_iso8601": "2023-08-10T01:41:29Z",
        "codec": "AAC+",
        "bitrate": 96,
        "hls": 0,
        "lastcheckok": 1,
        "lastchecktime": "2023-09-03 02:57:13",
        "lastchecktime_iso8601": "2023-09-03T02:57:13Z",
        "lastcheckoktime": "2023-09-03 02:57:13",
        "lastcheckoktime_iso8601": "2023-09-03T02:57:13Z",
        "lastlocalchecktime": "2023-09-03 02:57:13",
        "lastlocalchecktime_iso8601": "2023-09-03T02:57:13Z",
        "clicktimestamp": "2023-09-03 14:07:24",
        "clicktimestamp_iso8601": "2023-09-03T14:07:24Z",
        "clickcount": 19,
        "clicktrend": 1,
        "ssl_error": 0,
        "geo_lat": null,
        "geo_long": null,
        "has_extended_info": false
    }
]