[
    {
        "changeuuid": "e875b1ba-1c11-4f49-8bb5-d8e3df10d89d",
        "stationuuid": "06993d81-0b79-11e9-a80b-52543be04c81",
        "serveruuid": "f967f60a-eaa3-4e4d-89d6-4ada6c674782",
        "name": "UFM 100.3 Radio",
        "url": "http://playerservices.streamtheworld.com/api/livestream-redirect/UFM_1003AAC.aac",
        "url_resolved": "http://23683.live.streamtheworld.com:80/UFM_1003AAC.aac",
        "homepage": "http://www.ufm1003.sg/",
        "favicon": "",
        "tags": "",
        "country": "Singapore",
        "countrycode": "SG",
        "iso_3166_2": null,
        "state": "Toa Payoh",
        "language": "chinese",
        "languagecodes": "zh",
        "votes": 1084,
        "lastchangetime": "2022-09-03 01:06:41",
        "lastchangetime_iso8601": "2022-09-03T01:06:41Z",
        "codec": "AAC+",
        "bitrate": 64,
        "hls": 0,
        "lastcheckok": 1,
        "lastchecktime": "2023-04-08 06:50:26",
        "lastchecktime_iso8601": "2023-04-08T06:50:26Z",
        "lastcheckoktime": "2023-04-08 06:50:26",
        "lastcheckoktime_iso8601": "2023-04-08T06:50:26Z",
        "lastlocalchecktime": "2023-04-07 17:15:28",
        "lastlocalchecktime_iso8601": "2023-04-07T17:15:28Z",
        "clicktimestamp": "2023-04-08 13:18:33",
        "clicktimestamp_iso8601": "2023-04-08T13:18:33Z",
        "clickcount": 149,
        "clicktrend": -12,
        "ssl_error": 0,
        "geo_lat": null,
        "geo_long": null,
        "has_extended_info": false
    },
    {
        "changeuuid": "54ade35a-caad-4974-ad49-7fe55b7664a7",
        "stationuuid": "31710261-0b76-11e9-a80b-52543be04c81",
        "serveruuid": "aa2a8776-3e3f-4c30-bb50-429df78facd3",
        "name": "YES 933 Radio",
        "url": "http://playerservices.streamtheworld.com/api/livestream-redirect/YES933AAC.aac",
        "url_resolved": "http://22393.live.streamtheworld.com:80/YES933AAC.aac",
        "homepage": "http://www.meradio.sg/radio/yes-933",
        "favicon": "http://www.meradio.sg/static/apple-icon-120x120.png",
        "tags": "",
        "country": "Singapore",
        "countrycode": "SG",
        "iso_3166_2": null,
        "state": "Singapore",
        "language": "chinese",
        "languagecodes": "zh",
        "votes": 1058,
        "lastchangetime": "2022-03-28 14:44:30",
        "lastchangetime_iso8601": "2022-03-28T14:44:30Z",
        "codec": "AAC+",
        "bitrate": 48,
        "hls": 0,
        "lastcheckok": 1,
        "lastchecktime": "2023-04-08 10:20:51",
        "lastchecktime_iso8601": "2023-04-08T10:20:51Z",
        "lastcheckoktime": "2023-04-08 10:20:51",
        "lastcheckoktime_iso8601": "2023-04-08T10:20:51Z",
        "lastlocalchecktime": "2023-04-07 18:28:41",
        "lastlocalchecktime_iso8601": "2023-04-07T18:28:41Z",
        "clicktimestamp": "2023-04-08 13:18:41",
        "clicktimestamp_iso8601": "2023-04-08T13:18:41Z",
        "clickcount": 71,
        "clicktrend": 5,
        "ssl_error": 0,
        "geo_lat": null,
        "geo_long": null,
        "has_extended_info": false
    },
    {
        "changeuuid": "470002da-415b-47be-abec-2f06ad30ce39",
        "stationuuid": "a949b7f0-0b79-11e9-a80b-52543be04c81",
        "serveruuid": "dad1575b-d901-4270-ad27-f9e7af57edb2",
        "name": "Warna 942 Radio",
        "url": "http://playerservices.streamtheworld.com/api/livestream-redirect/WARNA942FMAAC.aac",
        "url_resolved": "http://14923.live.streamtheworld.com:80/WARNA942FMAAC.aac",
        "homepage": "http://www.meradio.sg/radio/warna-942fm",
        "favicon": "http://www.meradio.sg/static/apple-icon-120x120.png",
        "tags": "",
        "country": "Singapore",
        "countrycode": "SG",
        "iso_3166_2": null,
        "state": "Singapore",
        "language": "malay",
        "languagecodes": "ms",
        "votes": 1053,
        "lastchangetime": "2022-04-18 20:14:00",
        "lastchangetime_iso8601": "2022-04-18T20:14:00Z",
        "codec": "AAC+",
        "bitrate": 48,
        "hls": 0,
        "lastcheckok": 1,
        "lastchecktime": "2023-04-07 21:01:33",
        "lastchecktime_iso8601": "2023-04-07T21:01:33Z",
        "lastcheckoktime": "2023-04-07 21:01:33",
        "lastcheckoktime_iso8601": "2023-04-07T21:01:33Z",
        "lastlocalchecktime": "2023-04-07 18:00:39",
        "lastlocalchecktime_iso8601": "2023-04-07T18:00:39Z",
        "clicktimestamp": "2023-04-08 13:18:46",
        "clicktimestamp_iso8601": "2023-04-08T13:18:46Z",
        "clickcount": 144,
        "clicktrend": 1,
        "ssl_error": 0,
        "geo_lat": null,
        "geo_long": null,
        "has_extended_info": false
    },
    {
        "changeuuid": "c2717e6c-16cd-4405-a411-c5d34a1e2d0f",
        "stationuuid": "fff132f1-0b79-11e9-a80b-52543be04c81",
        "serveruuid": "e46dff0c-5920-44af-9eaf-c3982a644756",
        "name": "Love 972 Radio",
        "url": "http://playerservices.streamtheworld.com/api/livestream-redirect/LOVE972FMAAC.aac",
        "url_resolved": "http://19183.live.streamtheworld.com:80/LOVE972FMAAC.aac",
        "homepage": "http://www.meradio.sg/radio/love-972",
        "favicon": "http://www.meradio.sg/static/apple-icon-120x120.png",
        "tags": "",
        "country": "Singapore",
        "countrycode": "SG",
        "iso_3166_2": null,
        "state": "Singapore",
        "language": "chinese",
        "languagecodes": "zh",
        "votes": 869,
        "lastchangetime": "2022-03-28 09:18:14",
        "lastchangetime_iso8601": "2022-03-28T09:18:14Z",
        "codec": "AAC+",
        "bitrate": 48,
        "hls": 0,
        "lastcheckok": 1,
        "lastchecktime": "2023-04-08 10:48:52",
        "lastchecktime_iso8601": "2023-04-08T10:48:52Z",
        "lastcheckoktime": "2023-04-08 10:48:52",
        "lastcheckoktime_iso8601": "2023-04-08T10:48:52Z",
        "lastlocalchecktime": "2023-04-08 10:48:52",
        "lastlocalchecktime_iso8601": "2023-04-08T10:48:52Z",
        "clicktimestamp": "2023-04-08 13:49:32",
        "clicktimestamp_iso8601": "2023-04-08T13:49:32Z",
        "clickcount": 113,
        "clicktrend": 3,
        "ssl_error": 0,
        "geo_lat": null,
        "geo_long": null,
        "has_extended_info": false
    },
    {
        "changeuuid": "978c51ff-c309-41ee-996a-c1df570843f4",
        "stationuuid": "7036e1ed-0b7d-11e9-a80b-52543be04c81",
        "serveruuid": "dad1575b-d901-4270-ad27-f9e7af57edb2",
        "name": "Capital 958 Radio",
        "url": "http://playerservices.streamtheworld.com/api/livestream-redirect/CAPITAL958FMAAC.aac",
        "url_resolved": "http://19183.live.streamtheworld.com:80/CAPITAL958FMAAC.aac",
        "homepage": "http://www.meradio.sg/radio/capital-958",
        "favicon": "http://www.meradio.sg/static/apple-icon-120x120.png",
        "tags": "",
        "country": "Singapore",
        "countrycode": "SG",
        "iso_3166_2": null,
        "state": "Singapore",
        "language": "chinese",
        "languagecodes": "zh",
        "votes": 797,
        "lastchangetime": "2022-03-28 09:13:05",
        "lastchangetime_iso8601": "2022-03-28T09:13:05Z",
        "codec": "AAC+",
        "bitrate": 48,
        "hls": 0,
        "lastcheckok": 1,
        "lastchecktime": "2023-04-07 22:18:01",
        "lastchecktime_iso8601": "2023-04-07T22:18:01Z",
        "lastcheckoktime": "2023-04-07 22:18:01",
        "lastcheckoktime_iso8601": "2023-04-07T22:18:01Z",
        "lastlocalchecktime": "2023-04-07 16:44:30",
        "lastlocalchecktime_iso8601": "2023-04-07T16:44:30Z",
        "clicktimestamp": "2023-04-08 13:10:07",
        "clicktimestamp_iso8601": "2023-04-08T13:10:07Z",
        "clickcount": 88,
        "clicktrend": 1,
        "ssl_error": 0,
        "geo_lat": null,
        "geo_long": null,
        "has_extended_info": false
    },
    {
        "changeuuid": "a81e79f0-c157-4bc1-8bb3-3cdec83a7f33",
        "stationuuid": "bfa448fd-2b74-4a60-a78d-7fea62cc0577",
        "serveruuid": "4cc7f09e-9d13-4aed-8f52-cdc972f1f70c",
        "name": "CNA 938 Live Singapore",
        "url": "http://playerservices.streamtheworld.com/pls/938NOW_PREM.pls",
        "url_resolved": "http://14033.live.streamtheworld.com:3690/938NOW_PREM_SC",
        "homepage": "https://www.channelnewsasia.com/news/cna938",
        "favicon": "https://upload.wikimedia.org/wikipedia/commons/b/b0/CNA938_logo.png",
        "tags": "news,news talk,talk",
        "country": "Singapore",
        "countrycode": "SG",
        "iso_3166_2": null,
        "state": "",
        "language": "english",
        "languagecodes": "en",
        "votes": 687,
        "lastchangetime": "2022-03-28 12:47:38",
        "lastchangetime_iso8601": "2022-03-28T12:47:38Z",
        "codec": "AAC+",
        "bitrate": 64,
        "hls": 0,
        "lastcheckok": 1,
        "lastchecktime": "2023-04-08 09:59:25",
        "lastchecktime_iso8601": "2023-04-08T09:59:25Z",
        "lastcheckoktime": "2023-04-08 09:59:25",
        "lastcheckoktime_iso8601": "2023-04-08T09:59:25Z",
        "lastlocalchecktime": "2023-04-08 09:59:25",
        "lastlocalchecktime_iso8601": "2023-04-08T09:59:25Z",
        "clicktimestamp": "2023-04-08 12:22:02",
        "clicktimestamp_iso8601": "2023-04-08T12:22:02Z",
        "clickcount": 86,
        "clicktrend": 1,
        "ssl_error": 0,
        "geo_lat": null,
        "geo_long": null,
        "has_extended_info": false
    },
    {
        "changeuuid": "b8b79bb7-a951-42d6-94b8-7e892840737d",
        "stationuuid": "8a9c4662-0b7c-11e9-a80b-52543be04c81",
        "serveruuid": "a67f7689-0c50-4b1f-9b82-92a3c5a27d1c",
        "name": "Jia 883 Radio",
        "url": "http://playerservices.streamtheworld.com/api/livestream-redirect/883JIAAAC.aac",
        "url_resolved": "http://23683.live.streamtheworld.com:80/883JIAAAC.aac",
        "homepage": "http://www.883jia.com.sg/",
        "favicon": "",
        "tags": "",
        "country": "Singapore",
        "countrycode": "SG",
        "iso_3166_2": null,
        "state": "Bukit Timah",
        "language": "chinese",
        "languagecodes": "zh",
        "votes": 618,
        "lastchangetime": "2022-03-28 12:47:38",
        "lastchangetime_iso8601": "2022-03-28T12:47:38Z",
        "codec": "AAC+",
        "bitrate": 96,
        "hls": 0,
        "lastcheckok": 1,
        "lastchecktime": "2023-04-08 09:33:00",
        "lastchecktime_iso8601": "2023-04-08T09:33:00Z",
        "lastcheckoktime": "2023-04-08 09:33:00",
        "lastcheckoktime_iso8601": "2023-04-08T09:33:00Z",
        "lastlocalchecktime": "2023-04-07 14:56:56",
        "lastlocalchecktime_iso8601": "2023-04-07T14:56:56Z",
        "clicktimestamp": "2023-04-08 07:15:42",
        "clicktimestamp_iso8601": "2023-04-08T07:15:42Z",
        "clickcount": 49,
        "clicktrend": 0,
        "ssl_error": 0,
        "geo_lat": null,
        "geo_long": null,
        "has_extended_info": false
    },
    {
        "changeuuid": "04f6c909-c077-4eac-bf4b-88b95adc6204",
        "stationuuid": "b1a05101-0b76-11e9-a80b-52543be04c81",
        "serveruuid": "aa2a8776-3e3f-4c30-bb50-429df78facd3",
        "name": "Class 95 Radio",
        "url": "http://playerservices.streamtheworld.com/api/livestream-redirect/CLASS95AAC.aac",
        "url_resolved": "http://22393.live.streamtheworld.com:80/CLASS95AAC.aac",
        "homepage": "http://www.meradio.sg/radio/class-95",
        "favicon": "http://www.meradio.sg/static/apple-icon-120x120.png",
        "tags": "",
        "country": "Singapore",
        "countrycode": "SG",
        "iso_3166_2": null,
        "state": "Singapore",
        "language": "english",
        "languagecodes": "en",
        "votes": 573,
        "lastchangetime": "2022-03-28 14:03:27",
        "lastchangetime_iso8601": "2022-03-28T14:03:27Z",
        "codec": "AAC+",
        "bitrate": 48,
        "hls": 0,
        "lastcheckok": 1,
        "lastchecktime": "2023-04-08 11:21:00",
        "lastchecktime_iso8601": "2023-04-08T11:21:00Z",
        "lastcheckoktime": "2023-04-08 11:21:00",
        "lastcheckoktime_iso8601": "2023-04-08T11:21:00Z",
        "lastlocalchecktime": "2023-04-08 10:28:27",
        "lastlocalchecktime_iso8601": "2023-04-08T10:28:27Z",
        "clicktimestamp": "2023-04-08 13:49:46",
        "clicktimestamp_iso8601": "2023-04-08T13:49:46Z",
        "clickcount": 101,
        "clicktrend": 2,
        "ssl_error": 0,
        "geo_lat": null,
        "geo_long": null,
        "has_extended_info": false
    },
    {
        "changeuuid": "6ed120b9-ba7f-49ce-8c01-9c5725e516b2",
        "stationuuid": "abbee82e-0b7b-11e9-a80b-52543be04c81",
        "serveruuid": "a67f7689-0c50-4b1f-9b82-92a3c5a27d1c",
        "name": "SPH 963 Radio",
        "url": "http://playerservices.streamtheworld.com/api/livestream-redirect/HAO_963AAC.aac",
        "url_resolved": "http://22253.live.streamtheworld.com:80/HAO_963AAC.aac",
        "homepage": "http://www.963haofm.sg/",
        "favicon": "",
        "tags": "",
        "country": "Singapore",
        "countrycode": "SG",
        "iso_3166_2": null,
        "state": "Toa Payoh",
        "language": "chinese",
        "languagecodes": "zh",
        "votes": 532,
        "lastchangetime": "2022-08-28 04:36:19",
        "lastchangetime_iso8601": "2022-08-28T04:36:19Z",
        "codec": "AAC+",
        "bitrate": 64,
        "hls": 0,
        "lastcheckok": 1,
        "lastchecktime": "2023-04-08 02:42:23",
        "lastchecktime_iso8601": "2023-04-08T02:42:23Z",
        "lastcheckoktime": "2023-04-08 02:42:23",
        "lastcheckoktime_iso8601": "2023-04-08T02:42:23Z",
        "lastlocalchecktime": "2023-04-07 21:03:48",
        "lastlocalchecktime_iso8601": "2023-04-07T21:03:48Z",
        "clicktimestamp": "2023-04-07 14:52:42",
        "clicktimestamp_iso8601": "2023-04-07T14:52:42Z",
        "clickcount": 38,
        "clicktrend": 0,
        "ssl_error": 0,
        "geo_lat": null,
        "geo_long": null,
        "has_extended_info": false
    },
    {
        "changeuuid": "5eb0eba9-0d2b-4127-82e6-b5a2a4eaf439",
        "stationuuid": "106c22a4-0b78-11e9-a80b-52543be04c81",
        "serveruuid": "601d4f47-45ce-4819-82a5-f62923bac41f",
        "name": "Gold 905 Radio",
        "url": "http://playerservices.streamtheworld.com/api/livestream-redirect/GOLD905AAC.aac",
        "url_resolved": "http://22403.live.streamtheworld.com:80/GOLD905AAC.aac",
        "homepage": "http://www.meradio.sg/radio/gold-905",
        "favicon": "http://www.meradio.sg/static/apple-icon-120x120.png",
        "tags": "",
        "country": "Singapore",
        "countrycode": "SG",
        "iso_3166_2": null,
        "state": "Singapore",
        "language": "english",
        "languagecodes": "en",
        "votes": 505,
        "lastchangetime": "2022-03-28 12:28:41",
        "lastchangetime_iso8601": "2022-03-28T12:28:41Z",
        "codec": "AAC+",
        "bitrate": 48,
        "hls": 0,
        "lastcheckok": 1,
        "lastchecktime": "2023-04-08 06:04:45",
        "lastchecktime_iso8601": "2023-04-08T06:04:45Z",
        "lastcheckoktime": "2023-04-08 06:04:45",
        "lastcheckoktime_iso8601": "2023-04-08T06:04:45Z",
        "lastlocalchecktime": "2023-04-07 20:39:55",
        "lastlocalchecktime_iso8601": "2023-04-07T20:39:55Z",
        "clicktimestamp": "2023-04-08 13:49:58",
        "clicktimestamp_iso8601": "2023-04-08T13:49:58Z",
        "clickcount": 93,
        "clicktrend": -10,
        "ssl_error": 0,
        "geo_lat": null,
        "geo_long": null,
        "has_extended_info": false
    },
    {
        "changeuuid": "79926d98-cd02-4c88-b169-e71ba6c21d84",
        "stationuuid": "9c64379c-0b77-11e9-a80b-52543be04c81",
        "serveruuid": "601d4f47-45ce-4819-82a5-f62923bac41f",
        "name": "Mediacorp 987 Radio",
        "url": "http://playerservices.streamtheworld.com/api/livestream-redirect/987FMAAC.aac",
        "url_resolved": "http://22403.live.streamtheworld.com:80/987FMAAC.aac",
        "homepage": "http://www.meradio.sg/radio/987",
        "favicon": "http://www.meradio.sg/static/apple-icon-120x120.png",
        "tags": "",
        "country": "Singapore",
        "countrycode": "SG",
        "iso_3166_2": null,
        "state": "Singapore",
        "language": "english",
        "languagecodes": "en",
        "votes": 407,
        "lastchangetime": "2022-03-28 11:47:20",
        "lastchangetime_iso8601": "2022-03-28T11:47:20Z",
        "codec": "AAC+",
        "bitrate": 48,
        "hls": 0,
        "lastcheckok": 1,
        "lastchecktime": "2023-04-08 09:44:36",
        "lastchecktime_iso8601": "2023-04-08T09:44:36Z",
        "lastcheckoktime": "2023-04-08 09:44:36",
        "lastcheckoktime_iso8601": "2023-04-08T09:44:36Z",
        "lastlocalchecktime": "2023-04-07 17:58:10",
        "lastlocalchecktime_iso8601": "2023-04-07T17:58:10Z",
        "clicktimestamp": "2023-04-08 13:13:35",
        "clicktimestamp_iso8601": "2023-04-08T13:13:35Z",
        "clickcount": 15,
        "clicktrend": -1,
        "ssl_error": 0,
        "geo_lat": null,
        "geo_long": null,
        "has_extended_info": false
    },
    {
        "changeuuid": "dd543754-e22d-482c-8a99-498fa3e78ab2",
        "stationuuid": "19fb2bc2-0b7f-11e9-a80b-52543be04c81",
        "serveruuid": "dad1575b-d901-4270-ad27-f9e7af57edb2",
        "name": "Oli 968 Radio",
        "url": "http://playerservices.streamtheworld.com/api/livestream-redirect/OLI968FMAAC.aac",
        "url_resolved": "http://14033.live.streamtheworld.com:80/OLI968FMAAC.aac",
        "homepage": "http://www.meradio.sg/radio/oli968",
        "favicon": "http://www.meradio.sg/static/apple-icon-120x120.png",
        "tags": "",
        "country": "Singapore",
        "countrycode": "SG",
        "iso_3166_2": null,
        "state": "Singapore",
        "language": "tamil",
        "languagecodes": "ta",
        "votes": 396,
        "lastchangetime": "2022-03-28 09:13:05",
        "lastchangetime_iso8601": "2022-03-28T09:13:05Z",
        "codec": "AAC+",
        "bitrate": 48,
        "hls": 0,
        "lastcheckok": 1,
        "lastchecktime": "2023-04-07 21:17:20",
        "lastchecktime_iso8601": "2023-04-07T21:17:20Z",
        "lastcheckoktime": "2023-04-07 21:17:20",
        "lastcheckoktime_iso8601": "2023-04-07T21:17:20Z",
        "lastlocalchecktime": "2023-04-07 18:15:45",
        "lastlocalchecktime_iso8601": "2023-04-07T18:15:45Z",
        "clicktimestamp": "2023-04-08 10:32:49",
        "clicktimestamp_iso8601": "2023-04-08T10:32:49Z",
        "clickcount": 21,
        "clicktrend": 0,
        "ssl_error": 0,
        "geo_lat": null,
        "geo_long": null,
        "has_extended_info": false
    },
    {
        "changeuuid": "a06096e4-1189-41a3-93f3-d8c710ce3dca",
        "stationuuid": "82102b0e-68e9-411e-87b8-7cae36046096",
        "serveruuid": "067c9eeb-9950-4c26-be86-d783141d68ec",
        "name": "987FM",
        "url": "https://22393.live.streamtheworld.com/987FM_PREM.aac",
        "url_resolved": "https://22393.live.streamtheworld.com/987FM_PREM.aac",
        "homepage": "https://www.melisten.sg/radio/987",
        "favicon": "https://www.melisten.sg/static/apple-icon-120x120.png",
        "tags": "music,news",
        "country": "Singapore",
        "countrycode": "SG",
        "iso_3166_2": null,
        "state": "Singapore",
        "language": "english",
        "languagecodes": "en",
        "votes": 334,
        "lastchangetime": "2022-09-05 11:36:46",
        "lastchangetime_iso8601": "2022-09-05T11:36:46Z",
        "codec": "AAC+",
        "bitrate": 64,
        "hls": 0,
        "lastcheckok": 1,
        "lastchecktime": "2023-04-08 09:36:27",
        "lastchecktime_iso8601": "2023-04-08T09:36:27Z",
        "lastcheckoktime": "2023-04-08 09:36:27",
        "lastcheckoktime_iso8601": "2023-04-08T09:36:27Z",
        "lastlocalchecktime": "2023-04-08 09:36:27",
        "lastlocalchecktime_iso8601": "2023-04-08T09:36:27Z",
        "clicktimestamp": "2023-04-08 13:50:11",
        "clicktimestamp_iso8601": "2023-04-08T13:50:11Z",
        "clickcount": 64,
        "clicktrend": 9,
        "ssl_error": 0,
        "geo_lat": 1.2962761196418218,
        "geo_long": 103.86062622070314,
        "has_extended_info": false
    },
    {
        "changeuuid": "8e19412a-ce75-4ed9-91f8-446e6c5909ec",
        "stationuuid": "7d166dec-8dbf-46e6-8449-c12466c1c0f4",
        "serveruuid": "2e844703-955f-4587-a8c1-159fee4b81bd",
        "name": "Channel News Asia TV",
        "url": "http://d2e1asnsl7br7b.cloudfront.net/7782e205e72f43aeb4a48ec97f66ebbe/index_5.m3u8",
        "url_resolved": "http://d2e1asnsl7br7b.cloudfront.net/7782e205e72f43aeb4a48ec97f66ebbe/index_5.m3u8",
        "homepage": "http://www.channelnewsasia.com/",
        "favicon": "",
        "tags": "",
        "country": "Singapore",
        "countrycode": "SG",
        "iso_3166_2": null,
        "state": "Singapore",
        "language": "english",
        "languagecodes": "en",
        "votes": 298,
        "lastchangetime": "2023-02-28 03:40:57",
        "lastchangetime_iso8601": "2023-02-28T03:40:57Z",
        "codec": "UNKNOWN",
        "bitrate": 0,
        "hls": 1,
        "lastcheckok": 1,
        "lastchecktime": "2023-04-08 08:36:06",
        "lastchecktime_iso8601": "2023-04-08T08:36:06Z",
        "lastcheckoktime": "2023-04-08 08:36:06",
        "lastcheckoktime_iso8601": "2023-04-08T08:36:06Z",
        "lastlocalchecktime": "2023-04-08 08:36:06",
        "lastlocalchecktime_iso8601": "2023-04-08T08:36:06Z",
        "clicktimestamp": "2023-04-08 10:16:04",
        "clicktimestamp_iso8601": "2023-04-08T10:16:04Z",
        "clickcount": 44,
        "clicktrend": -3,
        "ssl_error": 0,
        "geo_lat": null,
        "geo_long": null,
        "has_extended_info": false
    },
    {
        "changeuuid": "31404676-6a01-46e3-9dbe-e11a107f25f3",
        "stationuuid": "96141efc-0601-11e8-ae97-52543be04c81",
        "serveruuid": "f967f60a-eaa3-4e4d-89d6-4ada6c674782",
        "name": "ONE FM",
        "url": "http://playerservices.streamtheworld.com/api/livestream-redirect/one_FM_913AAC.aac?dist=radiosingaporeapp",
        "url_resolved": "http://22253.live.streamtheworld.com:80/ONE_FM_913AAC.aac?dist=radiosingaporeapp",
        "homepage": "",
        "favicon": "",
        "tags": "",
        "country": "Singapore",
        "countrycode": "SG",
        "iso_3166_2": null,
        "state": "",
        "language": "english",
        "languagecodes": "en",
        "votes": 283,
        "lastchangetime": "2022-03-28 14:09:15",
        "lastchangetime_iso8601": "2022-03-28T14:09:15Z",
        "codec": "AAC+",
        "bitrate": 64,
        "hls": 0,
        "lastcheckok": 1,
        "lastchecktime": "2023-04-08 10:27:19",
        "lastchecktime_iso8601": "2023-04-08T10:27:19Z",
        "lastcheckoktime": "2023-04-08 10:27:19",
        "lastcheckoktime_iso8601": "2023-04-08T10:27:19Z",
        "lastlocalchecktime": "2023-04-07 18:34:00",
        "lastlocalchecktime_iso8601": "2023-04-07T18:34:00Z",
        "clicktimestamp": "2023-04-06 18:48:59",
        "clicktimestamp_iso8601": "2023-04-06T18:48:59Z",
        "clickcount": 10,
        "clicktrend": -1,
        "ssl_error": 0,
        "geo_lat": null,
        "geo_long": null,
        "has_extended_info": false
    },
    {
        "changeuuid": "b9581e11-372b-4d41-bfde-d8e0083cbfcf",
        "stationuuid": "5027e04c-0b7a-11e9-a80b-52543be04c81",
        "serveruuid": "aa2a8776-3e3f-4c30-bb50-429df78facd3",
        "name": "Symphony 924 Radio",
        "url": "http://playerservices.streamtheworld.com/api/livestream-redirect/SYMPHONY924AAC.aac",
        "url_resolved": "http://23253.live.streamtheworld.com:80/SYMPHONY924AAC.aac",
        "homepage": "http://www.meradio.sg/radio/symphony924",
        "favicon": "http://www.meradio.sg/static/apple-icon-120x120.png",
        "tags": "",
        "country": "Singapore",
        "countrycode": "SG",
        "iso_3166_2": null,
        "state": "Singapore",
        "language": "english",
        "languagecodes": "en",
        "votes": 261,
        "lastchangetime": "2022-09-07 00:44:30",
        "lastchangetime_iso8601": "2022-09-07T00:44:30Z",
        "codec": "AAC+",
        "bitrate": 48,
        "hls": 0,
        "lastcheckok": 1,
        "lastchecktime": "2023-04-08 13:38:31",
        "lastchecktime_iso8601": "2023-04-08T13:38:31Z",
        "lastcheckoktime": "2023-04-08 13:38:31",
        "lastcheckoktime_iso8601": "2023-04-08T13:38:31Z",
        "lastlocalchecktime": "2023-04-08 13:38:31",
        "lastlocalchecktime_iso8601": "2023-04-08T13:38:31Z",
        "clicktimestamp": "2023-04-08 04:35:19",
        "clicktimestamp_iso8601": "2023-04-08T04:35:19Z",
        "clickcount": 29,
        "clicktrend": -2,
        "ssl_error": 0,
        "geo_lat": null,
        "geo_long": null,
        "has_extended_info": false
    },
    {
        "changeuuid": "7d1968a8-7f0f-4f3e-99f8-d15f09e6f8e4",
        "stationuuid": "a46e2092-0b7a-11e9-a80b-52543be04c81",
        "serveruuid": "601d4f47-45ce-4819-82a5-f62923bac41f",
        "name": "Ria 897 Radio",
        "url": "http://playerservices.streamtheworld.com/api/livestream-redirect/RIA897FMAAC.aac",
        "url_resolved": "http://22403.live.streamtheworld.com:80/RIA897FMAAC.aac",
        "homepage": "http://www.meradio.sg/radio/ria-897",
        "favicon": "http://www.meradio.sg/static/apple-icon-120x120.png",
        "tags": "",
        "country": "Singapore",
        "countrycode": "SG",
        "iso_3166_2": null,
        "state": "Singapore",
        "language": "malay",
        "languagecodes": "ms",
        "votes": 228,
        "lastchangetime": "2022-03-28 10:43:36",
        "lastchangetime_iso8601": "2022-03-28T10:43:36Z",
        "codec": "AAC+",
        "bitrate": 48,
        "hls": 0,
        "lastcheckok": 1,
        "lastchecktime": "2023-04-08 07:51:17",
        "lastchecktime_iso8601": "2023-04-08T07:51:17Z",
        "lastcheckoktime": "2023-04-08 07:51:17",
        "lastcheckoktime_iso8601": "2023-04-08T07:51:17Z",
        "lastlocalchecktime": "2023-04-07 14:27:47",
        "lastlocalchecktime_iso8601": "2023-04-07T14:27:47Z",
        "clicktimestamp": "2023-04-06 22:17:55",
        "clicktimestamp_iso8601": "2023-04-06T22:17:55Z",
        "clickcount": 8,
        "clicktrend": -1,
        "ssl_error": 0,
        "geo_lat": null,
        "geo_long": null,
        "has_extended_info": false
    },
    {
        "changeuuid": "baf570a5-3ff1-42e2-8f9b-d99a29e4aa5f",
        "stationuuid": "4001c109-50a2-490c-aa90-5e2687155697",
        "serveruuid": "64a3aee5-71ad-4c43-ac7c-658f263fce50",
        "name": "AXR Singapore",
        "url": "http://singaporestream.axr.online/",
        "url_resolved": "https://22243.live.streamtheworld.com:443/AXR_SINGAPOREAAC.aac",
        "homepage": "http://axr.co/",
        "favicon": "",
        "tags": "news,sport",
        "country": "Singapore",
        "countrycode": "SG",
        "iso_3166_2": null,
        "state": "",
        "language": "english",
        "languagecodes": "en",
        "votes": 207,
        "lastchangetime": "2022-03-28 13:16:34",
        "lastchangetime_iso8601": "2022-03-28T13:16:34Z",
        "codec": "AAC+",
        "bitrate": 64,
        "hls": 0,
        "lastcheckok": 1,
        "lastchecktime": "2023-04-08 09:31:07",
        "lastchecktime_iso8601": "2023-04-08T09:31:07Z",
        "lastcheckoktime": "2023-04-08 09:31:07",
        "lastcheckoktime_iso8601": "2023-04-08T09:31:07Z",
        "lastlocalchecktime": "2023-04-08 09:31:07",
        "lastlocalchecktime_iso8601": "2023-04-08T09:31:07Z",
        "clicktimestamp": "2023-04-08 12:16:49",
        "clicktimestamp_iso8601": "2023-04-08T12:16:49Z",
        "clickcount": 14,
        "clicktrend": 2,
        "ssl_error": 0,
        "geo_lat": null,
        "geo_long": null,
        "has_extended_info": false
    },
    {
        "changeuuid": "604f7637-7823-4d71-b444-8b2ec4183ab0",
        "stationuuid": "3edec775-6e13-498e-be2f-f643752dd66f",
        "serveruuid": "64a3aee5-71ad-4c43-ac7c-658f263fce50",
        "name": "kiss92",
        "url": "https://22253.live.streamtheworld.com/KISS_92AAC.aac",
        "url_resolved": "https://22253.live.streamtheworld.com/KISS_92AAC.aac",
        "homepage": "https://www.kiss92.sg/",
        "favicon": "",
        "tags": "",
        "country": "Singapore",
        "countrycode": "SG",
        "iso_3166_2": null,
        "state": "",
        "language": "",
        "languagecodes": "",
        "votes": 196,
        "lastchangetime": "2022-06-26 06:21:36",
        "lastchangetime_iso8601": "2022-06-26T06:21:36Z",
        "codec": "AAC+",
        "bitrate": 64,
        "hls": 0,
        "lastcheckok": 1,
        "lastchecktime": "2023-04-07 20:04:20",
        "lastchecktime_iso8601": "2023-04-07T20:04:20Z",
        "lastcheckoktime": "2023-04-07 20:04:20",
        "lastcheckoktime_iso8601": "2023-04-07T20:04:20Z",
        "lastlocalchecktime": "2023-04-07 20:04:20",
        "lastlocalchecktime_iso8601": "2023-04-07T20:04:20Z",
        "clicktimestamp": "2023-04-08 03:53:26",
        "clicktimestamp_iso8601": "2023-04-08T03:53:26Z",
        "clickcount": 32,
        "clicktrend": 4,
        "ssl_error": 0,
        "geo_lat": null,
        "geo_long": null,
        "has_extended_info": false
    },
    {
        "changeuuid": "f1f40eb1-1e1e-4d4f-97d8-4b1492a0d18b",
        "stationuuid": "3118adbf-0b7e-11e9-a80b-52543be04c81",
        "serveruuid": "aa2a8776-3e3f-4c30-bb50-429df78facd3",
        "name": "938 Now Radio",
        "url": "http://playerservices.streamtheworld.com/api/livestream-redirect/938NOWAAC.aac",
        "url_resolved": "http://22393.live.streamtheworld.com:80/938NOWAAC.aac",
        "homepage": "http://www.meradio.sg/radio/938now",
        "favicon": "http://www.meradio.sg/static/apple-icon-120x120.png",
        "tags": "",
        "country": "Singapore",
        "countrycode": "SG",
        "iso_3166_2": null,
        "state": "Singapore",
        "language": "english",
        "languagecodes": "en",
        "votes": 163,
        "lastchangetime": "2022-03-28 12:06:32",
        "lastchangetime_iso8601": "2022-03-28T12:06:32Z",
        "codec": "AAC+",
        "bitrate": 48,
        "hls": 0,
        "lastcheckok": 1,
        "lastchecktime": "2023-04-08 10:57:36",
        "lastchecktime_iso8601": "2023-04-08T10:57:36Z",
        "lastcheckoktime": "2023-04-08 10:57:36",
        "lastcheckoktime_iso8601": "2023-04-08T10:57:36Z",
        "lastlocalchecktime": "2023-04-07 20:42:02",
        "lastlocalchecktime_iso8601": "2023-04-07T20:42:02Z",
        "clicktimestamp": "2023-04-07 06:22:47",
        "clicktimestamp_iso8601": "2023-04-07T06:22:47Z",
        "clickcount": 10,
        "clicktrend": -1,
        "ssl_error": 0,
        "geo_lat": null,
        "geo_long": null,
        "has_extended_info": false
    },
    {
        "changeuuid": "27dfde38-b816-46d8-8b54-80ec4a12804d",
        "stationuuid": "808289fa-79eb-43a5-8b1a-762eee9383d5",
        "serveruuid": "978d318d-0b1b-402f-92bd-0f4286409902",
        "name": "UFM100.3 Update 27-07-22 No.1",
        "url": "https://22283.live.streamtheworld.com/UFM_1003AAC.aac",
        "url_resolved": "https://22283.live.streamtheworld.com/UFM_1003AAC.aac",
        "homepage": "https://www.ufm1003.sg/",
        "favicon": "",
        "tags": "",
        "country": "Singapore",
        "countrycode": "SG",
        "iso_3166_2": null,
        "state": "Toa Payoh",
        "language": "",
        "languagecodes": "",
        "votes": 150,
        "lastchangetime": "2023-02-28 02:01:01",
        "lastchangetime_iso8601": "2023-02-28T02:01:01Z",
        "codec": "AAC+",
        "bitrate": 64,
        "hls": 0,
        "lastcheckok": 1,
        "lastchecktime": "2023-04-07 19:39:30",
        "lastchecktime_iso8601": "2023-04-07T19:39:30Z",
        "lastcheckoktime": "2023-04-07 19:39:30",
        "lastcheckoktime_iso8601": "2023-04-07T19:39:30Z",
        "lastlocalchecktime": "2023-04-07 17:52:52",
        "lastlocalchecktime_iso8601": "2023-04-07T17:52:52Z",
        "clicktimestamp": "2023-04-07 08:52:47",
        "clicktimestamp_iso8601": "2023-04-07T08:52:47Z",
        "clickcount": 13,
        "clicktrend": -2,
        "ssl_error": 0,
        "geo_lat": 1.3511930983018892,
        "geo_long": 103.80294799804688,
        "has_extended_info": false
    },
    {
        "changeuuid": "5e62f3bc-6cc1-4c6c-ac75-a154f1242d61",
        "stationuuid": "84ac5af8-3bff-4e68-8294-84a43a950d07",
        "serveruuid": "8b50d68f-a259-407f-b291-e210087b8144",
        "name": "Yes 933",
        "url": "https://playerservices.streamtheworld.com/api/livestream-redirect/YES933AAC_SC",
        "url_resolved": "https://23253.live.streamtheworld.com:443/YES933AAC_SC",
        "homepage": "",
        "favicon": "",
        "tags": "pop",
        "country": "Singapore",
        "countrycode": "SG",
        "iso_3166_2": null,
        "state": "",
        "language": "",
        "languagecodes": "",
        "votes": 128,
        "lastchangetime": "2021-10-20 16:02:11",
        "lastchangetime_iso8601": "2021-10-20T16:02:11Z",
        "codec": "AAC+",
        "bitrate": 48,
        "hls": 0,
        "lastcheckok": 1,
        "lastchecktime": "2023-04-08 06:09:48",
        "lastchecktime_iso8601": "2023-04-08T06:09:48Z",
        "lastcheckoktime": "2023-04-08 06:09:48",
        "lastcheckoktime_iso8601": "2023-04-08T06:09:48Z",
        "lastlocalchecktime": "2023-04-07 21:03:48",
        "lastlocalchecktime_iso8601": "2023-04-07T21:03:48Z",
        "clicktimestamp": "2023-04-07 03:24:01",
        "clicktimestamp_iso8601": "2023-04-07T03:24:01Z",
        "clickcount": 27,
        "clicktrend": -1,
        "ssl_error": 0,
        "geo_lat": null,
        "geo_long": null,
        "has_extended_info": false
    },
    {
        "changeuuid": "96536afb-d7e2-47ba-8bf2-3361a6b98c97",
        "stationuuid": "fa9609ad-1f6f-41a1-8e81-1000d9458dcf",
        "serveruuid": "169590da-265c-4c2f-986c-d2a8eae9c0c2",
        "name": "Radio Melody with Brother Bjorn",
        "url": "http://ssl.geckohost.nz:9191/autodj",
        "url_resolved": "http://ssl.geckohost.nz:9191/autodj",
        "homepage": "https://onlineradiobox.com/",
        "favicon": "http://cdn.onlineradiobox.com/img/logo/8/15268.v3.png",
        "tags": "pop",
        "country": "Singapore",
        "countrycode": "SG",
        "iso_3166_2": null,
        "state": "",
        "language": "english",
        "languagecodes": "en",
        "votes": 119,
        "lastchangetime": "2022-03-28 08:57:38",
        "lastchangetime_iso8601": "2022-03-28T08:57:38Z",
        "codec": "MP3",
        "bitrate": 128,
        "hls": 0,
        "lastcheckok": 1,
        "lastchecktime": "2023-04-07 21:42:35",
        "lastchecktime_iso8601": "2023-04-07T21:42:35Z",
        "lastcheckoktime": "2023-04-07 21:42:35",
        "lastcheckoktime_iso8601": "2023-04-07T21:42:35Z",
        "lastlocalchecktime": "2023-04-07 19:42:44",
        "lastlocalchecktime_iso8601": "2023-04-07T19:42:44Z",
        "clicktimestamp": "2023-04-07 21:24:19",
        "clicktimestamp_iso8601": "2023-04-07T21:24:19Z",
        "clickcount": 11,
        "clicktrend": 0,
        "ssl_error": 0,
        "geo_lat": null,
        "geo_long": null,
        "has_extended_info": false
    },
    {
        "changeuuid": "a706e8e5-b9f5-446c-8130-9f1332dfc9f2",
        "stationuuid": "8067bbc8-26a0-4de1-8355-6129cae18ad3",
        "serveruuid": "b6c01503-3032-499a-85a9-5618b23884d6",
        "name": "XRadio",
        "url": "http://xradio.zone:9420/stream",
        "url_resolved": "http://xradio.zone:9420/stream",
        "homepage": "https://onlineradiobox.com/",
        "favicon": "http://cdn.onlineradiobox.com/img/logo/5/92895.v5.png",
        "tags": "dj,rap,rock",
        "country": "Singapore",
        "countrycode": "SG",
        "iso_3166_2": null,
        "state": "",
        "language": "english",
        "languagecodes": "en",
        "votes": 97,
        "lastchangetime": "2022-03-28 12:00:52",
        "lastchangetime_iso8601": "2022-03-28T12:00:52Z",
        "codec": "MP3",
        "bitrate": 128,
        "hls": 0,
        "lastcheckok": 1,
        "lastchecktime": "2023-04-08 10:22:49",
        "lastchecktime_iso8601": "2023-04-08T10:22:49Z",
        "lastcheckoktime": "2023-04-08 10:22:49",
        "lastcheckoktime_iso8601": "2023-04-08T10:22:49Z",
        "lastlocalchecktime": "2023-04-08 10:22:49",
        "lastlocalchecktime_iso8601": "2023-04-08T10:22:49Z",
        "clicktimestamp": "2023-04-06 08:21:48",
        "clicktimestamp_iso8601": "2023-04-06T08:21:48Z",
        "clickcount": 6,
        "clicktrend": 0,
        "ssl_error": 0,
        "geo_lat": null,
        "geo_long": null,
        "has_extended_info": false
    },
    {
        "changeuuid": "6d923b33-2eb1-4867-8d1c-3a0dcab9f439",
        "stationuuid": "4a4760a9-da09-4a12-9962-d9d7b545099c",
        "serveruuid": "aa2a8776-3e3f-4c30-bb50-429df78facd3",
        "name": "CNA938",
        "url": "http://playerservices.streamtheworld.com/api/livestream-redirect/938NOW_PREM.m3u8",
        "url_resolved": "http://22403.live.streamtheworld.com:80/938NOW_PREM/HLS/playlist.m3u8",
        "homepage": "",
        "favicon": "",
        "tags": "news",
        "country": "Singapore",
        "countrycode": "SG",
        "iso_3166_2": null,
        "state": "",
        "language": "",
        "languagecodes": "",
        "votes": 89,
        "lastchangetime": "2021-08-06 08:36:45",
        "lastchangetime_iso8601": "2021-08-06T08:36:45Z",
        "codec": "AAC+",
        "bitrate": 64,
        "hls": 1,
        "lastcheckok": 1,
        "lastchecktime": "2023-04-08 11:59:36",
        "lastchecktime_iso8601": "2023-04-08T11:59:36Z",
        "lastcheckoktime": "2023-04-08 11:59:36",
        "lastcheckoktime_iso8601": "2023-04-08T11:59:36Z",
        "lastlocalchecktime": "2023-04-07 18:25:31",
        "lastlocalchecktime_iso8601": "2023-04-07T18:25:31Z",
        "clicktimestamp": "2023-04-08 05:35:47",
        "clicktimestamp_iso8601": "2023-04-08T05:35:47Z",
        "clickcount": 5,
        "clicktrend": 1,
        "ssl_error": 0,
        "geo_lat": null,
        "geo_long": null,
        "has_extended_info": false
    },
    {
        "changeuuid": "e7ddafd0-31d1-4d9b-9a3e-cb847d05151a",
        "stationuuid": "8c8b010b-07ec-4c69-a668-3c600d95e9bf",
        "serveruuid": null,
        "name": "Oli 96.8 FM",
        "url": "https://playerservices.streamtheworld.com/api/livestream-redirect/OLI968FMAAC.aac",
        "url_resolved": "https://22893.live.streamtheworld.com:443/OLI968FMAAC.aac",
        "homepage": "https://www.melisten.sg/radio/oli968?c=968fm",
        "favicon": "https://favicon-generator.org/favicon-generator/htdocs/favicons/2022-10-20/0d46f8cf99cbb7fa102b24fec3b4e839.ico.png",
        "tags": "",
        "country": "Singapore",
        "countrycode": "SG",
        "iso_3166_2": null,
        "state": "",
        "language": "tamil",
        "languagecodes": "ta",
        "votes": 80,
        "lastchangetime": "2022-10-20 07:48:59",
        "lastchangetime_iso8601": "2022-10-20T07:48:59Z",
        "codec": "AAC+",
        "bitrate": 48,
        "hls": 0,
        "lastcheckok": 1,
        "lastchecktime": "2023-04-07 18:13:41",
        "lastchecktime_iso8601": "2023-04-07T18:13:41Z",
        "lastcheckoktime": "2023-04-07 18:13:41",
        "lastcheckoktime_iso8601": "2023-04-07T18:13:41Z",
        "lastlocalchecktime": "2023-04-07 16:50:42",
        "lastlocalchecktime_iso8601": "2023-04-07T16:50:42Z",
        "clicktimestamp": "2023-04-07 16:17:26",
        "clicktimestamp_iso8601": "2023-04-07T16:17:26Z",
        "clickcount": 29,
        "clicktrend": -3,
        "ssl_error": 0,
        "geo_lat": 1.3449463546629483,
        "geo_long": 103.82003747260612,
        "has_extended_info": false
    },
    {
        "changeuuid": "4e630cb6-d532-40cc-8ae7-f14c3b679a9f",
        "stationuuid": "1ada4b42-53e9-460f-8fa2-631c2c75801c",
        "serveruuid": "23f67fd6-bc89-4dc9-a105-cb7bd397c241",
        "name": "GOLD 905",
        "url": "https://22403.live.streamtheworld.com/GOLD905_SC",
        "url_resolved": "https://22403.live.streamtheworld.com/GOLD905_SC",
        "homepage": "https://www.melisten.sg/radio/gold-905?al=1&ap=1&c=905fm",
        "favicon": "https://www.melisten.sg/static/apple-touch-icon.png?v=2023",
        "tags": "classical",
        "country": "Singapore",
        "countrycode": "SG",
        "iso_3166_2": null,
        "state": "",
        "language": "",
        "languagecodes": "",
        "votes": 59,
        "lastchangetime": "2023-02-13 23:46:53",
        "lastchangetime_iso8601": "2023-02-13T23:46:53Z",
        "codec": "MP3",
        "bitrate": 48,
        "hls": 0,
        "lastcheckok": 1,
        "lastchecktime": "2023-04-08 08:59:50",
        "lastchecktime_iso8601": "2023-04-08T08:59:50Z",
        "lastcheckoktime": "2023-04-08 08:59:50",
        "lastcheckoktime_iso8601": "2023-04-08T08:59:50Z",
        "lastlocalchecktime": "2023-04-07 17:59:18",
        "lastlocalchecktime_iso8601": "2023-04-07T17:59:18Z",
        "clicktimestamp": "2023-04-07 16:39:05",
        "clicktimestamp_iso8601": "2023-04-07T16:39:05Z",
        "clickcount": 11,
        "clicktrend": 0,
        "ssl_error": 0,
        "geo_lat": null,
        "geo_long": null,
        "has_extended_info": false
    },
    {
        "changeuuid": "962be788-fa7e-49e4-b56b-9eaaf34214c4",
        "stationuuid": "4cc6f61e-4944-4838-9dca-df1859cadd1a",
        "serveruuid": "978d318d-0b1b-402f-92bd-0f4286409902",
        "name": "POWER 98 Love Songs",
        "url": "https://22283.live.streamtheworld.com/POWER98_LOVESONGS_SC",
        "url_resolved": "https://22283.live.streamtheworld.com/POWER98_LOVESONGS_SC",
        "homepage": "https://superradio.cc/",
        "favicon": "",
        "tags": "hits,music,power 98",
        "country": "Singapore",
        "countrycode": "SG",
        "iso_3166_2": null,
        "state": "",
        "language": "english",
        "languagecodes": "en",
        "votes": 49,
        "lastchangetime": "2022-12-22 02:53:15",
        "lastchangetime_iso8601": "2022-12-22T02:53:15Z",
        "codec": "MP3",
        "bitrate": 96,
        "hls": 0,
        "lastcheckok": 1,
        "lastchecktime": "2023-04-08 08:46:38",
        "lastchecktime_iso8601": "2023-04-08T08:46:38Z",
        "lastcheckoktime": "2023-04-08 08:46:38",
        "lastcheckoktime_iso8601": "2023-04-08T08:46:38Z",
        "lastlocalchecktime": "2023-04-07 16:04:36",
        "lastlocalchecktime_iso8601": "2023-04-07T16:04:36Z",
        "clicktimestamp": "2023-04-08 13:50:25",
        "clicktimestamp_iso8601": "2023-04-08T13:50:25Z",
        "clickcount": 30,
        "clicktrend": 5,
        "ssl_error": 0,
        "geo_lat": null,
        "geo_long": null,
        "has_extended_info": false
    },
    {
        "changeuuid": "d1059643-cf37-4e0a-8f5f-8c15687af634",
        "stationuuid": "ec8dafec-03b5-49d7-934d-a70817e2755a",
        "serveruuid": "0ac0a317-9644-4eb4-914e-46f6d78f3634",
        "name": "987",
        "url": "https://14033.live.streamtheworld.com/987FM_SC",
        "url_resolved": "https://14033.live.streamtheworld.com/987FM_SC",
        "homepage": "https://www.melisten.sg/radio/987",
        "favicon": "https://www.melisten.sg/static/apple-icon-120x120.png",
        "tags": "pop",
        "country": "Singapore",
        "countrycode": "SG",
        "iso_3166_2": null,
        "state": "",
        "language": "",
        "languagecodes": "",
        "votes": 43,
        "lastchangetime": "2022-09-28 21:26:59",
        "lastchangetime_iso8601": "2022-09-28T21:26:59Z",
        "codec": "MP3",
        "bitrate": 48,
        "hls": 0,
        "lastcheckok": 1,
        "lastchecktime": "2023-04-08 12:30:52",
        "lastchecktime_iso8601": "2023-04-08T12:30:52Z",
        "lastcheckoktime": "2023-04-08 12:30:52",
        "lastcheckoktime_iso8601": "2023-04-08T12:30:52Z",
        "lastlocalchecktime": "2023-04-08 12:30:52",
        "lastlocalchecktime_iso8601": "2023-04-08T12:30:52Z",
        "clicktimestamp": "2023-04-08 04:32:41",
        "clicktimestamp_iso8601": "2023-04-08T04:32:41Z",
        "clickcount": 17,
        "clicktrend": -2,
        "ssl_error": 0,
        "geo_lat": null,
        "geo_long": null,
        "has_extended_info": false
    },
    {
        "changeuuid": "eda0573b-6bdb-490e-bc80-753b4fec119d",
        "stationuuid": "a47db721-73cc-4bb0-98b2-def29ec0461f",
        "serveruuid": "85b6f4c1-5c02-44f4-8154-b5e2daa025a5",
        "name": "963 Hao FM",
        "url": "https://23683.live.streamtheworld.com/HAO_963_SC",
        "url_resolved": "https://23683.live.streamtheworld.com/HAO_963_SC",
        "homepage": "https://www.963haofm.sg/",
        "favicon": "",
        "tags": "classical",
        "country": "Singapore",
        "countrycode": "SG",
        "iso_3166_2": null,
        "state": "",
        "language": "",
        "languagecodes": "",
        "votes": 40,
        "lastchangetime": "2023-01-11 14:41:47",
        "lastchangetime_iso8601": "2023-01-11T14:41:47Z",
        "codec": "MP3",
        "bitrate": 96,
        "hls": 0,
        "lastcheckok": 1,
        "lastchecktime": "2023-04-08 02:22:00",
        "lastchecktime_iso8601": "2023-04-08T02:22:00Z",
        "lastcheckoktime": "2023-04-08 02:22:00",
        "lastcheckoktime_iso8601": "2023-04-08T02:22:00Z",
        "lastlocalchecktime": "2023-04-07 17:25:16",
        "lastlocalchecktime_iso8601": "2023-04-07T17:25:16Z",
        "clicktimestamp": "2023-04-07 04:18:58",
        "clicktimestamp_iso8601": "2023-04-07T04:18:58Z",
        "clickcount": 8,
        "clicktrend": -1,
        "ssl_error": 0,
        "geo_lat": null,
        "geo_long": null,
        "has_extended_info": false
    },
    {
        "changeuuid": "a1608503-29e3-468f-99b7-ca59328c5c16",
        "stationuuid": "4d1d714a-904d-4c33-abd4-a19da2ffbfb6",
        "serveruuid": "16991c52-5b24-4008-aa47-bceb6f621fd5",
        "name": "CNA 938",
        "url": "https://22893.live.streamtheworld.com/938NOW_SC",
        "url_resolved": "https://22893.live.streamtheworld.com/938NOW_SC",
        "homepage": "http://melisten.sg/cna938",
        "favicon": "http://melisten.sg/static/apple-icon-120x120.png",
        "tags": "news",
        "country": "Singapore",
        "countrycode": "SG",
        "iso_3166_2": null,
        "state": "",
        "language": "",
        "languagecodes": "",
        "votes": 34,
        "lastchangetime": "2022-09-30 23:15:47",
        "lastchangetime_iso8601": "2022-09-30T23:15:47Z",
        "codec": "MP3",
        "bitrate": 48,
        "hls": 0,
        "lastcheckok": 1,
        "lastchecktime": "2023-04-08 11:27:52",
        "lastchecktime_iso8601": "2023-04-08T11:27:52Z",
        "lastcheckoktime": "2023-04-08 11:27:52",
        "lastcheckoktime_iso8601": "2023-04-08T11:27:52Z",
        "lastlocalchecktime": "2023-04-08 11:27:52",
        "lastlocalchecktime_iso8601": "2023-04-08T11:27:52Z",
        "clicktimestamp": "2023-04-07 05:13:59",
        "clicktimestamp_iso8601": "2023-04-07T05:13:59Z",
        "clickcount": 6,
        "clicktrend": -1,
        "ssl_error": 0,
        "geo_lat": null,
        "geo_long": null,
        "has_extended_info": false
    },
    {
        "changeuuid": "b7f532aa-59cf-4e6a-9dd2-80c37adeb362",
        "stationuuid": "722e9620-5c47-4139-b4ae-9d3a2ffd2bd5",
        "serveruuid": "067c9eeb-9950-4c26-be86-d783141d68ec",
        "name": "RIA 897",
        "url": "https://22393.live.streamtheworld.com/RIA897FM_SC",
        "url_resolved": "https://22393.live.streamtheworld.com/RIA897FM_SC",
        "homepage": "https://www.melisten.sg/radio/ria-897",
        "favicon": "https://yt3.ggpht.com/ytc/AMLnZu_SfufvaDW12AZL2cX8C9oG1G1pxRDu6ctcPN75VA=s900-c-k-c0x00ffffff-no-rj",
        "tags": "pop",
        "country": "Singapore",
        "countrycode": "SG",
        "iso_3166_2": null,
        "state": "",
        "language": "",
        "languagecodes": "",
        "votes": 29,
        "lastchangetime": "2022-09-03 16:03:26",
        "lastchangetime_iso8601": "2022-09-03T16:03:26Z",
        "codec": "MP3",
        "bitrate": 48,
        "hls": 0,
        "lastcheckok": 1,
        "lastchecktime": "2023-04-08 02:42:23",
        "lastchecktime_iso8601": "2023-04-08T02:42:23Z",
        "lastcheckoktime": "2023-04-08 02:42:23",
        "lastcheckoktime_iso8601": "2023-04-08T02:42:23Z",
        "lastlocalchecktime": "2023-04-07 20:15:46",
        "lastlocalchecktime_iso8601": "2023-04-07T20:15:46Z",
        "clicktimestamp": "2023-04-07 06:47:02",
        "clicktimestamp_iso8601": "2023-04-07T06:47:02Z",
        "clickcount": 11,
        "clicktrend": -4,
        "ssl_error": 0,
        "geo_lat": null,
        "geo_long": null,
        "has_extended_info": false
    },
    {
        "changeuuid": "7566c90f-9bfc-4fc9-ad57-fb1e1cae115b",
        "stationuuid": "d6d9f4a7-1422-4183-9fea-2b4d2ee99a5b",
        "serveruuid": null,
        "name": "Warna",
        "url": "http://playerservices.streamtheworld.com/api/livestream-redirect/WARNA942FMAAC.aac",
        "url_resolved": "http://18543.live.streamtheworld.com:80/WARNA942FMAAC.aac",
        "homepage": "https://annarazak68.duckdns.org/",
        "favicon": "https://annarazak68.duckdns.org/static/icons/tile-win-150x150.png",
        "tags": "",
        "country": "Singapore",
        "countrycode": "SG",
        "iso_3166_2": null,
        "state": "",
        "language": "",
        "languagecodes": "",
        "votes": 27,
        "lastchangetime": "2023-02-28 03:08:29",
        "lastchangetime_iso8601": "2023-02-28T03:08:29Z",
        "codec": "AAC+",
        "bitrate": 48,
        "hls": 0,
        "lastcheckok": 1,
        "lastchecktime": "2023-04-08 04:23:20",
        "lastchecktime_iso8601": "2023-04-08T04:23:20Z",
        "lastcheckoktime": "2023-04-08 04:23:20",
        "lastcheckoktime_iso8601": "2023-04-08T04:23:20Z",
        "lastlocalchecktime": "2023-04-07 20:24:39",
        "lastlocalchecktime_iso8601": "2023-04-07T20:24:39Z",
        "clicktimestamp": "2023-04-08 11:05:35",
        "clicktimestamp_iso8601": "2023-04-08T11:05:35Z",
        "clickcount": 29,
        "clicktrend": -1,
        "ssl_error": 0,
        "geo_lat": null,
        "geo_long": null,
        "has_extended_info": false
    },
    {
        "changeuuid": "d210c7fe-8d9d-44f6-b595-100f910e89bf",
        "stationuuid": "a31df372-cfc9-430e-86b4-cc8e289f4d7d",
        "serveruuid": null,
        "name": "AXR Manila",
        "url": "https://playerservices.streamtheworld.com/api/livestream-redirect/AXR_MANILA.mp3",
        "url_resolved": "https://23683.live.streamtheworld.com:443/AXR_MANILA.mp3",
        "homepage": "https://www.axr.online/",
        "favicon": "",
        "tags": "",
        "country": "Singapore",
        "countrycode": "SG",
        "iso_3166_2": null,
        "state": "",
        "language": "",
        "languagecodes": "",
        "votes": 10,
        "lastchangetime": "2022-12-26 01:55:30",
        "lastchangetime_iso8601": "2022-12-26T01:55:30Z",
        "codec": "MP3",
        "bitrate": 96,
        "hls": 0,
        "lastcheckok": 1,
        "lastchecktime": "2023-04-08 09:38:19",
        "lastchecktime_iso8601": "2023-04-08T09:38:19Z",
        "lastcheckoktime": "2023-04-08 09:38:19",
        "lastcheckoktime_iso8601": "2023-04-08T09:38:19Z",
        "lastlocalchecktime": "2023-04-08 09:07:36",
        "lastlocalchecktime_iso8601": "2023-04-08T09:07:36Z",
        "clicktimestamp": "2023-04-08 01:57:59",
        "clicktimestamp_iso8601": "2023-04-08T01:57:59Z",
        "clickcount": 9,
        "clicktrend": 1,
        "ssl_error": 0,
        "geo_lat": 1.3022981837217622,
        "geo_long": 103.86469084653072,
        "has_extended_info": false
    },
    {
        "changeuuid": "c8765fd2-30fb-4fb6-9e95-6ac338d619e3",
        "stationuuid": "9a04ab83-0b7e-11e9-a80b-52543be04c81",
        "serveruuid": "f967f60a-eaa3-4e4d-89d6-4ada6c674782",
        "name": "Money 893 Radio",
        "url": "http://playerservices.streamtheworld.com/api/livestream-redirect/MONEY_893AAC.aac",
        "url_resolved": "http://23743.live.streamtheworld.com:80/MONEY_893AAC.aac",
        "homepage": "http://www.moneyfm893.sg/",
        "favicon": "http://www.moneyfm893.sg//wp-content/assets/2/img/moneyfm893.png",
        "tags": "",
        "country": "Singapore",
        "countrycode": "SG",
        "iso_3166_2": null,
        "state": "Toa Payoh",
        "language": "english",
        "languagecodes": "en",
        "votes": 183,
        "lastchangetime": "2022-03-28 09:07:44",
        "lastchangetime_iso8601": "2022-03-28T09:07:44Z",
        "codec": "AAC+",
        "bitrate": 64,
        "hls": 0,
        "lastcheckok": 1,
        "lastchecktime": "2023-07-09 00:07:35",
        "lastchecktime_iso8601": "2023-07-09T00:07:35Z",
        "lastcheckoktime": "2023-07-09 00:07:35",
        "lastcheckoktime_iso8601": "2023-07-09T00:07:35Z",
        "lastlocalchecktime": "2023-07-08 22:22:26",
        "lastlocalchecktime_iso8601": "2023-07-08T22:22:26Z",
        "clicktimestamp": "2023-07-09 06:22:00",
        "clicktimestamp_iso8601": "2023-07-09T06:22:00Z",
        "clickcount": 15,
        "clicktrend": 3,
        "ssl_error": 0,
        "geo_lat": null,
        "geo_long": null,
        "has_extended_info": false
    },
    {
        "changeuuid": "f08ff08c-3979-4e52-bcff-60ac0b0a04ab",
        "stationuuid": "0904b107-a8fe-45f2-b0c2-be45d1742115",
        "serveruuid": "a67f7689-0c50-4b1f-9b82-92a3c5a27d1c",
        "name": "ONE FM 91.3 SPH AAC",
        "url": "http://playerservices.streamtheworld.com/api/livestream-redirect/ONE_FM_913AAC.aac",
        "url_resolved": "http://23743.live.streamtheworld.com:80/ONE_FM_913AAC.aac",
        "homepage": "https://www.onefm.sg/",
        "favicon": "",
        "tags": "",
        "country": "Singapore",
        "countrycode": "SG",
        "iso_3166_2": null,
        "state": "",
        "language": "english",
        "languagecodes": "en",
        "votes": 112,
        "lastchangetime": "2022-03-28 08:52:35",
        "lastchangetime_iso8601": "2022-03-28T08:52:35Z",
        "codec": "AAC+",
        "bitrate": 64,
        "hls": 0,
        "lastcheckok": 1,
        "lastchecktime": "2023-07-09 00:05:38",
        "lastchecktime_iso8601": "2023-07-09T00:05:38Z",
        "lastcheckoktime": "2023-07-09 00:05:38",
        "lastcheckoktime_iso8601": "2023-07-09T00:05:38Z",
        "lastlocalchecktime": "2023-07-09 00:05:38",
        "lastlocalchecktime_iso8601": "2023-07-09T00:05:38Z",
        "clicktimestamp": "2023-07-09 03:12:46",
        "clicktimestamp_iso8601": "2023-07-09T03:12:46Z",
        "clickcount": 38,
        "clicktrend": -2,
        "ssl_error": 0,
        "geo_lat": 1.3432224167794888,
        "geo_long": 103.84874864671586,
        "has_extended_info": false
    },
    {
        "changeuuid": "6132471a-551c-4fe2-873d-749a2f9bb5f2",
        "stationuuid": "9d866199-cfb4-4083-b7f4-35a910770f66",
        "serveruuid": "f78ca36c-2efa-484d-b5f1-10f2284f4ab3",
        "name": "MONEY FM 89.3",
        "url": "https://23743.live.streamtheworld.com/MONEY_893AAC.aac",
        "url_resolved": "https://23743.live.streamtheworld.com/MONEY_893AAC.aac",
        "homepage": "https://superradio.cc/",
        "favicon": "https://super-radio-global.devhub.top/logo/default.png",
        "tags": "business,finance",
        "country": "Singapore",
        "countrycode": "SG",
        "iso_3166_2": null,
        "state": "",
        "language": "english",
        "languagecodes": "en",
        "votes": 2,
        "lastchangetime": "2023-06-25 10:01:23",
        "lastchangetime_iso8601": "2023-06-25T10:01:23Z",
        "codec": "AAC+",
        "bitrate": 64,
        "hls": 0,
        "lastcheckok": 1,
        "lastchecktime": "2023-07-09 10:26:35",
        "lastchecktime_iso8601": "2023-07-09T10:26:35Z",
        "lastcheckoktime": "2023-07-09 10:26:35",
        "lastcheckoktime_iso8601": "2023-07-09T10:26:35Z",
        "lastlocalchecktime": "2023-07-09 06:43:29",
        "lastlocalchecktime_iso8601": "2023-07-09T06:43:29Z",
        "clicktimestamp": "2023-07-08 23:00:11",
        "clicktimestamp_iso8601": "2023-07-08T23:00:11Z",
        "clickcount": 6,
        "clicktrend": 1,
        "ssl_error": 0,
        "geo_lat": null,
        "geo_long": null,
        "has_extended_info": false
    },
    {
        "changeuuid": "673a072d-47f0-4159-a5c7-ac14ed87d1a6",
        "stationuuid": "a6921526-777c-46c4-8222-d7b8b972e295",
        "serveruuid": "7e36ba1d-995c-4156-becb-fa217067e45f",
        "name": "973FM: Blasts That Last radio",
        "url": "https://c16.radioboss.fm:18115/stream?icecast",
        "url_resolved": "https://c16.radioboss.fm:18115/stream?icecast",
        "homepage": "https://global.superradio.cc/",
        "favicon": "https://super-radio-global.devhub.top/logo/default.png",
        "tags": "hits,music,pop,top40",
        "country": "Singapore",
        "countrycode": "SG",
        "iso_3166_2": null,
        "state": "",
        "language": "english",
        "languagecodes": "en",
        "votes": 2,
        "lastchangetime": "2023-06-25 10:12:28",
        "lastchangetime_iso8601": "2023-06-25T10:12:28Z",
        "codec": "AAC+",
        "bitrate": 48,
        "hls": 0,
        "lastcheckok": 1,
        "lastchecktime": "2023-07-09 10:31:44",
        "lastchecktime_iso8601": "2023-07-09T10:31:44Z",
        "lastcheckoktime": "2023-07-09 10:31:44",
        "lastcheckoktime_iso8601": "2023-07-09T10:31:44Z",
        "lastlocalchecktime": "2023-07-08 21:21:01",
        "lastlocalchecktime_iso8601": "2023-07-08T21:21:01Z",
        "clicktimestamp": "2023-07-08 03:29:13",
        "clicktimestamp_iso8601": "2023-07-08T03:29:13Z",
        "clickcount": 12,
        "clicktrend": -1,
        "ssl_error": 0,
        "geo_lat": null,
        "geo_long": null,
        "has_extended_info": false
    },
    {
        "changeuuid": "baa92cdd-159f-452b-8b00-a2752e56120d",
        "stationuuid": "4859de0e-6ddc-4e85-8a32-70c392d80439",
        "serveruuid": "c768578e-8a16-40a4-a8a7-e8f919860852",
        "name": "AXR Singapore",
        "url": "http://provisioning.streamtheworld.com/pls/AXR_SINGAPORE.pls",
        "url_resolved": "http://23693.live.streamtheworld.com/AXR_SINGAPORE_SC",
        "homepage": "http://www.axr.online/",
        "favicon": "https://content.audiospace.co/stations/210/files/Logos/final_designlogostandart-01.png",
        "tags": "",
        "country": "Singapore",
        "countrycode": "SG",
        "iso_3166_2": null,
        "state": "",
        "language": "",
        "languagecodes": "",
        "votes": 1,
        "lastchangetime": "2023-06-20 16:06:19",
        "lastchangetime_iso8601": "2023-06-20T16:06:19Z",
        "codec": "MP3",
        "bitrate": 96,
        "hls": 0,
        "lastcheckok": 1,
        "lastchecktime": "2023-07-09 08:14:08",
        "lastchecktime_iso8601": "2023-07-09T08:14:08Z",
        "lastcheckoktime": "2023-07-09 08:14:08",
        "lastcheckoktime_iso8601": "2023-07-09T08:14:08Z",
        "lastlocalchecktime": "2023-07-09 08:14:08",
        "lastlocalchecktime_iso8601": "2023-07-09T08:14:08Z",
        "clicktimestamp": "2023-07-08 03:28:24",
        "clicktimestamp_iso8601": "2023-07-08T03:28:24Z",
        "clickcount": 5,
        "clicktrend": -1,
        "ssl_error": 0,
        "geo_lat": null,
        "geo_long": null,
        "has_extended_info": false
    }
]