[
    {
        "changeuuid": "b0931856-48f3-47de-83bc-cb634d2a8ea3",
        "stationuuid": "961ffa9a-0601-11e8-ae97-52543be04c81",
        "serveruuid": "b7ebdee3-6b9f-4055-aec4-6e09d6f7cf7c",
        "name": "Saint FM 106.7 Jamestown",
        "url": "http://radio.canstream.co.uk:8013/live.mp3",
        "url_resolved": "http://radio.canstream.co.uk:8013/live.mp3",
        "homepage": "http://www.saint.fm/",
        "favicon": "",
        "tags": "community radio,jamestown,st. helena",
        "country": "Ascension And Tristan Da Cunha Saint Helena",
        "countrycode": "SH",
        "iso_3166_2": null,
        "state": "",
        "language": "english",
        "languagecodes": "en",
        "votes": 252,
        "lastchangetime": "2022-03-28 11:25:48",
        "lastchangetime_iso8601": "2022-03-28T11:25:48Z",
        "codec": "MP3",
        "bitrate": 48,
        "hls": 0,
        "lastcheckok": 1,
        "lastchecktime": "2023-04-08 08:53:47",
        "lastchecktime_iso8601": "2023-04-08T08:53:47Z",
        "lastcheckoktime": "2023-04-08 08:53:47",
        "lastcheckoktime_iso8601": "2023-04-08T08:53:47Z",
        "lastlocalchecktime": "2023-04-07 17:25:16",
        "lastlocalchecktime_iso8601": "2023-04-07T17:25:16Z",
        "clicktimestamp": "2023-04-08 02:56:01",
        "clicktimestamp_iso8601": "2023-04-08T02:56:01Z",
        "clickcount": 10,
        "clicktrend": -2,
        "ssl_error": 0,
        "geo_lat": null,
        "geo_long": null,
        "has_extended_info": false
    }
]