[
    {
        "changeuuid": "07403b1d-50c8-4955-9878-73c5b943b4a8",
        "stationuuid": "9b75afd6-d79e-49ed-aa8f-32c969784f7e",
        "serveruuid": "c0d733c7-f78e-49fb-9917-bfcc1618e77b",
        "name": "Capital Radio",
        "url": "http://tx.sharp-stream.com/http_live.php?i=capitalradiosl.mp3",
        "url_resolved": "http://edge-audio-01-gos2.sharp-stream.com/capitalradiosl.mp3?",
        "homepage": "http://www.capitalradio.sl/",
        "favicon": "",
        "tags": "entertainment,news,world music",
        "country": "Sierra Leone",
        "countrycode": "SL",
        "iso_3166_2": null,
        "state": "",
        "language": "english",
        "languagecodes": "en",
        "votes": 506,
        "lastchangetime": "2022-09-03 01:02:47",
        "lastchangetime_iso8601": "2022-09-03T01:02:47Z",
        "codec": "MP3",
        "bitrate": 128,
        "hls": 0,
        "lastcheckok": 1,
        "lastchecktime": "2023-04-08 07:20:46",
        "lastchecktime_iso8601": "2023-04-08T07:20:46Z",
        "lastcheckoktime": "2023-04-08 07:20:46",
        "lastcheckoktime_iso8601": "2023-04-08T07:20:46Z",
        "lastlocalchecktime": "2023-04-07 18:32:44",
        "lastlocalchecktime_iso8601": "2023-04-07T18:32:44Z",
        "clicktimestamp": "2023-04-08 14:11:51",
        "clicktimestamp_iso8601": "2023-04-08T14:11:51Z",
        "clickcount": 94,
        "clicktrend": -4,
        "ssl_error": 0,
        "geo_lat": null,
        "geo_long": null,
        "has_extended_info": false
    },
    {
        "changeuuid": "1698b22d-d901-438b-a4d2-e38c834048ac",
        "stationuuid": "309d6816-f17e-4cc6-97f0-24767f54b9d8",
        "serveruuid": "e2abc0b1-8c23-48b7-9237-bd159c3a22fa",
        "name": "RADIO BINKONGOH",
        "url": "http://cressida.shoutca.st:8079/",
        "url_resolved": "http://cressida.shoutca.st:8079/",
        "homepage": "https://www.voice-of-binkongoh.com/",
        "favicon": "",
        "tags": "",
        "country": "Sierra Leone",
        "countrycode": "SL",
        "iso_3166_2": null,
        "state": "KONOLAND",
        "language": "",
        "languagecodes": "",
        "votes": 276,
        "lastchangetime": "2021-08-06 08:36:45",
        "lastchangetime_iso8601": "2021-08-06T08:36:45Z",
        "codec": "MP3",
        "bitrate": 128,
        "hls": 0,
        "lastcheckok": 1,
        "lastchecktime": "2023-04-08 06:30:15",
        "lastchecktime_iso8601": "2023-04-08T06:30:15Z",
        "lastcheckoktime": "2023-04-08 06:30:15",
        "lastcheckoktime_iso8601": "2023-04-08T06:30:15Z",
        "lastlocalchecktime": "2023-04-07 20:20:08",
        "lastlocalchecktime_iso8601": "2023-04-07T20:20:08Z",
        "clicktimestamp": "2023-04-08 14:12:34",
        "clicktimestamp_iso8601": "2023-04-08T14:12:34Z",
        "clickcount": 48,
        "clicktrend": -4,
        "ssl_error": 0,
        "geo_lat": 8.931519309894336,
        "geo_long": -11.334886775919088,
        "has_extended_info": false
    },
    {
        "changeuuid": "ae57313a-f4d8-4667-94ce-d9729d0713b4",
        "stationuuid": "aed90f87-c696-11e8-a498-52543be04c81",
        "serveruuid": "9abd7a70-452c-4f53-8f92-1cf6af5f19a8",
        "name": "FOP Radio",
        "url": "http://fopradio.out.airtime.pro:8000/fopradio_a",
        "url_resolved": "http://fopradio.out.airtime.pro:8000/fopradio_a",
        "homepage": "http://www.fopradio.org/",
        "favicon": "",
        "tags": "",
        "country": "Sierra Leone",
        "countrycode": "SL",
        "iso_3166_2": null,
        "state": "",
        "language": "",
        "languagecodes": "",
        "votes": 274,
        "lastchangetime": "2022-08-24 19:44:16",
        "lastchangetime_iso8601": "2022-08-24T19:44:16Z",
        "codec": "AAC",
        "bitrate": 96,
        "hls": 0,
        "lastcheckok": 1,
        "lastchecktime": "2023-04-07 19:39:30",
        "lastchecktime_iso8601": "2023-04-07T19:39:30Z",
        "lastcheckoktime": "2023-04-07 19:39:30",
        "lastcheckoktime_iso8601": "2023-04-07T19:39:30Z",
        "lastlocalchecktime": "2023-04-07 16:44:30",
        "lastlocalchecktime_iso8601": "2023-04-07T16:44:30Z",
        "clicktimestamp": "2023-04-08 07:27:57",
        "clicktimestamp_iso8601": "2023-04-08T07:27:57Z",
        "clickcount": 44,
        "clicktrend": -2,
        "ssl_error": 0,
        "geo_lat": null,
        "geo_long": null,
        "has_extended_info": false
    },
    {
        "changeuuid": "6884719e-7e55-42b8-899e-637fb420cfd8",
        "stationuuid": "d82193dd-83e3-4d69-a8f9-44030b96e58f",
        "serveruuid": "3824d979-03d9-4d76-b8b0-5e9bbeb2aa84",
        "name": "AYV News TV",
        "url": "http://1219373429.rsc.cdn77.org/live/stream-1/playlist.m3u8",
        "url_resolved": "http://1219373429.rsc.cdn77.org/live/stream-1/playlist.m3u8",
        "homepage": "http://ayvnews.com/",
        "favicon": "https://ayvnews.com/wp-content/uploads/2022/05/cropped-ayv-logo-180x180.png",
        "tags": "",
        "country": "Sierra Leone",
        "countrycode": "SL",
        "iso_3166_2": null,
        "state": "Western Area",
        "language": "english",
        "languagecodes": "en",
        "votes": 239,
        "lastchangetime": "2023-01-14 09:36:36",
        "lastchangetime_iso8601": "2023-01-14T09:36:36Z",
        "codec": "AAC",
        "bitrate": 1603,
        "hls": 1,
        "lastcheckok": 1,
        "lastchecktime": "2023-04-08 11:59:36",
        "lastchecktime_iso8601": "2023-04-08T11:59:36Z",
        "lastcheckoktime": "2023-04-08 11:59:36",
        "lastcheckoktime_iso8601": "2023-04-08T11:59:36Z",
        "lastlocalchecktime": "2023-04-07 18:34:44",
        "lastlocalchecktime_iso8601": "2023-04-07T18:34:44Z",
        "clicktimestamp": "2023-04-08 14:12:09",
        "clicktimestamp_iso8601": "2023-04-08T14:12:09Z",
        "clickcount": 96,
        "clicktrend": -8,
        "ssl_error": 0,
        "geo_lat": null,
        "geo_long": null,
        "has_extended_info": false
    },
    {
        "changeuuid": "978a1abc-2d62-412f-9007-f7819ea7940e",
        "stationuuid": "e5962055-cc81-4b12-87cd-3e31244195fd",
        "serveruuid": "282dcc13-117e-4be5-837b-23498fa18605",
        "name": "Sierra Network Radio",
        "url": "http://45.79.181.148:8004/;",
        "url_resolved": "http://45.79.181.148:8004/;",
        "homepage": "https://snradio.net/snradio/",
        "favicon": "",
        "tags": "african music",
        "country": "Sierra Leone",
        "countrycode": "SL",
        "iso_3166_2": null,
        "state": "",
        "language": "",
        "languagecodes": "",
        "votes": 178,
        "lastchangetime": "2022-08-25 23:12:31",
        "lastchangetime_iso8601": "2022-08-25T23:12:31Z",
        "codec": "MP3",
        "bitrate": 128,
        "hls": 0,
        "lastcheckok": 1,
        "lastchecktime": "2023-04-08 08:26:51",
        "lastchecktime_iso8601": "2023-04-08T08:26:51Z",
        "lastcheckoktime": "2023-04-08 08:26:51",
        "lastcheckoktime_iso8601": "2023-04-08T08:26:51Z",
        "lastlocalchecktime": "2023-04-07 18:25:31",
        "lastlocalchecktime_iso8601": "2023-04-07T18:25:31Z",
        "clicktimestamp": "2023-04-08 14:12:36",
        "clicktimestamp_iso8601": "2023-04-08T14:12:36Z",
        "clickcount": 61,
        "clicktrend": -1,
        "ssl_error": 0,
        "geo_lat": null,
        "geo_long": null,
        "has_extended_info": false
    },
    {
        "changeuuid": "bce0a772-ac98-41fc-a12d-3e088260a6c7",
        "stationuuid": "bf34fd3c-80b9-4ba4-b09b-02bfa05df721",
        "serveruuid": "4bb36917-2936-4364-962d-0f79d5ecbea2",
        "name": "AYV Entertainment TV",
        "url": "http://1423954428.rsc.cdn77.org/live/ngrp:stream-1_all/playlist.m3u8",
        "url_resolved": "http://1423954428.rsc.cdn77.org/live/ngrp:stream-1_all/playlist.m3u8",
        "homepage": "http://ayvnews.com/tv-entertainment-ch-34/",
        "favicon": "https://ayvnews.com/wp-content/uploads/2022/05/cropped-ayv-logo-180x180.png",
        "tags": "",
        "country": "Sierra Leone",
        "countrycode": "SL",
        "iso_3166_2": null,
        "state": "Western Area",
        "language": "english",
        "languagecodes": "en",
        "votes": 151,
        "lastchangetime": "2023-01-23 14:50:00",
        "lastchangetime_iso8601": "2023-01-23T14:50:00Z",
        "codec": "AAC",
        "bitrate": 1296,
        "hls": 1,
        "lastcheckok": 1,
        "lastchecktime": "2023-04-08 12:36:18",
        "lastchecktime_iso8601": "2023-04-08T12:36:18Z",
        "lastcheckoktime": "2023-04-08 12:36:18",
        "lastcheckoktime_iso8601": "2023-04-08T12:36:18Z",
        "lastlocalchecktime": "2023-04-08 12:36:18",
        "lastlocalchecktime_iso8601": "2023-04-08T12:36:18Z",
        "clicktimestamp": "2023-04-08 14:10:25",
        "clicktimestamp_iso8601": "2023-04-08T14:10:25Z",
        "clickcount": 47,
        "clicktrend": -3,
        "ssl_error": 0,
        "geo_lat": null,
        "geo_long": null,
        "has_extended_info": false
    }
]