[
    {
        "changeuuid": "1238766e-c869-4763-9975-aacd3ba65100",
        "stationuuid": "0f1d84d0-7370-11e9-af37-52543be04c81",
        "serveruuid": "adf51c42-074f-4be4-a1d0-b2e3ad1df73a",
        "name": "Radio San Marino",
        "url": "https://d18ufyp3q60j7u.cloudfront.net/radio-ch01/radio-ch01/playlist.m3u8",
        "url_resolved": "https://d18ufyp3q60j7u.cloudfront.net/radio-ch01/radio-ch01/playlist.m3u8",
        "homepage": "https://www.smtvsanmarino.sm/radio/ascolta-radio-san-marino",
        "favicon": "",
        "tags": "citt\u00e0 di san marino,pop,top 40",
        "country": "San Marino",
        "countrycode": "SM",
        "iso_3166_2": null,
        "state": "Citt\u00e0 di San Marino",
        "language": "italian",
        "languagecodes": "it",
        "votes": 132,
        "lastchangetime": "2022-09-06 08:04:54",
        "lastchangetime_iso8601": "2022-09-06T08:04:54Z",
        "codec": "AAC",
        "bitrate": 220,
        "hls": 1,
        "lastcheckok": 1,
        "lastchecktime": "2023-04-08 14:15:37",
        "lastchecktime_iso8601": "2023-04-08T14:15:37Z",
        "lastcheckoktime": "2023-04-08 14:15:37",
        "lastcheckoktime_iso8601": "2023-04-08T14:15:37Z",
        "lastlocalchecktime": "2023-04-08 14:15:37",
        "lastlocalchecktime_iso8601": "2023-04-08T14:15:37Z",
        "clicktimestamp": "2023-04-08 10:59:26",
        "clicktimestamp_iso8601": "2023-04-08T10:59:26Z",
        "clickcount": 32,
        "clicktrend": 0,
        "ssl_error": 0,
        "geo_lat": null,
        "geo_long": null,
        "has_extended_info": false
    },
    {
        "changeuuid": "d71b816e-f9c5-4f5d-a718-86864a5cfbe9",
        "stationuuid": "bd06bffb-7cd9-4d12-9100-e9471b67f25a",
        "serveruuid": "adf51c42-074f-4be4-a1d0-b2e3ad1df73a",
        "name": "Radio San Marino Classic",
        "url": "https://d18ufyp3q60j7u.cloudfront.net/radio-ch01/radio-ch02/playlist.m3u8",
        "url_resolved": "https://d18ufyp3q60j7u.cloudfront.net/radio-ch01/radio-ch02/playlist.m3u8",
        "homepage": "https://www.sanmarinortv.sm/radio",
        "favicon": "https://www.sanmarinortv.sm/assets/frontend/img/logo-310-150.png?v54",
        "tags": "adult contemporary,pop,top 40",
        "country": "San Marino",
        "countrycode": "SM",
        "iso_3166_2": null,
        "state": "",
        "language": "italian",
        "languagecodes": "it",
        "votes": 124,
        "lastchangetime": "2022-11-05 13:59:35",
        "lastchangetime_iso8601": "2022-11-05T13:59:35Z",
        "codec": "AAC",
        "bitrate": 222,
        "hls": 1,
        "lastcheckok": 1,
        "lastchecktime": "2023-04-08 09:51:57",
        "lastchecktime_iso8601": "2023-04-08T09:51:57Z",
        "lastcheckoktime": "2023-04-08 09:51:57",
        "lastcheckoktime_iso8601": "2023-04-08T09:51:57Z",
        "lastlocalchecktime": "2023-04-08 09:51:57",
        "lastlocalchecktime_iso8601": "2023-04-08T09:51:57Z",
        "clicktimestamp": "2023-04-08 07:51:52",
        "clicktimestamp_iso8601": "2023-04-08T07:51:52Z",
        "clickcount": 34,
        "clicktrend": 0,
        "ssl_error": 0,
        "geo_lat": null,
        "geo_long": null,
        "has_extended_info": false
    },
    {
        "changeuuid": "6e8e35ba-99bd-428f-8ede-5935a9497f31",
        "stationuuid": "10f93ee3-7370-11e9-af37-52543be04c81",
        "serveruuid": "3ac9ef86-2a0b-4334-92e3-f42dcd2a2888",
        "name": "Radio San Marino Classic",
        "url": "http://d18ufyp3q60j7u.cloudfront.net/radio-ch01/radio-ch02/playlist.m3u8",
        "url_resolved": "http://d18ufyp3q60j7u.cloudfront.net/radio-ch01/radio-ch02/playlist.m3u8",
        "homepage": "https://www.smtvsanmarino.sm/radio/ascolta-radio-classic",
        "favicon": "",
        "tags": "citt\u00e0 di san marino,classic hits",
        "country": "San Marino",
        "countrycode": "SM",
        "iso_3166_2": null,
        "state": "Citt\u00e0 di San Marino",
        "language": "italian",
        "languagecodes": "it",
        "votes": 107,
        "lastchangetime": "2022-09-16 08:23:59",
        "lastchangetime_iso8601": "2022-09-16T08:23:59Z",
        "codec": "AAC",
        "bitrate": 215,
        "hls": 1,
        "lastcheckok": 1,
        "lastchecktime": "2023-04-08 10:57:36",
        "lastchecktime_iso8601": "2023-04-08T10:57:36Z",
        "lastcheckoktime": "2023-04-08 10:57:36",
        "lastcheckoktime_iso8601": "2023-04-08T10:57:36Z",
        "lastlocalchecktime": "2023-04-08 10:35:11",
        "lastlocalchecktime_iso8601": "2023-04-08T10:35:11Z",
        "clicktimestamp": "2023-04-08 06:22:54",
        "clicktimestamp_iso8601": "2023-04-08T06:22:54Z",
        "clickcount": 50,
        "clicktrend": 1,
        "ssl_error": 0,
        "geo_lat": null,
        "geo_long": null,
        "has_extended_info": false
    },
    {
        "changeuuid": "4c6559be-9cef-4a7c-acc7-09c259f654e6",
        "stationuuid": "870d54cf-d706-11e8-a2a6-52543be04c81",
        "serveruuid": "2f48d679-2ea2-4c73-a767-54033177e981",
        "name": "USMARADIO",
        "url": "http://usmaradio.out.airtime.pro:8000/usmaradio_a",
        "url_resolved": "http://usmaradio.out.airtime.pro:8000/usmaradio_a",
        "homepage": "http://www.usmaradio.org/",
        "favicon": "http://www.usmaradio.org/wp-content/uploads/2016/09/usma_logo_new_alpha_h100.png",
        "tags": "citt\u00e0 di san marino,university radio",
        "country": "San Marino",
        "countrycode": "SM",
        "iso_3166_2": null,
        "state": "Citt\u00e0 di San Marino",
        "language": "italian",
        "languagecodes": "it",
        "votes": 103,
        "lastchangetime": "2022-03-28 11:13:02",
        "lastchangetime_iso8601": "2022-03-28T11:13:02Z",
        "codec": "MP3",
        "bitrate": 192,
        "hls": 0,
        "lastcheckok": 1,
        "lastchecktime": "2023-04-08 09:23:58",
        "lastchecktime_iso8601": "2023-04-08T09:23:58Z",
        "lastcheckoktime": "2023-04-08 09:23:58",
        "lastcheckoktime_iso8601": "2023-04-08T09:23:58Z",
        "lastlocalchecktime": "2023-04-08 09:23:58",
        "lastlocalchecktime_iso8601": "2023-04-08T09:23:58Z",
        "clicktimestamp": "2023-04-08 08:15:24",
        "clicktimestamp_iso8601": "2023-04-08T08:15:24Z",
        "clickcount": 20,
        "clicktrend": 2,
        "ssl_error": 0,
        "geo_lat": null,
        "geo_long": null,
        "has_extended_info": false
    },
    {
        "changeuuid": "aaaa65fa-72c5-423c-90b9-e94c3f48d8ec",
        "stationuuid": "d60a853f-e280-4e8c-bf5c-504718de5bac",
        "serveruuid": "adf51c42-074f-4be4-a1d0-b2e3ad1df73a",
        "name": "Radio San Marino",
        "url": "https://d18ufyp3q60j7u.cloudfront.net/radio-ch01/radio-ch01/chunklist_w213256444.m3u8",
        "url_resolved": "https://d18ufyp3q60j7u.cloudfront.net/radio-ch01/radio-ch01/chunklist_w213256444.m3u8",
        "homepage": "",
        "favicon": "",
        "tags": "pop",
        "country": "San Marino",
        "countrycode": "SM",
        "iso_3166_2": null,
        "state": "",
        "language": "",
        "languagecodes": "",
        "votes": 57,
        "lastchangetime": "2021-08-06 08:36:44",
        "lastchangetime_iso8601": "2021-08-06T08:36:44Z",
        "codec": "UNKNOWN",
        "bitrate": 0,
        "hls": 1,
        "lastcheckok": 1,
        "lastchecktime": "2023-04-08 11:38:25",
        "lastchecktime_iso8601": "2023-04-08T11:38:25Z",
        "lastcheckoktime": "2023-04-08 11:38:25",
        "lastcheckoktime_iso8601": "2023-04-08T11:38:25Z",
        "lastlocalchecktime": "2023-04-08 11:38:25",
        "lastlocalchecktime_iso8601": "2023-04-08T11:38:25Z",
        "clicktimestamp": "2023-04-07 11:03:03",
        "clicktimestamp_iso8601": "2023-04-07T11:03:03Z",
        "clickcount": 11,
        "clicktrend": -1,
        "ssl_error": 0,
        "geo_lat": null,
        "geo_long": null,
        "has_extended_info": false
    }
]