[
    {
        "changeuuid": "88097e0a-523e-40c3-a590-9fc1565ce798",
        "stationuuid": "796d8d2b-019a-4691-9822-dad08d8c958d",
        "serveruuid": "1511a789-dea2-473a-99ac-4b20dfb4add5",
        "name": "VOA Somali",
        "url": "https://voa13.akacast.akamaistream.net/7/681/437795/v1/ibb.akacast.akamaistream.net/voa13",
        "url_resolved": "https://n07.radiojar.com/sgbs60fgq3quv?rj-ttl=5&rj-tok=AAABh2CovA8Aw8fU3hjYQ5fOiw",
        "homepage": "",
        "favicon": "",
        "tags": "news",
        "country": "Somalia",
        "countrycode": "SO",
        "iso_3166_2": null,
        "state": "",
        "language": "",
        "languagecodes": "",
        "votes": 1355,
        "lastchangetime": "2021-08-06 08:36:45",
        "lastchangetime_iso8601": "2021-08-06T08:36:45Z",
        "codec": "MP3",
        "bitrate": 0,
        "hls": 0,
        "lastcheckok": 1,
        "lastchecktime": "2023-04-08 11:33:56",
        "lastchecktime_iso8601": "2023-04-08T11:33:56Z",
        "lastcheckoktime": "2023-04-08 11:33:56",
        "lastcheckoktime_iso8601": "2023-04-08T11:33:56Z",
        "lastlocalchecktime": "2023-04-07 15:09:09",
        "lastlocalchecktime_iso8601": "2023-04-07T15:09:09Z",
        "clicktimestamp": "2023-04-08 14:06:27",
        "clicktimestamp_iso8601": "2023-04-08T14:06:27Z",
        "clickcount": 89,
        "clicktrend": -3,
        "ssl_error": 0,
        "geo_lat": null,
        "geo_long": null,
        "has_extended_info": false
    },
    {
        "changeuuid": "b82a50c4-c268-47b0-b365-7416f2dfd76d",
        "stationuuid": "56e9c7e6-b4b6-4204-8547-ab41e0ef7495",
        "serveruuid": "2413f2ab-b9c2-4cf2-9daf-05cf1a2c3a48",
        "name": "Idaacadda Subaxnimo VOA",
        "url": "https://av.voanews.com/clips/VSO/2021/04/29/20210429-033000-VSO065-program_48k.mp3",
        "url_resolved": "https://av.voanews.com/clips/VSO/2021/04/29/20210429-033000-VSO065-program_48k.mp3",
        "homepage": "",
        "favicon": "",
        "tags": "news",
        "country": "Somalia",
        "countrycode": "SO",
        "iso_3166_2": null,
        "state": "",
        "language": "",
        "languagecodes": "",
        "votes": 384,
        "lastchangetime": "2021-08-06 08:36:45",
        "lastchangetime_iso8601": "2021-08-06T08:36:45Z",
        "codec": "MP3",
        "bitrate": 0,
        "hls": 0,
        "lastcheckok": 1,
        "lastchecktime": "2023-04-08 10:20:51",
        "lastchecktime_iso8601": "2023-04-08T10:20:51Z",
        "lastcheckoktime": "2023-04-08 10:20:51",
        "lastcheckoktime_iso8601": "2023-04-08T10:20:51Z",
        "lastlocalchecktime": "2023-04-08 09:59:25",
        "lastlocalchecktime_iso8601": "2023-04-08T09:59:25Z",
        "clicktimestamp": "2023-04-08 14:06:35",
        "clicktimestamp_iso8601": "2023-04-08T14:06:35Z",
        "clickcount": 34,
        "clicktrend": -2,
        "ssl_error": 0,
        "geo_lat": null,
        "geo_long": null,
        "has_extended_info": false
    },
    {
        "changeuuid": "4114246f-c5db-4f70-b1b3-4f99c421d48e",
        "stationuuid": "69115a74-05dd-4f75-b8f2-4e8480b55bfa",
        "serveruuid": "cfee849c-eb80-4d0f-9ede-be782e255ee0",
        "name": "Roob",
        "url": "http://stream.zeno.fm/t0dhv78c9s8uv",
        "url_resolved": "http://stream-018.zeno.fm/t0dhv78c9s8uv?zs=Gxcbv36iQAmJwfXUAtm66g",
        "homepage": "",
        "favicon": "",
        "tags": "news",
        "country": "Somalia",
        "countrycode": "SO",
        "iso_3166_2": null,
        "state": "",
        "language": "",
        "languagecodes": "",
        "votes": 367,
        "lastchangetime": "2021-08-06 08:36:45",
        "lastchangetime_iso8601": "2021-08-06T08:36:45Z",
        "codec": "MP3",
        "bitrate": 0,
        "hls": 0,
        "lastcheckok": 1,
        "lastchecktime": "2023-04-08 12:18:43",
        "lastchecktime_iso8601": "2023-04-08T12:18:43Z",
        "lastcheckoktime": "2023-04-08 12:18:43",
        "lastcheckoktime_iso8601": "2023-04-08T12:18:43Z",
        "lastlocalchecktime": "2023-04-08 12:18:43",
        "lastlocalchecktime_iso8601": "2023-04-08T12:18:43Z",
        "clicktimestamp": "2023-04-08 14:06:46",
        "clicktimestamp_iso8601": "2023-04-08T14:06:46Z",
        "clickcount": 29,
        "clicktrend": -2,
        "ssl_error": 0,
        "geo_lat": null,
        "geo_long": null,
        "has_extended_info": false
    },
    {
        "changeuuid": "327d1afd-b74b-4fea-bbc4-303838311988",
        "stationuuid": "315a122b-ea8e-4e5c-894a-20ef9d32221a",
        "serveruuid": "d138b9ae-0282-45d9-9d6f-141b2f034244",
        "name": "\u0627\u0630\u0627\u0639\u0629 \u0627\u0644\u0642\u0631\u0622\u0646 \u0627\u0644\u0643\u0631\u064a\u0645",
        "url": "http://stream.radiojar.com/0tpy1h0kxtzuv",
        "url_resolved": "http://n0c.radiojar.com/0tpy1h0kxtzuv?rj-ttl=5&rj-tok=AAABh12G3nMA1fWwj6qnfZEQng",
        "homepage": "",
        "favicon": "",
        "tags": "classical",
        "country": "Somalia",
        "countrycode": "SO",
        "iso_3166_2": null,
        "state": "",
        "language": "",
        "languagecodes": "",
        "votes": 69,
        "lastchangetime": "2022-12-10 05:05:31",
        "lastchangetime_iso8601": "2022-12-10T05:05:31Z",
        "codec": "MP3",
        "bitrate": 0,
        "hls": 0,
        "lastcheckok": 1,
        "lastchecktime": "2023-04-07 20:52:28",
        "lastchecktime_iso8601": "2023-04-07T20:52:28Z",
        "lastcheckoktime": "2023-04-07 20:52:28",
        "lastcheckoktime_iso8601": "2023-04-07T20:52:28Z",
        "lastlocalchecktime": "2023-04-07 20:52:28",
        "lastlocalchecktime_iso8601": "2023-04-07T20:52:28Z",
        "clicktimestamp": "2023-04-08 14:06:55",
        "clicktimestamp_iso8601": "2023-04-08T14:06:55Z",
        "clickcount": 62,
        "clicktrend": -3,
        "ssl_error": 0,
        "geo_lat": null,
        "geo_long": null,
        "has_extended_info": false
    }
]