[
    {
        "changeuuid": "a762e460-cad8-407e-87c1-dffcf8bb1206",
        "stationuuid": "471413dc-2dd8-11ea-aa0c-52543be04c81",
        "serveruuid": "53ad3b5e-bba0-4b2f-9b84-0306e1d08a5e",
        "name": "Radio Garuda",
        "url": "http://162.244.80.245:8012/",
        "url_resolved": "http://162.244.80.245:8012/",
        "homepage": "https://rtv-garudasuriname.com/",
        "favicon": "https://rtv-garudasuriname.com/wp-content/uploads/2018/12/logo.png",
        "tags": "dutch,javanese",
        "country": "Suriname",
        "countrycode": "SR",
        "iso_3166_2": null,
        "state": "Paramaribo",
        "language": "dutch,javanese,sranan tongo",
        "languagecodes": "jv,nl",
        "votes": 1086,
        "lastchangetime": "2022-03-28 13:02:19",
        "lastchangetime_iso8601": "2022-03-28T13:02:19Z",
        "codec": "MP3",
        "bitrate": 96,
        "hls": 0,
        "lastcheckok": 1,
        "lastchecktime": "2023-04-08 12:13:03",
        "lastchecktime_iso8601": "2023-04-08T12:13:03Z",
        "lastcheckoktime": "2023-04-08 12:13:03",
        "lastcheckoktime_iso8601": "2023-04-08T12:13:03Z",
        "lastlocalchecktime": "2023-04-07 17:56:32",
        "lastlocalchecktime_iso8601": "2023-04-07T17:56:32Z",
        "clicktimestamp": "2023-04-08 09:00:03",
        "clicktimestamp_iso8601": "2023-04-08T09:00:03Z",
        "clickcount": 51,
        "clicktrend": -1,
        "ssl_error": 0,
        "geo_lat": null,
        "geo_long": null,
        "has_extended_info": false
    },
    {
        "changeuuid": "f80866a2-bc0d-48cc-8563-723c110409af",
        "stationuuid": "6578cd93-1974-4814-9e7f-698076ec89b8",
        "serveruuid": "39cc7563-9b33-46cb-83ad-466f797fb520",
        "name": "Sky Suriname",
        "url": "http://pipel.kloud.xyz:8010/radio.mp3",
        "url_resolved": "http://pipel.kloud.xyz:8010/radio.mp3",
        "homepage": "http://www.skysuriname.sr/",
        "favicon": "",
        "tags": "",
        "country": "Suriname",
        "countrycode": "SR",
        "iso_3166_2": null,
        "state": "",
        "language": "surinaams",
        "languagecodes": "",
        "votes": 689,
        "lastchangetime": "2021-08-06 08:36:45",
        "lastchangetime_iso8601": "2021-08-06T08:36:45Z",
        "codec": "MP3",
        "bitrate": 128,
        "hls": 0,
        "lastcheckok": 1,
        "lastchecktime": "2023-04-08 08:46:38",
        "lastchecktime_iso8601": "2023-04-08T08:46:38Z",
        "lastcheckoktime": "2023-04-08 08:46:38",
        "lastcheckoktime_iso8601": "2023-04-08T08:46:38Z",
        "lastlocalchecktime": "2023-04-07 18:09:19",
        "lastlocalchecktime_iso8601": "2023-04-07T18:09:19Z",
        "clicktimestamp": "2023-04-07 19:38:35",
        "clicktimestamp_iso8601": "2023-04-07T19:38:35Z",
        "clickcount": 25,
        "clicktrend": 0,
        "ssl_error": 0,
        "geo_lat": null,
        "geo_long": null,
        "has_extended_info": false
    },
    {
        "changeuuid": "fbac2a12-34a1-461c-a285-2348b1ab1592",
        "stationuuid": "521050ee-ed59-4b3b-bb6b-c5b86d703b62",
        "serveruuid": "09288e1d-5124-4cf3-b6aa-81fae811df4b",
        "name": "Radio 10 Magic FM",
        "url": "https://s5.radio.co/s85a633f73/listen",
        "url_resolved": "https://s5.radio.co/s85a633f73/listen",
        "homepage": "https://www.radio10.sr/",
        "favicon": "",
        "tags": "",
        "country": "Suriname",
        "countrycode": "SR",
        "iso_3166_2": null,
        "state": "",
        "language": "dutch,sranan tongo",
        "languagecodes": "nl",
        "votes": 400,
        "lastchangetime": "2023-02-18 02:44:16",
        "lastchangetime_iso8601": "2023-02-18T02:44:16Z",
        "codec": "AAC",
        "bitrate": 96,
        "hls": 0,
        "lastcheckok": 1,
        "lastchecktime": "2023-04-08 00:10:03",
        "lastchecktime_iso8601": "2023-04-08T00:10:03Z",
        "lastcheckoktime": "2023-04-08 00:10:03",
        "lastcheckoktime_iso8601": "2023-04-08T00:10:03Z",
        "lastlocalchecktime": "2023-04-07 16:58:36",
        "lastlocalchecktime_iso8601": "2023-04-07T16:58:36Z",
        "clicktimestamp": "2023-04-08 10:09:49",
        "clicktimestamp_iso8601": "2023-04-08T10:09:49Z",
        "clickcount": 45,
        "clicktrend": -2,
        "ssl_error": 0,
        "geo_lat": 5.836420985114968,
        "geo_long": -55.16043081181125,
        "has_extended_info": false
    },
    {
        "changeuuid": "0d764797-2ac7-4d4d-b14e-69d1dc244481",
        "stationuuid": "0e9eb0a8-901d-4941-9f57-3fe86014aba6",
        "serveruuid": "8e13a1eb-0a07-4465-bbbe-441f5c5368e2",
        "name": "Neutralradio",
        "url": "https://fred.torontocast.com:2445/stream",
        "url_resolved": "https://fred.torontocast.com:2445/stream",
        "homepage": "https://neutralradio.wixsite.com/neutralradio/webplayer",
        "favicon": "https://static.wixstatic.com/media/3f2c2c_9da3220bb8354d858962a1ea33d63d4a~mv2.png/v1/fill/w_350,h_350,al_c,q_85,enc_auto/neutral3.png",
        "tags": "",
        "country": "Suriname",
        "countrycode": "SR",
        "iso_3166_2": null,
        "state": "Wanica",
        "language": "",
        "languagecodes": "",
        "votes": 8,
        "lastchangetime": "2023-03-09 05:41:23",
        "lastchangetime_iso8601": "2023-03-09T05:41:23Z",
        "codec": "MP3",
        "bitrate": 320,
        "hls": 0,
        "lastcheckok": 1,
        "lastchecktime": "2023-04-08 06:30:15",
        "lastchecktime_iso8601": "2023-04-08T06:30:15Z",
        "lastcheckoktime": "2023-04-08 06:30:15",
        "lastcheckoktime_iso8601": "2023-04-08T06:30:15Z",
        "lastlocalchecktime": "2023-04-07 18:09:19",
        "lastlocalchecktime_iso8601": "2023-04-07T18:09:19Z",
        "clicktimestamp": "2023-04-07 19:44:27",
        "clicktimestamp_iso8601": "2023-04-07T19:44:27Z",
        "clickcount": 12,
        "clicktrend": 1,
        "ssl_error": 0,
        "geo_lat": 5.688939490018002,
        "geo_long": -55.21556854248048,
        "has_extended_info": false
    }
]