[
    {
        "changeuuid": "945909c8-baf2-4d18-b67c-8116a353db00",
        "stationuuid": "8e38b61a-7fae-4c56-8a8e-fc3ec03d41db",
        "serveruuid": "7065e55d-0108-409d-8230-bad47a3d766a",
        "name": "R\u00e1dio Somos Todos Primos",
        "url": "http://s48.myradiostream.com:8000/listen.mp3",
        "url_resolved": "http://s48.myradiostream.com:8000/listen.mp3",
        "homepage": "http://www.rstp.st/",
        "favicon": "http://rstp.st/wp-content/themes/rdio/images/icons/apple-touch-icon-120.png",
        "tags": "",
        "country": "Sao Tome And Principe",
        "countrycode": "ST",
        "iso_3166_2": null,
        "state": "",
        "language": "kriolu,portuguese",
        "languagecodes": "pt",
        "votes": 181,
        "lastchangetime": "2022-08-31 10:12:31",
        "lastchangetime_iso8601": "2022-08-31T10:12:31Z",
        "codec": "MP3",
        "bitrate": 128,
        "hls": 0,
        "lastcheckok": 1,
        "lastchecktime": "2023-04-07 19:23:41",
        "lastchecktime_iso8601": "2023-04-07T19:23:41Z",
        "lastcheckoktime": "2023-04-07 19:23:41",
        "lastcheckoktime_iso8601": "2023-04-07T19:23:41Z",
        "lastlocalchecktime": "2023-04-07 16:38:14",
        "lastlocalchecktime_iso8601": "2023-04-07T16:38:14Z",
        "clicktimestamp": "2023-04-08 11:58:20",
        "clicktimestamp_iso8601": "2023-04-08T11:58:20Z",
        "clickcount": 15,
        "clicktrend": -1,
        "ssl_error": 0,
        "geo_lat": null,
        "geo_long": null,
        "has_extended_info": false
    },
    {
        "changeuuid": "0ab9226c-cc1f-4e60-ad24-69cc0f25d533",
        "stationuuid": "7a85fc23-0342-4182-bd74-e8937da5b277",
        "serveruuid": "4c5fc813-81d2-4ed3-b516-8da771f17501",
        "name": "R\u00e1dio Fair Play S\u00e3o Tom\u00e9 e Pr\u00edncipe",
        "url": "https://stream.zeno.fm/z6kdmhgwcmktv?utm_source=radio-browser.info",
        "url_resolved": "https://stream-149.zeno.fm/z6kdmhgwcmktv?zs=4TiGkL8bTwG46ZqpyZZqLA&utm_source=radio-browser.info",
        "homepage": "https://zeno.fm/radio/radiofairplaysaotomeeprincipe",
        "favicon": "https://zeno.fm/static/icons/apple-icon-120x120.png",
        "tags": "africa,african radio,ambient,ci\u00eancia,content,conte\u00fado,cplp,cultura,culture,desporto,educacional,entertainment,entretenimento,esporte,football,futebol,ilha de s\u00e3o tom\u00e9,information,informa\u00e7\u00e3o,internacional,international,l\u00edngua portuguesa,music,m\u00fasica,online,pa\u00edses de l\u00edngua portuguesa,portuguese language,portuguese-speaking countries,radio,r\u00e1dio,r\u00e1dio africana,science,soccer,sports,streaming,s\u00e3o tom\u00e9 e pr\u00edncipe,s\u00e3o tom\u00e9 island,utilidade,utility,\u00e1frica,\u00e1gua grande",
        "country": "Sao Tome And Principe",
        "countrycode": "ST",
        "iso_3166_2": null,
        "state": "S\u00e3o Tom\u00e9",
        "language": "portuguese",
        "languagecodes": "pt",
        "votes": 87,
        "lastchangetime": "2023-11-04 21:58:16",
        "lastchangetime_iso8601": "2023-11-04T21:58:16Z",
        "codec": "MP3",
        "bitrate": 0,
        "hls": 0,
        "lastcheckok": 1,
        "lastchecktime": "2023-11-07 11:48:42",
        "lastchecktime_iso8601": "2023-11-07T11:48:42Z",
        "lastcheckoktime": "2023-11-07 11:48:42",
        "lastcheckoktime_iso8601": "2023-11-07T11:48:42Z",
        "lastlocalchecktime": "2023-11-07 11:48:42",
        "lastlocalchecktime_iso8601": "2023-11-07T11:48:42Z",
        "clicktimestamp": "2023-11-07 16:18:00",
        "clicktimestamp_iso8601": "2023-11-07T16:18:00Z",
        "clickcount": 17,
        "clicktrend": -2,
        "ssl_error": 0,
        "geo_lat": 0.37801492156165933,
        "geo_long": 6.709218621253968,
        "has_extended_info": false
    },
    {
        "changeuuid": "a32d31df-302e-490d-8e64-1a7eaa2e73b8",
        "stationuuid": "81681e87-8dc2-4594-9938-90704622103f",
        "serveruuid": "4c5fc813-81d2-4ed3-b516-8da771f17501",
        "name": "R\u00e1dio Fair Play S\u00e3o Tom\u00e9 e Pr\u00edncipe",
        "url": "https://stream.zeno.fm/z6kdmhgwcmktv?utm_source=radio-browser.info",
        "url_resolved": "https://stream-149.zeno.fm/z6kdmhgwcmktv?zs=WCYengd6TPa9DzQgC6DSZg&utm_source=radio-browser.info",
        "homepage": "https://zeno.fm/radio/radiofairplaysaotomeeprincipe",
        "favicon": "https://zeno.fm/static/icons/apple-icon-120x120.png",
        "tags": "",
        "country": "Sao Tome And Principe",
        "countrycode": "ST",
        "iso_3166_2": null,
        "state": "S\u00e3o Tom\u00e9",
        "language": "portuguese",
        "languagecodes": "pt",
        "votes": 13,
        "lastchangetime": "2023-11-04 21:12:31",
        "lastchangetime_iso8601": "2023-11-04T21:12:31Z",
        "codec": "MP3",
        "bitrate": 0,
        "hls": 0,
        "lastcheckok": 1,
        "lastchecktime": "2023-11-07 15:06:18",
        "lastchecktime_iso8601": "2023-11-07T15:06:18Z",
        "lastcheckoktime": "2023-11-07 15:06:18",
        "lastcheckoktime_iso8601": "2023-11-07T15:06:18Z",
        "lastlocalchecktime": "2023-11-07 15:06:18",
        "lastlocalchecktime_iso8601": "2023-11-07T15:06:18Z",
        "clicktimestamp": "2023-11-07 16:02:00",
        "clicktimestamp_iso8601": "2023-11-07T16:02:00Z",
        "clickcount": 9,
        "clicktrend": 0,
        "ssl_error": 0,
        "geo_lat": null,
        "geo_long": null,
        "has_extended_info": false
    }
]