[
    {
        "changeuuid": "fb45c90e-5f81-4a3c-9753-0d64d99932be",
        "stationuuid": "96353f71-0601-11e8-ae97-52543be04c81",
        "serveruuid": "ae41737c-0d15-4871-8cff-eb7d87c38b64",
        "name": "La Mejor FM 98.9",
        "url": "http://158.69.219.162:8024/stream",
        "url_resolved": "http://158.69.219.162:8024/stream",
        "homepage": "http://www.miradio.com.sv/",
        "favicon": "https://miradio.com.sv/wp-content/uploads/2022/06/cropped-favicon-10-180x180.png",
        "tags": "latin pop,salsa,tropical",
        "country": "El Salvador",
        "countrycode": "SV",
        "iso_3166_2": null,
        "state": "San Jose Primero",
        "language": "spanish",
        "languagecodes": "es",
        "votes": 1357,
        "lastchangetime": "2023-03-08 22:11:42",
        "lastchangetime_iso8601": "2023-03-08T22:11:42Z",
        "codec": "AAC+",
        "bitrate": 56,
        "hls": 0,
        "lastcheckok": 1,
        "lastchecktime": "2023-04-08 12:59:45",
        "lastchecktime_iso8601": "2023-04-08T12:59:45Z",
        "lastcheckoktime": "2023-04-08 12:59:45",
        "lastcheckoktime_iso8601": "2023-04-08T12:59:45Z",
        "lastlocalchecktime": "2023-04-08 12:59:45",
        "lastlocalchecktime_iso8601": "2023-04-08T12:59:45Z",
        "clicktimestamp": "2023-04-08 04:06:51",
        "clicktimestamp_iso8601": "2023-04-08T04:06:51Z",
        "clickcount": 42,
        "clicktrend": 3,
        "ssl_error": 0,
        "geo_lat": null,
        "geo_long": null,
        "has_extended_info": false
    },
    {
        "changeuuid": "42b9f248-e441-4841-b0a9-109ae1a3b60c",
        "stationuuid": "963543e3-0601-11e8-ae97-52543be04c81",
        "serveruuid": "6a53edb7-7552-41d4-ba82-2e3ee7826577",
        "name": "FM Globo 93.3",
        "url": "http://158.69.219.162:8026/stream",
        "url_resolved": "http://158.69.219.162:8026/stream",
        "homepage": "http://www.miradio.com.sv/",
        "favicon": "https://miradio.com.sv/wp-content/uploads/2022/06/cropped-favicon-10-180x180.png",
        "tags": "latin pop",
        "country": "El Salvador",
        "countrycode": "SV",
        "iso_3166_2": null,
        "state": "San Salvador",
        "language": "spanish",
        "languagecodes": "es",
        "votes": 1352,
        "lastchangetime": "2022-10-29 07:34:33",
        "lastchangetime_iso8601": "2022-10-29T07:34:33Z",
        "codec": "AAC+",
        "bitrate": 64,
        "hls": 0,
        "lastcheckok": 1,
        "lastchecktime": "2023-04-08 12:06:33",
        "lastchecktime_iso8601": "2023-04-08T12:06:33Z",
        "lastcheckoktime": "2023-04-08 12:06:33",
        "lastcheckoktime_iso8601": "2023-04-08T12:06:33Z",
        "lastlocalchecktime": "2023-04-08 09:10:32",
        "lastlocalchecktime_iso8601": "2023-04-08T09:10:32Z",
        "clicktimestamp": "2023-04-08 04:49:38",
        "clicktimestamp_iso8601": "2023-04-08T04:49:38Z",
        "clickcount": 50,
        "clicktrend": 2,
        "ssl_error": 0,
        "geo_lat": null,
        "geo_long": null,
        "has_extended_info": false
    },
    {
        "changeuuid": "5e9a4440-33c9-4d7f-a531-68904af58bac",
        "stationuuid": "9635458f-0601-11e8-ae97-52543be04c81",
        "serveruuid": "e91bedc6-a118-466b-9ffa-7405064dde62",
        "name": "YXY 105.7",
        "url": "http://158.69.200.1:8020/stream",
        "url_resolved": "http://158.69.200.1:8020/stream",
        "homepage": "http://www.miradio.com.sv/",
        "favicon": "https://miradio.com.sv/wp-content/uploads/2022/06/cropped-favicon-10-180x180.png",
        "tags": "bachata,latin pop,merengue,reggaeton,salsa",
        "country": "El Salvador",
        "countrycode": "SV",
        "iso_3166_2": null,
        "state": "San Salvador",
        "language": "spanish",
        "languagecodes": "es",
        "votes": 1123,
        "lastchangetime": "2022-10-29 11:33:37",
        "lastchangetime_iso8601": "2022-10-29T11:33:37Z",
        "codec": "AAC+",
        "bitrate": 64,
        "hls": 0,
        "lastcheckok": 1,
        "lastchecktime": "2023-04-08 10:45:53",
        "lastchecktime_iso8601": "2023-04-08T10:45:53Z",
        "lastcheckoktime": "2023-04-08 10:45:53",
        "lastcheckoktime_iso8601": "2023-04-08T10:45:53Z",
        "lastlocalchecktime": "2023-04-07 18:34:00",
        "lastlocalchecktime_iso8601": "2023-04-07T18:34:00Z",
        "clicktimestamp": "2023-04-08 10:22:22",
        "clicktimestamp_iso8601": "2023-04-08T10:22:22Z",
        "clickcount": 82,
        "clicktrend": 1,
        "ssl_error": 0,
        "geo_lat": null,
        "geo_long": null,
        "has_extended_info": false
    },
    {
        "changeuuid": "3feeec82-4de2-44cc-afdd-644a1e8330fd",
        "stationuuid": "9635484e-0601-11e8-ae97-52543be04c81",
        "serveruuid": "4199a798-c5e4-4944-835b-0d2d78bf7de5",
        "name": "Scan 96.1",
        "url": "http://158.69.200.1:8022/stream",
        "url_resolved": "http://158.69.200.1:8022/stream",
        "homepage": "http://www.miradio.com.sv/",
        "favicon": "https://miradio.com.sv/wp-content/uploads/2022/06/cropped-favicon-10-180x180.png",
        "tags": "spanish pop",
        "country": "El Salvador",
        "countrycode": "SV",
        "iso_3166_2": null,
        "state": "San Salvador",
        "language": "spanish",
        "languagecodes": "es",
        "votes": 910,
        "lastchangetime": "2023-03-01 03:22:12",
        "lastchangetime_iso8601": "2023-03-01T03:22:12Z",
        "codec": "AAC+",
        "bitrate": 64,
        "hls": 0,
        "lastcheckok": 1,
        "lastchecktime": "2023-04-08 12:21:10",
        "lastchecktime_iso8601": "2023-04-08T12:21:10Z",
        "lastcheckoktime": "2023-04-08 12:21:10",
        "lastcheckoktime_iso8601": "2023-04-08T12:21:10Z",
        "lastlocalchecktime": "2023-04-08 07:54:02",
        "lastlocalchecktime_iso8601": "2023-04-08T07:54:02Z",
        "clicktimestamp": "2023-04-08 08:20:44",
        "clicktimestamp_iso8601": "2023-04-08T08:20:44Z",
        "clickcount": 72,
        "clicktrend": -8,
        "ssl_error": 0,
        "geo_lat": null,
        "geo_long": null,
        "has_extended_info": false
    },
    {
        "changeuuid": "4965e099-95ac-44b1-bf4f-7e294372cf4d",
        "stationuuid": "963501d6-0601-11e8-ae97-52543be04c81",
        "serveruuid": "4b8d3832-4b4f-4fe3-b4b2-6477d3a97762",
        "name": "Exa FM 91.3 El Salvador",
        "url": "http://158.69.219.162:8028/stream",
        "url_resolved": "http://158.69.219.162:8028/stream",
        "homepage": "http://www.miradio.com.sv/",
        "favicon": "https://miradio.com.sv/wp-content/uploads/2022/06/cropped-favicon-10-180x180.png",
        "tags": "pop,top 40",
        "country": "El Salvador",
        "countrycode": "SV",
        "iso_3166_2": null,
        "state": "San Salvador",
        "language": "spanish",
        "languagecodes": "es",
        "votes": 886,
        "lastchangetime": "2023-03-01 03:27:32",
        "lastchangetime_iso8601": "2023-03-01T03:27:32Z",
        "codec": "AAC+",
        "bitrate": 56,
        "hls": 0,
        "lastcheckok": 1,
        "lastchecktime": "2023-04-08 11:49:33",
        "lastchecktime_iso8601": "2023-04-08T11:49:33Z",
        "lastcheckoktime": "2023-04-08 11:49:33",
        "lastcheckoktime_iso8601": "2023-04-08T11:49:33Z",
        "lastlocalchecktime": "2023-04-08 11:49:33",
        "lastlocalchecktime_iso8601": "2023-04-08T11:49:33Z",
        "clicktimestamp": "2023-04-08 03:30:21",
        "clicktimestamp_iso8601": "2023-04-08T03:30:21Z",
        "clickcount": 22,
        "clicktrend": 2,
        "ssl_error": 0,
        "geo_lat": null,
        "geo_long": null,
        "has_extended_info": false
    },
    {
        "changeuuid": "3910b5bf-7991-4ae3-a5dc-7bd413e137f4",
        "stationuuid": "7389dc8b-0992-4a72-a05a-6aa7534dd65e",
        "serveruuid": "258357f0-d471-49ab-91dc-0a923f526b60",
        "name": "Radio  Cadena YSKL La Poderosa",
        "url": "http://media.dominiocreativo.com:8000/radioyskl",
        "url_resolved": "http://media.dominiocreativo.com:8000/radioyskl",
        "homepage": "https://radioyskl.com/",
        "favicon": "https://radioyskl.com/wp-content/uploads/2019/04/cropped-yskl-180x180.png",
        "tags": "",
        "country": "El Salvador",
        "countrycode": "SV",
        "iso_3166_2": null,
        "state": "",
        "language": "spanish",
        "languagecodes": "es",
        "votes": 877,
        "lastchangetime": "2023-03-07 23:26:47",
        "lastchangetime_iso8601": "2023-03-07T23:26:47Z",
        "codec": "MP3",
        "bitrate": 32,
        "hls": 0,
        "lastcheckok": 1,
        "lastchecktime": "2023-04-08 09:44:36",
        "lastchecktime_iso8601": "2023-04-08T09:44:36Z",
        "lastcheckoktime": "2023-04-08 09:44:36",
        "lastcheckoktime_iso8601": "2023-04-08T09:44:36Z",
        "lastlocalchecktime": "2023-04-08 08:44:14",
        "lastlocalchecktime_iso8601": "2023-04-08T08:44:14Z",
        "clicktimestamp": "2023-04-08 04:03:10",
        "clicktimestamp_iso8601": "2023-04-08T04:03:10Z",
        "clickcount": 107,
        "clicktrend": -3,
        "ssl_error": 0,
        "geo_lat": null,
        "geo_long": null,
        "has_extended_info": false
    },
    {
        "changeuuid": "db426917-0493-4313-96fc-c91dcd99fd9d",
        "stationuuid": "96354704-0601-11e8-ae97-52543be04c81",
        "serveruuid": "21de6332-9a31-49cd-85f5-2be9ca96de2e",
        "name": "92.5 Club",
        "url": "http://158.69.200.1:8030/stream",
        "url_resolved": "http://158.69.200.1:8030/stream",
        "homepage": "http://www.miradio.com.sv/",
        "favicon": "https://miradio.com.sv/wp-content/uploads/2022/06/cropped-favicon-10-180x180.png",
        "tags": "adult contemporary",
        "country": "El Salvador",
        "countrycode": "SV",
        "iso_3166_2": null,
        "state": "San Salvador",
        "language": "spanish",
        "languagecodes": "es",
        "votes": 765,
        "lastchangetime": "2023-03-08 19:35:24",
        "lastchangetime_iso8601": "2023-03-08T19:35:24Z",
        "codec": "AAC+",
        "bitrate": 64,
        "hls": 0,
        "lastcheckok": 1,
        "lastchecktime": "2023-04-08 09:50:47",
        "lastchecktime_iso8601": "2023-04-08T09:50:47Z",
        "lastcheckoktime": "2023-04-08 09:50:47",
        "lastcheckoktime_iso8601": "2023-04-08T09:50:47Z",
        "lastlocalchecktime": "2023-04-07 18:58:46",
        "lastlocalchecktime_iso8601": "2023-04-07T18:58:46Z",
        "clicktimestamp": "2023-04-07 05:45:11",
        "clicktimestamp_iso8601": "2023-04-07T05:45:11Z",
        "clickcount": 24,
        "clicktrend": -2,
        "ssl_error": 0,
        "geo_lat": null,
        "geo_long": null,
        "has_extended_info": false
    },
    {
        "changeuuid": "b5acec7b-4846-4883-82ec-7251e4bc392f",
        "stationuuid": "d1894a1b-9c14-41ee-a5a6-a0815d3bc590",
        "serveruuid": "7e72196b-7718-496d-841f-91b9966a2d6d",
        "name": "La Jefa Radio El Salvador",
        "url": "http://stream.zeno.fm/b264csn0sy8uv",
        "url_resolved": "http://stream-014.zeno.fm/b264csn0sy8uv?zs=1CpTkZuWRXqnTXDiM_12gQ",
        "homepage": "https://lajefaradio.blogspot.com/?m=0",
        "favicon": "",
        "tags": "banda,grupero,romantica,variado",
        "country": "El Salvador",
        "countrycode": "SV",
        "iso_3166_2": null,
        "state": "Ahuachap\u00e1n",
        "language": "latin,spanish",
        "languagecodes": "la,es",
        "votes": 697,
        "lastchangetime": "2022-03-28 14:03:27",
        "lastchangetime_iso8601": "2022-03-28T14:03:27Z",
        "codec": "MP3",
        "bitrate": 0,
        "hls": 0,
        "lastcheckok": 1,
        "lastchecktime": "2023-04-08 11:53:13",
        "lastchecktime_iso8601": "2023-04-08T11:53:13Z",
        "lastcheckoktime": "2023-04-08 11:53:13",
        "lastcheckoktime_iso8601": "2023-04-08T11:53:13Z",
        "lastlocalchecktime": "2023-04-08 11:53:13",
        "lastlocalchecktime_iso8601": "2023-04-08T11:53:13Z",
        "clicktimestamp": "2023-04-08 08:13:46",
        "clicktimestamp_iso8601": "2023-04-08T08:13:46Z",
        "clickcount": 39,
        "clicktrend": -2,
        "ssl_error": 0,
        "geo_lat": null,
        "geo_long": null,
        "has_extended_info": false
    },
    {
        "changeuuid": "af9b9ca9-ff21-4b2e-941b-237e751d76e2",
        "stationuuid": "90c85898-cabf-4039-a0f3-cae3d1ec919d",
        "serveruuid": "4b8d3832-4b4f-4fe3-b4b2-6477d3a97762",
        "name": "Exa FM El Salvador",
        "url": "http://158.69.219.162:8028/",
        "url_resolved": "http://158.69.219.162:8028/",
        "homepage": "http://www.exaelsalvador.com/",
        "favicon": "http://exaelsalvador.com/wp-content/uploads/2020/01/cropped-favicon-01-1-180x180.png",
        "tags": "91.3,91.3 fm,el salvador,entretenimiento,estaci\u00f3n,exa,exa fm,fm,juvenil,la estaci\u00f3n exacta,la estaci\u00f3n naranja,latin music,latin pop,musica,musica latina,musica latinoamericana,mvs,mvs radio,m\u00fasica,m\u00fasica en espa\u00f1ol,m\u00fasica pop,m\u00fasica urbana,ponte exa,pop,pop dance,pop music,pop rock,radio,san salvador",
        "country": "El Salvador",
        "countrycode": "SV",
        "iso_3166_2": null,
        "state": "",
        "language": "spanish",
        "languagecodes": "es",
        "votes": 603,
        "lastchangetime": "2022-08-31 03:28:14",
        "lastchangetime_iso8601": "2022-08-31T03:28:14Z",
        "codec": "AAC+",
        "bitrate": 56,
        "hls": 0,
        "lastcheckok": 1,
        "lastchecktime": "2023-04-08 12:56:16",
        "lastchecktime_iso8601": "2023-04-08T12:56:16Z",
        "lastcheckoktime": "2023-04-08 12:56:16",
        "lastcheckoktime_iso8601": "2023-04-08T12:56:16Z",
        "lastlocalchecktime": "2023-04-08 12:56:16",
        "lastlocalchecktime_iso8601": "2023-04-08T12:56:16Z",
        "clicktimestamp": "2023-04-08 02:23:51",
        "clicktimestamp_iso8601": "2023-04-08T02:23:51Z",
        "clickcount": 58,
        "clicktrend": -6,
        "ssl_error": 0,
        "geo_lat": 13.699111631482896,
        "geo_long": -89.19134616851808,
        "has_extended_info": false
    },
    {
        "changeuuid": "f3fd1ea0-c091-4b58-9431-10d3ff394f4a",
        "stationuuid": "962e8454-0601-11e8-ae97-52543be04c81",
        "serveruuid": "ef8e5b6a-a7e6-4eb5-bb17-057e2b616378",
        "name": "Radio Mar\u00eda El Salvador 107.3 FM",
        "url": "http://dreamsiteradiocp.com:8098/stream",
        "url_resolved": "http://dreamsiteradiocp.com:8098/stream",
        "homepage": "http://www.radiomaria.org.sv/",
        "favicon": "http://www.radiomaria.org.sv/favicon.ico",
        "tags": "catholic,christian,talk",
        "country": "El Salvador",
        "countrycode": "SV",
        "iso_3166_2": null,
        "state": "San Salvador",
        "language": "spanish",
        "languagecodes": "es",
        "votes": 587,
        "lastchangetime": "2023-01-31 18:04:44",
        "lastchangetime_iso8601": "2023-01-31T18:04:44Z",
        "codec": "AAC+",
        "bitrate": 32,
        "hls": 0,
        "lastcheckok": 1,
        "lastchecktime": "2023-04-07 20:43:51",
        "lastchecktime_iso8601": "2023-04-07T20:43:51Z",
        "lastcheckoktime": "2023-04-07 20:43:51",
        "lastcheckoktime_iso8601": "2023-04-07T20:43:51Z",
        "lastlocalchecktime": "2023-04-07 17:21:11",
        "lastlocalchecktime_iso8601": "2023-04-07T17:21:11Z",
        "clicktimestamp": "2023-04-08 09:10:44",
        "clicktimestamp_iso8601": "2023-04-08T09:10:44Z",
        "clickcount": 24,
        "clicktrend": 2,
        "ssl_error": 0,
        "geo_lat": null,
        "geo_long": null,
        "has_extended_info": false
    },
    {
        "changeuuid": "df8be94b-be56-4dbd-9bcb-101ca7ec9f5b",
        "stationuuid": "9a2b2498-c09b-4b8e-b058-6bc02f8251ee",
        "serveruuid": "8543941d-ae9e-465c-a660-c1f32bc25c85",
        "name": "Radio L\u00e1ser Ingl\u00e9s",
        "url": "https://sp4.colombiatelecom.com.co/8032/stream",
        "url_resolved": "https://sp4.colombiatelecom.com.co/8032/stream",
        "homepage": "https://www.laser.com.sv/",
        "favicon": "https://www.laser.com.sv/wp-content/uploads/2020/09/cropped-favicon-180x180.png",
        "tags": "",
        "country": "El Salvador",
        "countrycode": "SV",
        "iso_3166_2": null,
        "state": "",
        "language": "",
        "languagecodes": "",
        "votes": 445,
        "lastchangetime": "2023-01-28 15:33:15",
        "lastchangetime_iso8601": "2023-01-28T15:33:15Z",
        "codec": "AAC",
        "bitrate": 160,
        "hls": 0,
        "lastcheckok": 1,
        "lastchecktime": "2023-04-08 06:04:45",
        "lastchecktime_iso8601": "2023-04-08T06:04:45Z",
        "lastcheckoktime": "2023-04-08 06:04:45",
        "lastcheckoktime_iso8601": "2023-04-08T06:04:45Z",
        "lastlocalchecktime": "2023-04-07 17:30:34",
        "lastlocalchecktime_iso8601": "2023-04-07T17:30:34Z",
        "clicktimestamp": "2023-04-08 04:06:55",
        "clicktimestamp_iso8601": "2023-04-08T04:06:55Z",
        "clickcount": 35,
        "clicktrend": -2,
        "ssl_error": 0,
        "geo_lat": 13.712169960507389,
        "geo_long": -89.18426513671876,
        "has_extended_info": false
    },
    {
        "changeuuid": "aacc340a-84d5-4e14-b584-dcd9748f432f",
        "stationuuid": "88daba87-ba09-4ccd-a787-b799caeaa381",
        "serveruuid": "9bd6627a-609e-4fae-870d-cf7bd120f5bc",
        "name": "100.7 Stereo",
        "url": "https://stream20.usastreams.com/8138/stream",
        "url_resolved": "https://stream20.usastreams.com/8138/stream",
        "homepage": "https://rocknpopsv.com/",
        "favicon": "",
        "tags": "",
        "country": "El Salvador",
        "countrycode": "SV",
        "iso_3166_2": null,
        "state": "",
        "language": "",
        "languagecodes": "",
        "votes": 359,
        "lastchangetime": "2022-01-30 02:09:24",
        "lastchangetime_iso8601": "2022-01-30T02:09:24Z",
        "codec": "MP3",
        "bitrate": 128,
        "hls": 0,
        "lastcheckok": 1,
        "lastchecktime": "2023-04-08 07:15:41",
        "lastchecktime_iso8601": "2023-04-08T07:15:41Z",
        "lastcheckoktime": "2023-04-08 07:15:41",
        "lastcheckoktime_iso8601": "2023-04-08T07:15:41Z",
        "lastlocalchecktime": "2023-04-07 18:18:19",
        "lastlocalchecktime_iso8601": "2023-04-07T18:18:19Z",
        "clicktimestamp": "2023-04-08 03:06:48",
        "clicktimestamp_iso8601": "2023-04-08T03:06:48Z",
        "clickcount": 44,
        "clicktrend": 0,
        "ssl_error": 0,
        "geo_lat": null,
        "geo_long": null,
        "has_extended_info": false
    },
    {
        "changeuuid": "1fd80a3d-97b1-44ea-bd26-2dd1d0bbdaf5",
        "stationuuid": "b232418e-07b6-4755-a07e-0cf1093e0915",
        "serveruuid": "a5f36735-fa4d-4c71-a917-f4245cd10046",
        "name": "Radio Salem 92.5",
        "url": "http://streamingcontrol.com:8500/;",
        "url_resolved": "http://streamingcontrol.com:8500/;",
        "homepage": "http://radiosalem.org/",
        "favicon": "",
        "tags": "christian,educational,talk",
        "country": "El Salvador",
        "countrycode": "SV",
        "iso_3166_2": null,
        "state": "",
        "language": "",
        "languagecodes": "",
        "votes": 316,
        "lastchangetime": "2021-11-09 22:49:55",
        "lastchangetime_iso8601": "2021-11-09T22:49:55Z",
        "codec": "MP3",
        "bitrate": 80,
        "hls": 0,
        "lastcheckok": 1,
        "lastchecktime": "2023-04-08 09:13:55",
        "lastchecktime_iso8601": "2023-04-08T09:13:55Z",
        "lastcheckoktime": "2023-04-08 09:13:55",
        "lastcheckoktime_iso8601": "2023-04-08T09:13:55Z",
        "lastlocalchecktime": "2023-04-08 09:13:55",
        "lastlocalchecktime_iso8601": "2023-04-08T09:13:55Z",
        "clicktimestamp": "2023-04-07 17:11:22",
        "clicktimestamp_iso8601": "2023-04-07T17:11:22Z",
        "clickcount": 19,
        "clicktrend": 5,
        "ssl_error": 0,
        "geo_lat": null,
        "geo_long": null,
        "has_extended_info": false
    },
    {
        "changeuuid": "dcee4453-1a54-4abe-9995-1e088aed9be6",
        "stationuuid": "cc1c255a-ef2c-4888-a65f-226ea6905c84",
        "serveruuid": "2606a022-94dc-416b-bf96-57b53a71b476",
        "name": "Radio Evang\u00e9lica Mekaddesh 90.9 FM",
        "url": "https://tv.radiohosting.online:9922/stream",
        "url_resolved": "https://tv.radiohosting.online:9922/stream",
        "homepage": "https://tv.radiohosting.online:2020/public/9922",
        "favicon": "",
        "tags": "",
        "country": "El Salvador",
        "countrycode": "SV",
        "iso_3166_2": null,
        "state": "San Miguel",
        "language": "",
        "languagecodes": "",
        "votes": 213,
        "lastchangetime": "2022-07-19 01:07:52",
        "lastchangetime_iso8601": "2022-07-19T01:07:52Z",
        "codec": "MP3",
        "bitrate": 96,
        "hls": 0,
        "lastcheckok": 1,
        "lastchecktime": "2023-04-08 12:21:10",
        "lastchecktime_iso8601": "2023-04-08T12:21:10Z",
        "lastcheckoktime": "2023-04-08 12:21:10",
        "lastcheckoktime_iso8601": "2023-04-08T12:21:10Z",
        "lastlocalchecktime": "2023-04-07 14:39:24",
        "lastlocalchecktime_iso8601": "2023-04-07T14:39:24Z",
        "clicktimestamp": "2023-04-08 04:40:02",
        "clicktimestamp_iso8601": "2023-04-08T04:40:02Z",
        "clickcount": 19,
        "clicktrend": 1,
        "ssl_error": 0,
        "geo_lat": 13.473457448072264,
        "geo_long": -88.17695617675781,
        "has_extended_info": false
    },
    {
        "changeuuid": "ef518863-7275-430f-9b00-b3793c4ddfe3",
        "stationuuid": "431a92de-f9b0-4b77-b8f9-0d56d0b94ebb",
        "serveruuid": "9cc78fa5-9cc7-43d2-aa29-d0093e947c7d",
        "name": "Radio Vida El Salvador",
        "url": "http://129.146.44.177:8060/radio.mp3",
        "url_resolved": "http://129.146.44.177:8060/radio.mp3",
        "homepage": "https://www.radiovidasv.com/",
        "favicon": "https://radiovidasv.com/wp-content/uploads/logo-1280x350px.png",
        "tags": "el salvador,radio en vivo el salvador,radio online el salvador,radio online salvadore\u00f1a,radio salvadore\u00f1a,radio vida,radio vida el salvador",
        "country": "El Salvador",
        "countrycode": "SV",
        "iso_3166_2": null,
        "state": "San Salvador",
        "language": "spanish",
        "languagecodes": "es",
        "votes": 207,
        "lastchangetime": "2022-07-30 03:23:24",
        "lastchangetime_iso8601": "2022-07-30T03:23:24Z",
        "codec": "MP3",
        "bitrate": 128,
        "hls": 0,
        "lastcheckok": 1,
        "lastchecktime": "2023-04-08 09:51:57",
        "lastchecktime_iso8601": "2023-04-08T09:51:57Z",
        "lastcheckoktime": "2023-04-08 09:51:57",
        "lastcheckoktime_iso8601": "2023-04-08T09:51:57Z",
        "lastlocalchecktime": "2023-04-08 09:51:57",
        "lastlocalchecktime_iso8601": "2023-04-08T09:51:57Z",
        "clicktimestamp": "2023-04-08 10:21:59",
        "clicktimestamp_iso8601": "2023-04-08T10:21:59Z",
        "clickcount": 26,
        "clicktrend": 5,
        "ssl_error": 0,
        "geo_lat": null,
        "geo_long": null,
        "has_extended_info": false
    },
    {
        "changeuuid": "1e172277-1c1e-446c-852f-bcd7b4b2687b",
        "stationuuid": "610b5ba9-d4c6-453a-befc-177d974c1b92",
        "serveruuid": "70118b4c-0aec-4d95-b694-a499183c7089",
        "name": "Solo Hits Radio El Salvador",
        "url": "http://129.146.44.177:8020/radio.mp3",
        "url_resolved": "http://129.146.44.177:8020/radio.mp3",
        "homepage": "https://www.solohitsradio.com/",
        "favicon": "https://solohitsradio.com/wp-content/uploads/Logo-Hits-Radio.png",
        "tags": "radio salvadore\u00f1a,voz de canal 2,wilfredo argueta",
        "country": "El Salvador",
        "countrycode": "SV",
        "iso_3166_2": null,
        "state": "San Salvador",
        "language": "spanish",
        "languagecodes": "es",
        "votes": 202,
        "lastchangetime": "2022-07-30 03:52:42",
        "lastchangetime_iso8601": "2022-07-30T03:52:42Z",
        "codec": "MP3",
        "bitrate": 128,
        "hls": 0,
        "lastcheckok": 1,
        "lastchecktime": "2023-04-07 18:55:55",
        "lastchecktime_iso8601": "2023-04-07T18:55:55Z",
        "lastcheckoktime": "2023-04-07 18:55:55",
        "lastcheckoktime_iso8601": "2023-04-07T18:55:55Z",
        "lastlocalchecktime": "2023-04-07 16:51:47",
        "lastlocalchecktime_iso8601": "2023-04-07T16:51:47Z",
        "clicktimestamp": "2023-04-08 10:49:58",
        "clicktimestamp_iso8601": "2023-04-08T10:49:58Z",
        "clickcount": 56,
        "clicktrend": -3,
        "ssl_error": 0,
        "geo_lat": null,
        "geo_long": null,
        "has_extended_info": false
    },
    {
        "changeuuid": "1e593900-7935-46e3-9063-3a1892b100b3",
        "stationuuid": "90bb3e88-c954-4a6d-a5fa-781643e4adfb",
        "serveruuid": "8543941d-ae9e-465c-a660-c1f32bc25c85",
        "name": "Femenina",
        "url": "https://sp4.colombiatelecom.com.co/8028/stream",
        "url_resolved": "https://sp4.colombiatelecom.com.co/8028/stream",
        "homepage": "https://femenina.com.sv/",
        "favicon": "https://cdn-profiles.tunein.com/s13206/images/logog.png?t=161313",
        "tags": "",
        "country": "El Salvador",
        "countrycode": "SV",
        "iso_3166_2": null,
        "state": "",
        "language": "",
        "languagecodes": "",
        "votes": 184,
        "lastchangetime": "2022-02-26 02:46:43",
        "lastchangetime_iso8601": "2022-02-26T02:46:43Z",
        "codec": "AAC",
        "bitrate": 160,
        "hls": 0,
        "lastcheckok": 1,
        "lastchecktime": "2023-04-08 05:59:37",
        "lastchecktime_iso8601": "2023-04-08T05:59:37Z",
        "lastcheckoktime": "2023-04-08 05:59:37",
        "lastcheckoktime_iso8601": "2023-04-08T05:59:37Z",
        "lastlocalchecktime": "2023-04-07 20:50:43",
        "lastlocalchecktime_iso8601": "2023-04-07T20:50:43Z",
        "clicktimestamp": "2023-04-08 02:21:23",
        "clicktimestamp_iso8601": "2023-04-08T02:21:23Z",
        "clickcount": 30,
        "clicktrend": 1,
        "ssl_error": 0,
        "geo_lat": 13.755125691464809,
        "geo_long": -89.17465209960938,
        "has_extended_info": false
    },
    {
        "changeuuid": "e2004d52-d5cd-4ddd-a106-352a95b79059",
        "stationuuid": "f3121500-3a1a-443f-a4ec-316fec100ccd",
        "serveruuid": "2e23b8a7-b06a-4ce8-a217-e1e3e20c3e9c",
        "name": "RadioActivo El Salvador",
        "url": "http://129.146.44.177:8000/radio.mp3",
        "url_resolved": "http://129.146.44.177:8000/radio.mp3",
        "homepage": "https://www.radioactivo.ml/",
        "favicon": "https://i0.wp.com/radioactivo.ml/wp-content/uploads/logo.png?fit=192%2c192&#038;ssl=1",
        "tags": "el salvador,grupo aguilar soluciones,radioactivo,radios de el salvador,radios salvadore\u00f1as",
        "country": "El Salvador",
        "countrycode": "SV",
        "iso_3166_2": null,
        "state": "San Salvador",
        "language": "",
        "languagecodes": "",
        "votes": 175,
        "lastchangetime": "2022-09-03 06:09:31",
        "lastchangetime_iso8601": "2022-09-03T06:09:31Z",
        "codec": "MP3",
        "bitrate": 128,
        "hls": 0,
        "lastcheckok": 1,
        "lastchecktime": "2023-04-08 08:41:45",
        "lastchecktime_iso8601": "2023-04-08T08:41:45Z",
        "lastcheckoktime": "2023-04-08 08:41:45",
        "lastcheckoktime_iso8601": "2023-04-08T08:41:45Z",
        "lastlocalchecktime": "2023-04-08 08:41:45",
        "lastlocalchecktime_iso8601": "2023-04-08T08:41:45Z",
        "clicktimestamp": "2023-04-08 10:49:58",
        "clicktimestamp_iso8601": "2023-04-08T10:49:58Z",
        "clickcount": 29,
        "clicktrend": 2,
        "ssl_error": 0,
        "geo_lat": null,
        "geo_long": null,
        "has_extended_info": false
    },
    {
        "changeuuid": "04552c6b-0cad-4145-8735-27e4a194737d",
        "stationuuid": "75e4389e-6c32-4d3a-bc76-a61e9ce1b0d8",
        "serveruuid": "62a88a05-3921-4a7e-a208-6d4d162b2d3e",
        "name": "Super Stereo El Salvador",
        "url": "http://129.146.44.177:8050/radio.mp3",
        "url_resolved": "http://129.146.44.177:8050/radio.mp3",
        "homepage": "https://www.superstereosv.com/",
        "favicon": "https://superstereosv.com/wp-content/uploads/2020/09/logo-300x100px.png",
        "tags": "el salvador,la estacion que pone de moda el espa\u00f1ol,radio de rock,radios de el salvador,radios salvadore\u00f1as,rock en espa\u00f1ol,super stereo",
        "country": "El Salvador",
        "countrycode": "SV",
        "iso_3166_2": null,
        "state": "San Salvador",
        "language": "",
        "languagecodes": "",
        "votes": 168,
        "lastchangetime": "2022-07-30 03:46:42",
        "lastchangetime_iso8601": "2022-07-30T03:46:42Z",
        "codec": "MP3",
        "bitrate": 128,
        "hls": 0,
        "lastcheckok": 1,
        "lastchecktime": "2023-04-07 18:50:24",
        "lastchecktime_iso8601": "2023-04-07T18:50:24Z",
        "lastcheckoktime": "2023-04-07 18:50:24",
        "lastcheckoktime_iso8601": "2023-04-07T18:50:24Z",
        "lastlocalchecktime": "2023-04-07 16:35:00",
        "lastlocalchecktime_iso8601": "2023-04-07T16:35:00Z",
        "clicktimestamp": "2023-04-08 10:41:59",
        "clicktimestamp_iso8601": "2023-04-08T10:41:59Z",
        "clickcount": 25,
        "clicktrend": 1,
        "ssl_error": 0,
        "geo_lat": null,
        "geo_long": null,
        "has_extended_info": false
    },
    {
        "changeuuid": "111e084d-7e37-4acb-9a78-3645e7081e0f",
        "stationuuid": "b9e98ccb-2fdf-4465-94b4-0026269f7ade",
        "serveruuid": "f16dfe9e-e817-4057-86a0-eaea7af201b3",
        "name": "Imagen Radio El Salvador",
        "url": "http://129.146.44.177:8040/radio.mp3",
        "url_resolved": "http://129.146.44.177:8040/radio.mp3",
        "homepage": "https://www.imagen-radio.com/",
        "favicon": "https://i0.wp.com/imagen-radio.com/wp-content/uploads/cropped-logo-imagen-radio-gold-1080x1080px.png?fit=192%2c192&#038;ssl=1",
        "tags": "el salvador,en vivo,grupo aguilar soluciones,imagen radio,jose luis morales,radio online,radio salvadore\u00f1a online,radios de el salvador,radios salvadore\u00f1as,voz de canal 6",
        "country": "El Salvador",
        "countrycode": "SV",
        "iso_3166_2": null,
        "state": "San Salvador",
        "language": "spanish",
        "languagecodes": "es",
        "votes": 163,
        "lastchangetime": "2022-12-29 18:09:22",
        "lastchangetime_iso8601": "2022-12-29T18:09:22Z",
        "codec": "MP3",
        "bitrate": 128,
        "hls": 0,
        "lastcheckok": 1,
        "lastchecktime": "2023-04-07 16:28:54",
        "lastchecktime_iso8601": "2023-04-07T16:28:54Z",
        "lastcheckoktime": "2023-04-07 16:28:54",
        "lastcheckoktime_iso8601": "2023-04-07T16:28:54Z",
        "lastlocalchecktime": "2023-04-07 16:13:34",
        "lastlocalchecktime_iso8601": "2023-04-07T16:13:34Z",
        "clicktimestamp": "2023-04-08 10:11:58",
        "clicktimestamp_iso8601": "2023-04-08T10:11:58Z",
        "clickcount": 31,
        "clicktrend": 0,
        "ssl_error": 0,
        "geo_lat": 13.73502454606828,
        "geo_long": -89.20127141449487,
        "has_extended_info": false
    },
    {
        "changeuuid": "7f6a512b-b79f-4c4a-bb8e-43f647098fbc",
        "stationuuid": "eff5b27e-4889-4f24-ae7e-531ff7f6d2e0",
        "serveruuid": "d2ec3620-d8d2-4a73-a8a0-fac292d01e27",
        "name": "Radio Zoom El Salvador",
        "url": "http://129.146.44.177:8090/radio.mp3",
        "url_resolved": "http://129.146.44.177:8090/radio.mp3",
        "homepage": "https://radiozoomsv.net/",
        "favicon": "https://i0.wp.com/radiozoomsv.net/wp-content/uploads/favicon.png?fit=192%2c192&#038;ssl=1",
        "tags": "",
        "country": "El Salvador",
        "countrycode": "SV",
        "iso_3166_2": null,
        "state": "San Salvador",
        "language": "",
        "languagecodes": "",
        "votes": 151,
        "lastchangetime": "2022-09-29 08:18:01",
        "lastchangetime_iso8601": "2022-09-29T08:18:01Z",
        "codec": "MP3",
        "bitrate": 128,
        "hls": 0,
        "lastcheckok": 1,
        "lastchecktime": "2023-04-07 18:50:24",
        "lastchecktime_iso8601": "2023-04-07T18:50:24Z",
        "lastcheckoktime": "2023-04-07 18:50:24",
        "lastcheckoktime_iso8601": "2023-04-07T18:50:24Z",
        "lastlocalchecktime": "2023-04-07 15:39:39",
        "lastlocalchecktime_iso8601": "2023-04-07T15:39:39Z",
        "clicktimestamp": "2023-04-08 10:42:59",
        "clicktimestamp_iso8601": "2023-04-08T10:42:59Z",
        "clickcount": 26,
        "clicktrend": 5,
        "ssl_error": 0,
        "geo_lat": null,
        "geo_long": null,
        "has_extended_info": false
    },
    {
        "changeuuid": "9b366cf9-27f4-4781-93c6-b18daa4f8fe2",
        "stationuuid": "9436e834-8bef-4a2b-b3db-5bedece2a994",
        "serveruuid": "c89ed6d1-b53b-44d7-b9f9-b4ddbb0c68dc",
        "name": "Radio Verdad 95.7 FM | Voz del Pentecostes",
        "url": "https://cloudstream2036.conectarhosting.com/8168/stream",
        "url_resolved": "https://cloudstream2036.conectarhosting.com/8168/stream",
        "homepage": "https://www.radioverdad.com/",
        "favicon": "https://www.radioverdad.com/wp-content/uploads/2020/11/cropped-radioverdad-icon-180x180.png",
        "tags": "christian,pentecostalism,worship",
        "country": "El Salvador",
        "countrycode": "SV",
        "iso_3166_2": null,
        "state": "San Salvador",
        "language": "espanish",
        "languagecodes": "",
        "votes": 143,
        "lastchangetime": "2022-12-02 02:35:52",
        "lastchangetime_iso8601": "2022-12-02T02:35:52Z",
        "codec": "AAC+",
        "bitrate": 64,
        "hls": 0,
        "lastcheckok": 1,
        "lastchecktime": "2023-04-07 16:53:45",
        "lastchecktime_iso8601": "2023-04-07T16:53:45Z",
        "lastcheckoktime": "2023-04-07 16:53:45",
        "lastcheckoktime_iso8601": "2023-04-07T16:53:45Z",
        "lastlocalchecktime": "2023-04-07 16:53:45",
        "lastlocalchecktime_iso8601": "2023-04-07T16:53:45Z",
        "clicktimestamp": "2023-04-07 19:34:50",
        "clicktimestamp_iso8601": "2023-04-07T19:34:50Z",
        "clickcount": 105,
        "clicktrend": 5,
        "ssl_error": 0,
        "geo_lat": 13.716642481719372,
        "geo_long": -89.21733677387239,
        "has_extended_info": false
    },
    {
        "changeuuid": "0cc69840-8ce2-481b-ae57-07254e33df6e",
        "stationuuid": "f44bb3b1-1190-4da3-b13f-a980c381d173",
        "serveruuid": "ef191541-1fcc-485b-aa97-930d993994f9",
        "name": "Radio Explosi\u00f3n Latina 503",
        "url": "http://129.146.44.177:8070/radio.mp3",
        "url_resolved": "http://129.146.44.177:8070/radio.mp3",
        "homepage": "https://www.explosionlatina503.com/",
        "favicon": "https://i0.wp.com/explosionlatina503.com/wp-content/uploads/cropped-logo-header-radio-explosion-latina-503-600x600px.png?fit=192%2c192&#038;ssl=1",
        "tags": "el hielerazo,el pato vasquez,el primo recargado,grupo aguilar soluciones,radio salvadore\u00f1a,radios de el salvador,radios online de el salvador,radios salvadore\u00f1as en vivo",
        "country": "El Salvador",
        "countrycode": "SV",
        "iso_3166_2": null,
        "state": "San Salvador",
        "language": "espa\u00f1ol internacional",
        "languagecodes": "",
        "votes": 122,
        "lastchangetime": "2022-08-27 05:01:34",
        "lastchangetime_iso8601": "2022-08-27T05:01:34Z",
        "codec": "MP3",
        "bitrate": 128,
        "hls": 0,
        "lastcheckok": 1,
        "lastchecktime": "2023-04-07 19:39:30",
        "lastchecktime_iso8601": "2023-04-07T19:39:30Z",
        "lastcheckoktime": "2023-04-07 19:39:30",
        "lastcheckoktime_iso8601": "2023-04-07T19:39:30Z",
        "lastlocalchecktime": "2023-04-07 19:01:32",
        "lastlocalchecktime_iso8601": "2023-04-07T19:01:32Z",
        "clicktimestamp": "2023-04-08 10:59:58",
        "clicktimestamp_iso8601": "2023-04-08T10:59:58Z",
        "clickcount": 18,
        "clicktrend": 0,
        "ssl_error": 0,
        "geo_lat": null,
        "geo_long": null,
        "has_extended_info": false
    },
    {
        "changeuuid": "620e3195-95f9-49a8-a1a0-c6b418ee6e66",
        "stationuuid": "d982090b-b0e6-449b-9973-c8d427727591",
        "serveruuid": "9885ea56-24e4-4389-bd8c-77c8278c07b7",
        "name": "Restauracion / 100.5 FM - Mision Cristiana Elim",
        "url": "https://ssl.rockhost.com/proxy/restauracion?mp=/mp3_320",
        "url_resolved": "https://ssl.rockhost.com/proxy/restauracion?mp=/mp3_320",
        "homepage": "https://www.elim.org.sv/restauracion/",
        "favicon": "https://www.elim.org.sv/wp-content/themes/elim/images/favicon.gif",
        "tags": "",
        "country": "El Salvador",
        "countrycode": "SV",
        "iso_3166_2": null,
        "state": "",
        "language": "espanish",
        "languagecodes": "",
        "votes": 114,
        "lastchangetime": "2023-02-15 23:49:55",
        "lastchangetime_iso8601": "2023-02-15T23:49:55Z",
        "codec": "MP3",
        "bitrate": 320,
        "hls": 0,
        "lastcheckok": 1,
        "lastchecktime": "2023-04-08 10:37:27",
        "lastchecktime_iso8601": "2023-04-08T10:37:27Z",
        "lastcheckoktime": "2023-04-08 10:37:27",
        "lastcheckoktime_iso8601": "2023-04-08T10:37:27Z",
        "lastlocalchecktime": "2023-04-08 10:37:27",
        "lastlocalchecktime_iso8601": "2023-04-08T10:37:27Z",
        "clicktimestamp": "2023-04-08 11:11:21",
        "clicktimestamp_iso8601": "2023-04-08T11:11:21Z",
        "clickcount": 43,
        "clicktrend": 0,
        "ssl_error": 0,
        "geo_lat": null,
        "geo_long": null,
        "has_extended_info": false
    },
    {
        "changeuuid": "f4458827-55b8-4a5c-8e71-a04d9cec733b",
        "stationuuid": "55c8c755-ef9f-43e9-bb43-044950324160",
        "serveruuid": "192d33f7-ced1-46ec-9a5b-f6b15acb6b0f",
        "name": "Radio proactiva",
        "url": "http://129.146.44.177:8100/radio.mp3",
        "url_resolved": "http://129.146.44.177:8100/radio.mp3",
        "homepage": "https://www.radioproactiva.com/",
        "favicon": "https://i0.wp.com/radioproactiva.com/wp-content/uploads/cropped-avatar-512x512px.png?fit=192%2c192&#038;ssl=1",
        "tags": "radio proactiva,radio salvadore\u00f1a,radios de el salvador",
        "country": "El Salvador",
        "countrycode": "SV",
        "iso_3166_2": null,
        "state": "San Salvador",
        "language": "",
        "languagecodes": "",
        "votes": 109,
        "lastchangetime": "2022-07-30 03:58:40",
        "lastchangetime_iso8601": "2022-07-30T03:58:40Z",
        "codec": "MP3",
        "bitrate": 128,
        "hls": 0,
        "lastcheckok": 1,
        "lastchecktime": "2023-04-07 16:49:51",
        "lastchecktime_iso8601": "2023-04-07T16:49:51Z",
        "lastcheckoktime": "2023-04-07 16:49:51",
        "lastcheckoktime_iso8601": "2023-04-07T16:49:51Z",
        "lastlocalchecktime": "2023-04-07 15:05:16",
        "lastlocalchecktime_iso8601": "2023-04-07T15:05:16Z",
        "clicktimestamp": "2023-04-08 10:52:59",
        "clicktimestamp_iso8601": "2023-04-08T10:52:59Z",
        "clickcount": 11,
        "clicktrend": 1,
        "ssl_error": 0,
        "geo_lat": null,
        "geo_long": null,
        "has_extended_info": false
    },
    {
        "changeuuid": "5d9f05f9-2574-4dd0-b2d5-691fb011e784",
        "stationuuid": "9cf3ffe4-c14a-48ac-9894-35b843ad4f57",
        "serveruuid": "c6d872f7-fc7e-40b3-889b-204386b424f2",
        "name": "Radio Bautista",
        "url": "https://s2.radio.co/s3a7dc3d82/listen",
        "url_resolved": "https://s2.radio.co/s3a7dc3d82/listen",
        "homepage": "https://tabernaculo.net/radio/",
        "favicon": "https://tabernaculo.net/favicon.ico",
        "tags": "christian praise&worship",
        "country": "El Salvador",
        "countrycode": "SV",
        "iso_3166_2": null,
        "state": "",
        "language": "espanish",
        "languagecodes": "",
        "votes": 72,
        "lastchangetime": "2023-01-24 21:21:58",
        "lastchangetime_iso8601": "2023-01-24T21:21:58Z",
        "codec": "MP3",
        "bitrate": 192,
        "hls": 0,
        "lastcheckok": 1,
        "lastchecktime": "2023-04-08 04:13:13",
        "lastchecktime_iso8601": "2023-04-08T04:13:13Z",
        "lastcheckoktime": "2023-04-08 04:13:13",
        "lastcheckoktime_iso8601": "2023-04-08T04:13:13Z",
        "lastlocalchecktime": "2023-04-07 20:23:01",
        "lastlocalchecktime_iso8601": "2023-04-07T20:23:01Z",
        "clicktimestamp": "2023-04-08 02:28:37",
        "clicktimestamp_iso8601": "2023-04-08T02:28:37Z",
        "clickcount": 26,
        "clicktrend": 2,
        "ssl_error": 0,
        "geo_lat": null,
        "geo_long": null,
        "has_extended_info": false
    },
    {
        "changeuuid": "dfe07f38-9515-4607-bc5c-de5cc9f6a6a1",
        "stationuuid": "83e8db11-2730-4b36-b59c-5ba4c5affad5",
        "serveruuid": "9bd6627a-609e-4fae-870d-cf7bd120f5bc",
        "name": "100.7 Stereo",
        "url": "https://stream20.usastreams.com/8138/stream",
        "url_resolved": "https://stream20.usastreams.com/8138/stream",
        "homepage": "https://rocknpopsv.com/",
        "favicon": "https://cdn-profiles.tunein.com/s221823/images/logog.png?t=1",
        "tags": "",
        "country": "El Salvador",
        "countrycode": "SV",
        "iso_3166_2": null,
        "state": "San Salvador",
        "language": "",
        "languagecodes": "",
        "votes": 22,
        "lastchangetime": "2023-01-13 03:50:54",
        "lastchangetime_iso8601": "2023-01-13T03:50:54Z",
        "codec": "MP3",
        "bitrate": 128,
        "hls": 0,
        "lastcheckok": 1,
        "lastchecktime": "2023-04-08 10:45:53",
        "lastchecktime_iso8601": "2023-04-08T10:45:53Z",
        "lastcheckoktime": "2023-04-08 10:45:53",
        "lastcheckoktime_iso8601": "2023-04-08T10:45:53Z",
        "lastlocalchecktime": "2023-04-08 10:43:33",
        "lastlocalchecktime_iso8601": "2023-04-08T10:43:33Z",
        "clicktimestamp": "2023-04-08 04:06:59",
        "clicktimestamp_iso8601": "2023-04-08T04:06:59Z",
        "clickcount": 29,
        "clicktrend": 1,
        "ssl_error": 0,
        "geo_lat": null,
        "geo_long": null,
        "has_extended_info": false
    },
    {
        "changeuuid": "9cfdc45e-f7dc-4ce5-ae75-4d86e33acf50",
        "stationuuid": "3e86d0cf-b3c2-4e70-8b41-fc646ba45c94",
        "serveruuid": "4e21b71c-1849-4d32-830a-eff4a6751846",
        "name": "100.1 ABC Stereo",
        "url": "https://streaming.rcs.com.sv/8008/stream",
        "url_resolved": "https://streaming.rcs.com.sv/8008/stream",
        "homepage": "https://radiocorporacionelsalvador.com/",
        "favicon": "https://radiocorporacionelsalvador.com/rcs/wp-content/uploads/2021/11/Mesa-de-trabajo-2android.png",
        "tags": "",
        "country": "El Salvador",
        "countrycode": "SV",
        "iso_3166_2": null,
        "state": "",
        "language": "spanish",
        "languagecodes": "es",
        "votes": 42,
        "lastchangetime": "2023-05-18 23:00:03",
        "lastchangetime_iso8601": "2023-05-18T23:00:03Z",
        "codec": "MP3",
        "bitrate": 128,
        "hls": 0,
        "lastcheckok": 1,
        "lastchecktime": "2023-07-09 05:15:35",
        "lastchecktime_iso8601": "2023-07-09T05:15:35Z",
        "lastcheckoktime": "2023-07-09 05:15:35",
        "lastcheckoktime_iso8601": "2023-07-09T05:15:35Z",
        "lastlocalchecktime": "2023-07-09 05:15:35",
        "lastlocalchecktime_iso8601": "2023-07-09T05:15:35Z",
        "clicktimestamp": "2023-07-09 04:48:10",
        "clicktimestamp_iso8601": "2023-07-09T04:48:10Z",
        "clickcount": 28,
        "clicktrend": 1,
        "ssl_error": 0,
        "geo_lat": 13.689933079095804,
        "geo_long": -89.23950336236045,
        "has_extended_info": false
    },
    {
        "changeuuid": "a87346f6-e390-44b6-af94-5b210072533c",
        "stationuuid": "ec7bc4ac-3a3a-4caf-ab46-c22865f534a9",
        "serveruuid": "7decdb73-a52d-4655-87e6-28c3cbc1eeeb",
        "name": "Radio YSUCA, 91.7 FM",
        "url": "https://fast.citrus3.com:8314/stream",
        "url_resolved": "https://fast.citrus3.com:8314/stream",
        "homepage": "https://ysuca.org.sv/",
        "favicon": "",
        "tags": "",
        "country": "El Salvador",
        "countrycode": "SV",
        "iso_3166_2": null,
        "state": "",
        "language": "castellano. espa\u00f1ol",
        "languagecodes": "",
        "votes": 31,
        "lastchangetime": "2023-05-13 00:38:59",
        "lastchangetime_iso8601": "2023-05-13T00:38:59Z",
        "codec": "MP3",
        "bitrate": 96,
        "hls": 0,
        "lastcheckok": 1,
        "lastchecktime": "2023-07-09 08:09:15",
        "lastchecktime_iso8601": "2023-07-09T08:09:15Z",
        "lastcheckoktime": "2023-07-09 08:09:15",
        "lastcheckoktime_iso8601": "2023-07-09T08:09:15Z",
        "lastlocalchecktime": "2023-07-09 08:09:15",
        "lastlocalchecktime_iso8601": "2023-07-09T08:09:15Z",
        "clicktimestamp": "2023-07-07 21:25:00",
        "clicktimestamp_iso8601": "2023-07-07T21:25:00Z",
        "clickcount": 14,
        "clicktrend": -1,
        "ssl_error": 0,
        "geo_lat": 13.696067911634076,
        "geo_long": -89.19387817382812,
        "has_extended_info": false
    },
    {
        "changeuuid": "162723d1-de82-4e7a-bf96-80577be23ae7",
        "stationuuid": "88f4ab00-b201-46d8-969c-3f7387b23c14",
        "serveruuid": "4e21b71c-1849-4d32-830a-eff4a6751846",
        "name": "102 Nueve",
        "url": "https://streaming.rcs.com.sv/8012/stream",
        "url_resolved": "https://streaming.rcs.com.sv/8012/stream",
        "homepage": "https://www.102nueve.com/",
        "favicon": "https://cdn.webrad.io/images/logos/radios-com-sv/nueve.png",
        "tags": "",
        "country": "El Salvador",
        "countrycode": "SV",
        "iso_3166_2": null,
        "state": "",
        "language": "spanish",
        "languagecodes": "es",
        "votes": 29,
        "lastchangetime": "2023-05-18 22:43:13",
        "lastchangetime_iso8601": "2023-05-18T22:43:13Z",
        "codec": "MP3",
        "bitrate": 128,
        "hls": 0,
        "lastcheckok": 1,
        "lastchecktime": "2023-07-08 23:53:02",
        "lastchecktime_iso8601": "2023-07-08T23:53:02Z",
        "lastcheckoktime": "2023-07-08 23:53:02",
        "lastcheckoktime_iso8601": "2023-07-08T23:53:02Z",
        "lastlocalchecktime": "2023-07-08 21:30:23",
        "lastlocalchecktime_iso8601": "2023-07-08T21:30:23Z",
        "clicktimestamp": "2023-07-08 22:52:13",
        "clicktimestamp_iso8601": "2023-07-08T22:52:13Z",
        "clickcount": 21,
        "clicktrend": 0,
        "ssl_error": 0,
        "geo_lat": 13.700184565704946,
        "geo_long": -89.19620547529072,
        "has_extended_info": false
    },
    {
        "changeuuid": "23e8a7a1-6d0b-4cd6-89ce-dabab4beb34e",
        "stationuuid": "dd599166-cc2a-46ce-827f-23194c841c27",
        "serveruuid": "978aaa3b-d352-49b5-9071-0b868f92479d",
        "name": "Radio El Mundo - 93.7 FM",
        "url": "http://streaming.mundoclasicaupa.com:8000/radioelmundo",
        "url_resolved": "http://streaming.mundoclasicaupa.com:8000/radioelmundo",
        "homepage": "http://www.radioelmundo.com.sv/",
        "favicon": "http://www.radioelmundo.com.sv/logo192.png",
        "tags": "",
        "country": "El Salvador",
        "countrycode": "SV",
        "iso_3166_2": null,
        "state": "",
        "language": "castellano. espa\u00f1ol",
        "languagecodes": "",
        "votes": 28,
        "lastchangetime": "2023-05-20 18:09:01",
        "lastchangetime_iso8601": "2023-05-20T18:09:01Z",
        "codec": "MP3",
        "bitrate": 128,
        "hls": 0,
        "lastcheckok": 1,
        "lastchecktime": "2023-07-09 07:38:58",
        "lastchecktime_iso8601": "2023-07-09T07:38:58Z",
        "lastcheckoktime": "2023-07-09 07:38:58",
        "lastcheckoktime_iso8601": "2023-07-09T07:38:58Z",
        "lastlocalchecktime": "2023-07-09 07:38:58",
        "lastlocalchecktime_iso8601": "2023-07-09T07:38:58Z",
        "clicktimestamp": "2023-07-08 11:35:09",
        "clicktimestamp_iso8601": "2023-07-08T11:35:09Z",
        "clickcount": 15,
        "clicktrend": -3,
        "ssl_error": 0,
        "geo_lat": 13.72231747733696,
        "geo_long": -89.19238954782487,
        "has_extended_info": false
    },
    {
        "changeuuid": "0a91940b-c24c-4c9d-bb6e-a6c38a7e56d9",
        "stationuuid": "a0fa6a9b-cd73-41f7-ae5b-611d87b82d98",
        "serveruuid": "e60af6a8-78d5-456a-98c9-77a69ab9e68c",
        "name": "La Tribu FM",
        "url": "https://streamer.radio.co/s3a3c12873/listen",
        "url_resolved": "https://streamer.radio.co/s3a3c12873/listen",
        "homepage": "https://latribu.fm/",
        "favicon": "https://latribu.fm/logo2.png",
        "tags": "",
        "country": "El Salvador",
        "countrycode": "SV",
        "iso_3166_2": null,
        "state": "",
        "language": "espanish",
        "languagecodes": "",
        "votes": 28,
        "lastchangetime": "2023-05-18 17:46:42",
        "lastchangetime_iso8601": "2023-05-18T17:46:42Z",
        "codec": "MP3",
        "bitrate": 128,
        "hls": 0,
        "lastcheckok": 1,
        "lastchecktime": "2023-07-09 03:44:03",
        "lastchecktime_iso8601": "2023-07-09T03:44:03Z",
        "lastcheckoktime": "2023-07-09 03:44:03",
        "lastcheckoktime_iso8601": "2023-07-09T03:44:03Z",
        "lastlocalchecktime": "2023-07-09 03:44:03",
        "lastlocalchecktime_iso8601": "2023-07-09T03:44:03Z",
        "clicktimestamp": "2023-07-09 04:54:20",
        "clicktimestamp_iso8601": "2023-07-09T04:54:20Z",
        "clickcount": 23,
        "clicktrend": 0,
        "ssl_error": 0,
        "geo_lat": 13.70827312916402,
        "geo_long": -89.2412205694877,
        "has_extended_info": false
    },
    {
        "changeuuid": "9ba33811-01f3-4338-a100-f7be140c436f",
        "stationuuid": "4a2f73fa-f514-43d8-8048-45b214359395",
        "serveruuid": "8d0247f1-7fa2-46d2-9f3c-1a99dce1d3fc",
        "name": "107.7 Fuego",
        "url": "https://mgv-fuego.akamaized.net/hls/live/2039834/MGV_FUEGO/0/streamPlaylist.m3u8",
        "url_resolved": "https://mgv-fuego.akamaized.net/hls/live/2039834/MGV_FUEGO/0/streamPlaylist.m3u8",
        "homepage": "https://megavision.univtec.com/#!/live/channels",
        "favicon": "",
        "tags": "",
        "country": "El Salvador",
        "countrycode": "SV",
        "iso_3166_2": null,
        "state": "",
        "language": "espa\u00f1ol internacional,spanish",
        "languagecodes": "es",
        "votes": 27,
        "lastchangetime": "2023-05-18 15:52:34",
        "lastchangetime_iso8601": "2023-05-18T15:52:34Z",
        "codec": "UNKNOWN",
        "bitrate": 0,
        "hls": 1,
        "lastcheckok": 1,
        "lastchecktime": "2023-07-08 23:02:28",
        "lastchecktime_iso8601": "2023-07-08T23:02:28Z",
        "lastcheckoktime": "2023-07-08 23:02:28",
        "lastcheckoktime_iso8601": "2023-07-08T23:02:28Z",
        "lastlocalchecktime": "2023-07-08 23:02:28",
        "lastlocalchecktime_iso8601": "2023-07-08T23:02:28Z",
        "clicktimestamp": "2023-07-08 13:09:30",
        "clicktimestamp_iso8601": "2023-07-08T13:09:30Z",
        "clickcount": 18,
        "clicktrend": -3,
        "ssl_error": 0,
        "geo_lat": 13.689933079095804,
        "geo_long": -89.20886688134092,
        "has_extended_info": false
    },
    {
        "changeuuid": "fdef33cc-8b4e-4114-a6fa-2172cc75a666",
        "stationuuid": "cb7de307-7e53-40de-9ade-f264d4ffb518",
        "serveruuid": "8543941d-ae9e-465c-a660-c1f32bc25c85",
        "name": "Radio L\u00e1ser Espa\u00f1ol",
        "url": "https://sp4.colombiatelecom.com.co/8030/stream",
        "url_resolved": "https://sp4.colombiatelecom.com.co/8030/stream",
        "homepage": "https://www.laser.com.sv/",
        "favicon": "https://www.laser.com.sv/wp-content/uploads/2020/09/cropped-favicon-180x180.png",
        "tags": "",
        "country": "El Salvador",
        "countrycode": "SV",
        "iso_3166_2": null,
        "state": "",
        "language": "spanish",
        "languagecodes": "es",
        "votes": 22,
        "lastchangetime": "2023-05-18 18:53:42",
        "lastchangetime_iso8601": "2023-05-18T18:53:42Z",
        "codec": "AAC",
        "bitrate": 160,
        "hls": 0,
        "lastcheckok": 1,
        "lastchecktime": "2023-07-09 05:36:45",
        "lastchecktime_iso8601": "2023-07-09T05:36:45Z",
        "lastcheckoktime": "2023-07-09 05:36:45",
        "lastcheckoktime_iso8601": "2023-07-09T05:36:45Z",
        "lastlocalchecktime": "2023-07-09 05:36:45",
        "lastlocalchecktime_iso8601": "2023-07-09T05:36:45Z",
        "clicktimestamp": "2023-07-08 09:05:47",
        "clicktimestamp_iso8601": "2023-07-08T09:05:47Z",
        "clickcount": 24,
        "clicktrend": -4,
        "ssl_error": 0,
        "geo_lat": 13.706067632573276,
        "geo_long": -89.20254296893877,
        "has_extended_info": false
    },
    {
        "changeuuid": "47c77b26-5803-481f-85a8-84d77e0357be",
        "stationuuid": "e593f6b3-db97-4db9-9cf2-b72f71dcb5fa",
        "serveruuid": "7decdb73-a52d-4655-87e6-28c3cbc1eeeb",
        "name": "Radio YSUCA, 91.7 FM",
        "url": "https://fast.citrus3.com:8314/stream",
        "url_resolved": "https://fast.citrus3.com:8314/stream",
        "homepage": "https://ysuca.org.sv/",
        "favicon": "",
        "tags": "",
        "country": "El Salvador",
        "countrycode": "SV",
        "iso_3166_2": null,
        "state": "",
        "language": "castellano. espa\u00f1ol",
        "languagecodes": "",
        "votes": 11,
        "lastchangetime": "2023-05-13 00:36:53",
        "lastchangetime_iso8601": "2023-05-13T00:36:53Z",
        "codec": "MP3",
        "bitrate": 96,
        "hls": 0,
        "lastcheckok": 1,
        "lastchecktime": "2023-07-09 02:03:58",
        "lastchecktime_iso8601": "2023-07-09T02:03:58Z",
        "lastcheckoktime": "2023-07-09 02:03:58",
        "lastcheckoktime_iso8601": "2023-07-09T02:03:58Z",
        "lastlocalchecktime": "2023-07-08 23:19:46",
        "lastlocalchecktime_iso8601": "2023-07-08T23:19:46Z",
        "clicktimestamp": "2023-07-09 04:55:03",
        "clicktimestamp_iso8601": "2023-07-09T04:55:03Z",
        "clickcount": 15,
        "clicktrend": 0,
        "ssl_error": 0,
        "geo_lat": null,
        "geo_long": null,
        "has_extended_info": false
    },
    {
        "changeuuid": "71bbee04-1072-454b-be38-161f8b7d044d",
        "stationuuid": "64423ad8-8c64-42ae-9de7-0a5ed2dd1d7a",
        "serveruuid": "7decdb73-a52d-4655-87e6-28c3cbc1eeeb",
        "name": "Radio YSUCA, 91.7 FM",
        "url": "https://fast.citrus3.com:8314/stream",
        "url_resolved": "https://fast.citrus3.com:8314/stream",
        "homepage": "https://ysuca.org.sv/",
        "favicon": "",
        "tags": "",
        "country": "El Salvador",
        "countrycode": "SV",
        "iso_3166_2": null,
        "state": "",
        "language": "castellano. espa\u00f1ol",
        "languagecodes": "",
        "votes": 7,
        "lastchangetime": "2023-06-15 15:45:49",
        "lastchangetime_iso8601": "2023-06-15T15:45:49Z",
        "codec": "MP3",
        "bitrate": 96,
        "hls": 0,
        "lastcheckok": 1,
        "lastchecktime": "2023-07-09 05:30:23",
        "lastchecktime_iso8601": "2023-07-09T05:30:23Z",
        "lastcheckoktime": "2023-07-09 05:30:23",
        "lastcheckoktime_iso8601": "2023-07-09T05:30:23Z",
        "lastlocalchecktime": "2023-07-09 05:30:23",
        "lastlocalchecktime_iso8601": "2023-07-09T05:30:23Z",
        "clicktimestamp": "2023-07-09 02:12:17",
        "clicktimestamp_iso8601": "2023-07-09T02:12:17Z",
        "clickcount": 10,
        "clicktrend": 2,
        "ssl_error": 0,
        "geo_lat": 13.679935359594008,
        "geo_long": -89.23629194498065,
        "has_extended_info": false
    },
    {
        "changeuuid": "68d1eb0b-0eee-493a-9a62-909cd3b26def",
        "stationuuid": "b67d0945-49f9-48be-b287-64510bff43c6",
        "serveruuid": "faadf6c5-e735-482b-be8a-a4bd935940ed",
        "name": "Radio Nacional de El Salvador  - 96.9",
        "url": "https://streamingcwsradio30.com/8156/stream",
        "url_resolved": "https://streamingcwsradio30.com/8156/stream",
        "homepage": "https://tunein.com/radio/Radio-El-Salvador-s306352/",
        "favicon": "https://upload.wikimedia.org/wikipedia/commons/thumb/b/b8/RNES_logo.svg/320px-RNES_logo.svg.png",
        "tags": "",
        "country": "El Salvador",
        "countrycode": "SV",
        "iso_3166_2": null,
        "state": "",
        "language": "",
        "languagecodes": "",
        "votes": 45,
        "lastchangetime": "2023-07-18 07:20:51",
        "lastchangetime_iso8601": "2023-07-18T07:20:51Z",
        "codec": "MP3",
        "bitrate": 128,
        "hls": 0,
        "lastcheckok": 1,
        "lastchecktime": "2023-09-03 11:42:18",
        "lastchecktime_iso8601": "2023-09-03T11:42:18Z",
        "lastcheckoktime": "2023-09-03 11:42:18",
        "lastcheckoktime_iso8601": "2023-09-03T11:42:18Z",
        "lastlocalchecktime": "2023-09-03 11:42:18",
        "lastlocalchecktime_iso8601": "2023-09-03T11:42:18Z",
        "clicktimestamp": "2023-09-03 12:53:51",
        "clicktimestamp_iso8601": "2023-09-03T12:53:51Z",
        "clickcount": 36,
        "clicktrend": 0,
        "ssl_error": 0,
        "geo_lat": null,
        "geo_long": null,
        "has_extended_info": false
    },
    {
        "changeuuid": "45c2d75c-efc3-49de-84f5-d522e8d19249",
        "stationuuid": "ff67f477-a942-4b82-aea0-f551bfa1d55b",
        "serveruuid": "4e21b71c-1849-4d32-830a-eff4a6751846",
        "name": "Radio Astral",
        "url": "https://streaming.rcs.com.sv/8012/astral",
        "url_resolved": "https://streaming.rcs.com.sv/8012/astral",
        "homepage": "https://radiocorporacionelsalvador.com/",
        "favicon": "https://www.getmeradio.com/stations/radioastral-7571/logos/512x512.png",
        "tags": "",
        "country": "El Salvador",
        "countrycode": "SV",
        "iso_3166_2": null,
        "state": "San Salvador",
        "language": "",
        "languagecodes": "",
        "votes": 16,
        "lastchangetime": "2023-08-14 17:43:37",
        "lastchangetime_iso8601": "2023-08-14T17:43:37Z",
        "codec": "MP3",
        "bitrate": 128,
        "hls": 0,
        "lastcheckok": 1,
        "lastchecktime": "2023-09-03 02:30:27",
        "lastchecktime_iso8601": "2023-09-03T02:30:27Z",
        "lastcheckoktime": "2023-09-03 02:30:27",
        "lastcheckoktime_iso8601": "2023-09-03T02:30:27Z",
        "lastlocalchecktime": "2023-09-03 02:30:27",
        "lastlocalchecktime_iso8601": "2023-09-03T02:30:27Z",
        "clicktimestamp": "2023-09-03 12:54:31",
        "clicktimestamp_iso8601": "2023-09-03T12:54:31Z",
        "clickcount": 59,
        "clicktrend": -1,
        "ssl_error": 0,
        "geo_lat": null,
        "geo_long": null,
        "has_extended_info": false
    },
    {
        "changeuuid": "42869d9e-1d13-48ba-bdda-a4ce8fe260f6",
        "stationuuid": "b8e1b08c-670b-4acf-ba6a-a035391020fe",
        "serveruuid": "4e21b71c-1849-4d32-830a-eff4a6751846",
        "name": "102.9 Astral",
        "url": "https://streaming.rcs.com.sv/8012/astral",
        "url_resolved": "https://streaming.rcs.com.sv/8012/astral",
        "homepage": "https://www.getmeradio.com/stations/radioastral-7571/logos/512x512.png",
        "favicon": "https://www.getmeradio.com/stations/radioastral-7571/logos/512x512.png",
        "tags": "rock",
        "country": "El Salvador",
        "countrycode": "SV",
        "iso_3166_2": null,
        "state": "",
        "language": "",
        "languagecodes": "",
        "votes": 6,
        "lastchangetime": "2023-10-10 21:47:04",
        "lastchangetime_iso8601": "2023-10-10T21:47:04Z",
        "codec": "MP3",
        "bitrate": 128,
        "hls": 0,
        "lastcheckok": 1,
        "lastchecktime": "2023-10-20 22:02:34",
        "lastchecktime_iso8601": "2023-10-20T22:02:34Z",
        "lastcheckoktime": "2023-10-20 22:02:34",
        "lastcheckoktime_iso8601": "2023-10-20T22:02:34Z",
        "lastlocalchecktime": "2023-10-20 21:52:18",
        "lastlocalchecktime_iso8601": "2023-10-20T21:52:18Z",
        "clicktimestamp": "2023-10-21 02:43:37",
        "clicktimestamp_iso8601": "2023-10-21T02:43:37Z",
        "clickcount": 38,
        "clicktrend": 0,
        "ssl_error": 0,
        "geo_lat": null,
        "geo_long": null,
        "has_extended_info": false
    },
    {
        "changeuuid": "b40641d0-bd8f-4972-9bf2-a464ef1d2876",
        "stationuuid": "81b83e98-213d-4edd-9b3c-2f3061c2ae8f",
        "serveruuid": "5196cb6c-4598-4e2b-ab7e-2cba3bfc9b0e",
        "name": "Radio Sonora 104.5 FM",
        "url": "https://d3ch1v29t71zga.cloudfront.net/sonora.m3u8",
        "url_resolved": "https://d3ch1v29t71zga.cloudfront.net/sonora.m3u8",
        "homepage": "http://www.radiosonora.com.sv/",
        "favicon": "http://www.radiosonora.com.sv/img/logo.png",
        "tags": "",
        "country": "El Salvador",
        "countrycode": "SV",
        "iso_3166_2": null,
        "state": "",
        "language": "",
        "languagecodes": "",
        "votes": 3,
        "lastchangetime": "2023-10-30 18:04:09",
        "lastchangetime_iso8601": "2023-10-30T18:04:09Z",
        "codec": "UNKNOWN",
        "bitrate": 0,
        "hls": 1,
        "lastcheckok": 1,
        "lastchecktime": "2023-11-07 18:12:31",
        "lastchecktime_iso8601": "2023-11-07T18:12:31Z",
        "lastcheckoktime": "2023-11-07 18:12:31",
        "lastcheckoktime_iso8601": "2023-11-07T18:12:31Z",
        "lastlocalchecktime": "2023-11-06 18:20:08",
        "lastlocalchecktime_iso8601": "2023-11-06T18:20:08Z",
        "clicktimestamp": "2023-11-07 01:24:36",
        "clicktimestamp_iso8601": "2023-11-07T01:24:36Z",
        "clickcount": 24,
        "clicktrend": -1,
        "ssl_error": 0,
        "geo_lat": null,
        "geo_long": null,
        "has_extended_info": false
    }
]