[
    {
        "changeuuid": "cfbdf459-6893-422f-abdc-3b1887a86ba9",
        "stationuuid": "40c2a3dd-33c6-4196-b45e-8790b4f8c636",
        "serveruuid": "a64f48e7-c1d4-4333-be1c-395f61c4a914",
        "name": "\u0642\u062f\u064a\u0645 FM",
        "url": "http://usa6.fastcast4u.com:5109/live",
        "url_resolved": "http://usa6.fastcast4u.com:5109/live",
        "homepage": "",
        "favicon": "",
        "tags": "classical",
        "country": "Syrian Arab Republic",
        "countrycode": "SY",
        "iso_3166_2": null,
        "state": "",
        "language": "",
        "languagecodes": "",
        "votes": 2324,
        "lastchangetime": "2021-08-06 08:36:45",
        "lastchangetime_iso8601": "2021-08-06T08:36:45Z",
        "codec": "MP3",
        "bitrate": 96,
        "hls": 0,
        "lastcheckok": 1,
        "lastchecktime": "2023-04-08 10:31:09",
        "lastchecktime_iso8601": "2023-04-08T10:31:09Z",
        "lastcheckoktime": "2023-04-08 10:31:09",
        "lastcheckoktime_iso8601": "2023-04-08T10:31:09Z",
        "lastlocalchecktime": "2023-04-08 10:31:09",
        "lastlocalchecktime_iso8601": "2023-04-08T10:31:09Z",
        "clicktimestamp": "2023-04-08 14:03:54",
        "clicktimestamp_iso8601": "2023-04-08T14:03:54Z",
        "clickcount": 166,
        "clicktrend": -7,
        "ssl_error": 0,
        "geo_lat": null,
        "geo_long": null,
        "has_extended_info": false
    },
    {
        "changeuuid": "9db4852d-8b09-4189-bf98-06cb7d1dbd4b",
        "stationuuid": "64c6879d-3645-11ea-8dd7-52543be04c81",
        "serveruuid": "4496bce4-1b72-4ae9-8685-68afca57cb38",
        "name": "sham fm",
        "url": "http://radioshamfm.grtvstream.com:2199/tunein/shamfm.pls",
        "url_resolved": "http://66.248.205.204:8400/stream",
        "homepage": "http://sham.fm/ar/index.html",
        "favicon": "https://sham.fm/assets/apple-touch-icon.png",
        "tags": "",
        "country": "Syrian Arab Republic",
        "countrycode": "SY",
        "iso_3166_2": null,
        "state": "",
        "language": "arabic",
        "languagecodes": "ar",
        "votes": 1813,
        "lastchangetime": "2022-08-22 23:16:16",
        "lastchangetime_iso8601": "2022-08-22T23:16:16Z",
        "codec": "MP3",
        "bitrate": 128,
        "hls": 0,
        "lastcheckok": 1,
        "lastchecktime": "2023-04-08 10:03:12",
        "lastchecktime_iso8601": "2023-04-08T10:03:12Z",
        "lastcheckoktime": "2023-04-08 10:03:12",
        "lastcheckoktime_iso8601": "2023-04-08T10:03:12Z",
        "lastlocalchecktime": "2023-04-08 10:03:12",
        "lastlocalchecktime_iso8601": "2023-04-08T10:03:12Z",
        "clicktimestamp": "2023-04-08 13:58:25",
        "clicktimestamp_iso8601": "2023-04-08T13:58:25Z",
        "clickcount": 255,
        "clicktrend": -13,
        "ssl_error": 0,
        "geo_lat": null,
        "geo_long": null,
        "has_extended_info": false
    },
    {
        "changeuuid": "389fa376-404d-45de-8ef2-5e7875fa813c",
        "stationuuid": "0e4c590d-2532-11e9-a80b-52543be04c81",
        "serveruuid": "a8b83448-e49d-4b01-8073-2ccfb1222757",
        "name": "Ninar Radio",
        "url": "http://ninarfm.grtvstream.com:8896/;",
        "url_resolved": "http://ninarfm.grtvstream.com:8896/;",
        "homepage": "http://ninarfm.com/",
        "favicon": "http://cdn.onlineradiobox.com/img/logo/0/74160.png",
        "tags": "",
        "country": "Syrian Arab Republic",
        "countrycode": "SY",
        "iso_3166_2": null,
        "state": "Damascus",
        "language": "arabic",
        "languagecodes": "ar",
        "votes": 1515,
        "lastchangetime": "2022-03-28 11:47:20",
        "lastchangetime_iso8601": "2022-03-28T11:47:20Z",
        "codec": "MP3",
        "bitrate": 96,
        "hls": 0,
        "lastcheckok": 1,
        "lastchecktime": "2023-04-08 04:33:31",
        "lastchecktime_iso8601": "2023-04-08T04:33:31Z",
        "lastcheckoktime": "2023-04-08 04:33:31",
        "lastcheckoktime_iso8601": "2023-04-08T04:33:31Z",
        "lastlocalchecktime": "2023-04-07 20:57:06",
        "lastlocalchecktime_iso8601": "2023-04-07T20:57:06Z",
        "clicktimestamp": "2023-04-08 11:58:43",
        "clicktimestamp_iso8601": "2023-04-08T11:58:43Z",
        "clickcount": 83,
        "clicktrend": -7,
        "ssl_error": 0,
        "geo_lat": null,
        "geo_long": null,
        "has_extended_info": false
    },
    {
        "changeuuid": "e25e6d9b-6873-40f1-af90-13a8e148cc53",
        "stationuuid": "976fbb75-fca5-4b2b-897e-c542435699fc",
        "serveruuid": "2aae3a13-648e-4fcc-abaa-5a9ef38cab3a",
        "name": "Arabesque FM",
        "url": "http://185.4.87.79:8000/stream.mp3",
        "url_resolved": "http://185.4.87.79:8000/stream.mp3",
        "homepage": "http://www.arabesquefm.com/",
        "favicon": "",
        "tags": "",
        "country": "Syrian Arab Republic",
        "countrycode": "SY",
        "iso_3166_2": null,
        "state": "",
        "language": "arabic",
        "languagecodes": "ar",
        "votes": 1009,
        "lastchangetime": "2022-05-07 19:30:36",
        "lastchangetime_iso8601": "2022-05-07T19:30:36Z",
        "codec": "MP3",
        "bitrate": 0,
        "hls": 0,
        "lastcheckok": 1,
        "lastchecktime": "2023-04-08 08:02:45",
        "lastchecktime_iso8601": "2023-04-08T08:02:45Z",
        "lastcheckoktime": "2023-04-08 08:02:45",
        "lastcheckoktime_iso8601": "2023-04-08T08:02:45Z",
        "lastlocalchecktime": "2023-04-07 18:20:09",
        "lastlocalchecktime_iso8601": "2023-04-07T18:20:09Z",
        "clicktimestamp": "2023-04-08 09:30:56",
        "clicktimestamp_iso8601": "2023-04-08T09:30:56Z",
        "clickcount": 75,
        "clicktrend": -4,
        "ssl_error": 0,
        "geo_lat": null,
        "geo_long": null,
        "has_extended_info": false
    },
    {
        "changeuuid": "6f7a7192-1387-49c9-8f8a-0c759e7fbb28",
        "stationuuid": "24ed48da-4715-4bf9-b3fe-e14f8697cdb8",
        "serveruuid": "cb92673b-dc04-4f8d-8958-8080a6224069",
        "name": "Sham FM",
        "url": "https://radioshamfm.grtvstream.com:8400/;",
        "url_resolved": "https://radioshamfm.grtvstream.com:8400/;",
        "homepage": "https://sham.fm/ar/index.html",
        "favicon": "https://sham.fm/assets/apple-touch-icon.png",
        "tags": "",
        "country": "Syrian Arab Republic",
        "countrycode": "SY",
        "iso_3166_2": null,
        "state": "",
        "language": "arabic",
        "languagecodes": "ar",
        "votes": 546,
        "lastchangetime": "2022-10-09 21:13:11",
        "lastchangetime_iso8601": "2022-10-09T21:13:11Z",
        "codec": "MP3",
        "bitrate": 128,
        "hls": 0,
        "lastcheckok": 1,
        "lastchecktime": "2023-04-08 02:06:42",
        "lastchecktime_iso8601": "2023-04-08T02:06:42Z",
        "lastcheckoktime": "2023-04-08 02:06:42",
        "lastcheckoktime_iso8601": "2023-04-08T02:06:42Z",
        "lastlocalchecktime": "2023-04-07 20:43:39",
        "lastlocalchecktime_iso8601": "2023-04-07T20:43:39Z",
        "clicktimestamp": "2023-04-08 14:18:12",
        "clicktimestamp_iso8601": "2023-04-08T14:18:12Z",
        "clickcount": 105,
        "clicktrend": 0,
        "ssl_error": 0,
        "geo_lat": null,
        "geo_long": null,
        "has_extended_info": false
    },
    {
        "changeuuid": "3bbce9ae-5522-4cfa-beac-ccbc4cb6872f",
        "stationuuid": "e4da6793-ac69-445b-8496-4f73c33836c8",
        "serveruuid": "5ebe113c-c695-4897-91b6-2936b84e24cd",
        "name": "\u0631\u0627\u062f\u064a\u0648 \u0627\u0644\u0643\u0644",
        "url": "http://livecast.radioalkul.com:8080/;?type=http&nocache=361",
        "url_resolved": "http://livecast.radioalkul.com:8080/;?type=http&nocache=361",
        "homepage": "",
        "favicon": "",
        "tags": "news",
        "country": "Syrian Arab Republic",
        "countrycode": "SY",
        "iso_3166_2": null,
        "state": "",
        "language": "",
        "languagecodes": "",
        "votes": 414,
        "lastchangetime": "2021-10-11 09:14:18",
        "lastchangetime_iso8601": "2021-10-11T09:14:18Z",
        "codec": "MP3",
        "bitrate": 128,
        "hls": 0,
        "lastcheckok": 1,
        "lastchecktime": "2023-04-08 02:47:27",
        "lastchecktime_iso8601": "2023-04-08T02:47:27Z",
        "lastcheckoktime": "2023-04-08 02:47:27",
        "lastcheckoktime_iso8601": "2023-04-08T02:47:27Z",
        "lastlocalchecktime": "2023-04-07 17:08:34",
        "lastlocalchecktime_iso8601": "2023-04-07T17:08:34Z",
        "clicktimestamp": "2023-04-08 07:26:47",
        "clicktimestamp_iso8601": "2023-04-08T07:26:47Z",
        "clickcount": 39,
        "clicktrend": -2,
        "ssl_error": 0,
        "geo_lat": null,
        "geo_long": null,
        "has_extended_info": false
    },
    {
        "changeuuid": "c692dd85-b5b1-47c7-9264-99f42213fada",
        "stationuuid": "2eced7cd-8b9b-4d47-84af-600ed4ab30f7",
        "serveruuid": "cc05c7bc-c25e-4a5b-b6a7-f30e2136d6c3",
        "name": "AL MADDINA FM",
        "url": "https://stream.almadinafm.com/;stream.mp3",
        "url_resolved": "https://stream.almadinafm.com/;stream.mp3",
        "homepage": "https://www.almadinafm.com/",
        "favicon": "",
        "tags": "rock",
        "country": "Syrian Arab Republic",
        "countrycode": "SY",
        "iso_3166_2": null,
        "state": "",
        "language": "arabic",
        "languagecodes": "ar",
        "votes": 403,
        "lastchangetime": "2022-04-19 10:57:26",
        "lastchangetime_iso8601": "2022-04-19T10:57:26Z",
        "codec": "MP3",
        "bitrate": 128,
        "hls": 0,
        "lastcheckok": 1,
        "lastchecktime": "2023-04-08 06:40:20",
        "lastchecktime_iso8601": "2023-04-08T06:40:20Z",
        "lastcheckoktime": "2023-04-08 06:40:20",
        "lastcheckoktime_iso8601": "2023-04-08T06:40:20Z",
        "lastlocalchecktime": "2023-04-07 18:21:49",
        "lastlocalchecktime_iso8601": "2023-04-07T18:21:49Z",
        "clicktimestamp": "2023-04-08 08:59:59",
        "clicktimestamp_iso8601": "2023-04-08T08:59:59Z",
        "clickcount": 82,
        "clicktrend": -3,
        "ssl_error": 0,
        "geo_lat": null,
        "geo_long": null,
        "has_extended_info": false
    },
    {
        "changeuuid": "21f68f15-82b0-426c-81bc-e2d6c65ef985",
        "stationuuid": "07f54ac3-ef7d-4d27-9466-1a5fafcc5130",
        "serveruuid": "48704800-7d26-4b82-afd7-7954b11ca179",
        "name": "Asima Online Radio",
        "url": "http://asima.out.airtime.pro:8000/asima_a",
        "url_resolved": "http://asima.out.airtime.pro:8000/asima_a",
        "homepage": "https://www.asima-online.net/",
        "favicon": "https://www.asima-online.net/wp-content/uploads/2020/06/cropped-logo-asima-180x180.png",
        "tags": "",
        "country": "Syrian Arab Republic",
        "countrycode": "SY",
        "iso_3166_2": null,
        "state": "",
        "language": "arabic",
        "languagecodes": "ar",
        "votes": 401,
        "lastchangetime": "2022-04-19 20:00:53",
        "lastchangetime_iso8601": "2022-04-19T20:00:53Z",
        "codec": "MP3",
        "bitrate": 128,
        "hls": 0,
        "lastcheckok": 1,
        "lastchecktime": "2023-04-08 07:51:17",
        "lastchecktime_iso8601": "2023-04-08T07:51:17Z",
        "lastcheckoktime": "2023-04-08 07:51:17",
        "lastcheckoktime_iso8601": "2023-04-08T07:51:17Z",
        "lastlocalchecktime": "2023-04-07 17:55:03",
        "lastlocalchecktime_iso8601": "2023-04-07T17:55:03Z",
        "clicktimestamp": "2023-04-08 08:42:59",
        "clicktimestamp_iso8601": "2023-04-08T08:42:59Z",
        "clickcount": 20,
        "clicktrend": 0,
        "ssl_error": 0,
        "geo_lat": null,
        "geo_long": null,
        "has_extended_info": false
    },
    {
        "changeuuid": "41792844-ad83-4588-9090-b7a1255bbaf9",
        "stationuuid": "570bdb48-77a6-4d10-a930-3441981d5119",
        "serveruuid": "6bf10baf-7270-4058-bdd8-851d51514cf9",
        "name": "Watan FM (Idlib, Hama, Halab)",
        "url": "http://192.99.170.8:5470/;/;stream.mp3",
        "url_resolved": "http://192.99.170.8:5470/;/;stream.mp3",
        "homepage": "https://watan.fm/",
        "favicon": "https://watan.fm/favicon.ico",
        "tags": "",
        "country": "Syrian Arab Republic",
        "countrycode": "SY",
        "iso_3166_2": null,
        "state": "",
        "language": "arabic",
        "languagecodes": "ar",
        "votes": 399,
        "lastchangetime": "2022-10-17 09:48:37",
        "lastchangetime_iso8601": "2022-10-17T09:48:37Z",
        "codec": "MP3",
        "bitrate": 128,
        "hls": 0,
        "lastcheckok": 1,
        "lastchecktime": "2023-04-08 06:40:20",
        "lastchecktime_iso8601": "2023-04-08T06:40:20Z",
        "lastcheckoktime": "2023-04-08 06:40:20",
        "lastcheckoktime_iso8601": "2023-04-08T06:40:20Z",
        "lastlocalchecktime": "2023-04-07 18:17:23",
        "lastlocalchecktime_iso8601": "2023-04-07T18:17:23Z",
        "clicktimestamp": "2023-04-08 09:16:35",
        "clicktimestamp_iso8601": "2023-04-08T09:16:35Z",
        "clickcount": 38,
        "clicktrend": -4,
        "ssl_error": 0,
        "geo_lat": null,
        "geo_long": null,
        "has_extended_info": false
    },
    {
        "changeuuid": "93efa8bb-0d7f-4237-a759-d2fe5748b716",
        "stationuuid": "360b1f57-2534-11e9-a80b-52543be04c81",
        "serveruuid": "ae371a89-672a-456f-ae46-609e10bcca24",
        "name": "Arta Radio",
        "url": "http://edge.mixlr.com/channel/qtgru",
        "url_resolved": "http://edge.mixlr.com/channel/qtgru",
        "homepage": "http://www.artafm.com/",
        "favicon": "http://www.artafm.com/sites/all/themes/simpl/favicon.png",
        "tags": "",
        "country": "Syrian Arab Republic",
        "countrycode": "SY",
        "iso_3166_2": null,
        "state": "Damascus",
        "language": "arabic",
        "languagecodes": "ar",
        "votes": 398,
        "lastchangetime": "2022-12-08 15:58:53",
        "lastchangetime_iso8601": "2022-12-08T15:58:53Z",
        "codec": "MP3",
        "bitrate": 0,
        "hls": 0,
        "lastcheckok": 1,
        "lastchecktime": "2023-04-08 03:07:38",
        "lastchecktime_iso8601": "2023-04-08T03:07:38Z",
        "lastcheckoktime": "2023-04-08 03:07:38",
        "lastcheckoktime_iso8601": "2023-04-08T03:07:38Z",
        "lastlocalchecktime": "2023-04-07 20:38:34",
        "lastlocalchecktime_iso8601": "2023-04-07T20:38:34Z",
        "clicktimestamp": "2023-04-07 18:45:46",
        "clicktimestamp_iso8601": "2023-04-07T18:45:46Z",
        "clickcount": 28,
        "clicktrend": -1,
        "ssl_error": 0,
        "geo_lat": null,
        "geo_long": null,
        "has_extended_info": false
    },
    {
        "changeuuid": "3c00a8c2-b30f-4ad1-92f6-d3be33f2bd2c",
        "stationuuid": "bad981d2-73bc-4f42-af0c-e409f4259481",
        "serveruuid": "bb9ad084-6ef9-418a-924c-82dd26b44bec",
        "name": "Radio Fann",
        "url": "http://188.247.86.66/RadioFann/Audio128/playlist.m3u8",
        "url_resolved": "http://188.247.86.66/RadioFann/Audio128/playlist.m3u8",
        "homepage": "http://www.radiofann.com/",
        "favicon": "",
        "tags": "",
        "country": "Syrian Arab Republic",
        "countrycode": "SY",
        "iso_3166_2": null,
        "state": "",
        "language": "arabic",
        "languagecodes": "ar",
        "votes": 361,
        "lastchangetime": "2022-09-02 04:11:21",
        "lastchangetime_iso8601": "2022-09-02T04:11:21Z",
        "codec": "MP3",
        "bitrate": 140,
        "hls": 1,
        "lastcheckok": 1,
        "lastchecktime": "2023-04-08 11:45:59",
        "lastchecktime_iso8601": "2023-04-08T11:45:59Z",
        "lastcheckoktime": "2023-04-08 11:45:59",
        "lastcheckoktime_iso8601": "2023-04-08T11:45:59Z",
        "lastlocalchecktime": "2023-04-08 08:20:05",
        "lastlocalchecktime_iso8601": "2023-04-08T08:20:05Z",
        "clicktimestamp": "2023-04-08 08:42:59",
        "clicktimestamp_iso8601": "2023-04-08T08:42:59Z",
        "clickcount": 40,
        "clicktrend": -1,
        "ssl_error": 0,
        "geo_lat": null,
        "geo_long": null,
        "has_extended_info": false
    },
    {
        "changeuuid": "b9873df8-0187-4f48-9759-f32d1cfb0101",
        "stationuuid": "19852c68-0ca5-4950-8422-f30c18573c66",
        "serveruuid": "8007aa3a-f383-4161-a14e-b5a353aa5d29",
        "name": "Sada FM",
        "url": "http://sc8new.shoutcaststreaming.us:8032/stream.mp3",
        "url_resolved": "http://sc8new.shoutcaststreaming.us:8032/stream.mp3",
        "homepage": "https://sada-fm.com/",
        "favicon": "",
        "tags": "",
        "country": "Syrian Arab Republic",
        "countrycode": "SY",
        "iso_3166_2": null,
        "state": "",
        "language": "arabic",
        "languagecodes": "ar",
        "votes": 336,
        "lastchangetime": "2022-05-15 20:00:34",
        "lastchangetime_iso8601": "2022-05-15T20:00:34Z",
        "codec": "MP3",
        "bitrate": 96,
        "hls": 0,
        "lastcheckok": 1,
        "lastchecktime": "2023-04-07 19:29:18",
        "lastchecktime_iso8601": "2023-04-07T19:29:18Z",
        "lastcheckoktime": "2023-04-07 19:29:18",
        "lastcheckoktime_iso8601": "2023-04-07T19:29:18Z",
        "lastlocalchecktime": "2023-04-07 19:27:07",
        "lastlocalchecktime_iso8601": "2023-04-07T19:27:07Z",
        "clicktimestamp": "2023-04-08 12:49:38",
        "clicktimestamp_iso8601": "2023-04-08T12:49:38Z",
        "clickcount": 78,
        "clicktrend": 0,
        "ssl_error": 0,
        "geo_lat": null,
        "geo_long": null,
        "has_extended_info": false
    },
    {
        "changeuuid": "8e01daed-0bc9-41da-ab77-71174a8575f1",
        "stationuuid": "23b22c99-7231-43b4-9620-acf9e428c9c9",
        "serveruuid": "f00b36f2-105e-4740-a093-687237f56c3c",
        "name": "Mix FM Syria",
        "url": "https://stream.mixfmsyria.net/;stream.mp3",
        "url_resolved": "https://stream.mixfmsyria.net/;stream.mp3",
        "homepage": "https://mixfmsyria.net/",
        "favicon": "https://mixfmsyria.net/logo.png",
        "tags": "",
        "country": "Syrian Arab Republic",
        "countrycode": "SY",
        "iso_3166_2": null,
        "state": "Damascus",
        "language": "arabic,english",
        "languagecodes": "ar,en",
        "votes": 333,
        "lastchangetime": "2022-10-08 02:16:56",
        "lastchangetime_iso8601": "2022-10-08T02:16:56Z",
        "codec": "MP3",
        "bitrate": 128,
        "hls": 0,
        "lastcheckok": 1,
        "lastchecktime": "2023-04-07 18:34:55",
        "lastchecktime_iso8601": "2023-04-07T18:34:55Z",
        "lastcheckoktime": "2023-04-07 18:34:55",
        "lastcheckoktime_iso8601": "2023-04-07T18:34:55Z",
        "lastlocalchecktime": "2023-04-07 17:43:28",
        "lastlocalchecktime_iso8601": "2023-04-07T17:43:28Z",
        "clicktimestamp": "2023-04-08 01:27:51",
        "clicktimestamp_iso8601": "2023-04-08T01:27:51Z",
        "clickcount": 40,
        "clicktrend": -3,
        "ssl_error": 0,
        "geo_lat": null,
        "geo_long": null,
        "has_extended_info": false
    },
    {
        "changeuuid": "918a251c-8716-44d8-b97a-cb526335e004",
        "stationuuid": "32edf7ef-a067-4ef1-a56c-d6a852b28c5d",
        "serveruuid": "ba56da5b-fab1-4f79-b0cc-8bb15cda5344",
        "name": "Farah FM",
        "url": "http://167.114.3.184:8000/;",
        "url_resolved": "http://167.114.3.184:8000/;",
        "homepage": "https://farah.fm/",
        "favicon": "",
        "tags": "",
        "country": "Syrian Arab Republic",
        "countrycode": "SY",
        "iso_3166_2": null,
        "state": "",
        "language": "arabic",
        "languagecodes": "ar",
        "votes": 330,
        "lastchangetime": "2023-01-11 12:57:47",
        "lastchangetime_iso8601": "2023-01-11T12:57:47Z",
        "codec": "MP3",
        "bitrate": 64,
        "hls": 0,
        "lastcheckok": 1,
        "lastchecktime": "2023-04-07 19:03:16",
        "lastchecktime_iso8601": "2023-04-07T19:03:16Z",
        "lastcheckoktime": "2023-04-07 19:03:16",
        "lastcheckoktime_iso8601": "2023-04-07T19:03:16Z",
        "lastlocalchecktime": "2023-04-07 19:03:16",
        "lastlocalchecktime_iso8601": "2023-04-07T19:03:16Z",
        "clicktimestamp": "2023-04-08 01:27:32",
        "clicktimestamp_iso8601": "2023-04-08T01:27:32Z",
        "clickcount": 53,
        "clicktrend": -2,
        "ssl_error": 0,
        "geo_lat": null,
        "geo_long": null,
        "has_extended_info": false
    },
    {
        "changeuuid": "1f8bc2d9-a26c-479b-96b3-ffa0e65e8c56",
        "stationuuid": "ab0064e8-1f59-48a4-ad18-f288497abd79",
        "serveruuid": "cc803fdc-5248-44e0-ba8d-a6a5a34e17ec",
        "name": "Asima Online Radio",
        "url": "https://asima.out.airtime.pro/asima_a",
        "url_resolved": "https://asima.out.airtime.pro/asima_a",
        "homepage": "https://www.asima-online.net/",
        "favicon": "https://www.asima-online.net/wp-content/uploads/2020/06/cropped-logo-asima-180x180.png",
        "tags": "",
        "country": "Syrian Arab Republic",
        "countrycode": "SY",
        "iso_3166_2": null,
        "state": "",
        "language": "arabic",
        "languagecodes": "ar",
        "votes": 301,
        "lastchangetime": "2022-04-19 17:20:01",
        "lastchangetime_iso8601": "2022-04-19T17:20:01Z",
        "codec": "MP3",
        "bitrate": 128,
        "hls": 0,
        "lastcheckok": 1,
        "lastchecktime": "2023-04-08 07:56:20",
        "lastchecktime_iso8601": "2023-04-08T07:56:20Z",
        "lastcheckoktime": "2023-04-08 07:56:20",
        "lastcheckoktime_iso8601": "2023-04-08T07:56:20Z",
        "lastlocalchecktime": "2023-04-07 19:37:58",
        "lastlocalchecktime_iso8601": "2023-04-07T19:37:58Z",
        "clicktimestamp": "2023-04-08 01:28:13",
        "clicktimestamp_iso8601": "2023-04-08T01:28:13Z",
        "clickcount": 23,
        "clicktrend": -2,
        "ssl_error": 0,
        "geo_lat": null,
        "geo_long": null,
        "has_extended_info": false
    },
    {
        "changeuuid": "10783a54-bba7-4b5a-8ec4-28b27c8c4c60",
        "stationuuid": "be96dafb-741f-4385-9726-9a3c218c79b3",
        "serveruuid": "b3c2503a-fe28-46bf-929f-97a2be70ef12",
        "name": "syria news",
        "url": "http://radioliveb.rtv.gov.sy:8002/Snews",
        "url_resolved": "http://radioliveb.rtv.gov.sy:8002/Snews",
        "homepage": "https://www.ortad.net/",
        "favicon": "",
        "tags": "news",
        "country": "Syrian Arab Republic",
        "countrycode": "SY",
        "iso_3166_2": null,
        "state": "",
        "language": "arabesk",
        "languagecodes": "",
        "votes": 267,
        "lastchangetime": "2022-06-16 12:19:48",
        "lastchangetime_iso8601": "2022-06-16T12:19:48Z",
        "codec": "AAC+",
        "bitrate": 100,
        "hls": 0,
        "lastcheckok": 1,
        "lastchecktime": "2023-04-08 01:25:57",
        "lastchecktime_iso8601": "2023-04-08T01:25:57Z",
        "lastcheckoktime": "2023-04-08 01:25:57",
        "lastcheckoktime_iso8601": "2023-04-08T01:25:57Z",
        "lastlocalchecktime": "2023-04-07 16:17:55",
        "lastlocalchecktime_iso8601": "2023-04-07T16:17:55Z",
        "clicktimestamp": "2023-04-08 08:42:26",
        "clicktimestamp_iso8601": "2023-04-08T08:42:26Z",
        "clickcount": 48,
        "clicktrend": 2,
        "ssl_error": 0,
        "geo_lat": null,
        "geo_long": null,
        "has_extended_info": false
    },
    {
        "changeuuid": "581cda89-0357-4885-abcc-73080613ea24",
        "stationuuid": "af13376b-2de8-4fbb-b1b2-a7b8e157176a",
        "serveruuid": "b3c2503a-fe28-46bf-929f-97a2be70ef12",
        "name": "syria sat",
        "url": "http://radioliveb.rtv.gov.sy:8002/Sat",
        "url_resolved": "http://radioliveb.rtv.gov.sy:8002/Sat",
        "homepage": "https://www.ortad.net/",
        "favicon": "",
        "tags": "",
        "country": "Syrian Arab Republic",
        "countrycode": "SY",
        "iso_3166_2": null,
        "state": "",
        "language": "arabesk",
        "languagecodes": "",
        "votes": 216,
        "lastchangetime": "2022-06-16 12:14:35",
        "lastchangetime_iso8601": "2022-06-16T12:14:35Z",
        "codec": "AAC+",
        "bitrate": 129,
        "hls": 0,
        "lastcheckok": 1,
        "lastchecktime": "2023-04-07 23:44:32",
        "lastchecktime_iso8601": "2023-04-07T23:44:32Z",
        "lastcheckoktime": "2023-04-07 23:44:32",
        "lastcheckoktime_iso8601": "2023-04-07T23:44:32Z",
        "lastlocalchecktime": "2023-04-07 19:15:03",
        "lastlocalchecktime_iso8601": "2023-04-07T19:15:03Z",
        "clicktimestamp": "2023-04-08 09:04:00",
        "clicktimestamp_iso8601": "2023-04-08T09:04:00Z",
        "clickcount": 62,
        "clicktrend": 3,
        "ssl_error": 0,
        "geo_lat": null,
        "geo_long": null,
        "has_extended_info": false
    },
    {
        "changeuuid": "93d61a41-00ba-46dc-a88c-83bf13344e59",
        "stationuuid": "626dd325-07e4-4187-b52f-d426af977c8a",
        "serveruuid": "5e69e8f9-33ce-4d1a-b328-ee3150e997c5",
        "name": "Exclusively Meat Loaf",
        "url": "https://streaming.exclusive.radio/er/meatloaf/icecast.audio",
        "url_resolved": "https://streaming.exclusive.radio/er/meatloaf/icecast.audio",
        "homepage": "https://play.exclusive.radio/",
        "favicon": "https://play.exclusive.radio/static/assets/img/apple-icon-120x120.png",
        "tags": "pop",
        "country": "Syrian Arab Republic",
        "countrycode": "SY",
        "iso_3166_2": null,
        "state": "",
        "language": "",
        "languagecodes": "",
        "votes": 214,
        "lastchangetime": "2022-09-02 22:56:05",
        "lastchangetime_iso8601": "2022-09-02T22:56:05Z",
        "codec": "MP3",
        "bitrate": 0,
        "hls": 0,
        "lastcheckok": 1,
        "lastchecktime": "2023-04-08 07:56:20",
        "lastchecktime_iso8601": "2023-04-08T07:56:20Z",
        "lastcheckoktime": "2023-04-08 07:56:20",
        "lastcheckoktime_iso8601": "2023-04-08T07:56:20Z",
        "lastlocalchecktime": "2023-04-07 19:55:46",
        "lastlocalchecktime_iso8601": "2023-04-07T19:55:46Z",
        "clicktimestamp": "2023-04-08 12:22:41",
        "clicktimestamp_iso8601": "2023-04-08T12:22:41Z",
        "clickcount": 26,
        "clicktrend": 0,
        "ssl_error": 0,
        "geo_lat": null,
        "geo_long": null,
        "has_extended_info": false
    },
    {
        "changeuuid": "94626702-bb42-4b24-b8ae-2bda52e9e200",
        "stationuuid": "d429e3dd-70af-4786-a9a2-1a5afa32311b",
        "serveruuid": "09789307-1952-4428-bb60-8e0442fb6cd0",
        "name": "Denge Welat",
        "url": "http://www.denge-welat.org:8002/;stream.mp3",
        "url_resolved": "http://www.denge-welat.org:8002/;stream.mp3",
        "homepage": "http://www.denge-welat.org/",
        "favicon": "",
        "tags": "politics",
        "country": "Syrian Arab Republic",
        "countrycode": "SY",
        "iso_3166_2": null,
        "state": "",
        "language": "kurdish",
        "languagecodes": "ku",
        "votes": 203,
        "lastchangetime": "2022-08-29 19:22:06",
        "lastchangetime_iso8601": "2022-08-29T19:22:06Z",
        "codec": "MP3",
        "bitrate": 128,
        "hls": 0,
        "lastcheckok": 1,
        "lastchecktime": "2023-04-08 08:49:21",
        "lastchecktime_iso8601": "2023-04-08T08:49:21Z",
        "lastcheckoktime": "2023-04-08 08:49:21",
        "lastcheckoktime_iso8601": "2023-04-08T08:49:21Z",
        "lastlocalchecktime": "2023-04-08 08:49:21",
        "lastlocalchecktime_iso8601": "2023-04-08T08:49:21Z",
        "clicktimestamp": "2023-04-08 08:42:40",
        "clicktimestamp_iso8601": "2023-04-08T08:42:40Z",
        "clickcount": 31,
        "clicktrend": 1,
        "ssl_error": 0,
        "geo_lat": null,
        "geo_long": null,
        "has_extended_info": false
    },
    {
        "changeuuid": "c1a24eed-ea35-4de0-895d-b5bddf363848",
        "stationuuid": "9744b93a-bf81-49a9-9fcc-bc3dcebc6e54",
        "serveruuid": "ae371a89-672a-456f-ae46-609e10bcca24",
        "name": "Arta FM",
        "url": "http://edge.mixlr.com/channel/qtgru",
        "url_resolved": "http://edge.mixlr.com/channel/qtgru",
        "homepage": "https://www.artafm.com/",
        "favicon": "https://www.artafm.com/sites/all/themes/simpl/favicon.png",
        "tags": "",
        "country": "Syrian Arab Republic",
        "countrycode": "SY",
        "iso_3166_2": null,
        "state": "",
        "language": "arabic",
        "languagecodes": "ar",
        "votes": 185,
        "lastchangetime": "2022-12-08 03:30:08",
        "lastchangetime_iso8601": "2022-12-08T03:30:08Z",
        "codec": "MP3",
        "bitrate": 0,
        "hls": 0,
        "lastcheckok": 1,
        "lastchecktime": "2023-04-08 02:27:05",
        "lastchecktime_iso8601": "2023-04-08T02:27:05Z",
        "lastcheckoktime": "2023-04-08 02:27:05",
        "lastcheckoktime_iso8601": "2023-04-08T02:27:05Z",
        "lastlocalchecktime": "2023-04-07 21:05:08",
        "lastlocalchecktime_iso8601": "2023-04-07T21:05:08Z",
        "clicktimestamp": "2023-04-08 07:07:10",
        "clicktimestamp_iso8601": "2023-04-08T07:07:10Z",
        "clickcount": 37,
        "clicktrend": -1,
        "ssl_error": 0,
        "geo_lat": null,
        "geo_long": null,
        "has_extended_info": false
    },
    {
        "changeuuid": "00d5f73d-60cd-4815-9ced-a4086b923091",
        "stationuuid": "4db00163-5800-4a5d-ac06-afb3e2774819",
        "serveruuid": "5ac7eb4d-9425-41eb-ab26-a87ff4a083de",
        "name": "Dicle FM",
        "url": "https://dicle-rojavaradio.radioca.st/stream",
        "url_resolved": "https://dicle-rojavaradio.radioca.st/stream",
        "homepage": "https://dicle.fm/",
        "favicon": "",
        "tags": "kurdish songs",
        "country": "Syrian Arab Republic",
        "countrycode": "SY",
        "iso_3166_2": null,
        "state": "",
        "language": "kurdish",
        "languagecodes": "ku",
        "votes": 169,
        "lastchangetime": "2022-05-25 13:02:48",
        "lastchangetime_iso8601": "2022-05-25T13:02:48Z",
        "codec": "MP3",
        "bitrate": 96,
        "hls": 0,
        "lastcheckok": 1,
        "lastchecktime": "2023-04-08 01:05:36",
        "lastchecktime_iso8601": "2023-04-08T01:05:36Z",
        "lastcheckoktime": "2023-04-07 20:23:01",
        "lastcheckoktime_iso8601": "2023-04-07T20:23:01Z",
        "lastlocalchecktime": "2023-04-07 20:23:01",
        "lastlocalchecktime_iso8601": "2023-04-07T20:23:01Z",
        "clicktimestamp": "2023-04-08 07:45:17",
        "clicktimestamp_iso8601": "2023-04-08T07:45:17Z",
        "clickcount": 30,
        "clicktrend": -4,
        "ssl_error": 0,
        "geo_lat": null,
        "geo_long": null,
        "has_extended_info": false
    },
    {
        "changeuuid": "7da11498-1488-4642-baa9-d04c50a8943e",
        "stationuuid": "5cc35d1b-1ff5-47c9-835d-a4ecc9ab7e76",
        "serveruuid": "c2ad31f9-0179-465e-9199-63f6a36165c1",
        "name": "Denge Qamishlo",
        "url": "https://dengeqamishlo.stream.laut.fm/dengeqamishlo",
        "url_resolved": "https://dengeqamishlo.stream.laut.fm/dengeqamishlo",
        "homepage": "https://laut.fm/dengeqamishlo",
        "favicon": "https://www.radio.de/images/broadcasts/d5/fc/5924/1/c300.png",
        "tags": "folk music,kurdish folk music,kurdish songs",
        "country": "Syrian Arab Republic",
        "countrycode": "SY",
        "iso_3166_2": null,
        "state": "",
        "language": "kurdish",
        "languagecodes": "ku",
        "votes": 166,
        "lastchangetime": "2022-05-08 13:20:38",
        "lastchangetime_iso8601": "2022-05-08T13:20:38Z",
        "codec": "MP3",
        "bitrate": 128,
        "hls": 0,
        "lastcheckok": 1,
        "lastchecktime": "2023-04-08 08:53:47",
        "lastchecktime_iso8601": "2023-04-08T08:53:47Z",
        "lastcheckoktime": "2023-04-08 08:53:47",
        "lastcheckoktime_iso8601": "2023-04-08T08:53:47Z",
        "lastlocalchecktime": "2023-04-07 17:22:03",
        "lastlocalchecktime_iso8601": "2023-04-07T17:22:03Z",
        "clicktimestamp": "2023-04-08 11:16:53",
        "clicktimestamp_iso8601": "2023-04-08T11:16:53Z",
        "clickcount": 19,
        "clicktrend": 1,
        "ssl_error": 0,
        "geo_lat": null,
        "geo_long": null,
        "has_extended_info": false
    },
    {
        "changeuuid": "a8a5f63e-6f0d-4fad-bb89-a07a31ff4540",
        "stationuuid": "3b02f547-adc7-4650-8a0f-a8157d121b6b",
        "serveruuid": "7f7fc96b-6d49-43f5-a9ef-c4e58fc7e5df",
        "name": "Rebaz FM",
        "url": "https://rasti.out.airtime.pro/rasti_a",
        "url_resolved": "https://rasti.out.airtime.pro/rasti_a",
        "homepage": "https://www.rebaznews.net/",
        "favicon": "",
        "tags": "kurdish songs",
        "country": "Syrian Arab Republic",
        "countrycode": "SY",
        "iso_3166_2": null,
        "state": "",
        "language": "kurdish",
        "languagecodes": "ku",
        "votes": 149,
        "lastchangetime": "2022-06-24 15:55:08",
        "lastchangetime_iso8601": "2022-06-24T15:55:08Z",
        "codec": "MP3",
        "bitrate": 128,
        "hls": 0,
        "lastcheckok": 1,
        "lastchecktime": "2023-04-08 02:27:05",
        "lastchecktime_iso8601": "2023-04-08T02:27:05Z",
        "lastcheckoktime": "2023-04-08 02:27:05",
        "lastcheckoktime_iso8601": "2023-04-08T02:27:05Z",
        "lastlocalchecktime": "2023-04-07 17:50:22",
        "lastlocalchecktime_iso8601": "2023-04-07T17:50:22Z",
        "clicktimestamp": "2023-04-08 11:17:57",
        "clicktimestamp_iso8601": "2023-04-08T11:17:57Z",
        "clickcount": 28,
        "clicktrend": 5,
        "ssl_error": 0,
        "geo_lat": null,
        "geo_long": null,
        "has_extended_info": false
    },
    {
        "changeuuid": "1f87a771-188e-4cc5-9766-9649ac01dae4",
        "stationuuid": "2e2ed3c0-b97a-4c85-a9c0-43bbcdb78d71",
        "serveruuid": "be8e0cdb-010d-45da-940e-ceb5ee3a31cb",
        "name": "Star FM",
        "url": "http://5.9.71.122:8204/;",
        "url_resolved": "http://5.9.71.122:8204/;",
        "homepage": "http://star-fm.net/",
        "favicon": "",
        "tags": "folk music,kurdish folk music,news",
        "country": "Syrian Arab Republic",
        "countrycode": "SY",
        "iso_3166_2": null,
        "state": "",
        "language": "kurdish",
        "languagecodes": "ku",
        "votes": 143,
        "lastchangetime": "2022-08-29 21:02:50",
        "lastchangetime_iso8601": "2022-08-29T21:02:50Z",
        "codec": "MP3",
        "bitrate": 80,
        "hls": 0,
        "lastcheckok": 1,
        "lastchecktime": "2023-04-08 07:56:20",
        "lastchecktime_iso8601": "2023-04-08T07:56:20Z",
        "lastcheckoktime": "2023-04-08 07:56:20",
        "lastcheckoktime_iso8601": "2023-04-08T07:56:20Z",
        "lastlocalchecktime": "2023-04-07 17:50:22",
        "lastlocalchecktime_iso8601": "2023-04-07T17:50:22Z",
        "clicktimestamp": "2023-04-08 01:28:17",
        "clicktimestamp_iso8601": "2023-04-08T01:28:17Z",
        "clickcount": 21,
        "clicktrend": 0,
        "ssl_error": 0,
        "geo_lat": null,
        "geo_long": null,
        "has_extended_info": false
    },
    {
        "changeuuid": "dc83b8b6-799f-45bc-9864-50f399fd6df5",
        "stationuuid": "4c1e3a86-c9ce-41e2-9a22-f449a7ed8212",
        "serveruuid": "9ce8dd9d-ff87-4d93-a814-aef7d0070134",
        "name": "Amwaj FM",
        "url": "http://radiolive.rtv.gov.sy:1935/RAmwaj/RAmwajLive/playlist.m3u8",
        "url_resolved": "http://radiolive.rtv.gov.sy:1935/RAmwaj/RAmwajLive/playlist.m3u8",
        "homepage": "https://www.ortas.online/index.php?d=100452&id=228643",
        "favicon": "",
        "tags": "",
        "country": "Syrian Arab Republic",
        "countrycode": "SY",
        "iso_3166_2": null,
        "state": "",
        "language": "arabic",
        "languagecodes": "ar",
        "votes": 36,
        "lastchangetime": "2023-03-11 12:55:11",
        "lastchangetime_iso8601": "2023-03-11T12:55:11Z",
        "codec": "AAC",
        "bitrate": 128,
        "hls": 1,
        "lastcheckok": 1,
        "lastchecktime": "2023-04-08 13:10:16",
        "lastchecktime_iso8601": "2023-04-08T13:10:16Z",
        "lastcheckoktime": "2023-04-08 13:10:16",
        "lastcheckoktime_iso8601": "2023-04-08T13:10:16Z",
        "lastlocalchecktime": "2023-04-07 18:23:56",
        "lastlocalchecktime_iso8601": "2023-04-07T18:23:56Z",
        "clicktimestamp": "2023-04-08 01:10:34",
        "clicktimestamp_iso8601": "2023-04-08T01:10:34Z",
        "clickcount": 44,
        "clicktrend": -6,
        "ssl_error": 0,
        "geo_lat": null,
        "geo_long": null,
        "has_extended_info": false
    },
    {
        "changeuuid": "85c72d41-a1ab-4488-819a-98657d46b833",
        "stationuuid": "5ed643ec-0328-4d3e-971a-0783bf5f19ee",
        "serveruuid": "27ee40c7-d723-4612-94af-9ecb0f4b4366",
        "name": "Quds",
        "url": "http://91.144.31.235:8000/live.nsv",
        "url_resolved": "http://91.144.31.235:8000/live.nsv",
        "homepage": "http://alqudsradio.net/",
        "favicon": "",
        "tags": "local news,news,news talk",
        "country": "Syrian Arab Republic",
        "countrycode": "SY",
        "iso_3166_2": null,
        "state": "",
        "language": "",
        "languagecodes": "",
        "votes": 32,
        "lastchangetime": "2023-01-31 16:04:43",
        "lastchangetime_iso8601": "2023-01-31T16:04:43Z",
        "codec": "MP3",
        "bitrate": 128,
        "hls": 0,
        "lastcheckok": 1,
        "lastchecktime": "2023-04-08 10:22:49",
        "lastchecktime_iso8601": "2023-04-08T10:22:49Z",
        "lastcheckoktime": "2023-04-08 10:22:49",
        "lastcheckoktime_iso8601": "2023-04-08T10:22:49Z",
        "lastlocalchecktime": "2023-04-08 10:22:49",
        "lastlocalchecktime_iso8601": "2023-04-08T10:22:49Z",
        "clicktimestamp": "2023-04-08 01:28:38",
        "clicktimestamp_iso8601": "2023-04-08T01:28:38Z",
        "clickcount": 18,
        "clicktrend": 0,
        "ssl_error": 0,
        "geo_lat": 33.70720508199262,
        "geo_long": 36.25488281250001,
        "has_extended_info": false
    },
    {
        "changeuuid": "9f79ae4d-fd6e-41b8-ba84-7e9070a04f12",
        "stationuuid": "abbab5ba-4d4c-4c1e-8356-fdf5d5a25de5",
        "serveruuid": "23d8178f-4867-4d3b-ad10-8599a46ec7bb",
        "name": "\u0644\u0627 \u0627\u0644\u0642\u0627\u0631\u0626 \u0645\u062d\u0645\u062f \u0623\u064a\u0648\u0628 ",
        "url": "https://qurango.net/radio/mohammed_ayyub",
        "url_resolved": "https://qurango.net/radio/mohammed_ayyub",
        "homepage": "",
        "favicon": "",
        "tags": "classical",
        "country": "Syrian Arab Republic",
        "countrycode": "SY",
        "iso_3166_2": null,
        "state": "",
        "language": "",
        "languagecodes": "",
        "votes": 31,
        "lastchangetime": "2023-01-28 07:16:56",
        "lastchangetime_iso8601": "2023-01-28T07:16:56Z",
        "codec": "MP3",
        "bitrate": 128,
        "hls": 0,
        "lastcheckok": 1,
        "lastchecktime": "2023-04-08 10:39:45",
        "lastchecktime_iso8601": "2023-04-08T10:39:45Z",
        "lastcheckoktime": "2023-04-08 10:39:45",
        "lastcheckoktime_iso8601": "2023-04-08T10:39:45Z",
        "lastlocalchecktime": "2023-04-07 20:29:54",
        "lastlocalchecktime_iso8601": "2023-04-07T20:29:54Z",
        "clicktimestamp": "2023-04-08 01:28:28",
        "clicktimestamp_iso8601": "2023-04-08T01:28:28Z",
        "clickcount": 19,
        "clicktrend": 0,
        "ssl_error": 0,
        "geo_lat": null,
        "geo_long": null,
        "has_extended_info": false
    },
    {
        "changeuuid": "f3a55779-2d5a-4fb8-ad5d-ca940932b68a",
        "stationuuid": "8685136c-aa3b-4fb5-ae07-16c6772d13a3",
        "serveruuid": "36408541-8e93-45c9-9b96-d2b751eb8265",
        "name": ".Nidaa Islam ",
        "url": "https://n0c.radiojar.com/59096z743d0uv?rj-ttl=5&rj-tok=AAABhd07tHIAJ2GRl2KNynaKow",
        "url_resolved": "http://n03.radiojar.com/59096z743d0uv?rj-ttl=5&rj-tok=AAABh2DLER0AA3meGnMnVSZANw",
        "homepage": "",
        "favicon": "https://yt3.googleusercontent.com/g7QLQFSQFZyGLz-IHCxjLEl7hEU8_-5KwZufvkeyqvvYORHEB3QxUZGaRmWjbC2Ewe7QGk8L5A=s900-c-k-c0x00ffffff-no-rj",
        "tags": "classical",
        "country": "Syrian Arab Republic",
        "countrycode": "SY",
        "iso_3166_2": null,
        "state": "",
        "language": "",
        "languagecodes": "",
        "votes": 31,
        "lastchangetime": "2023-01-23 06:02:12",
        "lastchangetime_iso8601": "2023-01-23T06:02:12Z",
        "codec": "MP3",
        "bitrate": 0,
        "hls": 0,
        "lastcheckok": 1,
        "lastchecktime": "2023-04-08 12:13:03",
        "lastchecktime_iso8601": "2023-04-08T12:13:03Z",
        "lastcheckoktime": "2023-04-08 12:13:03",
        "lastcheckoktime_iso8601": "2023-04-08T12:13:03Z",
        "lastlocalchecktime": "2023-04-07 19:05:58",
        "lastlocalchecktime_iso8601": "2023-04-07T19:05:58Z",
        "clicktimestamp": "2023-04-08 09:16:48",
        "clicktimestamp_iso8601": "2023-04-08T09:16:48Z",
        "clickcount": 19,
        "clicktrend": 2,
        "ssl_error": 0,
        "geo_lat": null,
        "geo_long": null,
        "has_extended_info": false
    },
    {
        "changeuuid": "28eea567-4c9f-4e8c-8562-a8f1ec3cb64c",
        "stationuuid": "228971b2-92e7-42c1-8162-2659b4a0dcba",
        "serveruuid": "23d8178f-4867-4d3b-ad10-8599a46ec7bb",
        "name": ".. \u0645\u062e\u062a\u0635\u0631 \u0627\u0644\u062a\u0641\u0633\u064a\u0631 ",
        "url": "https://qurango.net/radio/mukhtasartafsir",
        "url_resolved": "https://qurango.net/radio/mukhtasartafsir",
        "homepage": "",
        "favicon": "",
        "tags": "classical",
        "country": "Syrian Arab Republic",
        "countrycode": "SY",
        "iso_3166_2": null,
        "state": "",
        "language": "",
        "languagecodes": "",
        "votes": 30,
        "lastchangetime": "2023-01-23 12:14:31",
        "lastchangetime_iso8601": "2023-01-23T12:14:31Z",
        "codec": "MP3",
        "bitrate": 128,
        "hls": 0,
        "lastcheckok": 1,
        "lastchecktime": "2023-04-08 14:09:02",
        "lastchecktime_iso8601": "2023-04-08T14:09:02Z",
        "lastcheckoktime": "2023-04-08 14:09:02",
        "lastcheckoktime_iso8601": "2023-04-08T14:09:02Z",
        "lastlocalchecktime": "2023-04-08 14:09:02",
        "lastlocalchecktime_iso8601": "2023-04-08T14:09:02Z",
        "clicktimestamp": "2023-04-08 01:29:58",
        "clicktimestamp_iso8601": "2023-04-08T01:29:58Z",
        "clickcount": 19,
        "clicktrend": 2,
        "ssl_error": 0,
        "geo_lat": null,
        "geo_long": null,
        "has_extended_info": false
    },
    {
        "changeuuid": "5e0a1cf4-2a4c-4ac8-b67d-b3f5d8d4dbd4",
        "stationuuid": "b828dcc1-f869-4e66-8312-a350774580b9",
        "serveruuid": "6301eab3-9f48-4ddc-bec8-c75d052ef2fd",
        "name": "Orient Radio",
        "url": "https://svs.itworkscdn.net/orientradiolive/orlive/playlist.m3u8",
        "url_resolved": "https://svs.itworkscdn.net/orientradiolive/orlive/playlist.m3u8",
        "homepage": "https://orient-news.net/",
        "favicon": "",
        "tags": "",
        "country": "Syrian Arab Republic",
        "countrycode": "SY",
        "iso_3166_2": null,
        "state": "",
        "language": "arabic",
        "languagecodes": "ar",
        "votes": 623,
        "lastchangetime": "2022-09-08 08:04:38",
        "lastchangetime_iso8601": "2022-09-08T08:04:38Z",
        "codec": "AAC",
        "bitrate": 66,
        "hls": 1,
        "lastcheckok": 1,
        "lastchecktime": "2023-07-09 04:33:50",
        "lastchecktime_iso8601": "2023-07-09T04:33:50Z",
        "lastcheckoktime": "2023-07-09 04:33:50",
        "lastcheckoktime_iso8601": "2023-07-09T04:33:50Z",
        "lastlocalchecktime": "2023-07-09 03:23:57",
        "lastlocalchecktime_iso8601": "2023-07-09T03:23:57Z",
        "clicktimestamp": "2023-07-09 08:55:37",
        "clicktimestamp_iso8601": "2023-07-09T08:55:37Z",
        "clickcount": 31,
        "clicktrend": -1,
        "ssl_error": 0,
        "geo_lat": null,
        "geo_long": null,
        "has_extended_info": false
    },
    {
        "changeuuid": "3d49b172-d40e-4dea-92d1-5ea4b3dace5a",
        "stationuuid": "ec277835-01e6-4a0a-b9f3-338e587c641c",
        "serveruuid": "ad893cd7-6b89-4c27-a03b-03dd4313245e",
        "name": "Orkes Radio",
        "url": "http://5.9.71.122:8257/stream",
        "url_resolved": "http://5.9.71.122:8257/stream",
        "homepage": "https://orkesfm.com/",
        "favicon": "https://orkesfm.com/wp-content/uploads/2019/02/cropped-logo-1-180x180.png",
        "tags": "politics",
        "country": "Syrian Arab Republic",
        "countrycode": "SY",
        "iso_3166_2": null,
        "state": "",
        "language": "kurdish",
        "languagecodes": "ku",
        "votes": 187,
        "lastchangetime": "2023-01-29 14:52:18",
        "lastchangetime_iso8601": "2023-01-29T14:52:18Z",
        "codec": "MP3",
        "bitrate": 48,
        "hls": 0,
        "lastcheckok": 1,
        "lastchecktime": "2023-07-08 19:13:09",
        "lastchecktime_iso8601": "2023-07-08T19:13:09Z",
        "lastcheckoktime": "2023-07-08 19:13:09",
        "lastcheckoktime_iso8601": "2023-07-08T19:13:09Z",
        "lastlocalchecktime": "2023-07-08 19:13:09",
        "lastlocalchecktime_iso8601": "2023-07-08T19:13:09Z",
        "clicktimestamp": "2023-07-09 12:02:47",
        "clicktimestamp_iso8601": "2023-07-09T12:02:47Z",
        "clickcount": 16,
        "clicktrend": 0,
        "ssl_error": 0,
        "geo_lat": null,
        "geo_long": null,
        "has_extended_info": false
    },
    {
        "changeuuid": "1436f291-4330-4e89-bfb2-a953e9874e85",
        "stationuuid": "9a960ef6-40b4-4fa1-bc57-7f8042b610ef",
        "serveruuid": "1fc8d603-4e24-4198-bbb6-29d9177717f5",
        "name": "Melody FM Syria",
        "url": "http://streaming.inet.sy:8000/melodyfm",
        "url_resolved": "http://streaming.inet.sy:8000/melodyfm",
        "homepage": "https://melodysyria.com/",
        "favicon": "https://melodysyria.com/favicon.ico",
        "tags": "",
        "country": "Syrian Arab Republic",
        "countrycode": "SY",
        "iso_3166_2": null,
        "state": "",
        "language": "arabic,english",
        "languagecodes": "ar,en",
        "votes": 88,
        "lastchangetime": "2023-05-17 10:14:55",
        "lastchangetime_iso8601": "2023-05-17T10:14:55Z",
        "codec": "MP3",
        "bitrate": 128,
        "hls": 0,
        "lastcheckok": 1,
        "lastchecktime": "2023-07-09 04:24:26",
        "lastchecktime_iso8601": "2023-07-09T04:24:26Z",
        "lastcheckoktime": "2023-07-09 04:24:26",
        "lastcheckoktime_iso8601": "2023-07-09T04:24:26Z",
        "lastlocalchecktime": "2023-07-09 04:24:26",
        "lastlocalchecktime_iso8601": "2023-07-09T04:24:26Z",
        "clicktimestamp": "2023-07-09 11:14:15",
        "clicktimestamp_iso8601": "2023-07-09T11:14:15Z",
        "clickcount": 62,
        "clicktrend": 6,
        "ssl_error": 0,
        "geo_lat": null,
        "geo_long": null,
        "has_extended_info": false
    },
    {
        "changeuuid": "410c3ce7-b74d-42ff-bf50-f9f6dc4ae5f4",
        "stationuuid": "a5925ed9-3dc8-4892-88ee-810ae871bc8c",
        "serveruuid": "7889ee56-346c-43c9-94e1-2e56bcfaeb53",
        "name": "Damascus Radio",
        "url": "http://vod.ortas.sy:1935/oLive/rdimshq05042022/playlist.m3u8",
        "url_resolved": "http://vod.ortas.sy:1935/oLive/rdimshq05042022/playlist.m3u8",
        "homepage": "https://www.ortas.online/RadioDamascus/",
        "favicon": "",
        "tags": "",
        "country": "Syrian Arab Republic",
        "countrycode": "SY",
        "iso_3166_2": null,
        "state": "",
        "language": "arabic",
        "languagecodes": "ar",
        "votes": 22,
        "lastchangetime": "2023-06-12 16:41:16",
        "lastchangetime_iso8601": "2023-06-12T16:41:16Z",
        "codec": "AAC",
        "bitrate": 130,
        "hls": 1,
        "lastcheckok": 1,
        "lastchecktime": "2023-07-09 04:56:10",
        "lastchecktime_iso8601": "2023-07-09T04:56:10Z",
        "lastcheckoktime": "2023-07-09 04:56:10",
        "lastcheckoktime_iso8601": "2023-07-09T04:56:10Z",
        "lastlocalchecktime": "2023-07-09 04:56:10",
        "lastlocalchecktime_iso8601": "2023-07-09T04:56:10Z",
        "clicktimestamp": "2023-07-09 11:23:36",
        "clicktimestamp_iso8601": "2023-07-09T11:23:36Z",
        "clickcount": 176,
        "clicktrend": -3,
        "ssl_error": 0,
        "geo_lat": null,
        "geo_long": null,
        "has_extended_info": false
    },
    {
        "changeuuid": "4ba1b53f-5b1c-403c-9f03-db63ad878a46",
        "stationuuid": "f5276f81-1344-43fe-9794-e06f240f55dc",
        "serveruuid": "7889ee56-346c-43c9-94e1-2e56bcfaeb53",
        "name": "Syrian Foreign Radio",
        "url": "http://vod.ortas.sy:1935/RCham/RChamLive/playlist.m3u8",
        "url_resolved": "http://vod.ortas.sy:1935/RCham/RChamLive/playlist.m3u8",
        "homepage": "https://en.ortas.online/index.php?d=100463",
        "favicon": "",
        "tags": "",
        "country": "Syrian Arab Republic",
        "countrycode": "SY",
        "iso_3166_2": null,
        "state": "",
        "language": "arabic,english,french",
        "languagecodes": "ar,en,fr",
        "votes": 19,
        "lastchangetime": "2023-06-12 17:04:50",
        "lastchangetime_iso8601": "2023-06-12T17:04:50Z",
        "codec": "AAC",
        "bitrate": 130,
        "hls": 1,
        "lastcheckok": 1,
        "lastchecktime": "2023-07-09 01:47:41",
        "lastchecktime_iso8601": "2023-07-09T01:47:41Z",
        "lastcheckoktime": "2023-07-09 01:47:41",
        "lastcheckoktime_iso8601": "2023-07-09T01:47:41Z",
        "lastlocalchecktime": "2023-07-09 01:47:41",
        "lastlocalchecktime_iso8601": "2023-07-09T01:47:41Z",
        "clicktimestamp": "2023-07-09 08:15:04",
        "clicktimestamp_iso8601": "2023-07-09T08:15:04Z",
        "clickcount": 19,
        "clicktrend": -3,
        "ssl_error": 0,
        "geo_lat": null,
        "geo_long": null,
        "has_extended_info": false
    },
    {
        "changeuuid": "b3279879-6358-451f-ad88-8b06b82dc040",
        "stationuuid": "a32f84ab-ea88-47e1-b0bc-78ec8c96f970",
        "serveruuid": "7889ee56-346c-43c9-94e1-2e56bcfaeb53",
        "name": "Sawt Alshabab FM",
        "url": "http://vod.ortas.sy:1935/oLive/rshabab05042022/playlist.m3u8",
        "url_resolved": "http://vod.ortas.sy:1935/oLive/rshabab05042022/playlist.m3u8",
        "homepage": "https://www.ortas.online/SawtAlshababFM",
        "favicon": "",
        "tags": "",
        "country": "Syrian Arab Republic",
        "countrycode": "SY",
        "iso_3166_2": null,
        "state": "",
        "language": "arabic,english",
        "languagecodes": "ar,en",
        "votes": 16,
        "lastchangetime": "2023-06-12 16:41:16",
        "lastchangetime_iso8601": "2023-06-12T16:41:16Z",
        "codec": "AAC",
        "bitrate": 130,
        "hls": 1,
        "lastcheckok": 1,
        "lastchecktime": "2023-07-09 05:39:19",
        "lastchecktime_iso8601": "2023-07-09T05:39:19Z",
        "lastcheckoktime": "2023-07-09 05:39:19",
        "lastcheckoktime_iso8601": "2023-07-09T05:39:19Z",
        "lastlocalchecktime": "2023-07-09 05:39:19",
        "lastlocalchecktime_iso8601": "2023-07-09T05:39:19Z",
        "clicktimestamp": "2023-07-09 10:22:08",
        "clicktimestamp_iso8601": "2023-07-09T10:22:08Z",
        "clickcount": 35,
        "clicktrend": -2,
        "ssl_error": 0,
        "geo_lat": null,
        "geo_long": null,
        "has_extended_info": false
    },
    {
        "changeuuid": "1053b750-4f5f-45d6-9d45-dc9a0323d472",
        "stationuuid": "e707c217-899b-4582-969c-4fb79295038c",
        "serveruuid": "fb38ecd9-434f-47c0-a700-9551c76ff0d1",
        "name": "Syria Sat",
        "url": "http://radioliveb.rtv.gov.sy:8008/Sat",
        "url_resolved": "http://radioliveb.rtv.gov.sy:8008/Sat",
        "homepage": "https://www.ortas.online/SyrianTV",
        "favicon": "",
        "tags": "",
        "country": "Syrian Arab Republic",
        "countrycode": "SY",
        "iso_3166_2": null,
        "state": "Damascus",
        "language": "arabic",
        "languagecodes": "ar",
        "votes": 15,
        "lastchangetime": "2023-06-12 21:43:02",
        "lastchangetime_iso8601": "2023-06-12T21:43:02Z",
        "codec": "AAC+",
        "bitrate": 128,
        "hls": 0,
        "lastcheckok": 1,
        "lastchecktime": "2023-07-09 05:52:12",
        "lastchecktime_iso8601": "2023-07-09T05:52:12Z",
        "lastcheckoktime": "2023-07-09 05:52:12",
        "lastcheckoktime_iso8601": "2023-07-09T05:52:12Z",
        "lastlocalchecktime": "2023-07-09 05:52:12",
        "lastlocalchecktime_iso8601": "2023-07-09T05:52:12Z",
        "clicktimestamp": "2023-07-09 08:55:39",
        "clicktimestamp_iso8601": "2023-07-09T08:55:39Z",
        "clickcount": 28,
        "clicktrend": -1,
        "ssl_error": 0,
        "geo_lat": null,
        "geo_long": null,
        "has_extended_info": false
    },
    {
        "changeuuid": "242eb943-f936-49be-badb-5d4f0ff6149f",
        "stationuuid": "0cae846b-1c9a-4117-90ff-14e2efdd8d4e",
        "serveruuid": "c53f44d7-8a65-48bf-a0a0-4a920b712e2e",
        "name": "Version FM",
        "url": "https://versionfm.com:8100/stream",
        "url_resolved": "https://versionfm.com:8100/stream",
        "homepage": "https://versionfm.com/",
        "favicon": "https://versionfm.com/images/logo2.png",
        "tags": "",
        "country": "Syrian Arab Republic",
        "countrycode": "SY",
        "iso_3166_2": null,
        "state": "",
        "language": "arabic",
        "languagecodes": "ar",
        "votes": 10,
        "lastchangetime": "2023-06-12 17:45:17",
        "lastchangetime_iso8601": "2023-06-12T17:45:17Z",
        "codec": "MP3",
        "bitrate": 32,
        "hls": 0,
        "lastcheckok": 1,
        "lastchecktime": "2023-07-09 07:21:20",
        "lastchecktime_iso8601": "2023-07-09T07:21:20Z",
        "lastcheckoktime": "2023-07-09 07:21:20",
        "lastcheckoktime_iso8601": "2023-07-09T07:21:20Z",
        "lastlocalchecktime": "2023-07-09 07:21:20",
        "lastlocalchecktime_iso8601": "2023-07-09T07:21:20Z",
        "clicktimestamp": "2023-07-09 08:40:58",
        "clicktimestamp_iso8601": "2023-07-09T08:40:58Z",
        "clickcount": 12,
        "clicktrend": 0,
        "ssl_error": 1,
        "geo_lat": null,
        "geo_long": null,
        "has_extended_info": false
    },
    {
        "changeuuid": "1f4ce8bf-47fb-443e-9b20-f7e8b9061b01",
        "stationuuid": "a58f9642-b935-4216-b897-52b51875c5c1",
        "serveruuid": "b3c2503a-fe28-46bf-929f-97a2be70ef12",
        "name": "Syrian News Channel",
        "url": "http://radioliveb.rtv.gov.sy:8002/Snews",
        "url_resolved": "http://radioliveb.rtv.gov.sy:8002/Snews",
        "homepage": "https://alikhbaria.net/",
        "favicon": "",
        "tags": "news",
        "country": "Syrian Arab Republic",
        "countrycode": "SY",
        "iso_3166_2": null,
        "state": "",
        "language": "arabic",
        "languagecodes": "ar",
        "votes": 10,
        "lastchangetime": "2023-06-16 17:39:24",
        "lastchangetime_iso8601": "2023-06-16T17:39:24Z",
        "codec": "AAC+",
        "bitrate": 100,
        "hls": 0,
        "lastcheckok": 1,
        "lastchecktime": "2023-07-09 05:51:12",
        "lastchecktime_iso8601": "2023-07-09T05:51:12Z",
        "lastcheckoktime": "2023-07-09 05:51:12",
        "lastcheckoktime_iso8601": "2023-07-09T05:51:12Z",
        "lastlocalchecktime": "2023-07-09 05:51:12",
        "lastlocalchecktime_iso8601": "2023-07-09T05:51:12Z",
        "clicktimestamp": "2023-07-09 08:16:08",
        "clicktimestamp_iso8601": "2023-07-09T08:16:08Z",
        "clickcount": 16,
        "clicktrend": 1,
        "ssl_error": 0,
        "geo_lat": null,
        "geo_long": null,
        "has_extended_info": false
    },
    {
        "changeuuid": "5ca32032-c2ef-46b4-badb-48edb623105e",
        "stationuuid": "83926af9-8a09-43b1-a1ce-dc4d53ab1bce",
        "serveruuid": "1fc8d603-4e24-4198-bbb6-29d9177717f5",
        "name": "Melody FM 97.9 Syria",
        "url": "http://streaming.inet.sy:8000/melodyfm",
        "url_resolved": "http://streaming.inet.sy:8000/melodyfm",
        "homepage": "http://melodysyria.com/",
        "favicon": "http://streaming.melodysyria.com/logonew.png",
        "tags": "",
        "country": "Syrian Arab Republic",
        "countrycode": "SY",
        "iso_3166_2": null,
        "state": "Damascus",
        "language": "arabic,english",
        "languagecodes": "ar,en",
        "votes": 9,
        "lastchangetime": "2023-06-12 16:53:50",
        "lastchangetime_iso8601": "2023-06-12T16:53:50Z",
        "codec": "MP3",
        "bitrate": 128,
        "hls": 0,
        "lastcheckok": 1,
        "lastchecktime": "2023-07-09 03:45:07",
        "lastchecktime_iso8601": "2023-07-09T03:45:07Z",
        "lastcheckoktime": "2023-07-09 03:45:07",
        "lastcheckoktime_iso8601": "2023-07-09T03:45:07Z",
        "lastlocalchecktime": "2023-07-09 03:45:07",
        "lastlocalchecktime_iso8601": "2023-07-09T03:45:07Z",
        "clicktimestamp": "2023-07-09 07:57:45",
        "clicktimestamp_iso8601": "2023-07-09T07:57:45Z",
        "clickcount": 22,
        "clicktrend": -2,
        "ssl_error": 0,
        "geo_lat": null,
        "geo_long": null,
        "has_extended_info": false
    },
    {
        "changeuuid": "b5dd28d1-c558-41b5-beb4-8691a1725d8b",
        "stationuuid": "da5b77ca-890b-46da-aa24-e21502b50c65",
        "serveruuid": "ebc490bb-d027-418d-afa3-9c313486a835",
        "name": "Farah FM",
        "url": "https://radio.farah.fm/",
        "url_resolved": "https://radio.farah.fm/",
        "homepage": "https://farah.fm/",
        "favicon": "https://farah.fm/images/logo.png",
        "tags": "",
        "country": "Syrian Arab Republic",
        "countrycode": "SY",
        "iso_3166_2": null,
        "state": "",
        "language": "arabic",
        "languagecodes": "ar",
        "votes": 9,
        "lastchangetime": "2023-06-12 17:45:17",
        "lastchangetime_iso8601": "2023-06-12T17:45:17Z",
        "codec": "MP3",
        "bitrate": 64,
        "hls": 0,
        "lastcheckok": 1,
        "lastchecktime": "2023-07-09 08:10:00",
        "lastchecktime_iso8601": "2023-07-09T08:10:00Z",
        "lastcheckoktime": "2023-07-09 08:10:00",
        "lastcheckoktime_iso8601": "2023-07-09T08:10:00Z",
        "lastlocalchecktime": "2023-07-09 08:10:00",
        "lastlocalchecktime_iso8601": "2023-07-09T08:10:00Z",
        "clicktimestamp": "2023-07-09 07:57:48",
        "clicktimestamp_iso8601": "2023-07-09T07:57:48Z",
        "clickcount": 21,
        "clicktrend": 0,
        "ssl_error": 0,
        "geo_lat": null,
        "geo_long": null,
        "has_extended_info": false
    },
    {
        "changeuuid": "288a35c1-1c31-4d8c-9d3f-bc2947447c30",
        "stationuuid": "a6022b81-8090-473c-8179-0e488d35ad4c",
        "serveruuid": "7889ee56-346c-43c9-94e1-2e56bcfaeb53",
        "name": "Zenobia",
        "url": "http://vod.ortas.sy:1935/RZenobia/RZenobiaLive/playlist.m3u8",
        "url_resolved": "http://vod.ortas.sy:1935/RZenobia/RZenobiaLive/playlist.m3u8",
        "homepage": "https://www.ortas.online/index.php?d=100452&id=228646",
        "favicon": "",
        "tags": "",
        "country": "Syrian Arab Republic",
        "countrycode": "SY",
        "iso_3166_2": null,
        "state": "",
        "language": "arabic",
        "languagecodes": "ar",
        "votes": 7,
        "lastchangetime": "2023-06-12 17:04:50",
        "lastchangetime_iso8601": "2023-06-12T17:04:50Z",
        "codec": "AAC",
        "bitrate": 128,
        "hls": 1,
        "lastcheckok": 1,
        "lastchecktime": "2023-07-09 04:01:28",
        "lastchecktime_iso8601": "2023-07-09T04:01:28Z",
        "lastcheckoktime": "2023-07-09 04:01:28",
        "lastcheckoktime_iso8601": "2023-07-09T04:01:28Z",
        "lastlocalchecktime": "2023-07-09 04:01:28",
        "lastlocalchecktime_iso8601": "2023-07-09T04:01:28Z",
        "clicktimestamp": "2023-07-09 07:57:43",
        "clicktimestamp_iso8601": "2023-07-09T07:57:43Z",
        "clickcount": 25,
        "clicktrend": -2,
        "ssl_error": 0,
        "geo_lat": null,
        "geo_long": null,
        "has_extended_info": false
    },
    {
        "changeuuid": "34c70e59-52db-41d8-a31f-da2c7d6cf2b6",
        "stationuuid": "654e44bb-16e7-425b-86af-858f45a2e2a1",
        "serveruuid": "7889ee56-346c-43c9-94e1-2e56bcfaeb53",
        "name": "Souryana",
        "url": "http://vod.ortas.sy:1935/oLive/souryana05042022/playlist.m3u8",
        "url_resolved": "http://vod.ortas.sy:1935/oLive/souryana05042022/playlist.m3u8",
        "homepage": "https://www.ortas.online/RadioSouryana/",
        "favicon": "https://i.imgur.com/j5o8ZPm.png",
        "tags": "",
        "country": "Syrian Arab Republic",
        "countrycode": "SY",
        "iso_3166_2": null,
        "state": "",
        "language": "arabic",
        "languagecodes": "ar",
        "votes": 7,
        "lastchangetime": "2023-06-12 17:21:22",
        "lastchangetime_iso8601": "2023-06-12T17:21:22Z",
        "codec": "AAC",
        "bitrate": 403,
        "hls": 1,
        "lastcheckok": 1,
        "lastchecktime": "2023-07-09 05:35:45",
        "lastchecktime_iso8601": "2023-07-09T05:35:45Z",
        "lastcheckoktime": "2023-07-09 05:35:45",
        "lastcheckoktime_iso8601": "2023-07-09T05:35:45Z",
        "lastlocalchecktime": "2023-07-09 05:35:45",
        "lastlocalchecktime_iso8601": "2023-07-09T05:35:45Z",
        "clicktimestamp": "2023-07-09 06:11:49",
        "clicktimestamp_iso8601": "2023-07-09T06:11:49Z",
        "clickcount": 21,
        "clicktrend": -1,
        "ssl_error": 0,
        "geo_lat": null,
        "geo_long": null,
        "has_extended_info": false
    },
    {
        "changeuuid": "df8d075b-9e24-4b12-9c6f-f958a87b39d5",
        "stationuuid": "d3708e82-a83e-488b-bd2e-f121149b8859",
        "serveruuid": "e9697fa5-4e75-4009-9282-2d37e3570c84",
        "name": "Swaida",
        "url": "http://swaida.com:9996/",
        "url_resolved": "http://swaida.com:9996/",
        "homepage": "https://swaida.com/",
        "favicon": "https://swaida.com/radio/template/ylogo.jpg",
        "tags": "",
        "country": "Syrian Arab Republic",
        "countrycode": "SY",
        "iso_3166_2": null,
        "state": "",
        "language": "arabic",
        "languagecodes": "ar",
        "votes": 7,
        "lastchangetime": "2023-06-12 17:32:05",
        "lastchangetime_iso8601": "2023-06-12T17:32:05Z",
        "codec": "MP3",
        "bitrate": 96,
        "hls": 0,
        "lastcheckok": 1,
        "lastchecktime": "2023-07-09 07:15:41",
        "lastchecktime_iso8601": "2023-07-09T07:15:41Z",
        "lastcheckoktime": "2023-07-09 07:15:41",
        "lastcheckoktime_iso8601": "2023-07-09T07:15:41Z",
        "lastlocalchecktime": "2023-07-09 07:15:41",
        "lastlocalchecktime_iso8601": "2023-07-09T07:15:41Z",
        "clicktimestamp": "2023-07-09 10:03:51",
        "clicktimestamp_iso8601": "2023-07-09T10:03:51Z",
        "clickcount": 17,
        "clicktrend": 1,
        "ssl_error": 0,
        "geo_lat": null,
        "geo_long": null,
        "has_extended_info": false
    },
    {
        "changeuuid": "f793d82f-825a-4370-af18-e51e3bc23256",
        "stationuuid": "4f60d39d-04dc-4767-86c4-cb95bc57a36c",
        "serveruuid": "b0925287-325d-4530-a620-a1f12f815b09",
        "name": "Emaar FM Radio",
        "url": "https://node-11.zeno.fm/qey9b7xxvhhvv",
        "url_resolved": "https://stream-159.zeno.fm/qey9b7xxvhhvv?zs=LbdNH9AzS0ue3FI1A1r-DA",
        "homepage": "https://www.emaarradio.com/",
        "favicon": "https://www.emaarradio.com/images/Emaar-FM-logo.png",
        "tags": "",
        "country": "Syrian Arab Republic",
        "countrycode": "SY",
        "iso_3166_2": null,
        "state": "",
        "language": "arabic",
        "languagecodes": "ar",
        "votes": 6,
        "lastchangetime": "2023-06-16 17:51:18",
        "lastchangetime_iso8601": "2023-06-16T17:51:18Z",
        "codec": "MP3",
        "bitrate": 0,
        "hls": 0,
        "lastcheckok": 1,
        "lastchecktime": "2023-07-08 20:32:57",
        "lastchecktime_iso8601": "2023-07-08T20:32:57Z",
        "lastcheckoktime": "2023-07-08 20:32:57",
        "lastcheckoktime_iso8601": "2023-07-08T20:32:57Z",
        "lastlocalchecktime": "2023-07-08 20:32:57",
        "lastlocalchecktime_iso8601": "2023-07-08T20:32:57Z",
        "clicktimestamp": "2023-07-09 11:56:57",
        "clicktimestamp_iso8601": "2023-07-09T11:56:57Z",
        "clickcount": 11,
        "clicktrend": -3,
        "ssl_error": 0,
        "geo_lat": null,
        "geo_long": null,
        "has_extended_info": false
    },
    {
        "changeuuid": "c90ad9c3-672a-4461-90c1-6bc55e962f14",
        "stationuuid": "36118a6d-f4b1-4e17-97c6-9347891efbd9",
        "serveruuid": "7889ee56-346c-43c9-94e1-2e56bcfaeb53",
        "name": "https://www.ortas.online/RadioSouryana/",
        "url": "http://vod.ortas.sy:1935/oLive/souryana05042022/playlist.m3u8",
        "url_resolved": "http://vod.ortas.sy:1935/oLive/souryana05042022/playlist.m3u8",
        "homepage": "http://www.ortas.online/RadioSouryana/",
        "favicon": "https://i.imgur.com/j5o8ZPm.png",
        "tags": "",
        "country": "Syrian Arab Republic",
        "countrycode": "SY",
        "iso_3166_2": null,
        "state": "",
        "language": "arabic",
        "languagecodes": "ar",
        "votes": 5,
        "lastchangetime": "2023-06-12 16:31:12",
        "lastchangetime_iso8601": "2023-06-12T16:31:12Z",
        "codec": "AAC",
        "bitrate": 393,
        "hls": 1,
        "lastcheckok": 1,
        "lastchecktime": "2023-07-08 22:59:19",
        "lastchecktime_iso8601": "2023-07-08T22:59:19Z",
        "lastcheckoktime": "2023-07-08 22:59:19",
        "lastcheckoktime_iso8601": "2023-07-08T22:59:19Z",
        "lastlocalchecktime": "2023-07-08 22:59:19",
        "lastlocalchecktime_iso8601": "2023-07-08T22:59:19Z",
        "clicktimestamp": "2023-07-08 11:37:47",
        "clicktimestamp_iso8601": "2023-07-08T11:37:47Z",
        "clickcount": 7,
        "clicktrend": -1,
        "ssl_error": 0,
        "geo_lat": null,
        "geo_long": null,
        "has_extended_info": false
    },
    {
        "changeuuid": "0134141c-bcc0-47df-a8b7-11f34219f734",
        "stationuuid": "b6968bd0-7890-41c6-8778-17df01e1037d",
        "serveruuid": "7889ee56-346c-43c9-94e1-2e56bcfaeb53",
        "name": "Amwaj FM",
        "url": "http://vod.ortas.sy:1935/RAmwaj/RAmwajLive/playlist.m3u8",
        "url_resolved": "http://vod.ortas.sy:1935/RAmwaj/RAmwajLive/playlist.m3u8",
        "homepage": "https://www.ortas.online/index.php?d=100452&id=228643",
        "favicon": "",
        "tags": "",
        "country": "Syrian Arab Republic",
        "countrycode": "SY",
        "iso_3166_2": null,
        "state": "",
        "language": "arabic",
        "languagecodes": "ar",
        "votes": 5,
        "lastchangetime": "2023-06-12 16:53:00",
        "lastchangetime_iso8601": "2023-06-12T16:53:00Z",
        "codec": "AAC",
        "bitrate": 128,
        "hls": 1,
        "lastcheckok": 1,
        "lastchecktime": "2023-07-08 19:21:56",
        "lastchecktime_iso8601": "2023-07-08T19:21:56Z",
        "lastcheckoktime": "2023-07-08 19:21:56",
        "lastcheckoktime_iso8601": "2023-07-08T19:21:56Z",
        "lastlocalchecktime": "2023-07-08 19:21:56",
        "lastlocalchecktime_iso8601": "2023-07-08T19:21:56Z",
        "clicktimestamp": "2023-07-09 08:15:29",
        "clicktimestamp_iso8601": "2023-07-09T08:15:29Z",
        "clickcount": 17,
        "clicktrend": 0,
        "ssl_error": 0,
        "geo_lat": null,
        "geo_long": null,
        "has_extended_info": false
    },
    {
        "changeuuid": "e2b1b275-4fe9-4e9a-8769-dca0e7c9b7f9",
        "stationuuid": "3a256391-0577-43a3-aaac-51bb9aa8b080",
        "serveruuid": "7889ee56-346c-43c9-94e1-2e56bcfaeb53",
        "name": "Tartus\u200e",
        "url": "http://vod.ortas.sy:1935/RTartus/RTartusLive/playlist.m3u8",
        "url_resolved": "http://vod.ortas.sy:1935/RTartus/RTartusLive/playlist.m3u8",
        "homepage": "https://www.ortas.online/index.php?d=100452&id=261731",
        "favicon": "",
        "tags": "",
        "country": "Syrian Arab Republic",
        "countrycode": "SY",
        "iso_3166_2": null,
        "state": "",
        "language": "arabic",
        "languagecodes": "ar",
        "votes": 4,
        "lastchangetime": "2023-06-12 17:10:13",
        "lastchangetime_iso8601": "2023-06-12T17:10:13Z",
        "codec": "AAC",
        "bitrate": 128,
        "hls": 1,
        "lastcheckok": 1,
        "lastchecktime": "2023-07-09 07:23:11",
        "lastchecktime_iso8601": "2023-07-09T07:23:11Z",
        "lastcheckoktime": "2023-07-09 07:23:11",
        "lastcheckoktime_iso8601": "2023-07-09T07:23:11Z",
        "lastlocalchecktime": "2023-07-09 07:23:11",
        "lastlocalchecktime_iso8601": "2023-07-09T07:23:11Z",
        "clicktimestamp": "2023-07-09 03:32:44",
        "clicktimestamp_iso8601": "2023-07-09T03:32:44Z",
        "clickcount": 10,
        "clicktrend": -2,
        "ssl_error": 0,
        "geo_lat": null,
        "geo_long": null,
        "has_extended_info": false
    },
    {
        "changeuuid": "b6644119-4d61-4266-a369-e524edbbb5b2",
        "stationuuid": "ba8ae620-8953-42ae-bba2-d87450d26758",
        "serveruuid": "b78d6660-7a5f-4c93-8cbc-0ab9e3833c91",
        "name": "Dawet FM",
        "url": "https://stream-151.zeno.fm/vg1qmu7d0s8uv?zs=5O6dNzaUTVuMLRQS9gTE8w",
        "url_resolved": "https://stream-151.zeno.fm/vg1qmu7d0s8uv?zs=5O6dNzaUTVuMLRQS9gTE8w",
        "homepage": "https://zeno.fm/radio/dawet-fm/",
        "favicon": "https://zeno.fm/static/icons/apple-icon-120x120.png",
        "tags": "folk music,music",
        "country": "Syrian Arab Republic",
        "countrycode": "SY",
        "iso_3166_2": null,
        "state": "",
        "language": "kurdish",
        "languagecodes": "ku",
        "votes": 4,
        "lastchangetime": "2023-07-01 18:53:11",
        "lastchangetime_iso8601": "2023-07-01T18:53:11Z",
        "codec": "MP3",
        "bitrate": 0,
        "hls": 0,
        "lastcheckok": 1,
        "lastchecktime": "2023-07-09 05:01:15",
        "lastchecktime_iso8601": "2023-07-09T05:01:15Z",
        "lastcheckoktime": "2023-07-09 05:01:15",
        "lastcheckoktime_iso8601": "2023-07-09T05:01:15Z",
        "lastlocalchecktime": "2023-07-09 05:01:15",
        "lastlocalchecktime_iso8601": "2023-07-09T05:01:15Z",
        "clicktimestamp": "2023-07-09 08:15:20",
        "clicktimestamp_iso8601": "2023-07-09T08:15:20Z",
        "clickcount": 19,
        "clicktrend": 0,
        "ssl_error": 0,
        "geo_lat": null,
        "geo_long": null,
        "has_extended_info": false
    },
    {
        "changeuuid": "2e3d5ef0-948b-4565-b602-7037886391c6",
        "stationuuid": "73e75166-be27-4964-a58d-44bb597c727e",
        "serveruuid": "7889ee56-346c-43c9-94e1-2e56bcfaeb53",
        "name": "El Karma",
        "url": "http://vod.ortas.sy:1935/RKarma/RKarmaLive/playlist.m3u8",
        "url_resolved": "http://vod.ortas.sy:1935/RKarma/RKarmaLive/playlist.m3u8",
        "homepage": "https://www.ortas.online/index.php?d=100452&id=228645",
        "favicon": "",
        "tags": "",
        "country": "Syrian Arab Republic",
        "countrycode": "SY",
        "iso_3166_2": null,
        "state": "",
        "language": "arabic",
        "languagecodes": "ar",
        "votes": 3,
        "lastchangetime": "2023-06-12 17:15:20",
        "lastchangetime_iso8601": "2023-06-12T17:15:20Z",
        "codec": "AAC",
        "bitrate": 128,
        "hls": 1,
        "lastcheckok": 1,
        "lastchecktime": "2023-07-09 02:02:06",
        "lastchecktime_iso8601": "2023-07-09T02:02:06Z",
        "lastcheckoktime": "2023-07-09 02:02:06",
        "lastcheckoktime_iso8601": "2023-07-09T02:02:06Z",
        "lastlocalchecktime": "2023-07-09 02:02:06",
        "lastlocalchecktime_iso8601": "2023-07-09T02:02:06Z",
        "clicktimestamp": "2023-07-09 08:16:34",
        "clicktimestamp_iso8601": "2023-07-09T08:16:34Z",
        "clickcount": 14,
        "clicktrend": 0,
        "ssl_error": 0,
        "geo_lat": null,
        "geo_long": null,
        "has_extended_info": false
    },
    {
        "changeuuid": "66b58449-7ff5-407d-adc9-39f17157117d",
        "stationuuid": "11a3f02c-2464-44e5-ba04-80657d8b7669",
        "serveruuid": "d4d880fb-0f01-4197-9fb0-b813203c9f1e",
        "name": "Rayan FM / \u0631\u0627\u062f\u064a\u0648 \u0631\u064a\u0627\u0646 \u0623\u0641 \u0623\u0645",
        "url": "http://148.113.153.70/uszmihkbhc0uv?zs=7xmO009yTO2_CPemhJETPQ",
        "url_resolved": "http://148.113.153.70/uszmihkbhc0uv?zs=7xmO009yTO2_CPemhJETPQ",
        "homepage": "https://rayanfm.com/",
        "favicon": "",
        "tags": "classical",
        "country": "Syrian Arab Republic",
        "countrycode": "SY",
        "iso_3166_2": null,
        "state": "",
        "language": "",
        "languagecodes": "",
        "votes": 1,
        "lastchangetime": "2023-07-06 18:45:41",
        "lastchangetime_iso8601": "2023-07-06T18:45:41Z",
        "codec": "MP3",
        "bitrate": 0,
        "hls": 0,
        "lastcheckok": 1,
        "lastchecktime": "2023-07-08 22:22:26",
        "lastchecktime_iso8601": "2023-07-08T22:22:26Z",
        "lastcheckoktime": "2023-07-08 22:22:26",
        "lastcheckoktime_iso8601": "2023-07-08T22:22:26Z",
        "lastlocalchecktime": "2023-07-08 22:22:26",
        "lastlocalchecktime_iso8601": "2023-07-08T22:22:26Z",
        "clicktimestamp": "2023-07-09 10:34:45",
        "clicktimestamp_iso8601": "2023-07-09T10:34:45Z",
        "clickcount": 10,
        "clicktrend": 2,
        "ssl_error": 0,
        "geo_lat": null,
        "geo_long": null,
        "has_extended_info": false
    },
    {
        "changeuuid": "7a5e529e-7d89-4681-8b7f-b8bfa0d9bf06",
        "stationuuid": "c55e3a0e-c091-4277-ab32-0f932fb44be4",
        "serveruuid": "6c5c683b-6ffb-45a9-a883-9305cb80ac40",
        "name": "denge cudi",
        "url": "https://denge-cudi.stream.laut.fm/denge-cudi?pl=m3u",
        "url_resolved": "https://denge-cudi.stream.laut.fm/denge-cudi?pl=m3u",
        "homepage": "https://denge-cudi.stream.laut.fm/",
        "favicon": "",
        "tags": "",
        "country": "Syrian Arab Republic",
        "countrycode": "SY",
        "iso_3166_2": null,
        "state": "",
        "language": "kurdish",
        "languagecodes": "ku",
        "votes": 26,
        "lastchangetime": "2023-11-05 04:01:00",
        "lastchangetime_iso8601": "2023-11-05T04:01:00Z",
        "codec": "MP3",
        "bitrate": 128,
        "hls": 0,
        "lastcheckok": 1,
        "lastchecktime": "2023-11-07 15:31:33",
        "lastchecktime_iso8601": "2023-11-07T15:31:33Z",
        "lastcheckoktime": "2023-11-07 15:31:33",
        "lastcheckoktime_iso8601": "2023-11-07T15:31:33Z",
        "lastlocalchecktime": "2023-11-07 15:31:33",
        "lastlocalchecktime_iso8601": "2023-11-07T15:31:33Z",
        "clicktimestamp": "2023-11-07 13:24:45",
        "clicktimestamp_iso8601": "2023-11-07T13:24:45Z",
        "clickcount": 67,
        "clicktrend": 3,
        "ssl_error": 0,
        "geo_lat": 37.0266767305112,
        "geo_long": 41.268768310546875,
        "has_extended_info": false
    },
    {
        "changeuuid": "ecd6df09-999d-413c-af07-88194a156edc",
        "stationuuid": "409a68c2-48c4-4889-9382-f205fda03306",
        "serveruuid": "4c20e894-123f-4652-a48c-1806c7c4d580",
        "name": "Emaar FM Radio",
        "url": "https://stream-149.zeno.fm/4luag56o066uv",
        "url_resolved": "https://stream-155.zeno.fm/4luag56o066uv?zs=rc-2JhSqSySNzTthT5rj0w",
        "homepage": "https://www.emaarradio.com/images/logo.png",
        "favicon": "",
        "tags": "",
        "country": "Syrian Arab Republic",
        "countrycode": "SY",
        "iso_3166_2": null,
        "state": "",
        "language": "arabic",
        "languagecodes": "ar",
        "votes": 3,
        "lastchangetime": "2023-11-04 15:48:05",
        "lastchangetime_iso8601": "2023-11-04T15:48:05Z",
        "codec": "MP3",
        "bitrate": 0,
        "hls": 0,
        "lastcheckok": 1,
        "lastchecktime": "2023-11-07 16:09:10",
        "lastchecktime_iso8601": "2023-11-07T16:09:10Z",
        "lastcheckoktime": "2023-11-07 16:09:10",
        "lastcheckoktime_iso8601": "2023-11-07T16:09:10Z",
        "lastlocalchecktime": "2023-11-07 01:15:00",
        "lastlocalchecktime_iso8601": "2023-11-07T01:15:00Z",
        "clicktimestamp": "2023-11-07 13:25:12",
        "clicktimestamp_iso8601": "2023-11-07T13:25:12Z",
        "clickcount": 26,
        "clicktrend": 2,
        "ssl_error": 0,
        "geo_lat": null,
        "geo_long": null,
        "has_extended_info": false
    }
]