[
    {
        "changeuuid": "2c499ead-2c46-4a70-abed-017e51b6df99",
        "stationuuid": "f655e4e8-2330-467a-ad29-4ee9a1e8e14c",
        "serveruuid": "65b09895-1f0d-416b-a46e-c033c85aefe6",
        "name": "1.FM - Top Hits 2000",
        "url": "http://185.33.21.112/hits2000_128",
        "url_resolved": "http://185.33.21.112/hits2000_128",
        "homepage": "",
        "favicon": "",
        "tags": "pop",
        "country": "Eswatini",
        "countrycode": "SZ",
        "iso_3166_2": null,
        "state": "",
        "language": "",
        "languagecodes": "",
        "votes": 985,
        "lastchangetime": "2021-08-06 08:36:45",
        "lastchangetime_iso8601": "2021-08-06T08:36:45Z",
        "codec": "MP3",
        "bitrate": 192,
        "hls": 0,
        "lastcheckok": 1,
        "lastchecktime": "2023-04-08 08:44:14",
        "lastchecktime_iso8601": "2023-04-08T08:44:14Z",
        "lastcheckoktime": "2023-04-08 08:44:14",
        "lastcheckoktime_iso8601": "2023-04-08T08:44:14Z",
        "lastlocalchecktime": "2023-04-08 08:44:14",
        "lastlocalchecktime_iso8601": "2023-04-08T08:44:14Z",
        "clicktimestamp": "2023-04-08 10:50:53",
        "clicktimestamp_iso8601": "2023-04-08T10:50:53Z",
        "clickcount": 44,
        "clicktrend": 3,
        "ssl_error": 0,
        "geo_lat": null,
        "geo_long": null,
        "has_extended_info": false
    },
    {
        "changeuuid": "c7bdf019-df05-497f-bd70-27af2b30a5fb",
        "stationuuid": "daeedf28-da35-4617-ad00-66b7bc0267a5",
        "serveruuid": "454ae35b-ac28-4296-844e-996e6b50f9db",
        "name": "DIMusic Club World \ud83c\udf0f ",
        "url": "http://stream1.dimusic.club:11496/live",
        "url_resolved": "http://stream1.dimusic.club:11496/live",
        "homepage": "http://dimusic.club/",
        "favicon": "https://firebasestorage.googleapis.com/v0/b/radiogalaxy-580f4.appspot.com/o/images%2FIMG_20230808_081918255.jpg?alt=media&token=346260c8-dfeb-4017-85ee-c9221e152cd9",
        "tags": "dance,eurodance,eurohit,europop,pop,pophit",
        "country": "Eswatini",
        "countrycode": "SZ",
        "iso_3166_2": null,
        "state": "",
        "language": "english/ espa\u00f1a/ russian /francia /italia",
        "languagecodes": "",
        "votes": 3,
        "lastchangetime": "2023-08-08 05:31:57",
        "lastchangetime_iso8601": "2023-08-08T05:31:57Z",
        "codec": "AAC+",
        "bitrate": 96,
        "hls": 0,
        "lastcheckok": 1,
        "lastchecktime": "2023-09-03 10:20:41",
        "lastchecktime_iso8601": "2023-09-03T10:20:41Z",
        "lastcheckoktime": "2023-09-03 10:20:41",
        "lastcheckoktime_iso8601": "2023-09-03T10:20:41Z",
        "lastlocalchecktime": "2023-09-03 10:20:41",
        "lastlocalchecktime_iso8601": "2023-09-03T10:20:41Z",
        "clicktimestamp": "2023-09-03 09:09:00",
        "clicktimestamp_iso8601": "2023-09-03T09:09:00Z",
        "clickcount": 9,
        "clicktrend": 1,
        "ssl_error": 0,
        "geo_lat": null,
        "geo_long": null,
        "has_extended_info": false
    }
]