[
    {
        "changeuuid": "e69fc312-9bf6-45f9-a137-6e853c5ee640",
        "stationuuid": "962bf813-0601-11e8-ae97-52543be04c81",
        "serveruuid": "58a2f866-5d8b-4197-9c45-e65ec66d8b4f",
        "name": "88 JAMZ -88.7 Kew",
        "url": "http://198.143.144.226:8057/stream",
        "url_resolved": "http://198.143.144.226:8057/stream",
        "homepage": "http://www.88jamz.com/",
        "favicon": "http://www.88jamz.com/uploads/2/7/8/1/27815455/7815187.png?217",
        "tags": "kew,pop,top 40",
        "country": "The Turks And Caicos Islands",
        "countrycode": "TC",
        "iso_3166_2": null,
        "state": "",
        "language": "english",
        "languagecodes": "en",
        "votes": 120,
        "lastchangetime": "2022-08-29 04:09:31",
        "lastchangetime_iso8601": "2022-08-29T04:09:31Z",
        "codec": "MP3",
        "bitrate": 192,
        "hls": 0,
        "lastcheckok": 1,
        "lastchecktime": "2023-04-07 23:24:20",
        "lastchecktime_iso8601": "2023-04-07T23:24:20Z",
        "lastcheckoktime": "2023-04-07 23:24:20",
        "lastcheckoktime_iso8601": "2023-04-07T23:24:20Z",
        "lastlocalchecktime": "2023-04-07 15:55:57",
        "lastlocalchecktime_iso8601": "2023-04-07T15:55:57Z",
        "clicktimestamp": "2023-04-08 03:20:00",
        "clicktimestamp_iso8601": "2023-04-08T03:20:00Z",
        "clickcount": 6,
        "clicktrend": 0,
        "ssl_error": 0,
        "geo_lat": null,
        "geo_long": null,
        "has_extended_info": false
    },
    {
        "changeuuid": "ba969ac8-94f9-44b8-899a-f9f0614394fc",
        "stationuuid": "ba06f7cf-625f-4c97-bc5b-b3be78c3e414",
        "serveruuid": "7c60a314-9fc2-4388-8593-954b06013dbe",
        "name": "88.5FM The Beat",
        "url": "https://s2.yesstreaming.net:7212/",
        "url_resolved": "https://s2.yesstreaming.net:7212/",
        "homepage": "https://thebeat88fm.com/",
        "favicon": "https://thebeat88fm.com",
        "tags": "",
        "country": "The Turks And Caicos Islands",
        "countrycode": "TC",
        "iso_3166_2": null,
        "state": "Provo",
        "language": "",
        "languagecodes": "",
        "votes": 2,
        "lastchangetime": "2023-03-26 20:47:39",
        "lastchangetime_iso8601": "2023-03-26T20:47:39Z",
        "codec": "MP3",
        "bitrate": 160,
        "hls": 0,
        "lastcheckok": 1,
        "lastchecktime": "2023-04-08 09:23:58",
        "lastchecktime_iso8601": "2023-04-08T09:23:58Z",
        "lastcheckoktime": "2023-04-08 09:23:58",
        "lastcheckoktime_iso8601": "2023-04-08T09:23:58Z",
        "lastlocalchecktime": "2023-04-08 09:23:58",
        "lastlocalchecktime_iso8601": "2023-04-08T09:23:58Z",
        "clicktimestamp": "2023-04-06 16:54:43",
        "clicktimestamp_iso8601": "2023-04-06T16:54:43Z",
        "clickcount": 8,
        "clicktrend": -2,
        "ssl_error": 0,
        "geo_lat": 15.07566137312874,
        "geo_long": -18.93855247295645,
        "has_extended_info": false
    }
]