[
    {
        "changeuuid": "819f395c-f26c-4a0b-9b7c-a923e9cfe74c",
        "stationuuid": "82e7a00e-54ec-45ea-8ae7-8a2b459084c2",
        "serveruuid": "36dfacbd-caee-4947-828f-7f0a8d19422c",
        "name": "sensuelle radio",
        "url": "https://forwardmystream.com/sensuelleradio",
        "url_resolved": "https://radio10.pro-fhi.net/radio/9169/stream.mp3",
        "homepage": "https://sensuelleradio.com/",
        "favicon": "",
        "tags": "",
        "country": "The French Southern Territories",
        "countrycode": "TF",
        "iso_3166_2": null,
        "state": "reunion",
        "language": "french",
        "languagecodes": "fr",
        "votes": 27,
        "lastchangetime": "2022-05-16 18:02:04",
        "lastchangetime_iso8601": "2022-05-16T18:02:04Z",
        "codec": "MP3",
        "bitrate": 320,
        "hls": 0,
        "lastcheckok": 1,
        "lastchecktime": "2023-04-08 12:49:30",
        "lastchecktime_iso8601": "2023-04-08T12:49:30Z",
        "lastcheckoktime": "2023-04-08 12:49:30",
        "lastcheckoktime_iso8601": "2023-04-08T12:49:30Z",
        "lastlocalchecktime": "2023-04-08 12:49:30",
        "lastlocalchecktime_iso8601": "2023-04-08T12:49:30Z",
        "clicktimestamp": "2023-04-08 06:21:55",
        "clicktimestamp_iso8601": "2023-04-08T06:21:55Z",
        "clickcount": 16,
        "clicktrend": -1,
        "ssl_error": 0,
        "geo_lat": -21.27568942887999,
        "geo_long": 55.52310794591904,
        "has_extended_info": false
    }
]