[
    {
        "changeuuid": "f2efd5e0-3182-4bdf-8203-0c973c9fca98",
        "stationuuid": "6761a296-5f91-11e9-a622-52543be04c81",
        "serveruuid": "e4080e00-ea25-4b01-9209-67d54b6f29f2",
        "name": "RADIO MARIA TOGO",
        "url": "http://dreamsiteradiocp.com:8050/stream",
        "url_resolved": "http://dreamsiteradiocp.com:8050/stream",
        "homepage": "http://www.radiomaria.tg/",
        "favicon": "http://www.radiomaria.tg/favicon.ico",
        "tags": "catholic,catolica,christian,religion,religious,talk",
        "country": "Togo",
        "countrycode": "TG",
        "iso_3166_2": null,
        "state": "",
        "language": "",
        "languagecodes": "",
        "votes": 1452,
        "lastchangetime": "2023-03-03 01:00:34",
        "lastchangetime_iso8601": "2023-03-03T01:00:34Z",
        "codec": "AAC+",
        "bitrate": 32,
        "hls": 0,
        "lastcheckok": 1,
        "lastchecktime": "2023-04-08 08:14:19",
        "lastchecktime_iso8601": "2023-04-08T08:14:19Z",
        "lastcheckoktime": "2023-04-08 08:14:19",
        "lastcheckoktime_iso8601": "2023-04-08T08:14:19Z",
        "lastlocalchecktime": "2023-04-07 19:21:32",
        "lastlocalchecktime_iso8601": "2023-04-07T19:21:32Z",
        "clicktimestamp": "2023-04-08 14:23:31",
        "clicktimestamp_iso8601": "2023-04-08T14:23:31Z",
        "clickcount": 107,
        "clicktrend": -2,
        "ssl_error": 0,
        "geo_lat": null,
        "geo_long": null,
        "has_extended_info": false
    },
    {
        "changeuuid": "e2e3b3a3-9d8b-4d2c-9def-ab8042dfa614",
        "stationuuid": "fe20f134-9ed0-4ff1-ad69-2660eea3a055",
        "serveruuid": "91f57661-0d59-4f51-bbab-c82cb1a0edce",
        "name": "Shalom Info",
        "url": "http://stream.zeno.fm/a0kvrgmcqm0uv",
        "url_resolved": "http://stream-053.zeno.fm/a0kvrgmcqm0uv?zs=qMTPw0R9TeOaBYMZRg6D8A",
        "homepage": "",
        "favicon": "",
        "tags": "classical",
        "country": "Togo",
        "countrycode": "TG",
        "iso_3166_2": null,
        "state": "",
        "language": "",
        "languagecodes": "",
        "votes": 353,
        "lastchangetime": "2021-11-26 15:30:57",
        "lastchangetime_iso8601": "2021-11-26T15:30:57Z",
        "codec": "MP3",
        "bitrate": 0,
        "hls": 0,
        "lastcheckok": 1,
        "lastchecktime": "2023-04-08 08:33:00",
        "lastchecktime_iso8601": "2023-04-08T08:33:00Z",
        "lastcheckoktime": "2023-04-08 08:33:00",
        "lastcheckoktime_iso8601": "2023-04-08T08:33:00Z",
        "lastlocalchecktime": "2023-04-07 17:43:28",
        "lastlocalchecktime_iso8601": "2023-04-07T17:43:28Z",
        "clicktimestamp": "2023-04-08 10:36:51",
        "clicktimestamp_iso8601": "2023-04-08T10:36:51Z",
        "clickcount": 51,
        "clicktrend": -3,
        "ssl_error": 0,
        "geo_lat": null,
        "geo_long": null,
        "has_extended_info": false
    },
    {
        "changeuuid": "f79262ea-fa9f-431e-8014-1f16db299deb",
        "stationuuid": "d7418493-f72c-4667-ae4a-0def39cfcd01",
        "serveruuid": "8cacaf33-d43e-4660-972b-0a135f8703a1",
        "name": "taxi fm",
        "url": "http://streaming.radionomy.com/JamendoLounge?lang=fr%2cfr-FR%3bq%3d0.8%2cen-US%3bq%3d0.5%2cen%3bq%3d0.3",
        "url_resolved": "http://streaming.radionomy.com/JamendoLounge?lang=fr%2cfr-FR%3bq%3d0.8%2cen-US%3bq%3d0.5%2cen%3bq%3d0.3",
        "homepage": "http://streaming.radionomy.com/JamendoLounge?lang=fr%2cfr-FR%3bq%3d0.8%2cen-US%3bq%3d0.5%2cen%3bq%3d0.3",
        "favicon": "",
        "tags": "",
        "country": "Togo",
        "countrycode": "TG",
        "iso_3166_2": null,
        "state": "",
        "language": "french",
        "languagecodes": "fr",
        "votes": 172,
        "lastchangetime": "2022-12-08 00:14:28",
        "lastchangetime_iso8601": "2022-12-08T00:14:28Z",
        "codec": "MP3",
        "bitrate": 128,
        "hls": 0,
        "lastcheckok": 1,
        "lastchecktime": "2023-04-08 06:55:29",
        "lastchecktime_iso8601": "2023-04-08T06:55:29Z",
        "lastcheckoktime": "2023-04-08 06:55:29",
        "lastcheckoktime_iso8601": "2023-04-08T06:55:29Z",
        "lastlocalchecktime": "2023-04-07 17:04:31",
        "lastlocalchecktime_iso8601": "2023-04-07T17:04:31Z",
        "clicktimestamp": "2023-04-08 05:27:55",
        "clicktimestamp_iso8601": "2023-04-08T05:27:55Z",
        "clickcount": 67,
        "clicktrend": -6,
        "ssl_error": 0,
        "geo_lat": null,
        "geo_long": null,
        "has_extended_info": false
    },
    {
        "changeuuid": "9199d5ae-ce3d-4537-b823-ada6e3d15882",
        "stationuuid": "257d9018-727c-4253-af99-639879e4d99c",
        "serveruuid": "321c36de-a1e7-4939-a2d2-d95502f497b5",
        "name": "Radio Victoire 96.3 Lom\u00e9",
        "url": "https://stream.zeno.fm/vkhv6gl43g5tv",
        "url_resolved": "https://stream-157.zeno.fm/vkhv6gl43g5tv?zs=H8AOibYhTiOE9hwuBSKn0Q",
        "homepage": "https://victoirefm.com/",
        "favicon": "https://i0.wp.com/victoirefm.com/wp-content/uploads/2021/08/cropped-favico.png?fit=180%2c180&#038;ssl=1",
        "tags": "music",
        "country": "Togo",
        "countrycode": "TG",
        "iso_3166_2": null,
        "state": "",
        "language": "french",
        "languagecodes": "fr",
        "votes": 154,
        "lastchangetime": "2023-08-16 18:54:21",
        "lastchangetime_iso8601": "2023-08-16T18:54:21Z",
        "codec": "MP3",
        "bitrate": 0,
        "hls": 0,
        "lastcheckok": 1,
        "lastchecktime": "2023-09-03 12:36:13",
        "lastchecktime_iso8601": "2023-09-03T12:36:13Z",
        "lastcheckoktime": "2023-09-03 12:36:13",
        "lastcheckoktime_iso8601": "2023-09-03T12:36:13Z",
        "lastlocalchecktime": "2023-09-03 12:36:13",
        "lastlocalchecktime_iso8601": "2023-09-03T12:36:13Z",
        "clicktimestamp": "2023-09-03 14:12:27",
        "clicktimestamp_iso8601": "2023-09-03T14:12:27Z",
        "clickcount": 119,
        "clicktrend": 2,
        "ssl_error": 0,
        "geo_lat": null,
        "geo_long": null,
        "has_extended_info": false
    },
    {
        "changeuuid": "1858ad39-938c-4469-bed5-dece49faf774",
        "stationuuid": "e798095f-08c5-463f-8c9f-75b081de1267",
        "serveruuid": "f8565c99-0c8d-4fa7-8f4c-1651bf155281",
        "name": "Radio Lom\u00e9",
        "url": "https://stream-163.zeno.fm/umeg0b00hyduv",
        "url_resolved": "https://stream-162.zeno.fm/umeg0b00hyduv?zs=_JzjNHwXQquhLjQ_D5TASA",
        "homepage": "https://radiolome.tg/",
        "favicon": "",
        "tags": "african music,general",
        "country": "Togo",
        "countrycode": "TG",
        "iso_3166_2": null,
        "state": "",
        "language": "french",
        "languagecodes": "fr",
        "votes": 517,
        "lastchangetime": "2023-11-05 03:34:38",
        "lastchangetime_iso8601": "2023-11-05T03:34:38Z",
        "codec": "MP3",
        "bitrate": 0,
        "hls": 0,
        "lastcheckok": 1,
        "lastchecktime": "2023-11-07 06:18:56",
        "lastchecktime_iso8601": "2023-11-07T06:18:56Z",
        "lastcheckoktime": "2023-11-07 06:18:56",
        "lastcheckoktime_iso8601": "2023-11-07T06:18:56Z",
        "lastlocalchecktime": "2023-11-07 06:18:56",
        "lastlocalchecktime_iso8601": "2023-11-07T06:18:56Z",
        "clicktimestamp": "2023-11-07 17:04:41",
        "clicktimestamp_iso8601": "2023-11-07T17:04:41Z",
        "clickcount": 87,
        "clicktrend": 3,
        "ssl_error": 0,
        "geo_lat": null,
        "geo_long": null,
        "has_extended_info": false
    },
    {
        "changeuuid": "242565f9-745d-43db-8dcd-b893305aa76e",
        "stationuuid": "a17d5f19-5f67-4a5f-8452-f23f53360402",
        "serveruuid": "454ae35b-ac28-4296-844e-996e6b50f9db",
        "name": "DIMusic Club Togo \ud83c\uddf9\ud83c\uddec ",
        "url": "http://stream1.dimusic.club:11496/live",
        "url_resolved": "http://stream1.dimusic.club:11496/live",
        "homepage": "http://dimusic.club/",
        "favicon": "https://firebasestorage.googleapis.com/v0/b/radiogalaxy-580f4.appspot.com/o/images%2FIMG_20231006_110942488.jpg?alt=media&token=bfc7020e-b68f-4d63-a2b1-ebd86352b5cb",
        "tags": "dancemusic,eurodance,eurohit,pophit,popmusic",
        "country": "Togo",
        "countrycode": "TG",
        "iso_3166_2": null,
        "state": "",
        "language": "english/ espa\u00f1a/ russian /francia /italia",
        "languagecodes": "",
        "votes": 140,
        "lastchangetime": "2023-10-23 13:11:09",
        "lastchangetime_iso8601": "2023-10-23T13:11:09Z",
        "codec": "AAC+",
        "bitrate": 128,
        "hls": 0,
        "lastcheckok": 1,
        "lastchecktime": "2023-11-07 17:55:13",
        "lastchecktime_iso8601": "2023-11-07T17:55:13Z",
        "lastcheckoktime": "2023-11-07 17:55:13",
        "lastcheckoktime_iso8601": "2023-11-07T17:55:13Z",
        "lastlocalchecktime": "2023-11-07 17:55:13",
        "lastlocalchecktime_iso8601": "2023-11-07T17:55:13Z",
        "clicktimestamp": "2023-11-07 16:59:59",
        "clicktimestamp_iso8601": "2023-11-07T16:59:59Z",
        "clickcount": 48,
        "clicktrend": 3,
        "ssl_error": 0,
        "geo_lat": null,
        "geo_long": null,
        "has_extended_info": false
    },
    {
        "changeuuid": "00f66040-7bb9-4169-8ccc-fbe2904e64a9",
        "stationuuid": "861bc3e8-a0d3-4ac3-ba4d-87323c6c0992",
        "serveruuid": "757e116c-bb85-4eb1-b6d5-5d0d91ba807f",
        "name": "DIMusic Club Trance \ud83c\uddf9\ud83c\uddec ",
        "url": "http://stream2.dimusic.club:11499/dim2",
        "url_resolved": "http://stream2.dimusic.club:11499/dim2",
        "homepage": "http://dimusic.club/",
        "favicon": "https://firebasestorage.googleapis.com/v0/b/radiogalaxy-580f4.appspot.com/o/images%2FIMG_20231006_111115212.jpg?alt=media&token=e0616f34-60ce-4b8e-9ce2-0efaeec1fb9d",
        "tags": "music,trance,trancemusic",
        "country": "Togo",
        "countrycode": "TG",
        "iso_3166_2": null,
        "state": "",
        "language": "english",
        "languagecodes": "en",
        "votes": 84,
        "lastchangetime": "2023-11-05 02:25:26",
        "lastchangetime_iso8601": "2023-11-05T02:25:26Z",
        "codec": "AAC+",
        "bitrate": 128,
        "hls": 0,
        "lastcheckok": 1,
        "lastchecktime": "2023-11-07 10:10:25",
        "lastchecktime_iso8601": "2023-11-07T10:10:25Z",
        "lastcheckoktime": "2023-11-07 10:10:25",
        "lastcheckoktime_iso8601": "2023-11-07T10:10:25Z",
        "lastlocalchecktime": "2023-11-07 10:10:25",
        "lastlocalchecktime_iso8601": "2023-11-07T10:10:25Z",
        "clicktimestamp": "2023-11-07 16:59:59",
        "clicktimestamp_iso8601": "2023-11-07T16:59:59Z",
        "clickcount": 31,
        "clicktrend": 3,
        "ssl_error": 0,
        "geo_lat": null,
        "geo_long": null,
        "has_extended_info": false
    }
]