[
    {
        "changeuuid": "bb8c4eea-01db-48c1-afbd-f996967986b8",
        "stationuuid": "117c683f-28f9-4312-b059-de12a8428600",
        "serveruuid": "018cca7c-9e10-4207-8b25-328b5ef215b1",
        "name": "Ozodi",
        "url": "http://rfe-channel-09.akacast.akamaistream.net/7/872/229659/v1/ibb.akacast.akamaistream.net/rfe_channel_09",
        "url_resolved": "http://n01.radiojar.com/mn1ukbapn3quv?rj-ttl=5&rj-tok=AAABh1_YyMcAmsk3zs-lgu-ATQ",
        "homepage": "http://www.ozodi.com/",
        "favicon": "",
        "tags": "",
        "country": "Tajikistan",
        "countrycode": "TJ",
        "iso_3166_2": null,
        "state": "Perag",
        "language": "persian",
        "languagecodes": "fa",
        "votes": 725,
        "lastchangetime": "2022-04-11 20:05:52",
        "lastchangetime_iso8601": "2022-04-11T20:05:52Z",
        "codec": "MP3",
        "bitrate": 0,
        "hls": 0,
        "lastcheckok": 1,
        "lastchecktime": "2023-04-08 07:46:13",
        "lastchecktime_iso8601": "2023-04-08T07:46:13Z",
        "lastcheckoktime": "2023-04-08 07:46:13",
        "lastcheckoktime_iso8601": "2023-04-08T07:46:13Z",
        "lastlocalchecktime": "2023-04-07 20:16:37",
        "lastlocalchecktime_iso8601": "2023-04-07T20:16:37Z",
        "clicktimestamp": "2023-04-08 06:04:46",
        "clicktimestamp_iso8601": "2023-04-08T06:04:46Z",
        "clickcount": 58,
        "clicktrend": -2,
        "ssl_error": 0,
        "geo_lat": null,
        "geo_long": null,
        "has_extended_info": false
    },
    {
        "changeuuid": "ead1dfc0-045d-4f7a-a6ff-2c9908c7ac3d",
        "stationuuid": "2e7d29c5-d2f0-4260-8c2b-ddacc841c281",
        "serveruuid": "204a8d0a-613b-4383-90f9-f284f6d2cefc",
        "name": "Asia Plus",
        "url": "http://62.122.137.82:8020/ap",
        "url_resolved": "http://62.122.137.82:8020/ap",
        "homepage": "https://asiaplustj.info/en",
        "favicon": "",
        "tags": "dance,folk,folk music,folklore,music,pop dance,pop music",
        "country": "Tajikistan",
        "countrycode": "TJ",
        "iso_3166_2": null,
        "state": "",
        "language": "persian,tajik",
        "languagecodes": "fa,tg",
        "votes": 543,
        "lastchangetime": "2023-05-20 21:35:59",
        "lastchangetime_iso8601": "2023-05-20T21:35:59Z",
        "codec": "MP3",
        "bitrate": 192,
        "hls": 0,
        "lastcheckok": 1,
        "lastchecktime": "2023-07-09 10:57:00",
        "lastchecktime_iso8601": "2023-07-09T10:57:00Z",
        "lastcheckoktime": "2023-07-09 10:57:00",
        "lastcheckoktime_iso8601": "2023-07-09T10:57:00Z",
        "lastlocalchecktime": "2023-07-08 19:27:45",
        "lastlocalchecktime_iso8601": "2023-07-08T19:27:45Z",
        "clicktimestamp": "2023-07-09 12:11:04",
        "clicktimestamp_iso8601": "2023-07-09T12:11:04Z",
        "clickcount": 60,
        "clicktrend": 3,
        "ssl_error": 0,
        "geo_lat": null,
        "geo_long": null,
        "has_extended_info": false
    },
    {
        "changeuuid": "7c363643-18a1-48bc-b5af-f023b7dcb461",
        "stationuuid": "40f5a4c1-33e7-472d-9475-f512b19200f7",
        "serveruuid": "b724f282-7b62-4d73-b1d9-cce838a38783",
        "name": "\u0421\u0430\u0434\u043e\u0438 \u0414\u0443\u0448\u0430\u043d\u0431\u0435",
        "url": "http://185.121.1.27:8000/sdushanbe",
        "url_resolved": "http://185.121.1.27:8000/sdushanbe",
        "homepage": "https://sadoidushanbe.tj/",
        "favicon": "",
        "tags": "dushanbe city radio",
        "country": "Tajikistan",
        "countrycode": "TJ",
        "iso_3166_2": null,
        "state": "",
        "language": "tajik",
        "languagecodes": "tg",
        "votes": 29,
        "lastchangetime": "2023-09-02 12:01:14",
        "lastchangetime_iso8601": "2023-09-02T12:01:14Z",
        "codec": "MP3",
        "bitrate": 0,
        "hls": 0,
        "lastcheckok": 1,
        "lastchecktime": "2023-09-03 12:06:29",
        "lastchecktime_iso8601": "2023-09-03T12:06:29Z",
        "lastcheckoktime": "2023-09-03 12:06:29",
        "lastcheckoktime_iso8601": "2023-09-03T12:06:29Z",
        "lastlocalchecktime": "2023-09-03 12:06:29",
        "lastlocalchecktime_iso8601": "2023-09-03T12:06:29Z",
        "clicktimestamp": "2023-09-03 11:41:59",
        "clicktimestamp_iso8601": "2023-09-03T11:41:59Z",
        "clickcount": 19,
        "clicktrend": -1,
        "ssl_error": 0,
        "geo_lat": null,
        "geo_long": null,
        "has_extended_info": false
    },
    {
        "changeuuid": "4579188e-b57b-44dd-8ea6-a1f2913a3da0",
        "stationuuid": "0018c4c7-76d6-427d-8721-271cc1699a2d",
        "serveruuid": "b724f282-7b62-4d73-b1d9-cce838a38783",
        "name": "\u0420\u0430\u0434\u0438\u043e\u0438 \u0424\u0430\u0440\u04b3\u0430\u043d\u0433",
        "url": "http://185.121.1.27:8000/farhang",
        "url_resolved": "http://185.121.1.27:8000/farhang",
        "homepage": "https://farhangfm.tj/",
        "favicon": "",
        "tags": "culture,music",
        "country": "Tajikistan",
        "countrycode": "TJ",
        "iso_3166_2": null,
        "state": "",
        "language": "tajik",
        "languagecodes": "tg",
        "votes": 24,
        "lastchangetime": "2023-08-14 13:06:18",
        "lastchangetime_iso8601": "2023-08-14T13:06:18Z",
        "codec": "MP3",
        "bitrate": 0,
        "hls": 0,
        "lastcheckok": 1,
        "lastchecktime": "2023-09-03 12:02:32",
        "lastchecktime_iso8601": "2023-09-03T12:02:32Z",
        "lastcheckoktime": "2023-09-03 12:02:32",
        "lastcheckoktime_iso8601": "2023-09-03T12:02:32Z",
        "lastlocalchecktime": "2023-09-03 07:38:32",
        "lastlocalchecktime_iso8601": "2023-09-03T07:38:32Z",
        "clicktimestamp": "2023-09-02 08:06:16",
        "clicktimestamp_iso8601": "2023-09-02T08:06:16Z",
        "clickcount": 12,
        "clicktrend": -2,
        "ssl_error": 0,
        "geo_lat": null,
        "geo_long": null,
        "has_extended_info": false
    },
    {
        "changeuuid": "0a678804-3547-4cd7-ae89-897c128f6e8b",
        "stationuuid": "9d42fd83-d987-4075-80e1-76b8870ccf3b",
        "serveruuid": "9f8a7cda-4f15-46b1-8ec3-47f0c0655f1a",
        "name": "\u0425\u043e\u0432\u0430\u0440 FM 101.5",
        "url": "https://radio.khovar.tj/live",
        "url_resolved": "https://radio.khovar.tj/live",
        "homepage": "https://khovar.tj/",
        "favicon": "",
        "tags": "music",
        "country": "Tajikistan",
        "countrycode": "TJ",
        "iso_3166_2": null,
        "state": "",
        "language": "tajik",
        "languagecodes": "tg",
        "votes": 23,
        "lastchangetime": "2023-07-31 12:17:24",
        "lastchangetime_iso8601": "2023-07-31T12:17:24Z",
        "codec": "MP3",
        "bitrate": 64,
        "hls": 0,
        "lastcheckok": 1,
        "lastchecktime": "2023-09-03 13:33:37",
        "lastchecktime_iso8601": "2023-09-03T13:33:37Z",
        "lastcheckoktime": "2023-09-03 13:33:37",
        "lastcheckoktime_iso8601": "2023-09-03T13:33:37Z",
        "lastlocalchecktime": "2023-09-03 12:18:09",
        "lastlocalchecktime_iso8601": "2023-09-03T12:18:09Z",
        "clicktimestamp": "2023-09-03 11:42:12",
        "clicktimestamp_iso8601": "2023-09-03T11:42:12Z",
        "clickcount": 14,
        "clicktrend": -2,
        "ssl_error": 0,
        "geo_lat": null,
        "geo_long": null,
        "has_extended_info": false
    },
    {
        "changeuuid": "4c45336d-8548-4232-98d7-b439c356a453",
        "stationuuid": "71f531e6-73e1-4e78-8dee-bbfe5e45be82",
        "serveruuid": "b724f282-7b62-4d73-b1d9-cce838a38783",
        "name": "\u0420\u0430\u0434\u0438\u043e\u0438 \u0422\u043e\u04b7\u0438\u043a\u0438\u0441\u0442\u043e\u043d",
        "url": "http://185.121.1.27:8000/tojikiston",
        "url_resolved": "http://185.121.1.27:8000/tojikiston",
        "homepage": "https://radiotoj.tj/",
        "favicon": "https://radiotoj.tj/wp-content/uploads/2022/06/%D0%BB%D0%BE%D0%B3%D0%BE-%D0%B0%D0%BD%D1%87%D0%BE%D1%80.jpg",
        "tags": "general",
        "country": "Tajikistan",
        "countrycode": "TJ",
        "iso_3166_2": null,
        "state": "",
        "language": "tajik",
        "languagecodes": "tg",
        "votes": 23,
        "lastchangetime": "2023-07-27 09:50:43",
        "lastchangetime_iso8601": "2023-07-27T09:50:43Z",
        "codec": "MP3",
        "bitrate": 0,
        "hls": 0,
        "lastcheckok": 1,
        "lastchecktime": "2023-09-03 12:20:04",
        "lastchecktime_iso8601": "2023-09-03T12:20:04Z",
        "lastcheckoktime": "2023-09-03 12:20:04",
        "lastcheckoktime_iso8601": "2023-09-03T12:20:04Z",
        "lastlocalchecktime": "2023-09-02 21:57:56",
        "lastlocalchecktime_iso8601": "2023-09-02T21:57:56Z",
        "clicktimestamp": "2023-09-03 06:10:17",
        "clicktimestamp_iso8601": "2023-09-03T06:10:17Z",
        "clickcount": 18,
        "clicktrend": -2,
        "ssl_error": 0,
        "geo_lat": null,
        "geo_long": null,
        "has_extended_info": false
    },
    {
        "changeuuid": "6c9ebbb4-1d25-492a-9823-987676decc87",
        "stationuuid": "fb324db1-7366-48e4-b359-b658dc4fdc83",
        "serveruuid": "b724f282-7b62-4d73-b1d9-cce838a38783",
        "name": "\u041e\u0432\u043e\u0437\u0438 \u0422\u043e\u04b7\u0438\u043a - Voice of Tajik",
        "url": "http://185.121.1.27:8000/otojik",
        "url_resolved": "http://185.121.1.27:8000/otojik",
        "homepage": "https://vot.tj/",
        "favicon": "https://radioben.co.uk/3/podcasts/Voice%20of%20Tajik.jpg",
        "tags": "foreign service",
        "country": "Tajikistan",
        "countrycode": "TJ",
        "iso_3166_2": null,
        "state": "",
        "language": "arabic,english,hindi,persian,russian,tajik,uzbek",
        "languagecodes": "ar,en,fa,hi,ru,tg,uz",
        "votes": 23,
        "lastchangetime": "2023-07-27 09:58:03",
        "lastchangetime_iso8601": "2023-07-27T09:58:03Z",
        "codec": "MP3",
        "bitrate": 0,
        "hls": 0,
        "lastcheckok": 1,
        "lastchecktime": "2023-09-03 11:28:34",
        "lastchecktime_iso8601": "2023-09-03T11:28:34Z",
        "lastcheckoktime": "2023-09-03 11:28:34",
        "lastcheckoktime_iso8601": "2023-09-03T11:28:34Z",
        "lastlocalchecktime": "2023-09-03 09:53:59",
        "lastlocalchecktime_iso8601": "2023-09-03T09:53:59Z",
        "clicktimestamp": "2023-09-03 14:27:39",
        "clicktimestamp_iso8601": "2023-09-03T14:27:39Z",
        "clickcount": 32,
        "clicktrend": -4,
        "ssl_error": 0,
        "geo_lat": null,
        "geo_long": null,
        "has_extended_info": false
    }
]