[
    {
        "changeuuid": "2c5101d9-059a-4f7e-91cc-b24f4c9ee832",
        "stationuuid": "5099a572-c84c-4375-8c64-e8127c636b81",
        "serveruuid": "2b4afb07-7f9c-4dc4-b88c-39ef073d2886",
        "name": "Radio Owaz",
        "url": "http://217.174.238.16:8000/Owaz.m3u",
        "url_resolved": "http://217.174.238.16:8000/Owaz",
        "homepage": "https://www.tdh.gov.tm/video/en/radio.aspx",
        "favicon": "https://upload.wikimedia.org/wikipedia/commons/1/1b/Flag_of_Turkmenistan.svg",
        "tags": "bah\u015fy,classic,dutar,folk,music,turkmen",
        "country": "Turkmenistan",
        "countrycode": "TM",
        "iso_3166_2": null,
        "state": "",
        "language": "turkmen",
        "languagecodes": "tk",
        "votes": 643,
        "lastchangetime": "2022-03-28 10:27:13",
        "lastchangetime_iso8601": "2022-03-28T10:27:13Z",
        "codec": "UNKNOWN",
        "bitrate": 0,
        "hls": 0,
        "lastcheckok": 1,
        "lastchecktime": "2023-04-08 14:22:58",
        "lastchecktime_iso8601": "2023-04-08T14:22:58Z",
        "lastcheckoktime": "2023-04-08 14:22:58",
        "lastcheckoktime_iso8601": "2023-04-08T14:22:58Z",
        "lastlocalchecktime": "2023-04-08 14:22:58",
        "lastlocalchecktime_iso8601": "2023-04-08T14:22:58Z",
        "clicktimestamp": "2023-04-08 13:40:14",
        "clicktimestamp_iso8601": "2023-04-08T13:40:14Z",
        "clickcount": 92,
        "clicktrend": 5,
        "ssl_error": 0,
        "geo_lat": null,
        "geo_long": null,
        "has_extended_info": false
    },
    {
        "changeuuid": "be0700d9-4b5b-4a34-ae91-8440efbd76c4",
        "stationuuid": "8426c90f-f372-42fa-888b-50b2bd8b8e48",
        "serveruuid": "8a307ed8-3cb5-49cd-91c3-18a4e7ef8461",
        "name": "\u0627\u0644\u0646\u0647\u062c \u0627\u0644\u0648\u0627\u0636\u062d ",
        "url": "https://node33.obviousapproach.com:9000/stream",
        "url_resolved": "https://node33.obviousapproach.com:9000/stream",
        "homepage": "",
        "favicon": "",
        "tags": "classical",
        "country": "Turkmenistan",
        "countrycode": "TM",
        "iso_3166_2": null,
        "state": "",
        "language": "",
        "languagecodes": "",
        "votes": 261,
        "lastchangetime": "2022-04-23 16:14:36",
        "lastchangetime_iso8601": "2022-04-23T16:14:36Z",
        "codec": "MP3",
        "bitrate": 32,
        "hls": 0,
        "lastcheckok": 1,
        "lastchecktime": "2023-04-08 12:52:56",
        "lastchecktime_iso8601": "2023-04-08T12:52:56Z",
        "lastcheckoktime": "2023-04-08 12:52:56",
        "lastcheckoktime_iso8601": "2023-04-08T12:52:56Z",
        "lastlocalchecktime": "2023-04-08 12:52:56",
        "lastlocalchecktime_iso8601": "2023-04-08T12:52:56Z",
        "clicktimestamp": "2023-04-08 00:38:37",
        "clicktimestamp_iso8601": "2023-04-08T00:38:37Z",
        "clickcount": 24,
        "clicktrend": 1,
        "ssl_error": 0,
        "geo_lat": null,
        "geo_long": null,
        "has_extended_info": false
    }
]