[
    {
        "changeuuid": "7e18059c-80a2-4ea1-b136-fdb87e8d8c39",
        "stationuuid": "9634dbb2-0601-11e8-ae97-52543be04c81",
        "serveruuid": "fdea08c9-5e51-45b7-a96c-bccf0212ce49",
        "name": "Radio Tonga 101.7 Nuku'alofa",
        "url": "http://tbcletio.serverroom.us:8142/;stream.mp3",
        "url_resolved": "http://tbcletio.serverroom.us:8142/;stream.mp3",
        "homepage": "http://www.tonga-broadcasting.net/?page_id=35",
        "favicon": "http://www.tonga-broadcasting.net/wp-content/uploads/2016/05/cropped-site-icon-180x180.png",
        "tags": "local information,local news,nuku'alofa,public radio",
        "country": "Tonga",
        "countrycode": "TO",
        "iso_3166_2": null,
        "state": "",
        "language": "tongan",
        "languagecodes": "",
        "votes": 671,
        "lastchangetime": "2022-12-11 17:15:16",
        "lastchangetime_iso8601": "2022-12-11T17:15:16Z",
        "codec": "MP3",
        "bitrate": 64,
        "hls": 0,
        "lastcheckok": 1,
        "lastchecktime": "2023-04-08 09:56:28",
        "lastchecktime_iso8601": "2023-04-08T09:56:28Z",
        "lastcheckoktime": "2023-04-08 09:56:28",
        "lastcheckoktime_iso8601": "2023-04-08T09:56:28Z",
        "lastlocalchecktime": "2023-04-07 17:38:26",
        "lastlocalchecktime_iso8601": "2023-04-07T17:38:26Z",
        "clicktimestamp": "2023-04-08 10:09:58",
        "clicktimestamp_iso8601": "2023-04-08T10:09:58Z",
        "clickcount": 12,
        "clicktrend": 1,
        "ssl_error": 0,
        "geo_lat": null,
        "geo_long": null,
        "has_extended_info": false
    },
    {
        "changeuuid": "dc716906-6247-4091-94b1-4ec0699f8e59",
        "stationuuid": "1e4794bd-4ae6-45a9-b493-9921557b3d5d",
        "serveruuid": "454ae35b-ac28-4296-844e-996e6b50f9db",
        "name": "DIMusic Club Tonga \ud83c\uddf9\ud83c\uddf4 ",
        "url": "http://stream1.dimusic.club:11496/live",
        "url_resolved": "http://stream1.dimusic.club:11496/live",
        "homepage": "http://dimusic.club/",
        "favicon": "https://firebasestorage.googleapis.com/v0/b/radiogalaxy-580f4.appspot.com/o/images%2FIMG_20230609_065549563.jpg?alt=media&token=d9702884-8cef-41a4-b544-086f5a92143f",
        "tags": "#pop #eurodance #musichits #popmusic #dancemusic",
        "country": "Tonga",
        "countrycode": "TO",
        "iso_3166_2": null,
        "state": "",
        "language": "english/ espa\u00f1a/ russian /francia /italia",
        "languagecodes": "",
        "votes": 9,
        "lastchangetime": "2023-06-09 03:59:01",
        "lastchangetime_iso8601": "2023-06-09T03:59:01Z",
        "codec": "AAC+",
        "bitrate": 96,
        "hls": 0,
        "lastcheckok": 1,
        "lastchecktime": "2023-09-03 08:24:30",
        "lastchecktime_iso8601": "2023-09-03T08:24:30Z",
        "lastcheckoktime": "2023-09-03 08:24:30",
        "lastcheckoktime_iso8601": "2023-09-03T08:24:30Z",
        "lastlocalchecktime": "2023-09-03 08:24:30",
        "lastlocalchecktime_iso8601": "2023-09-03T08:24:30Z",
        "clicktimestamp": "2023-09-03 09:43:25",
        "clicktimestamp_iso8601": "2023-09-03T09:43:25Z",
        "clickcount": 8,
        "clicktrend": 1,
        "ssl_error": 0,
        "geo_lat": null,
        "geo_long": null,
        "has_extended_info": false
    }
]