[
    {
        "changeuuid": "a00c4a74-cece-4b46-9b04-1df101f6e985",
        "stationuuid": "961a563d-0601-11e8-ae97-52543be04c81",
        "serveruuid": "8ce990fe-f353-4bd7-9fab-4b0563a7df5b",
        "name": "Red 96.7 FM - Morichal",
        "url": "http://104.238.99.1:8000/red967.mp3",
        "url_resolved": "http://104.238.99.1:8000/red967.mp3",
        "homepage": "http://red967fm.com/",
        "favicon": "",
        "tags": "caribbean,entertainment,morichal,music,reggae,soca,youth",
        "country": "Trinidad And Tobago",
        "countrycode": "TT",
        "iso_3166_2": null,
        "state": "",
        "language": "english",
        "languagecodes": "en",
        "votes": 986,
        "lastchangetime": "2022-12-25 06:29:20",
        "lastchangetime_iso8601": "2022-12-25T06:29:20Z",
        "codec": "MP3",
        "bitrate": 42,
        "hls": 0,
        "lastcheckok": 1,
        "lastchecktime": "2023-04-08 13:02:31",
        "lastchecktime_iso8601": "2023-04-08T13:02:31Z",
        "lastcheckoktime": "2023-04-08 13:02:31",
        "lastcheckoktime_iso8601": "2023-04-08T13:02:31Z",
        "lastlocalchecktime": "2023-04-08 13:02:31",
        "lastlocalchecktime_iso8601": "2023-04-08T13:02:31Z",
        "clicktimestamp": "2023-04-08 11:39:57",
        "clicktimestamp_iso8601": "2023-04-08T11:39:57Z",
        "clickcount": 50,
        "clicktrend": 1,
        "ssl_error": 0,
        "geo_lat": null,
        "geo_long": null,
        "has_extended_info": false
    },
    {
        "changeuuid": "83f59d5b-bb52-4b27-92fa-d3de5ac581f2",
        "stationuuid": "961a0d46-0601-11e8-ae97-52543be04c81",
        "serveruuid": "8ce990fe-f353-4bd7-9fab-4b0563a7df5b",
        "name": "i95.5 FM - Port of Spain",
        "url": "http://104.238.99.1:8000/i955fm.mp3",
        "url_resolved": "http://104.238.99.1:8000/i955fm.mp3",
        "homepage": "http://i955fm.com/",
        "favicon": "",
        "tags": "caribbean,local news,music,news,opinion,parang,soca",
        "country": "Trinidad And Tobago",
        "countrycode": "TT",
        "iso_3166_2": null,
        "state": "",
        "language": "english",
        "languagecodes": "en",
        "votes": 748,
        "lastchangetime": "2022-08-29 04:02:15",
        "lastchangetime_iso8601": "2022-08-29T04:02:15Z",
        "codec": "MP3",
        "bitrate": 141,
        "hls": 0,
        "lastcheckok": 1,
        "lastchecktime": "2023-04-08 01:51:26",
        "lastchecktime_iso8601": "2023-04-08T01:51:26Z",
        "lastcheckoktime": "2023-04-08 01:51:26",
        "lastcheckoktime_iso8601": "2023-04-08T01:51:26Z",
        "lastlocalchecktime": "2023-04-07 16:35:00",
        "lastlocalchecktime_iso8601": "2023-04-07T16:35:00Z",
        "clicktimestamp": "2023-04-08 14:14:50",
        "clicktimestamp_iso8601": "2023-04-08T14:14:50Z",
        "clickcount": 96,
        "clicktrend": -5,
        "ssl_error": 0,
        "geo_lat": null,
        "geo_long": null,
        "has_extended_info": false
    },
    {
        "changeuuid": "7d50d583-7943-41a7-8ba1-5f8dbbcfff2c",
        "stationuuid": "963217f7-0601-11e8-ae97-52543be04c81",
        "serveruuid": "b5ecc746-4deb-4124-a34e-d60b6578240d",
        "name": "Hot 93 - 93.5 - Port of Spain",
        "url": "http://ice41.securenetsystems.net/HOTT93",
        "url_resolved": "http://ice41.securenetsystems.net/HOTT93",
        "homepage": "http://www.hott93.com/",
        "favicon": "",
        "tags": "contemporary hits,port of spain,top 40",
        "country": "Trinidad And Tobago",
        "countrycode": "TT",
        "iso_3166_2": null,
        "state": "",
        "language": "english",
        "languagecodes": "en",
        "votes": 715,
        "lastchangetime": "2022-03-28 10:02:44",
        "lastchangetime_iso8601": "2022-03-28T10:02:44Z",
        "codec": "AAC+",
        "bitrate": 32,
        "hls": 0,
        "lastcheckok": 1,
        "lastchecktime": "2023-04-08 12:01:51",
        "lastchecktime_iso8601": "2023-04-08T12:01:51Z",
        "lastcheckoktime": "2023-04-08 12:01:51",
        "lastcheckoktime_iso8601": "2023-04-08T12:01:51Z",
        "lastlocalchecktime": "2023-04-08 12:01:51",
        "lastlocalchecktime_iso8601": "2023-04-08T12:01:51Z",
        "clicktimestamp": "2023-04-08 12:49:16",
        "clicktimestamp_iso8601": "2023-04-08T12:49:16Z",
        "clickcount": 48,
        "clicktrend": -2,
        "ssl_error": 0,
        "geo_lat": null,
        "geo_long": null,
        "has_extended_info": false
    },
    {
        "changeuuid": "0445e0a9-0403-4148-8e52-876633d20cab",
        "stationuuid": "96300267-0601-11e8-ae97-52543be04c81",
        "serveruuid": "7e35b274-496c-4d57-a558-e2ac439994e2",
        "name": "Radio Tambrin 92.7 - Scarborough",
        "url": "http://ice42.securenetsystems.net/TAMBRIN",
        "url_resolved": "http://ice42.securenetsystems.net/TAMBRIN",
        "homepage": "http://tambrintobago.com/",
        "favicon": "",
        "tags": "caribbean music,local news,scarborough,talk radio,top 40",
        "country": "Trinidad And Tobago",
        "countrycode": "TT",
        "iso_3166_2": null,
        "state": "Tobago",
        "language": "english",
        "languagecodes": "en",
        "votes": 467,
        "lastchangetime": "2022-08-28 01:44:21",
        "lastchangetime_iso8601": "2022-08-28T01:44:21Z",
        "codec": "AAC+",
        "bitrate": 32,
        "hls": 0,
        "lastcheckok": 1,
        "lastchecktime": "2023-04-08 09:18:56",
        "lastchecktime_iso8601": "2023-04-08T09:18:56Z",
        "lastcheckoktime": "2023-04-08 09:18:56",
        "lastcheckoktime_iso8601": "2023-04-08T09:18:56Z",
        "lastlocalchecktime": "2023-04-07 15:49:50",
        "lastlocalchecktime_iso8601": "2023-04-07T15:49:50Z",
        "clicktimestamp": "2023-04-08 11:39:59",
        "clicktimestamp_iso8601": "2023-04-08T11:39:59Z",
        "clickcount": 32,
        "clicktrend": 2,
        "ssl_error": 0,
        "geo_lat": null,
        "geo_long": null,
        "has_extended_info": false
    },
    {
        "changeuuid": "c03edf6e-21e5-4875-b551-2c3e16d2ae02",
        "stationuuid": "962510fa-0601-11e8-ae97-52543be04c81",
        "serveruuid": "762f5198-815c-42cd-b2c0-dacc9341dbbc",
        "name": "Real Radio Trinidad & Tobago - Arima",
        "url": "http://streaming.radio.co/s3928a1fef/listen",
        "url_resolved": "http://streaming.radio.co/s3928a1fef/listen",
        "homepage": "http://realcompanylimited.com/RealCompanyLimited/realradio.html",
        "favicon": "",
        "tags": "arima,contemporary hits,top 40",
        "country": "Trinidad And Tobago",
        "countrycode": "TT",
        "iso_3166_2": null,
        "state": "",
        "language": "english",
        "languagecodes": "en",
        "votes": 380,
        "lastchangetime": "2022-03-28 22:23:33",
        "lastchangetime_iso8601": "2022-03-28T22:23:33Z",
        "codec": "MP3",
        "bitrate": 128,
        "hls": 0,
        "lastcheckok": 1,
        "lastchecktime": "2023-04-07 20:43:51",
        "lastchecktime_iso8601": "2023-04-07T20:43:51Z",
        "lastcheckoktime": "2023-04-07 20:43:51",
        "lastcheckoktime_iso8601": "2023-04-07T20:43:51Z",
        "lastlocalchecktime": "2023-04-07 19:48:55",
        "lastlocalchecktime_iso8601": "2023-04-07T19:48:55Z",
        "clicktimestamp": "2023-04-08 02:17:20",
        "clicktimestamp_iso8601": "2023-04-08T02:17:20Z",
        "clickcount": 26,
        "clicktrend": 0,
        "ssl_error": 0,
        "geo_lat": null,
        "geo_long": null,
        "has_extended_info": false
    },
    {
        "changeuuid": "fbec63b6-3195-48ac-a87c-36127b768692",
        "stationuuid": "cc80eeff-a65e-4411-ac33-5334bad1ad5c",
        "serveruuid": "0a27845d-63be-46c1-a221-a00bc92e9a38",
        "name": "Isaac 98.1fm",
        "url": "https://ice66.securenetsystems.net/FFBN?playSessionID=8D29A2B7-D966-0B14-AFCD7A340AFA6C15",
        "url_resolved": "https://ice66.securenetsystems.net/FFBN?playSessionID=8D29A2B7-D966-0B14-AFCD7A340AFA6C15",
        "homepage": "http://www.isaac981.com/",
        "favicon": "",
        "tags": "christian,christian-gospel,gospel,jesus",
        "country": "Trinidad And Tobago",
        "countrycode": "TT",
        "iso_3166_2": null,
        "state": "Port of Spain",
        "language": "english",
        "languagecodes": "en",
        "votes": 225,
        "lastchangetime": "2022-03-28 13:02:19",
        "lastchangetime_iso8601": "2022-03-28T13:02:19Z",
        "codec": "AAC+",
        "bitrate": 45,
        "hls": 0,
        "lastcheckok": 1,
        "lastchecktime": "2023-04-08 07:00:34",
        "lastchecktime_iso8601": "2023-04-08T07:00:34Z",
        "lastcheckoktime": "2023-04-08 07:00:34",
        "lastcheckoktime_iso8601": "2023-04-08T07:00:34Z",
        "lastlocalchecktime": "2023-04-07 16:43:24",
        "lastlocalchecktime_iso8601": "2023-04-07T16:43:24Z",
        "clicktimestamp": "2023-04-08 11:45:32",
        "clicktimestamp_iso8601": "2023-04-08T11:45:32Z",
        "clickcount": 71,
        "clicktrend": 3,
        "ssl_error": 0,
        "geo_lat": null,
        "geo_long": null,
        "has_extended_info": false
    },
    {
        "changeuuid": "f695e726-d0ee-4027-9005-b9737d38ccb6",
        "stationuuid": "7d3c496e-99ba-11e9-a605-52543be04c81",
        "serveruuid": "a4b22e5a-ac42-4807-a91f-6b6ee686b215",
        "name": "Trinidad TTPP Air Traffic Control",
        "url": "http://www.liveatc.net/play/ttpp_twr.pls",
        "url_resolved": "http://s1-lhr.liveatc.net:80/ttpp_twr?nocache=2023040801233480824",
        "homepage": "https://www.liveatc.net/search/?icao=ttpp",
        "favicon": "",
        "tags": "scanner",
        "country": "Trinidad And Tobago",
        "countrycode": "TT",
        "iso_3166_2": null,
        "state": "Piarco",
        "language": "english",
        "languagecodes": "en",
        "votes": 216,
        "lastchangetime": "2022-03-28 09:55:53",
        "lastchangetime_iso8601": "2022-03-28T09:55:53Z",
        "codec": "MP3",
        "bitrate": 0,
        "hls": 0,
        "lastcheckok": 1,
        "lastchecktime": "2023-04-08 01:25:57",
        "lastchecktime_iso8601": "2023-04-08T01:25:57Z",
        "lastcheckoktime": "2023-04-08 01:25:57",
        "lastcheckoktime_iso8601": "2023-04-08T01:25:57Z",
        "lastlocalchecktime": "2023-04-07 20:07:35",
        "lastlocalchecktime_iso8601": "2023-04-07T20:07:35Z",
        "clicktimestamp": "2023-04-08 10:35:47",
        "clicktimestamp_iso8601": "2023-04-08T10:35:47Z",
        "clickcount": 12,
        "clicktrend": -1,
        "ssl_error": 0,
        "geo_lat": null,
        "geo_long": null,
        "has_extended_info": false
    },
    {
        "changeuuid": "f4fc648d-1c34-4792-a84e-55666bba4f1f",
        "stationuuid": "96322276-0601-11e8-ae97-52543be04c81",
        "serveruuid": "85177196-f49b-48f9-857c-9ee528f60463",
        "name": "Taj 92.3 - Curepe",
        "url": "http://ice66.securenetsystems.net/TAJ",
        "url_resolved": "http://ice66.securenetsystems.net/TAJ",
        "homepage": "http://www.taj923fm.com/",
        "favicon": "",
        "tags": "curepe,indian music",
        "country": "Trinidad And Tobago",
        "countrycode": "TT",
        "iso_3166_2": null,
        "state": "",
        "language": "english",
        "languagecodes": "en",
        "votes": 184,
        "lastchangetime": "2022-09-13 23:29:22",
        "lastchangetime_iso8601": "2022-09-13T23:29:22Z",
        "codec": "AAC+",
        "bitrate": 32,
        "hls": 0,
        "lastcheckok": 1,
        "lastchecktime": "2023-04-07 22:53:40",
        "lastchecktime_iso8601": "2023-04-07T22:53:40Z",
        "lastcheckoktime": "2023-04-07 22:53:40",
        "lastcheckoktime_iso8601": "2023-04-07T22:53:40Z",
        "lastlocalchecktime": "2023-04-07 21:02:25",
        "lastlocalchecktime_iso8601": "2023-04-07T21:02:25Z",
        "clicktimestamp": "2023-04-07 10:47:33",
        "clicktimestamp_iso8601": "2023-04-07T10:47:33Z",
        "clickcount": 7,
        "clicktrend": -1,
        "ssl_error": 0,
        "geo_lat": null,
        "geo_long": null,
        "has_extended_info": false
    },
    {
        "changeuuid": "80c2a544-9da4-471f-862b-99eac80e2136",
        "stationuuid": "f7b08945-1125-11e9-a80b-52543be04c81",
        "serveruuid": "8ce990fe-f353-4bd7-9fab-4b0563a7df5b",
        "name": "W107.1 The Word",
        "url": "http://104.238.99.1:8000/w107_128.mp3",
        "url_resolved": "http://104.238.99.1:8000/w107_128.mp3",
        "homepage": "http://w107fm.com/",
        "favicon": "",
        "tags": "w107.1,w1071,word",
        "country": "Trinidad And Tobago",
        "countrycode": "TT",
        "iso_3166_2": null,
        "state": "",
        "language": "",
        "languagecodes": "",
        "votes": 141,
        "lastchangetime": "2022-08-29 22:29:21",
        "lastchangetime_iso8601": "2022-08-29T22:29:21Z",
        "codec": "MP3",
        "bitrate": 160,
        "hls": 0,
        "lastcheckok": 1,
        "lastchecktime": "2023-04-08 09:05:36",
        "lastchecktime_iso8601": "2023-04-08T09:05:36Z",
        "lastcheckoktime": "2023-04-08 09:05:36",
        "lastcheckoktime_iso8601": "2023-04-08T09:05:36Z",
        "lastlocalchecktime": "2023-04-07 19:59:30",
        "lastlocalchecktime_iso8601": "2023-04-07T19:59:30Z",
        "clicktimestamp": "2023-04-08 11:26:30",
        "clicktimestamp_iso8601": "2023-04-08T11:26:30Z",
        "clickcount": 12,
        "clicktrend": 0,
        "ssl_error": 0,
        "geo_lat": null,
        "geo_long": null,
        "has_extended_info": false
    },
    {
        "changeuuid": "cad2c388-27be-40e4-955a-fd688d129ae8",
        "stationuuid": "da05f1eb-6c29-4dff-9f85-b821ea68ef67",
        "serveruuid": "b502a05f-9ac8-4245-952b-ad795611fac3",
        "name": "Smash Radio TT",
        "url": "https://ep.onlineaudience.co.uk:8544/stream",
        "url_resolved": "https://ep.onlineaudience.co.uk:8544/stream",
        "homepage": "https://www.smashradiott.com/",
        "favicon": "https://www.facebook.com/photo.php?fbid=753478569374900&set=pb.100041382925296.-2207520000.&type=3",
        "tags": "dancehall,r&b,reggae,soca",
        "country": "Trinidad And Tobago",
        "countrycode": "TT",
        "iso_3166_2": null,
        "state": "",
        "language": "english",
        "languagecodes": "en",
        "votes": 20,
        "lastchangetime": "2022-12-31 20:54:37",
        "lastchangetime_iso8601": "2022-12-31T20:54:37Z",
        "codec": "MP3",
        "bitrate": 128,
        "hls": 0,
        "lastcheckok": 1,
        "lastchecktime": "2023-04-08 04:03:07",
        "lastchecktime_iso8601": "2023-04-08T04:03:07Z",
        "lastcheckoktime": "2023-04-08 04:03:07",
        "lastcheckoktime_iso8601": "2023-04-08T04:03:07Z",
        "lastlocalchecktime": "2023-04-07 18:51:54",
        "lastlocalchecktime_iso8601": "2023-04-07T18:51:54Z",
        "clicktimestamp": "2023-04-07 17:05:27",
        "clicktimestamp_iso8601": "2023-04-07T17:05:27Z",
        "clickcount": 24,
        "clicktrend": 1,
        "ssl_error": 0,
        "geo_lat": 11.238379954260946,
        "geo_long": -60.59404134750367,
        "has_extended_info": false
    },
    {
        "changeuuid": "870a1f10-545c-4889-af51-2ac6a665db21",
        "stationuuid": "92900a11-a316-4b8b-9439-db1105f411a3",
        "serveruuid": "4113af84-4d52-454c-989c-bcf4b21db2db",
        "name": "95 the ultimate one",
        "url": "https://www.radiomast.io/stream/aae72a18-3fa0-4b9a-a4c4-5a19655e1c68/listen",
        "url_resolved": "https://audio-edge-5bkfj.fra.h.radiomast.io/aae72a18-3fa0-4b9a-a4c4-5a19655e1c68",
        "homepage": "https://tbcradionetwork.co.tt/95theultimateone/",
        "favicon": "https://tbcradionetwork.co.tt/95theultimateone/wp-content/uploads/sites/3/2022/03/cropped-951-Logo-Color-Glow-80x53.png",
        "tags": "",
        "country": "Trinidad And Tobago",
        "countrycode": "TT",
        "iso_3166_2": null,
        "state": "",
        "language": "",
        "languagecodes": "",
        "votes": 5,
        "lastchangetime": "2023-08-04 14:54:52",
        "lastchangetime_iso8601": "2023-08-04T14:54:52Z",
        "codec": "MP3",
        "bitrate": 128,
        "hls": 0,
        "lastcheckok": 1,
        "lastchecktime": "2023-09-03 04:59:25",
        "lastchecktime_iso8601": "2023-09-03T04:59:25Z",
        "lastcheckoktime": "2023-09-03 04:59:25",
        "lastcheckoktime_iso8601": "2023-09-03T04:59:25Z",
        "lastlocalchecktime": "2023-09-03 04:59:25",
        "lastlocalchecktime_iso8601": "2023-09-03T04:59:25Z",
        "clicktimestamp": "2023-09-02 19:26:00",
        "clicktimestamp_iso8601": "2023-09-02T19:26:00Z",
        "clickcount": 18,
        "clicktrend": -2,
        "ssl_error": 0,
        "geo_lat": null,
        "geo_long": null,
        "has_extended_info": false
    },
    {
        "changeuuid": "7e3499a5-160f-4f76-8b13-1a834aa44104",
        "stationuuid": "8894897e-b8ce-4424-b7b8-791b3bc11ae9",
        "serveruuid": "c8963d73-8659-40d7-84db-8d039f7dcde3",
        "name": "TAMBRIN",
        "url": "https://ice42.securenetsystems.net/TAMBRIN",
        "url_resolved": "https://ice42.securenetsystems.net/TAMBRIN",
        "homepage": "",
        "favicon": "https://cdn.webrad.io/images/logos/trinidadradiostations-net/tambrin.png",
        "tags": "pop",
        "country": "Trinidad And Tobago",
        "countrycode": "TT",
        "iso_3166_2": null,
        "state": "",
        "language": "",
        "languagecodes": "",
        "votes": 3,
        "lastchangetime": "2023-08-27 21:28:39",
        "lastchangetime_iso8601": "2023-08-27T21:28:39Z",
        "codec": "AAC+",
        "bitrate": 32,
        "hls": 0,
        "lastcheckok": 1,
        "lastchecktime": "2023-09-03 12:52:45",
        "lastchecktime_iso8601": "2023-09-03T12:52:45Z",
        "lastcheckoktime": "2023-09-03 12:52:45",
        "lastcheckoktime_iso8601": "2023-09-03T12:52:45Z",
        "lastlocalchecktime": "2023-09-03 06:42:15",
        "lastlocalchecktime_iso8601": "2023-09-03T06:42:15Z",
        "clicktimestamp": "2023-09-02 23:13:42",
        "clicktimestamp_iso8601": "2023-09-02T23:13:42Z",
        "clickcount": 10,
        "clicktrend": -2,
        "ssl_error": 0,
        "geo_lat": null,
        "geo_long": null,
        "has_extended_info": false
    },
    {
        "changeuuid": "f20edd85-d80e-4e40-a23d-1b41f26f3f8e",
        "stationuuid": "675b386e-6bcb-4954-b86e-1b4c66454310",
        "serveruuid": "de9b278f-772a-4335-a417-d020743558b4",
        "name": "Slam 100.5",
        "url": "https://dacastmmd.mmdlive.lldns.net/dacastmmd/d2a34cada56942c1b20e2d589479f8c2/chunklist_b4628000.m3u8?p=79&s=1695486008&e=1695486128&h=d2a037457a12fbb22763732897968777",
        "url_resolved": "https://dacastmmd.mmdlive.lldns.net/dacastmmd/d2a34cada56942c1b20e2d589479f8c2/chunklist_b4628000.m3u8?p=79&s=1695486008&e=1695486128&h=d2a037457a12fbb22763732897968777",
        "homepage": "https://tbcradionetwork.co.tt/slam1005fm/",
        "favicon": "https://tbcradionetwork.co.tt/slam1005fm/wp-content/uploads/sites/2/2021/05/cropped-slam-180x180.png",
        "tags": "",
        "country": "Trinidad And Tobago",
        "countrycode": "TT",
        "iso_3166_2": null,
        "state": "",
        "language": "",
        "languagecodes": "",
        "votes": 34,
        "lastchangetime": "2023-10-23 12:05:25",
        "lastchangetime_iso8601": "2023-10-23T12:05:25Z",
        "codec": "UNKNOWN",
        "bitrate": 0,
        "hls": 1,
        "lastcheckok": 1,
        "lastchecktime": "2023-11-07 15:48:29",
        "lastchecktime_iso8601": "2023-11-07T15:48:29Z",
        "lastcheckoktime": "2023-11-07 15:48:29",
        "lastcheckoktime_iso8601": "2023-11-07T15:48:29Z",
        "lastlocalchecktime": "2023-11-07 15:48:29",
        "lastlocalchecktime_iso8601": "2023-11-07T15:48:29Z",
        "clicktimestamp": "2023-11-05 23:22:56",
        "clicktimestamp_iso8601": "2023-11-05T23:22:56Z",
        "clickcount": 22,
        "clicktrend": -3,
        "ssl_error": 0,
        "geo_lat": null,
        "geo_long": null,
        "has_extended_info": false
    },
    {
        "changeuuid": "74818898-186f-4626-8a9a-9be0cbcc29ef",
        "stationuuid": "14de0ba5-97e9-4aea-aeba-3ae9a152f6db",
        "serveruuid": "ece50611-57f5-4544-8504-28b0d255e34d",
        "name": "Freedom FM 106.5",
        "url": "https://media.slactech.com:8012/stream?1597658711680",
        "url_resolved": "https://media.slactech.com:8012/stream?1597658711680",
        "homepage": "https://www.freedomskn.com/",
        "favicon": "https://www.freedomskn.com/resources/uploads/2014/08/logo_ff.png",
        "tags": "",
        "country": "Trinidad And Tobago",
        "countrycode": "TT",
        "iso_3166_2": null,
        "state": "",
        "language": "",
        "languagecodes": "",
        "votes": 21,
        "lastchangetime": "2023-09-23 16:29:01",
        "lastchangetime_iso8601": "2023-09-23T16:29:01Z",
        "codec": "MP3",
        "bitrate": 128,
        "hls": 0,
        "lastcheckok": 1,
        "lastchecktime": "2023-11-07 04:01:46",
        "lastchecktime_iso8601": "2023-11-07T04:01:46Z",
        "lastcheckoktime": "2023-11-07 04:01:46",
        "lastcheckoktime_iso8601": "2023-11-07T04:01:46Z",
        "lastlocalchecktime": "2023-11-07 04:01:46",
        "lastlocalchecktime_iso8601": "2023-11-07T04:01:46Z",
        "clicktimestamp": "2023-11-07 13:36:28",
        "clicktimestamp_iso8601": "2023-11-07T13:36:28Z",
        "clickcount": 26,
        "clicktrend": 0,
        "ssl_error": 0,
        "geo_lat": null,
        "geo_long": null,
        "has_extended_info": false
    },
    {
        "changeuuid": "500afb63-b4ea-4106-9408-4d89859188f8",
        "stationuuid": "9e7f1fff-f998-4c77-bbc3-f48e303c7d55",
        "serveruuid": "3d56ef16-75d1-43ad-8440-e8902c65c392",
        "name": "Music For Life 107.7 FM",
        "url": "https://fms.ttrn.org/live/1077fm.sdp/playlist.m3u8",
        "url_resolved": "https://fms.ttrn.org/live/1077fm.sdp/playlist.m3u8",
        "homepage": "https://ojoworldtt.com/",
        "favicon": "https://ojoworldtt.com/wp-content/uploads/2019/09/ojo.png",
        "tags": "reggae,rnb,soul",
        "country": "Trinidad And Tobago",
        "countrycode": "TT",
        "iso_3166_2": null,
        "state": "Port of Spain",
        "language": "english",
        "languagecodes": "en",
        "votes": 5,
        "lastchangetime": "2023-11-04 19:11:47",
        "lastchangetime_iso8601": "2023-11-04T19:11:47Z",
        "codec": "AAC",
        "bitrate": 194,
        "hls": 1,
        "lastcheckok": 1,
        "lastchecktime": "2023-11-07 14:15:43",
        "lastchecktime_iso8601": "2023-11-07T14:15:43Z",
        "lastcheckoktime": "2023-11-07 14:15:43",
        "lastcheckoktime_iso8601": "2023-11-07T14:15:43Z",
        "lastlocalchecktime": "2023-11-07 14:15:43",
        "lastlocalchecktime_iso8601": "2023-11-07T14:15:43Z",
        "clicktimestamp": "2023-11-05 22:30:23",
        "clicktimestamp_iso8601": "2023-11-05T22:30:23Z",
        "clickcount": 14,
        "clicktrend": -2,
        "ssl_error": 1,
        "geo_lat": 10.666279153547364,
        "geo_long": -61.52448624372483,
        "has_extended_info": false
    },
    {
        "changeuuid": "108defd2-315a-443d-847c-f420c7d357d5",
        "stationuuid": "10f08f4f-7866-4e1c-b1a5-ba88bbaabf34",
        "serveruuid": "238930eb-38ab-455d-b235-81b6b91d3843",
        "name": "Vibe CT (Port of Spain)",
        "url": "https://streams.radiomast.io/c35d311e-cc60-41b9-b0c5-339e62c14dee",
        "url_resolved": "https://audio-edge-5bkfj.fra.h.radiomast.io/c35d311e-cc60-41b9-b0c5-339e62c14dee",
        "homepage": "https://tbcradionetwork.co.tt/vibect105fm/",
        "favicon": "https://tbcradionetwork.co.tt/vibect105fm/wp-content/uploads/sites/7/2021/05/cropped-vibe.png",
        "tags": "",
        "country": "Trinidad And Tobago",
        "countrycode": "TT",
        "iso_3166_2": null,
        "state": "",
        "language": "",
        "languagecodes": "",
        "votes": 2,
        "lastchangetime": "2023-10-31 16:05:00",
        "lastchangetime_iso8601": "2023-10-31T16:05:00Z",
        "codec": "MP3",
        "bitrate": 128,
        "hls": 0,
        "lastcheckok": 1,
        "lastchecktime": "2023-11-07 16:17:51",
        "lastchecktime_iso8601": "2023-11-07T16:17:51Z",
        "lastcheckoktime": "2023-11-07 16:17:51",
        "lastcheckoktime_iso8601": "2023-11-07T16:17:51Z",
        "lastlocalchecktime": "2023-11-07 16:17:51",
        "lastlocalchecktime_iso8601": "2023-11-07T16:17:51Z",
        "clicktimestamp": "2023-11-07 00:36:33",
        "clicktimestamp_iso8601": "2023-11-07T00:36:33Z",
        "clickcount": 12,
        "clicktrend": -5,
        "ssl_error": 0,
        "geo_lat": null,
        "geo_long": null,
        "has_extended_info": false
    }
]