[
    {
        "changeuuid": "b80cf3ec-255f-46c5-8cc0-be1412798c3d",
        "stationuuid": "336a7cfc-7475-47d3-8c6c-31e3de263607",
        "serveruuid": "990f6910-b017-4275-94ed-80a19cd83a08",
        "name": "Grits Radio",
        "url": "http://169.61.85.22/grits",
        "url_resolved": "http://169.61.85.22/grits",
        "homepage": "http://gritsradio.pmlol.com/",
        "favicon": "",
        "tags": "",
        "country": "The United States Minor Outlying Islands",
        "countrycode": "UM",
        "iso_3166_2": null,
        "state": "Massachusetts",
        "language": "english",
        "languagecodes": "en",
        "votes": 150,
        "lastchangetime": "2022-03-28 10:48:36",
        "lastchangetime_iso8601": "2022-03-28T10:48:36Z",
        "codec": "MP3",
        "bitrate": 128,
        "hls": 0,
        "lastcheckok": 1,
        "lastchecktime": "2023-04-08 09:03:44",
        "lastchecktime_iso8601": "2023-04-08T09:03:44Z",
        "lastcheckoktime": "2023-04-08 09:03:44",
        "lastcheckoktime_iso8601": "2023-04-08T09:03:44Z",
        "lastlocalchecktime": "2023-04-08 09:03:44",
        "lastlocalchecktime_iso8601": "2023-04-08T09:03:44Z",
        "clicktimestamp": "2023-04-08 01:13:09",
        "clicktimestamp_iso8601": "2023-04-08T01:13:09Z",
        "clickcount": 24,
        "clicktrend": 2,
        "ssl_error": 0,
        "geo_lat": null,
        "geo_long": null,
        "has_extended_info": false
    },
    {
        "changeuuid": "77bb0a52-f71d-4933-8cc5-ed522b184084",
        "stationuuid": "a0742466-5326-4b22-99f7-b1cef79f542b",
        "serveruuid": "a181b6c6-57c5-4046-9f64-a63e9742ab35",
        "name": "Rockin' the Suburbs Radio",
        "url": "https://streaming.radio.co/sca22d43b1/listen",
        "url_resolved": "https://streaming.radio.co/sca22d43b1/listen",
        "homepage": "https://www.suburbspod.com/radio/",
        "favicon": "https://i0.wp.com/www.suburbspod.com/wp-content/uploads/2022/01/rts-radio-web_thumb.jpg",
        "tags": "alternative rock,eclectic,indie rock,rock",
        "country": "The United States Minor Outlying Islands",
        "countrycode": "UM",
        "iso_3166_2": null,
        "state": "",
        "language": "english",
        "languagecodes": "en",
        "votes": 148,
        "lastchangetime": "2022-05-15 20:00:34",
        "lastchangetime_iso8601": "2022-05-15T20:00:34Z",
        "codec": "MP3",
        "bitrate": 192,
        "hls": 0,
        "lastcheckok": 1,
        "lastchecktime": "2023-04-08 10:06:17",
        "lastchecktime_iso8601": "2023-04-08T10:06:17Z",
        "lastcheckoktime": "2023-04-08 10:06:17",
        "lastcheckoktime_iso8601": "2023-04-08T10:06:17Z",
        "lastlocalchecktime": "2023-04-08 10:06:17",
        "lastlocalchecktime_iso8601": "2023-04-08T10:06:17Z",
        "clicktimestamp": "2023-04-08 08:25:08",
        "clicktimestamp_iso8601": "2023-04-08T08:25:08Z",
        "clickcount": 46,
        "clicktrend": 0,
        "ssl_error": 0,
        "geo_lat": 38.685509760012025,
        "geo_long": -77.03613281250001,
        "has_extended_info": false
    },
    {
        "changeuuid": "ddf75557-f039-4a42-8a87-7d8e1adfea1b",
        "stationuuid": "d553a594-90df-4395-bf13-b01d6e997d08",
        "serveruuid": "c38ae7e1-690c-4dc6-a3e7-75c1ef2bfc73",
        "name": "MXTR FM",
        "url": "https://streaming.live365.com/a03037",
        "url_resolved": "https://ais-edge103-live365-dal02.cdnstream.com/a03037",
        "homepage": "https://mxtrfm.webstarts.com/",
        "favicon": "",
        "tags": "",
        "country": "The United States Minor Outlying Islands",
        "countrycode": "UM",
        "iso_3166_2": null,
        "state": "VA",
        "language": "",
        "languagecodes": "",
        "votes": 140,
        "lastchangetime": "2021-10-11 23:42:52",
        "lastchangetime_iso8601": "2021-10-11T23:42:52Z",
        "codec": "MP3",
        "bitrate": 128,
        "hls": 0,
        "lastcheckok": 1,
        "lastchecktime": "2023-04-08 09:43:12",
        "lastchecktime_iso8601": "2023-04-08T09:43:12Z",
        "lastcheckoktime": "2023-04-08 09:43:12",
        "lastcheckoktime_iso8601": "2023-04-08T09:43:12Z",
        "lastlocalchecktime": "2023-04-08 09:43:12",
        "lastlocalchecktime_iso8601": "2023-04-08T09:43:12Z",
        "clicktimestamp": "2023-04-08 08:48:58",
        "clicktimestamp_iso8601": "2023-04-08T08:48:58Z",
        "clickcount": 14,
        "clicktrend": 0,
        "ssl_error": 0,
        "geo_lat": null,
        "geo_long": null,
        "has_extended_info": false
    },
    {
        "changeuuid": "71245f06-ab42-4c04-8f7c-d60d0a9fd402",
        "stationuuid": "b6b7d5c9-1c3b-4d7f-ac88-d6b82327fab7",
        "serveruuid": null,
        "name": "Classical KDFC",
        "url": "https://playerservices.streamtheworld.com/api/livestream-redirect/KDFCFMAAC.aac",
        "url_resolved": "https://18493.live.streamtheworld.com:443/KDFCFMAAC.aac",
        "homepage": "https://www.kdfc.com/",
        "favicon": "",
        "tags": "",
        "country": "The United States Minor Outlying Islands",
        "countrycode": "UM",
        "iso_3166_2": null,
        "state": "San Francisco CA",
        "language": "",
        "languagecodes": "",
        "votes": 129,
        "lastchangetime": "2022-08-25 07:05:54",
        "lastchangetime_iso8601": "2022-08-25T07:05:54Z",
        "codec": "AAC+",
        "bitrate": 128,
        "hls": 0,
        "lastcheckok": 1,
        "lastchecktime": "2023-04-08 12:41:51",
        "lastchecktime_iso8601": "2023-04-08T12:41:51Z",
        "lastcheckoktime": "2023-04-08 12:41:51",
        "lastcheckoktime_iso8601": "2023-04-08T12:41:51Z",
        "lastlocalchecktime": "2023-04-08 12:41:51",
        "lastlocalchecktime_iso8601": "2023-04-08T12:41:51Z",
        "clicktimestamp": "2023-04-08 06:23:34",
        "clicktimestamp_iso8601": "2023-04-08T06:23:34Z",
        "clickcount": 28,
        "clicktrend": 2,
        "ssl_error": 0,
        "geo_lat": 37.77158315442595,
        "geo_long": -122.44400024414064,
        "has_extended_info": false
    },
    {
        "changeuuid": "d0aa5b69-e71f-4fd6-88b0-5074b1896a35",
        "stationuuid": "10674899-aa35-4855-86ee-464e6b279ff4",
        "serveruuid": "ba90840f-f045-4029-a6ff-f66b8feba403",
        "name": "Coolfm Dance 90",
        "url": "https://mediagw.e-tiger.net/stream/zc06",
        "url_resolved": "https://mediagw.e-tiger.net/stream/zc06",
        "homepage": "",
        "favicon": "",
        "tags": "electronic",
        "country": "The United States Minor Outlying Islands",
        "countrycode": "UM",
        "iso_3166_2": null,
        "state": "",
        "language": "",
        "languagecodes": "",
        "votes": 96,
        "lastchangetime": "2022-08-04 15:00:38",
        "lastchangetime_iso8601": "2022-08-04T15:00:38Z",
        "codec": "MP3",
        "bitrate": 128,
        "hls": 0,
        "lastcheckok": 1,
        "lastchecktime": "2023-04-08 10:55:16",
        "lastchecktime_iso8601": "2023-04-08T10:55:16Z",
        "lastcheckoktime": "2023-04-08 10:55:16",
        "lastcheckoktime_iso8601": "2023-04-08T10:55:16Z",
        "lastlocalchecktime": "2023-04-08 10:55:16",
        "lastlocalchecktime_iso8601": "2023-04-08T10:55:16Z",
        "clicktimestamp": "2023-04-08 08:01:47",
        "clicktimestamp_iso8601": "2023-04-08T08:01:47Z",
        "clickcount": 52,
        "clicktrend": -1,
        "ssl_error": 0,
        "geo_lat": null,
        "geo_long": null,
        "has_extended_info": false
    },
    {
        "changeuuid": "ca7951d7-af4c-428f-8313-ce2cf65c571a",
        "stationuuid": "0114f05b-5f6a-45de-bbbe-7c4c49d7898c",
        "serveruuid": "5e69e8f9-33ce-4d1a-b328-ee3150e997c5",
        "name": "Radio Exclusive Absolutely 90s ",
        "url": "https://streaming.exclusive.radio/er/90s/icecast.audio",
        "url_resolved": "https://streaming.exclusive.radio/er/90s/icecast.audio",
        "homepage": "",
        "favicon": "",
        "tags": "electronic",
        "country": "The United States Minor Outlying Islands",
        "countrycode": "UM",
        "iso_3166_2": null,
        "state": "",
        "language": "",
        "languagecodes": "",
        "votes": 91,
        "lastchangetime": "2022-08-04 15:02:46",
        "lastchangetime_iso8601": "2022-08-04T15:02:46Z",
        "codec": "MP3",
        "bitrate": 0,
        "hls": 0,
        "lastcheckok": 1,
        "lastchecktime": "2023-04-08 04:43:35",
        "lastchecktime_iso8601": "2023-04-08T04:43:35Z",
        "lastcheckoktime": "2023-04-08 04:43:35",
        "lastcheckoktime_iso8601": "2023-04-08T04:43:35Z",
        "lastlocalchecktime": "2023-04-07 19:23:29",
        "lastlocalchecktime_iso8601": "2023-04-07T19:23:29Z",
        "clicktimestamp": "2023-04-08 08:00:47",
        "clicktimestamp_iso8601": "2023-04-08T08:00:47Z",
        "clickcount": 29,
        "clicktrend": 2,
        "ssl_error": 0,
        "geo_lat": null,
        "geo_long": null,
        "has_extended_info": false
    },
    {
        "changeuuid": "8b3fa836-c562-4f15-acd1-a17a0a0df63a",
        "stationuuid": "f972cb44-9463-4504-8b45-f7f7bc895b4d",
        "serveruuid": "662032d6-fa75-4d96-8905-10d0cc8cb5b2",
        "name": "WNAP",
        "url": "https://ais-edge37-live365-dal02.cdnstream.com/a01501",
        "url_resolved": "https://ais-edge101-live365-dal02.cdnstream.com/a01501",
        "homepage": "https://live365.com/station/The-Buzzard-WNAP-FM-a01501",
        "favicon": "https://live365.com/_next/image?url=https%3A%2F%2Fmedia.live365.com%2Fdownload%2Fdce9e989-a496-4435-b60b-fac0e3939d0e.jpg&w=828&q=75",
        "tags": "60s,70s,classic rock,oldies",
        "country": "The United States Minor Outlying Islands",
        "countrycode": "UM",
        "iso_3166_2": null,
        "state": "Indiana",
        "language": "",
        "languagecodes": "",
        "votes": 36,
        "lastchangetime": "2022-10-24 14:49:23",
        "lastchangetime_iso8601": "2022-10-24T14:49:23Z",
        "codec": "MP3",
        "bitrate": 320,
        "hls": 0,
        "lastcheckok": 1,
        "lastchecktime": "2023-04-07 21:32:31",
        "lastchecktime_iso8601": "2023-04-07T21:32:31Z",
        "lastcheckoktime": "2023-04-07 21:32:31",
        "lastcheckoktime_iso8601": "2023-04-07T21:32:31Z",
        "lastlocalchecktime": "2023-04-07 16:27:51",
        "lastlocalchecktime_iso8601": "2023-04-07T16:27:51Z",
        "clicktimestamp": "2023-04-08 08:24:54",
        "clicktimestamp_iso8601": "2023-04-08T08:24:54Z",
        "clickcount": 30,
        "clicktrend": -1,
        "ssl_error": 0,
        "geo_lat": 40.18881030072249,
        "geo_long": -85.39550810528453,
        "has_extended_info": false
    },
    {
        "changeuuid": "cde03ab2-6adb-468e-8958-f0c0a8e07c06",
        "stationuuid": "72e169e2-0b6d-4e58-9670-fc196fed85d1",
        "serveruuid": "0e5aab4b-c2c5-4ba9-8eb4-627ee9fb77eb",
        "name": "WLFC 88.3 - Univ. of Findlay North Baltimore,  OH",
        "url": "http://206.244.84.72:8000/WLFC-FM.mp3",
        "url_resolved": "http://206.244.84.72:8000/WLFC-FM.mp3",
        "homepage": "https://www.wlfc883.com/",
        "favicon": "https://www.wlfc883.com/wp-content/uploads/2016/11/wlfc-logo.png",
        "tags": "university radio",
        "country": "The United States Minor Outlying Islands",
        "countrycode": "UM",
        "iso_3166_2": null,
        "state": "",
        "language": "",
        "languagecodes": "",
        "votes": 4,
        "lastchangetime": "2023-03-09 16:46:17",
        "lastchangetime_iso8601": "2023-03-09T16:46:17Z",
        "codec": "MP3",
        "bitrate": 128,
        "hls": 0,
        "lastcheckok": 1,
        "lastchecktime": "2023-04-07 20:58:43",
        "lastchecktime_iso8601": "2023-04-07T20:58:43Z",
        "lastcheckoktime": "2023-04-07 20:58:43",
        "lastcheckoktime_iso8601": "2023-04-07T20:58:43Z",
        "lastlocalchecktime": "2023-04-07 20:58:43",
        "lastlocalchecktime_iso8601": "2023-04-07T20:58:43Z",
        "clicktimestamp": "2023-04-07 22:21:19",
        "clicktimestamp_iso8601": "2023-04-07T22:21:19Z",
        "clickcount": 10,
        "clicktrend": 0,
        "ssl_error": 0,
        "geo_lat": null,
        "geo_long": null,
        "has_extended_info": false
    },
    {
        "changeuuid": "aa2db5b0-0973-4985-95a4-c4ebf09842e2",
        "stationuuid": "ed530254-f68d-474d-8e10-a23e057b1e8d",
        "serveruuid": "f23bdec8-7661-4551-8d60-5e064c09da9b",
        "name": "Classic Trance",
        "url": "http://prem1.di.fm/classictrance_hi?907a839cb7ee13512903cbcf",
        "url_resolved": "http://prem1.di.fm/classictrance_hi?907a839cb7ee13512903cbcf",
        "homepage": "",
        "favicon": "",
        "tags": "electronic",
        "country": "The United States Minor Outlying Islands",
        "countrycode": "UM",
        "iso_3166_2": null,
        "state": "",
        "language": "",
        "languagecodes": "",
        "votes": 11,
        "lastchangetime": "2023-07-22 22:05:18",
        "lastchangetime_iso8601": "2023-07-22T22:05:18Z",
        "codec": "MP3",
        "bitrate": 320,
        "hls": 0,
        "lastcheckok": 1,
        "lastchecktime": "2023-09-03 08:58:56",
        "lastchecktime_iso8601": "2023-09-03T08:58:56Z",
        "lastcheckoktime": "2023-09-03 08:58:56",
        "lastcheckoktime_iso8601": "2023-09-03T08:58:56Z",
        "lastlocalchecktime": "2023-09-03 08:58:56",
        "lastlocalchecktime_iso8601": "2023-09-03T08:58:56Z",
        "clicktimestamp": "2023-09-03 14:21:59",
        "clicktimestamp_iso8601": "2023-09-03T14:21:59Z",
        "clickcount": 41,
        "clicktrend": 1,
        "ssl_error": 0,
        "geo_lat": null,
        "geo_long": null,
        "has_extended_info": false
    },
    {
        "changeuuid": "fe6d44b3-d996-4498-9665-05b1629c3469",
        "stationuuid": "53461b12-15d2-4fb4-9813-aca1c7b66ec4",
        "serveruuid": "d554b5b2-393b-49da-9c93-488027bea4b4",
        "name": "Hot 97",
        "url": "https://17653.live.streamtheworld.com/WQHTFMAAC.aac",
        "url_resolved": "https://17653.live.streamtheworld.com/WQHTFMAAC.aac",
        "homepage": "https://www.hot97.com/",
        "favicon": "https://www.hot97.com/favicon.ico",
        "tags": "",
        "country": "The United States Minor Outlying Islands",
        "countrycode": "UM",
        "iso_3166_2": null,
        "state": "New York",
        "language": "english",
        "languagecodes": "en",
        "votes": 11,
        "lastchangetime": "2023-08-23 20:43:14",
        "lastchangetime_iso8601": "2023-08-23T20:43:14Z",
        "codec": "AAC+",
        "bitrate": 32,
        "hls": 0,
        "lastcheckok": 1,
        "lastchecktime": "2023-09-02 22:31:42",
        "lastchecktime_iso8601": "2023-09-02T22:31:42Z",
        "lastcheckoktime": "2023-09-02 22:31:42",
        "lastcheckoktime_iso8601": "2023-09-02T22:31:42Z",
        "lastlocalchecktime": "2023-09-02 22:31:42",
        "lastlocalchecktime_iso8601": "2023-09-02T22:31:42Z",
        "clicktimestamp": "2023-09-03 10:34:24",
        "clicktimestamp_iso8601": "2023-09-03T10:34:24Z",
        "clickcount": 38,
        "clicktrend": -5,
        "ssl_error": 0,
        "geo_lat": null,
        "geo_long": null,
        "has_extended_info": false
    },
    {
        "changeuuid": "7a9bcb10-8a2e-4578-a1ae-cfbe007470d7",
        "stationuuid": "625bc44f-0842-4bb1-b6bf-36204ce91bd8",
        "serveruuid": "35860afd-8a73-4eea-9f2d-bb920bdc2a5b",
        "name": "Epic Trance",
        "url": "http://prem4.di.fm/epictrance_hi?907a839cb7ee13512903cbcf",
        "url_resolved": "http://prem4.di.fm/epictrance_hi?907a839cb7ee13512903cbcf",
        "homepage": "",
        "favicon": "",
        "tags": "electronic",
        "country": "The United States Minor Outlying Islands",
        "countrycode": "UM",
        "iso_3166_2": null,
        "state": "",
        "language": "",
        "languagecodes": "",
        "votes": 4,
        "lastchangetime": "2023-07-22 22:17:36",
        "lastchangetime_iso8601": "2023-07-22T22:17:36Z",
        "codec": "MP3",
        "bitrate": 320,
        "hls": 0,
        "lastcheckok": 1,
        "lastchecktime": "2023-09-03 06:56:43",
        "lastchecktime_iso8601": "2023-09-03T06:56:43Z",
        "lastcheckoktime": "2023-09-03 06:56:43",
        "lastcheckoktime_iso8601": "2023-09-03T06:56:43Z",
        "lastlocalchecktime": "2023-09-03 06:56:43",
        "lastlocalchecktime_iso8601": "2023-09-03T06:56:43Z",
        "clicktimestamp": "2023-09-02 15:19:36",
        "clicktimestamp_iso8601": "2023-09-02T15:19:36Z",
        "clickcount": 26,
        "clicktrend": 0,
        "ssl_error": 0,
        "geo_lat": null,
        "geo_long": null,
        "has_extended_info": false
    },
    {
        "changeuuid": "d4a72ca5-770d-4577-91af-4ae27ba8c6b1",
        "stationuuid": "12c78ace-db77-4e5b-9a63-ec899d33c7a1",
        "serveruuid": "b3f459b8-47a1-405b-a7da-e3b6b52a7d1e",
        "name": "WSNR.US",
        "url": "https://www.stepnorthdigitalradio.com:6008/stream",
        "url_resolved": "https://www.stepnorthdigitalradio.com:6008/stream",
        "homepage": "http://wsnr.us/",
        "favicon": "",
        "tags": "r&b,smooth jazz,soul",
        "country": "The United States Minor Outlying Islands",
        "countrycode": "UM",
        "iso_3166_2": null,
        "state": "IL",
        "language": "",
        "languagecodes": "",
        "votes": 7,
        "lastchangetime": "2023-10-23 13:00:47",
        "lastchangetime_iso8601": "2023-10-23T13:00:47Z",
        "codec": "MP3",
        "bitrate": 128,
        "hls": 0,
        "lastcheckok": 1,
        "lastchecktime": "2023-11-07 08:13:03",
        "lastchecktime_iso8601": "2023-11-07T08:13:03Z",
        "lastcheckoktime": "2023-11-07 08:13:03",
        "lastcheckoktime_iso8601": "2023-11-07T08:13:03Z",
        "lastlocalchecktime": "2023-11-07 08:13:03",
        "lastlocalchecktime_iso8601": "2023-11-07T08:13:03Z",
        "clicktimestamp": "2023-11-07 09:14:59",
        "clicktimestamp_iso8601": "2023-11-07T09:14:59Z",
        "clickcount": 10,
        "clicktrend": 1,
        "ssl_error": 0,
        "geo_lat": null,
        "geo_long": null,
        "has_extended_info": false
    }
]