[
    {
        "changeuuid": "d208d4ff-8d83-4d92-be20-0f9bd8b103dc",
        "stationuuid": "962c9786-0601-11e8-ae97-52543be04c81",
        "serveruuid": "c07d82e5-9494-4fa7-b908-19e46e884330",
        "name": "A'LO FM",
        "url": "http://tabassum.uz:9000/alo_low",
        "url_resolved": "http://tabassum.uz:9000/alo_low",
        "homepage": "http://tabassum.uz/",
        "favicon": "http://tabassum.uz/favicon.ico",
        "tags": "",
        "country": "Uzbekistan",
        "countrycode": "UZ",
        "iso_3166_2": null,
        "state": "",
        "language": "uzbek",
        "languagecodes": "uz",
        "votes": 5797,
        "lastchangetime": "2022-03-28 14:30:55",
        "lastchangetime_iso8601": "2022-03-28T14:30:55Z",
        "codec": "AAC+",
        "bitrate": 48,
        "hls": 0,
        "lastcheckok": 1,
        "lastchecktime": "2023-04-08 10:12:16",
        "lastchecktime_iso8601": "2023-04-08T10:12:16Z",
        "lastcheckoktime": "2023-04-08 10:12:16",
        "lastcheckoktime_iso8601": "2023-04-08T10:12:16Z",
        "lastlocalchecktime": "2023-04-08 10:12:16",
        "lastlocalchecktime_iso8601": "2023-04-08T10:12:16Z",
        "clicktimestamp": "2023-04-08 12:24:23",
        "clicktimestamp_iso8601": "2023-04-08T12:24:23Z",
        "clickcount": 148,
        "clicktrend": -1,
        "ssl_error": 0,
        "geo_lat": null,
        "geo_long": null,
        "has_extended_info": false
    },
    {
        "changeuuid": "1dd5d2e6-d843-4da1-86db-719f909531ca",
        "stationuuid": "4896d339-13c5-4c51-b263-789d24260d11",
        "serveruuid": "d3036754-9ef4-48b3-8a06-da27c3fe2cef",
        "name": "Maxima FM",
        "url": "http://80.80.222.26:8000/maximafm.ogg",
        "url_resolved": "http://80.80.222.26:8000/maximafm.ogg",
        "homepage": "http://www.maxima.uz/",
        "favicon": "",
        "tags": "music",
        "country": "Uzbekistan",
        "countrycode": "UZ",
        "iso_3166_2": null,
        "state": "",
        "language": "russian",
        "languagecodes": "ru",
        "votes": 2935,
        "lastchangetime": "2022-03-28 13:57:35",
        "lastchangetime_iso8601": "2022-03-28T13:57:35Z",
        "codec": "OGG",
        "bitrate": 64,
        "hls": 0,
        "lastcheckok": 1,
        "lastchecktime": "2023-04-08 10:02:20",
        "lastchecktime_iso8601": "2023-04-08T10:02:20Z",
        "lastcheckoktime": "2023-04-08 10:02:20",
        "lastcheckoktime_iso8601": "2023-04-08T10:02:20Z",
        "lastlocalchecktime": "2023-04-07 20:12:41",
        "lastlocalchecktime_iso8601": "2023-04-07T20:12:41Z",
        "clicktimestamp": "2023-04-08 12:55:12",
        "clicktimestamp_iso8601": "2023-04-08T12:55:12Z",
        "clickcount": 108,
        "clicktrend": -3,
        "ssl_error": 0,
        "geo_lat": null,
        "geo_long": null,
        "has_extended_info": false
    },
    {
        "changeuuid": "c642d285-10fc-4e90-90aa-23871a0c7fb6",
        "stationuuid": "610e2c66-6787-4721-9f30-a526cf299386",
        "serveruuid": "d3036754-9ef4-48b3-8a06-da27c3fe2cef",
        "name": "\u041a\u043b\u0430\u0441\u0441\u0438\u043a \u0424\u041c",
        "url": "http://80.80.222.26:8000/classicfm.ogg?_=1",
        "url_resolved": "http://80.80.222.26:8000/classicfm.ogg?_=1",
        "homepage": "http://www.maxima.uz/",
        "favicon": "",
        "tags": "classical,music",
        "country": "Uzbekistan",
        "countrycode": "UZ",
        "iso_3166_2": null,
        "state": "",
        "language": "russian,uzbek",
        "languagecodes": "ru,uz",
        "votes": 2475,
        "lastchangetime": "2022-03-28 13:23:15",
        "lastchangetime_iso8601": "2022-03-28T13:23:15Z",
        "codec": "OGG",
        "bitrate": 64,
        "hls": 0,
        "lastcheckok": 1,
        "lastchecktime": "2023-04-08 10:02:20",
        "lastchecktime_iso8601": "2023-04-08T10:02:20Z",
        "lastcheckoktime": "2023-04-08 10:02:20",
        "lastcheckoktime_iso8601": "2023-04-08T10:02:20Z",
        "lastlocalchecktime": "2023-04-07 18:13:29",
        "lastlocalchecktime_iso8601": "2023-04-07T18:13:29Z",
        "clicktimestamp": "2023-04-08 12:44:28",
        "clicktimestamp_iso8601": "2023-04-08T12:44:28Z",
        "clickcount": 106,
        "clicktrend": -8,
        "ssl_error": 0,
        "geo_lat": null,
        "geo_long": null,
        "has_extended_info": false
    },
    {
        "changeuuid": "35f43cc8-0db5-40e9-b6f1-709c472a615a",
        "stationuuid": "8852af77-14d7-43d2-9a8e-777832314eb3",
        "serveruuid": "560f21d7-fe12-428f-86fe-172cb2aed732",
        "name": "AZUL POP FM",
        "url": "https://azulpop.ozelip.com/8006/stream",
        "url_resolved": "https://azulpop.ozelip.com/8006/stream",
        "homepage": "https://azulradyo.com/",
        "favicon": "",
        "tags": "latin,latin music,latin pop,latino,latino am\u00e9rica,latinoamerica,latinoam\u00e9rica,musica latina,musica latinoamericana,m\u00fasica pop,pop,pop dance,pop latino,pop music,pop rock",
        "country": "Uzbekistan",
        "countrycode": "UZ",
        "iso_3166_2": null,
        "state": "Veracruz",
        "language": "azerbaijani,english,portuguese,turkish,uzbek",
        "languagecodes": "az,en,pt,tr,uz",
        "votes": 753,
        "lastchangetime": "2023-02-23 20:44:42",
        "lastchangetime_iso8601": "2023-02-23T20:44:42Z",
        "codec": "MP3",
        "bitrate": 128,
        "hls": 0,
        "lastcheckok": 1,
        "lastchecktime": "2023-04-07 21:07:13",
        "lastchecktime_iso8601": "2023-04-07T21:07:13Z",
        "lastcheckoktime": "2023-04-07 21:07:13",
        "lastcheckoktime_iso8601": "2023-04-07T21:07:13Z",
        "lastlocalchecktime": "2023-04-07 17:42:32",
        "lastlocalchecktime_iso8601": "2023-04-07T17:42:32Z",
        "clicktimestamp": "2023-04-08 09:47:35",
        "clicktimestamp_iso8601": "2023-04-08T09:47:35Z",
        "clickcount": 92,
        "clicktrend": -6,
        "ssl_error": 0,
        "geo_lat": 41.30416164026575,
        "geo_long": 69.30725106038155,
        "has_extended_info": false
    },
    {
        "changeuuid": "a52b1d07-7edf-49b9-b529-9214ea1e84e8",
        "stationuuid": "cad25e31-9aca-4057-ad2e-19abadc525a5",
        "serveruuid": "0bbb7142-55fb-46e6-91c7-cc70d48453ff",
        "name": "Navroz FM",
        "url": "http://navruzfm.uz:9000/navruz_low",
        "url_resolved": "http://navruzfm.uz:9000/navruz_low",
        "homepage": "http://navruzfm.uz/",
        "favicon": "http://navruzfm.uz/icons/apple-icon-120x120.png",
        "tags": "russian hits",
        "country": "Uzbekistan",
        "countrycode": "UZ",
        "iso_3166_2": null,
        "state": "",
        "language": "uzbek",
        "languagecodes": "uz",
        "votes": 755,
        "lastchangetime": "2023-07-05 01:57:19",
        "lastchangetime_iso8601": "2023-07-05T01:57:19Z",
        "codec": "AAC+",
        "bitrate": 128,
        "hls": 0,
        "lastcheckok": 1,
        "lastchecktime": "2023-07-09 07:00:37",
        "lastchecktime_iso8601": "2023-07-09T07:00:37Z",
        "lastcheckoktime": "2023-07-09 07:00:37",
        "lastcheckoktime_iso8601": "2023-07-09T07:00:37Z",
        "lastlocalchecktime": "2023-07-09 07:00:37",
        "lastlocalchecktime_iso8601": "2023-07-09T07:00:37Z",
        "clicktimestamp": "2023-07-09 13:08:39",
        "clicktimestamp_iso8601": "2023-07-09T13:08:39Z",
        "clickcount": 108,
        "clicktrend": -2,
        "ssl_error": 0,
        "geo_lat": null,
        "geo_long": null,
        "has_extended_info": false
    },
    {
        "changeuuid": "d52b9394-fbaf-44c6-a949-bd8d3c8070de",
        "stationuuid": "f3e19d9f-b46e-4098-8335-a9d2f38d726c",
        "serveruuid": "dadf4258-cad4-4f9c-be68-4f01ffd343b1",
        "name": "Oriat Dono",
        "url": "http://194.5.152.248:8000/dono",
        "url_resolved": "http://194.5.152.248:8000/dono",
        "homepage": "http://oriatdono.uz/",
        "favicon": "",
        "tags": "hits,russian hits,top100",
        "country": "Uzbekistan",
        "countrycode": "UZ",
        "iso_3166_2": null,
        "state": "",
        "language": "english,uzbek",
        "languagecodes": "en,uz",
        "votes": 691,
        "lastchangetime": "2023-05-03 22:35:57",
        "lastchangetime_iso8601": "2023-05-03T22:35:57Z",
        "codec": "MP3",
        "bitrate": 128,
        "hls": 0,
        "lastcheckok": 1,
        "lastchecktime": "2023-07-09 00:07:35",
        "lastchecktime_iso8601": "2023-07-09T00:07:35Z",
        "lastcheckoktime": "2023-07-09 00:07:35",
        "lastcheckoktime_iso8601": "2023-07-09T00:07:35Z",
        "lastlocalchecktime": "2023-07-08 19:04:57",
        "lastlocalchecktime_iso8601": "2023-07-08T19:04:57Z",
        "clicktimestamp": "2023-07-09 12:15:02",
        "clicktimestamp_iso8601": "2023-07-09T12:15:02Z",
        "clickcount": 132,
        "clicktrend": 0,
        "ssl_error": 0,
        "geo_lat": null,
        "geo_long": null,
        "has_extended_info": false
    },
    {
        "changeuuid": "b10a39c3-faf9-4171-9642-5708f299f3f7",
        "stationuuid": "ece04429-b849-4fdc-b370-ba3f6374f4f6",
        "serveruuid": "e49f7d7a-4ee2-4aec-925d-ea5a4fd31b13",
        "name": "O'Zbegim Taronasi",
        "url": "http://fm101.uz:9900/fm101_low",
        "url_resolved": "http://fm101.uz:9900/fm101_low",
        "homepage": "http://fm101.uz/",
        "favicon": "http://fm101.uz/wp-content/uploads/logo-152.png",
        "tags": "classic hits",
        "country": "Uzbekistan",
        "countrycode": "UZ",
        "iso_3166_2": null,
        "state": "",
        "language": "english,uzbek",
        "languagecodes": "en,uz",
        "votes": 680,
        "lastchangetime": "2023-06-06 00:16:39",
        "lastchangetime_iso8601": "2023-06-06T00:16:39Z",
        "codec": "MP3",
        "bitrate": 320,
        "hls": 0,
        "lastcheckok": 1,
        "lastchecktime": "2023-07-08 23:59:38",
        "lastchecktime_iso8601": "2023-07-08T23:59:38Z",
        "lastcheckoktime": "2023-07-08 23:59:38",
        "lastcheckoktime_iso8601": "2023-07-08T23:59:38Z",
        "lastlocalchecktime": "2023-07-08 23:42:07",
        "lastlocalchecktime_iso8601": "2023-07-08T23:42:07Z",
        "clicktimestamp": "2023-07-09 09:46:27",
        "clicktimestamp_iso8601": "2023-07-09T09:46:27Z",
        "clickcount": 145,
        "clicktrend": -1,
        "ssl_error": 0,
        "geo_lat": null,
        "geo_long": null,
        "has_extended_info": false
    },
    {
        "changeuuid": "dbdb4644-fc5a-4055-a410-afb2f2340be1",
        "stationuuid": "b6b8719c-3a94-402e-b56e-901f6c2f4d87",
        "serveruuid": "dadf4258-cad4-4f9c-be68-4f01ffd343b1",
        "name": "Oriat FM",
        "url": "http://194.5.152.248:8000/fm",
        "url_resolved": "http://194.5.152.248:8000/fm",
        "homepage": "http://www.oriatfm.uz/",
        "favicon": "http://www.oriatfm.uz/templates/linofeast/images/favicon.ico",
        "tags": "hits,russian hits",
        "country": "Uzbekistan",
        "countrycode": "UZ",
        "iso_3166_2": null,
        "state": "",
        "language": "english,uzbek",
        "languagecodes": "en,uz",
        "votes": 473,
        "lastchangetime": "2023-05-11 23:04:50",
        "lastchangetime_iso8601": "2023-05-11T23:04:50Z",
        "codec": "AAC",
        "bitrate": 128,
        "hls": 0,
        "lastcheckok": 1,
        "lastchecktime": "2023-07-09 07:50:56",
        "lastchecktime_iso8601": "2023-07-09T07:50:56Z",
        "lastcheckoktime": "2023-07-09 07:50:56",
        "lastcheckoktime_iso8601": "2023-07-09T07:50:56Z",
        "lastlocalchecktime": "2023-07-09 07:50:56",
        "lastlocalchecktime_iso8601": "2023-07-09T07:50:56Z",
        "clicktimestamp": "2023-07-09 12:14:41",
        "clicktimestamp_iso8601": "2023-07-09T12:14:41Z",
        "clickcount": 87,
        "clicktrend": 4,
        "ssl_error": 0,
        "geo_lat": null,
        "geo_long": null,
        "has_extended_info": false
    },
    {
        "changeuuid": "35a88252-9627-43ab-a174-52cd2c02a4ec",
        "stationuuid": "164352f0-4369-48ab-a5a9-a76dd9ca0792",
        "serveruuid": "e49f7d7a-4ee2-4aec-925d-ea5a4fd31b13",
        "name": "Ozbegim Taronasi",
        "url": "http://fm101.uz:9900/fm101_low.ogg",
        "url_resolved": "http://fm101.uz:9900/fm101_low.ogg",
        "homepage": "https://www.fm101.uz/",
        "favicon": "http://fm101.uz/wp-content/uploads/logo-152.png",
        "tags": "classic hits,hits,pop,top40",
        "country": "Uzbekistan",
        "countrycode": "UZ",
        "iso_3166_2": null,
        "state": "",
        "language": "russian",
        "languagecodes": "ru",
        "votes": 244,
        "lastchangetime": "2023-07-04 21:42:29",
        "lastchangetime_iso8601": "2023-07-04T21:42:29Z",
        "codec": "OGG",
        "bitrate": 0,
        "hls": 0,
        "lastcheckok": 1,
        "lastchecktime": "2023-07-09 04:15:39",
        "lastchecktime_iso8601": "2023-07-09T04:15:39Z",
        "lastcheckoktime": "2023-07-09 04:15:39",
        "lastcheckoktime_iso8601": "2023-07-09T04:15:39Z",
        "lastlocalchecktime": "2023-07-09 04:15:39",
        "lastlocalchecktime_iso8601": "2023-07-09T04:15:39Z",
        "clicktimestamp": "2023-07-09 12:34:35",
        "clicktimestamp_iso8601": "2023-07-09T12:34:35Z",
        "clickcount": 107,
        "clicktrend": 3,
        "ssl_error": 0,
        "geo_lat": null,
        "geo_long": null,
        "has_extended_info": false
    },
    {
        "changeuuid": "a2a24df5-f35e-461c-83a1-be7cf956a6b7",
        "stationuuid": "a627187a-272f-4d81-b9e9-2ca7a52c66d7",
        "serveruuid": "c07d82e5-9494-4fa7-b908-19e46e884330",
        "name": "Radio Tabassum",
        "url": "http://tabassum.uz:9000/alo_low",
        "url_resolved": "http://tabassum.uz:9000/alo_low",
        "homepage": "https://tabassum.uz/",
        "favicon": "",
        "tags": "classic hits,hits,russian hits",
        "country": "Uzbekistan",
        "countrycode": "UZ",
        "iso_3166_2": null,
        "state": "",
        "language": "russian",
        "languagecodes": "ru",
        "votes": 165,
        "lastchangetime": "2023-06-03 20:28:23",
        "lastchangetime_iso8601": "2023-06-03T20:28:23Z",
        "codec": "AAC+",
        "bitrate": 48,
        "hls": 0,
        "lastcheckok": 1,
        "lastchecktime": "2023-07-08 21:13:56",
        "lastchecktime_iso8601": "2023-07-08T21:13:56Z",
        "lastcheckoktime": "2023-07-08 21:13:56",
        "lastcheckoktime_iso8601": "2023-07-08T21:13:56Z",
        "lastlocalchecktime": "2023-07-08 18:56:12",
        "lastlocalchecktime_iso8601": "2023-07-08T18:56:12Z",
        "clicktimestamp": "2023-07-09 12:14:37",
        "clicktimestamp_iso8601": "2023-07-09T12:14:37Z",
        "clickcount": 63,
        "clicktrend": -3,
        "ssl_error": 0,
        "geo_lat": null,
        "geo_long": null,
        "has_extended_info": false
    },
    {
        "changeuuid": "6faabc75-9d9a-40d1-a287-b7d1f6c92cd6",
        "stationuuid": "063b60c6-3ea1-4aaa-8951-61e483d2746b",
        "serveruuid": "df407357-e73f-4a88-beae-ca13c8c00e70",
        "name": "Smile fm",
        "url": "http://smilefm.uz:8000/live",
        "url_resolved": "http://smilefm.uz:8000/live",
        "homepage": "http://smilefm.uz/",
        "favicon": "",
        "tags": "pop",
        "country": "Uzbekistan",
        "countrycode": "UZ",
        "iso_3166_2": null,
        "state": "",
        "language": "uzbek",
        "languagecodes": "uz",
        "votes": 259,
        "lastchangetime": "2023-07-10 10:23:29",
        "lastchangetime_iso8601": "2023-07-10T10:23:29Z",
        "codec": "MP3",
        "bitrate": 256,
        "hls": 0,
        "lastcheckok": 1,
        "lastchecktime": "2023-09-03 10:53:22",
        "lastchecktime_iso8601": "2023-09-03T10:53:22Z",
        "lastcheckoktime": "2023-09-03 10:53:22",
        "lastcheckoktime_iso8601": "2023-09-03T10:53:22Z",
        "lastlocalchecktime": "2023-09-03 10:53:22",
        "lastlocalchecktime_iso8601": "2023-09-03T10:53:22Z",
        "clicktimestamp": "2023-09-03 14:11:26",
        "clicktimestamp_iso8601": "2023-09-03T14:11:26Z",
        "clickcount": 75,
        "clicktrend": -7,
        "ssl_error": 0,
        "geo_lat": null,
        "geo_long": null,
        "has_extended_info": false
    },
    {
        "changeuuid": "4fffb272-2dd6-4e6a-a6cc-bf38042d5e33",
        "stationuuid": "e9d1b009-544b-4bd9-87e7-0b87e9143c4a",
        "serveruuid": "95760671-eb74-4bf7-acdd-6a4eaa92b75c",
        "name": "Yoshlar ovozi FM",
        "url": "http://ns10.jethost.uz:8000/yoshlarovoziaac",
        "url_resolved": "http://ns10.jethost.uz:8000/yoshlarovoziaac",
        "homepage": "http://radiofm.uz/",
        "favicon": "http://radiofm.uz/yoshlarovozi.png",
        "tags": "pop music",
        "country": "Uzbekistan",
        "countrycode": "UZ",
        "iso_3166_2": null,
        "state": "",
        "language": "uzbek",
        "languagecodes": "uz",
        "votes": 258,
        "lastchangetime": "2023-07-27 17:00:52",
        "lastchangetime_iso8601": "2023-07-27T17:00:52Z",
        "codec": "AAC+",
        "bitrate": 64,
        "hls": 0,
        "lastcheckok": 1,
        "lastchecktime": "2023-09-03 05:41:18",
        "lastchecktime_iso8601": "2023-09-03T05:41:18Z",
        "lastcheckoktime": "2023-09-03 05:41:18",
        "lastcheckoktime_iso8601": "2023-09-03T05:41:18Z",
        "lastlocalchecktime": "2023-09-03 05:41:18",
        "lastlocalchecktime_iso8601": "2023-09-03T05:41:18Z",
        "clicktimestamp": "2023-09-03 14:11:23",
        "clicktimestamp_iso8601": "2023-09-03T14:11:23Z",
        "clickcount": 78,
        "clicktrend": -2,
        "ssl_error": 0,
        "geo_lat": null,
        "geo_long": null,
        "has_extended_info": false
    },
    {
        "changeuuid": "f772ed55-f56f-407c-a601-fca582713286",
        "stationuuid": "91b14aa0-321e-4abc-9410-a40abb606330",
        "serveruuid": "1b2af644-361a-4b3d-ba97-aac5d4ac4352",
        "name": "Qalbim navosi",
        "url": "http://213.230.109.7:9000/alo_low",
        "url_resolved": "http://213.230.109.7:9000/alo_low",
        "homepage": "http://qalbimnavosi.uz/",
        "favicon": "https://topradio.mobi/screen/1651641776_qalbim_navosi_tashkent_uzbekistan.jpg",
        "tags": "pop music",
        "country": "Uzbekistan",
        "countrycode": "UZ",
        "iso_3166_2": null,
        "state": "",
        "language": "uzbek",
        "languagecodes": "uz",
        "votes": 213,
        "lastchangetime": "2023-07-27 17:12:38",
        "lastchangetime_iso8601": "2023-07-27T17:12:38Z",
        "codec": "AAC+",
        "bitrate": 48,
        "hls": 0,
        "lastcheckok": 1,
        "lastchecktime": "2023-09-03 08:47:19",
        "lastchecktime_iso8601": "2023-09-03T08:47:19Z",
        "lastcheckoktime": "2023-09-03 08:47:19",
        "lastcheckoktime_iso8601": "2023-09-03T08:47:19Z",
        "lastlocalchecktime": "2023-09-03 08:47:19",
        "lastlocalchecktime_iso8601": "2023-09-03T08:47:19Z",
        "clicktimestamp": "2023-09-03 14:11:08",
        "clicktimestamp_iso8601": "2023-09-03T14:11:08Z",
        "clickcount": 88,
        "clicktrend": -6,
        "ssl_error": 0,
        "geo_lat": null,
        "geo_long": null,
        "has_extended_info": false
    },
    {
        "changeuuid": "24bc1e51-0a7a-481a-b156-4aa65c5159f0",
        "stationuuid": "c1448abd-d5d5-45f8-bd1b-2d4a802a6bc2",
        "serveruuid": "454ae35b-ac28-4296-844e-996e6b50f9db",
        "name": "DIMusic Club Uzbekistan \ud83c\uddfa\ud83c\uddff ",
        "url": "http://stream1.dimusic.club:11496/live",
        "url_resolved": "http://stream1.dimusic.club:11496/live",
        "homepage": "http://dimusic.club/",
        "favicon": "https://firebasestorage.googleapis.com/v0/b/radiogalaxy-580f4.appspot.com/o/images%2FIMG_20230802_074445006.jpg?alt=media&token=03ac8f5b-98f7-4037-98c8-4a358bc066b1",
        "tags": "#popmusic. #dancemusic. #hits. #eurodance.",
        "country": "Uzbekistan",
        "countrycode": "UZ",
        "iso_3166_2": null,
        "state": "",
        "language": "english/ espa\u00f1a/ russian /francia /italia",
        "languagecodes": "",
        "votes": 203,
        "lastchangetime": "2023-08-02 04:47:47",
        "lastchangetime_iso8601": "2023-08-02T04:47:47Z",
        "codec": "AAC+",
        "bitrate": 96,
        "hls": 0,
        "lastcheckok": 1,
        "lastchecktime": "2023-09-03 09:57:19",
        "lastchecktime_iso8601": "2023-09-03T09:57:19Z",
        "lastcheckoktime": "2023-09-03 09:57:19",
        "lastcheckoktime_iso8601": "2023-09-03T09:57:19Z",
        "lastlocalchecktime": "2023-09-03 09:57:19",
        "lastlocalchecktime_iso8601": "2023-09-03T09:57:19Z",
        "clicktimestamp": "2023-09-03 14:11:20",
        "clicktimestamp_iso8601": "2023-09-03T14:11:20Z",
        "clickcount": 84,
        "clicktrend": 0,
        "ssl_error": 0,
        "geo_lat": null,
        "geo_long": null,
        "has_extended_info": false
    }
]