[
    {
        "changeuuid": "d2817b7d-d9a6-4619-9762-22f7c36aa6a5",
        "stationuuid": "93871f78-f49f-4231-878e-e4ea02c0554a",
        "serveruuid": "560f21d7-fe12-428f-86fe-172cb2aed732",
        "name": "101.1 AZUL POP",
        "url": "https://azulpop.ozelip.com/8006/stream",
        "url_resolved": "https://azulpop.ozelip.com/8006/stream",
        "homepage": "https://azulradyo.com/",
        "favicon": "",
        "tags": "adult hits,adult top 40,balada pop,comunitaria,grupo radio digital,guitar,hits,italian,italian pop,italo disco,meditation,m\u00fasica popular mexicana,non-stop,non-stop music,pop,pop en ingl\u00e9s,pop music,pop rock,radio comunitaria,top,top 100,top 40,top 40 hits,top charts,top hits,top40,universitaria,variety hits",
        "country": "The Holy See",
        "countrycode": "VA",
        "iso_3166_2": null,
        "state": "Milano",
        "language": "american english,bengali,british english,english,english uk,hindi,italian",
        "languagecodes": "bn,en,hi,it",
        "votes": 83,
        "lastchangetime": "2023-02-24 01:27:01",
        "lastchangetime_iso8601": "2023-02-24T01:27:01Z",
        "codec": "MP3",
        "bitrate": 128,
        "hls": 0,
        "lastcheckok": 1,
        "lastchecktime": "2023-04-07 21:07:13",
        "lastchecktime_iso8601": "2023-04-07T21:07:13Z",
        "lastcheckoktime": "2023-04-07 21:07:13",
        "lastcheckoktime_iso8601": "2023-04-07T21:07:13Z",
        "lastlocalchecktime": "2023-04-07 17:07:57",
        "lastlocalchecktime_iso8601": "2023-04-07T17:07:57Z",
        "clicktimestamp": "2023-04-08 14:26:36",
        "clicktimestamp_iso8601": "2023-04-08T14:26:36Z",
        "clickcount": 58,
        "clicktrend": -3,
        "ssl_error": 0,
        "geo_lat": 41.86495963972303,
        "geo_long": 12.568360380828382,
        "has_extended_info": false
    },
    {
        "changeuuid": "ec5ea6c5-cadc-4b69-ac2d-23c809cde603",
        "stationuuid": "67025f0b-0c27-4996-8846-388b49744c3d",
        "serveruuid": "dd7bacd9-bb45-42d3-b564-a25f8e5ed72c",
        "name": "Radio Vaticana Italia",
        "url": "https://radio.vaticannews.va/stream-it",
        "url_resolved": "https://radio.vaticannews.va/stream-it",
        "homepage": "https://www.vaticannews.va/",
        "favicon": "https://www.vaticannews.va/favicon.ico",
        "tags": "",
        "country": "The Holy See",
        "countrycode": "VA",
        "iso_3166_2": null,
        "state": "",
        "language": "",
        "languagecodes": "",
        "votes": 29,
        "lastchangetime": "2023-03-19 16:34:02",
        "lastchangetime_iso8601": "2023-03-19T16:34:02Z",
        "codec": "MP3",
        "bitrate": 128,
        "hls": 0,
        "lastcheckok": 1,
        "lastchecktime": "2023-04-07 20:47:30",
        "lastchecktime_iso8601": "2023-04-07T20:47:30Z",
        "lastcheckoktime": "2023-04-07 20:47:30",
        "lastcheckoktime_iso8601": "2023-04-07T20:47:30Z",
        "lastlocalchecktime": "2023-04-07 20:47:30",
        "lastlocalchecktime_iso8601": "2023-04-07T20:47:30Z",
        "clicktimestamp": "2023-04-08 11:37:09",
        "clicktimestamp_iso8601": "2023-04-08T11:37:09Z",
        "clickcount": 59,
        "clicktrend": -1,
        "ssl_error": 0,
        "geo_lat": null,
        "geo_long": null,
        "has_extended_info": false
    },
    {
        "changeuuid": "0436dcaf-3423-41f1-bd56-3458f84c6526",
        "stationuuid": "13f4519e-6923-4013-a21f-6d3cac828d22",
        "serveruuid": "dd7bacd9-bb45-42d3-b564-a25f8e5ed72c",
        "name": "Radio Vaticana Bulgaria",
        "url": "https://radio.vaticannews.va/stream-bg",
        "url_resolved": "https://radio.vaticannews.va/stream-bg",
        "homepage": "https://www.vaticannews.va/bg.html",
        "favicon": "https://www.vaticannews.va/etc/designs/vatican-news/release/library/main/images/favicons/apple-icon-120x120.png",
        "tags": "catholic,catholic radio,catholic talk,christian,latin,\u0432\u044f\u0440\u0430,\u0445\u0440\u0438\u0441\u0442\u0438\u044f\u043d\u0441\u0442\u0432\u043e",
        "country": "The Holy See",
        "countrycode": "VA",
        "iso_3166_2": null,
        "state": "",
        "language": "bulgarian,latin",
        "languagecodes": "bg,la",
        "votes": 21,
        "lastchangetime": "2023-06-15 02:39:13",
        "lastchangetime_iso8601": "2023-06-15T02:39:13Z",
        "codec": "MP3",
        "bitrate": 128,
        "hls": 0,
        "lastcheckok": 1,
        "lastchecktime": "2023-07-09 04:33:38",
        "lastchecktime_iso8601": "2023-07-09T04:33:38Z",
        "lastcheckoktime": "2023-07-09 04:33:38",
        "lastcheckoktime_iso8601": "2023-07-09T04:33:38Z",
        "lastlocalchecktime": "2023-07-09 04:33:38",
        "lastlocalchecktime_iso8601": "2023-07-09T04:33:38Z",
        "clicktimestamp": "2023-07-09 13:00:47",
        "clicktimestamp_iso8601": "2023-07-09T13:00:47Z",
        "clickcount": 13,
        "clicktrend": 2,
        "ssl_error": 0,
        "geo_lat": null,
        "geo_long": null,
        "has_extended_info": false
    },
    {
        "changeuuid": "6b30aede-6783-4602-a378-6ef69b895bc8",
        "stationuuid": "2fac88af-0312-404f-b7bd-cd59bdda0540",
        "serveruuid": "dd7bacd9-bb45-42d3-b564-a25f8e5ed72c",
        "name": "Radio Vaticana Deutsch",
        "url": "https://radio.vaticannews.va/stream-de",
        "url_resolved": "https://radio.vaticannews.va/stream-de",
        "homepage": "https://www.vaticannews.va/de.html",
        "favicon": "https://www.vaticannews.va/etc/designs/vatican-news/release/library/main/images/favicons/apple-icon-120x120.png",
        "tags": "catholic,christian,church,kirche",
        "country": "The Holy See",
        "countrycode": "VA",
        "iso_3166_2": null,
        "state": "",
        "language": "german,latin",
        "languagecodes": "de,la",
        "votes": 21,
        "lastchangetime": "2023-06-15 02:32:00",
        "lastchangetime_iso8601": "2023-06-15T02:32:00Z",
        "codec": "MP3",
        "bitrate": 128,
        "hls": 0,
        "lastcheckok": 1,
        "lastchecktime": "2023-07-09 04:44:50",
        "lastchecktime_iso8601": "2023-07-09T04:44:50Z",
        "lastcheckoktime": "2023-07-09 04:44:50",
        "lastcheckoktime_iso8601": "2023-07-09T04:44:50Z",
        "lastlocalchecktime": "2023-07-09 04:44:50",
        "lastlocalchecktime_iso8601": "2023-07-09T04:44:50Z",
        "clicktimestamp": "2023-07-09 13:00:54",
        "clicktimestamp_iso8601": "2023-07-09T13:00:54Z",
        "clickcount": 10,
        "clicktrend": 1,
        "ssl_error": 0,
        "geo_lat": null,
        "geo_long": null,
        "has_extended_info": false
    },
    {
        "changeuuid": "0bda9f3e-020a-4b0f-8fb9-eb40dd518316",
        "stationuuid": "6111e085-5c19-461c-9873-7bc52855d84c",
        "serveruuid": "dd7bacd9-bb45-42d3-b564-a25f8e5ed72c",
        "name": "Radio Vaticana Ukraine",
        "url": "https://radio.vaticannews.va/stream-uk",
        "url_resolved": "https://radio.vaticannews.va/stream-uk",
        "homepage": "https://www.vaticannews.va/uk.html",
        "favicon": "https://www.vaticannews.va/etc/designs/vatican-news/release/library/main/images/favicons/apple-icon-120x120.png",
        "tags": "catholic,christian",
        "country": "The Holy See",
        "countrycode": "VA",
        "iso_3166_2": null,
        "state": "",
        "language": "latin,ukrainian",
        "languagecodes": "la,uk",
        "votes": 18,
        "lastchangetime": "2023-06-15 02:41:47",
        "lastchangetime_iso8601": "2023-06-15T02:41:47Z",
        "codec": "MP3",
        "bitrate": 128,
        "hls": 0,
        "lastcheckok": 1,
        "lastchecktime": "2023-07-09 04:21:46",
        "lastchecktime_iso8601": "2023-07-09T04:21:46Z",
        "lastcheckoktime": "2023-07-09 04:21:46",
        "lastcheckoktime_iso8601": "2023-07-09T04:21:46Z",
        "lastlocalchecktime": "2023-07-09 04:21:46",
        "lastlocalchecktime_iso8601": "2023-07-09T04:21:46Z",
        "clicktimestamp": "2023-07-09 06:09:48",
        "clicktimestamp_iso8601": "2023-07-09T06:09:48Z",
        "clickcount": 12,
        "clicktrend": 0,
        "ssl_error": 0,
        "geo_lat": null,
        "geo_long": null,
        "has_extended_info": false
    },
    {
        "changeuuid": "abaf3994-2ba0-428f-bae6-b0f88d77946b",
        "stationuuid": "7b95100c-57d1-486b-bebf-c9457ea393c8",
        "serveruuid": "dd7bacd9-bb45-42d3-b564-a25f8e5ed72c",
        "name": "Radio Vaticana Belarus",
        "url": "https://radio.vaticannews.va/stream-be",
        "url_resolved": "https://radio.vaticannews.va/stream-be",
        "homepage": "https://www.vaticannews.va/be.html",
        "favicon": "https://www.vaticannews.va/etc/designs/vatican-news/release/library/main/images/favicons/apple-icon-120x120.png",
        "tags": "catholic,christian",
        "country": "The Holy See",
        "countrycode": "VA",
        "iso_3166_2": null,
        "state": "",
        "language": "belarusian,latin",
        "languagecodes": "be,la",
        "votes": 16,
        "lastchangetime": "2023-06-15 02:42:35",
        "lastchangetime_iso8601": "2023-06-15T02:42:35Z",
        "codec": "MP3",
        "bitrate": 128,
        "hls": 0,
        "lastcheckok": 1,
        "lastchecktime": "2023-07-09 03:04:25",
        "lastchecktime_iso8601": "2023-07-09T03:04:25Z",
        "lastcheckoktime": "2023-07-09 03:04:25",
        "lastcheckoktime_iso8601": "2023-07-09T03:04:25Z",
        "lastlocalchecktime": "2023-07-09 02:23:44",
        "lastlocalchecktime_iso8601": "2023-07-09T02:23:44Z",
        "clicktimestamp": "2023-07-09 13:00:30",
        "clicktimestamp_iso8601": "2023-07-09T13:00:30Z",
        "clickcount": 7,
        "clicktrend": 2,
        "ssl_error": 0,
        "geo_lat": null,
        "geo_long": null,
        "has_extended_info": false
    },
    {
        "changeuuid": "546185a4-49a1-4f25-932b-3f0851f9a76d",
        "stationuuid": "acd4e4a3-273b-4789-8f7d-c21ea9cfc442",
        "serveruuid": "dd7bacd9-bb45-42d3-b564-a25f8e5ed72c",
        "name": "Radio Vaticana Rom\u00e2nia",
        "url": "https://radio.vaticannews.va/stream-ro",
        "url_resolved": "https://radio.vaticannews.va/stream-ro",
        "homepage": "https://www.vaticannews.va/ro.html",
        "favicon": "https://www.vaticannews.va/etc/designs/vatican-news/release/library/main/images/favicons/apple-icon-120x120.png",
        "tags": "catholic,christian",
        "country": "The Holy See",
        "countrycode": "VA",
        "iso_3166_2": null,
        "state": "",
        "language": "latin,romanian,rom\u00e2n\u00e4",
        "languagecodes": "la,ro",
        "votes": 6,
        "lastchangetime": "2023-06-15 02:44:59",
        "lastchangetime_iso8601": "2023-06-15T02:44:59Z",
        "codec": "MP3",
        "bitrate": 128,
        "hls": 0,
        "lastcheckok": 1,
        "lastchecktime": "2023-07-09 06:41:39",
        "lastchecktime_iso8601": "2023-07-09T06:41:39Z",
        "lastcheckoktime": "2023-07-09 06:41:39",
        "lastcheckoktime_iso8601": "2023-07-09T06:41:39Z",
        "lastlocalchecktime": "2023-07-09 06:41:39",
        "lastlocalchecktime_iso8601": "2023-07-09T06:41:39Z",
        "clicktimestamp": "2023-07-07 08:30:00",
        "clicktimestamp_iso8601": "2023-07-07T08:30:00Z",
        "clickcount": 5,
        "clicktrend": 0,
        "ssl_error": 0,
        "geo_lat": null,
        "geo_long": null,
        "has_extended_info": false
    },
    {
        "changeuuid": "0775da49-c044-48f5-b7ed-01d8ba5c2f6c",
        "stationuuid": "718b6d99-4aba-4ccb-8c29-a5992fd57853",
        "serveruuid": "dd7bacd9-bb45-42d3-b564-a25f8e5ed72c",
        "name": "Radio Vaticana Polska",
        "url": "https://radio.vaticannews.va/stream-pl",
        "url_resolved": "https://radio.vaticannews.va/stream-pl",
        "homepage": "https://www.vaticannews.va/pl.html",
        "favicon": "https://www.vaticannews.va/etc/designs/vatican-news/release/library/main/images/favicons/apple-icon-120x120.png",
        "tags": "catholic,christian",
        "country": "The Holy See",
        "countrycode": "VA",
        "iso_3166_2": null,
        "state": "",
        "language": "latin,polish",
        "languagecodes": "la,pl",
        "votes": 3,
        "lastchangetime": "2023-06-15 02:39:13",
        "lastchangetime_iso8601": "2023-06-15T02:39:13Z",
        "codec": "MP3",
        "bitrate": 128,
        "hls": 0,
        "lastcheckok": 1,
        "lastchecktime": "2023-07-09 03:16:00",
        "lastchecktime_iso8601": "2023-07-09T03:16:00Z",
        "lastcheckoktime": "2023-07-09 03:16:00",
        "lastcheckoktime_iso8601": "2023-07-09T03:16:00Z",
        "lastlocalchecktime": "2023-07-08 21:09:19",
        "lastlocalchecktime_iso8601": "2023-07-08T21:09:19Z",
        "clicktimestamp": "2023-07-08 04:12:19",
        "clicktimestamp_iso8601": "2023-07-08T04:12:19Z",
        "clickcount": 5,
        "clicktrend": -1,
        "ssl_error": 0,
        "geo_lat": null,
        "geo_long": null,
        "has_extended_info": false
    },
    {
        "changeuuid": "2fff0002-add6-4867-8cbf-916743e382d1",
        "stationuuid": "bb81f576-5790-4e24-a49c-868e037e90a0",
        "serveruuid": "dd7bacd9-bb45-42d3-b564-a25f8e5ed72c",
        "name": "Radio Vaticana Solven\u010dina",
        "url": "https://radio.vaticannews.va/stream-sk",
        "url_resolved": "https://radio.vaticannews.va/stream-sk",
        "homepage": "https://www.vaticannews.va/sk.html",
        "favicon": "https://www.vaticannews.va/etc/designs/vatican-news/release/library/main/images/favicons/apple-icon-120x120.png",
        "tags": "catholic,christian",
        "country": "The Holy See",
        "countrycode": "VA",
        "iso_3166_2": null,
        "state": "",
        "language": "latin,slovak",
        "languagecodes": "la,sk",
        "votes": 2,
        "lastchangetime": "2023-06-15 02:35:11",
        "lastchangetime_iso8601": "2023-06-15T02:35:11Z",
        "codec": "MP3",
        "bitrate": 128,
        "hls": 0,
        "lastcheckok": 1,
        "lastchecktime": "2023-07-09 05:23:16",
        "lastchecktime_iso8601": "2023-07-09T05:23:16Z",
        "lastcheckoktime": "2023-07-09 05:23:16",
        "lastcheckoktime_iso8601": "2023-07-09T05:23:16Z",
        "lastlocalchecktime": "2023-07-09 05:23:16",
        "lastlocalchecktime_iso8601": "2023-07-09T05:23:16Z",
        "clicktimestamp": "2023-07-07 08:27:59",
        "clicktimestamp_iso8601": "2023-07-07T08:27:59Z",
        "clickcount": 4,
        "clicktrend": 0,
        "ssl_error": 0,
        "geo_lat": null,
        "geo_long": null,
        "has_extended_info": false
    },
    {
        "changeuuid": "88b9121c-36bc-474c-9ee0-c699c012eb2e",
        "stationuuid": "890473bb-4c6e-48e4-ac71-35baa06e0a43",
        "serveruuid": "dd7bacd9-bb45-42d3-b564-a25f8e5ed72c",
        "name": "Radio Vaticana Sloven\u0161\u010dina",
        "url": "https://radio.vaticannews.va/stream-sl",
        "url_resolved": "https://radio.vaticannews.va/stream-sl",
        "homepage": "https://www.vaticannews.va/sl.html",
        "favicon": "https://www.vaticannews.va/etc/designs/vatican-news/release/library/main/images/favicons/apple-icon-120x120.png",
        "tags": "catholic,christian",
        "country": "The Holy See",
        "countrycode": "VA",
        "iso_3166_2": null,
        "state": "",
        "language": "latin,slovenian",
        "languagecodes": "la,sl",
        "votes": 2,
        "lastchangetime": "2023-06-15 02:33:28",
        "lastchangetime_iso8601": "2023-06-15T02:33:28Z",
        "codec": "MP3",
        "bitrate": 128,
        "hls": 0,
        "lastcheckok": 1,
        "lastchecktime": "2023-07-09 07:14:51",
        "lastchecktime_iso8601": "2023-07-09T07:14:51Z",
        "lastcheckoktime": "2023-07-09 07:14:51",
        "lastcheckoktime_iso8601": "2023-07-09T07:14:51Z",
        "lastlocalchecktime": "2023-07-09 07:14:51",
        "lastlocalchecktime_iso8601": "2023-07-09T07:14:51Z",
        "clicktimestamp": "2023-07-07 08:32:00",
        "clicktimestamp_iso8601": "2023-07-07T08:32:00Z",
        "clickcount": 4,
        "clicktrend": 0,
        "ssl_error": 0,
        "geo_lat": null,
        "geo_long": null,
        "has_extended_info": false
    },
    {
        "changeuuid": "e59f348a-4a2e-47d3-85ef-17eb68e05df5",
        "stationuuid": "fdc60a7e-21af-4061-ad0d-50de9531533a",
        "serveruuid": "dd7bacd9-bb45-42d3-b564-a25f8e5ed72c",
        "name": "Radio Vaticana \u010ce\u0161tina",
        "url": "https://radio.vaticannews.va/stream-cs",
        "url_resolved": "https://radio.vaticannews.va/stream-cs",
        "homepage": "https://www.vaticannews.va/cs.html",
        "favicon": "https://www.vaticannews.va/etc/designs/vatican-news/release/library/main/images/favicons/apple-icon-120x120.png",
        "tags": "catholic,christian",
        "country": "The Holy See",
        "countrycode": "VA",
        "iso_3166_2": null,
        "state": "",
        "language": "czech,latin",
        "languagecodes": "cs,la",
        "votes": 1,
        "lastchangetime": "2023-06-15 02:40:19",
        "lastchangetime_iso8601": "2023-06-15T02:40:19Z",
        "codec": "MP3",
        "bitrate": 128,
        "hls": 0,
        "lastcheckok": 1,
        "lastchecktime": "2023-07-09 03:34:51",
        "lastchecktime_iso8601": "2023-07-09T03:34:51Z",
        "lastcheckoktime": "2023-07-09 03:34:51",
        "lastcheckoktime_iso8601": "2023-07-09T03:34:51Z",
        "lastlocalchecktime": "2023-07-09 03:34:51",
        "lastlocalchecktime_iso8601": "2023-07-09T03:34:51Z",
        "clicktimestamp": "2023-07-07 08:23:59",
        "clicktimestamp_iso8601": "2023-07-07T08:23:59Z",
        "clickcount": 3,
        "clicktrend": 0,
        "ssl_error": 0,
        "geo_lat": null,
        "geo_long": null,
        "has_extended_info": false
    },
    {
        "changeuuid": "13f13255-6c28-413d-9781-8eb194472d4c",
        "stationuuid": "c1c50d77-e404-4214-930c-9cf594357640",
        "serveruuid": "dd7bacd9-bb45-42d3-b564-a25f8e5ed72c",
        "name": "Radio Vaticana Hrvatski",
        "url": "https://radio.vaticannews.va/stream-hr",
        "url_resolved": "https://radio.vaticannews.va/stream-hr",
        "homepage": "https://www.vaticannews.va/hr.html",
        "favicon": "https://www.vaticannews.va/etc/designs/vatican-news/release/library/main/images/favicons/apple-icon-120x120.png",
        "tags": "catholic,christian",
        "country": "The Holy See",
        "countrycode": "VA",
        "iso_3166_2": null,
        "state": "",
        "language": "croatian,latin",
        "languagecodes": "hr,la",
        "votes": 1,
        "lastchangetime": "2023-06-15 02:46:27",
        "lastchangetime_iso8601": "2023-06-15T02:46:27Z",
        "codec": "MP3",
        "bitrate": 128,
        "hls": 0,
        "lastcheckok": 1,
        "lastchecktime": "2023-07-09 08:01:03",
        "lastchecktime_iso8601": "2023-07-09T08:01:03Z",
        "lastcheckoktime": "2023-07-09 08:01:03",
        "lastcheckoktime_iso8601": "2023-07-09T08:01:03Z",
        "lastlocalchecktime": "2023-07-09 08:01:03",
        "lastlocalchecktime_iso8601": "2023-07-09T08:01:03Z",
        "clicktimestamp": "2023-07-08 15:32:03",
        "clicktimestamp_iso8601": "2023-07-08T15:32:03Z",
        "clickcount": 4,
        "clicktrend": 1,
        "ssl_error": 0,
        "geo_lat": null,
        "geo_long": null,
        "has_extended_info": false
    },
    {
        "changeuuid": "5ffec8da-e1df-4806-8ed0-4120dbcf82a2",
        "stationuuid": "5e5546ea-e811-4351-bb90-1cef3ed5be71",
        "serveruuid": "dd7bacd9-bb45-42d3-b564-a25f8e5ed72c",
        "name": "Radio Vaticana English",
        "url": "https://radio.vaticannews.va/stream-en",
        "url_resolved": "https://radio.vaticannews.va/stream-en",
        "homepage": "https://www.vaticannews.va/en.html",
        "favicon": "https://media.vaticannews.va/media/content/dam-archive/vaticannews/multimedia/2021/02/09/2021.02.09-Logo-Radio-Vaticana.jpg/_jcr_content/renditions/cq5dam.thumbnail.cropped.1000.563.jpeg",
        "tags": "catholic,christian,news,talk",
        "country": "The Holy See",
        "countrycode": "VA",
        "iso_3166_2": null,
        "state": "",
        "language": "english",
        "languagecodes": "en",
        "votes": 4,
        "lastchangetime": "2023-11-04 14:12:18",
        "lastchangetime_iso8601": "2023-11-04T14:12:18Z",
        "codec": "MP3",
        "bitrate": 128,
        "hls": 0,
        "lastcheckok": 1,
        "lastchecktime": "2023-11-07 14:35:53",
        "lastchecktime_iso8601": "2023-11-07T14:35:53Z",
        "lastcheckoktime": "2023-11-07 14:35:53",
        "lastcheckoktime_iso8601": "2023-11-07T14:35:53Z",
        "lastlocalchecktime": "2023-11-06 19:15:56",
        "lastlocalchecktime_iso8601": "2023-11-06T19:15:56Z",
        "clicktimestamp": "2023-11-07 16:19:07",
        "clicktimestamp_iso8601": "2023-11-07T16:19:07Z",
        "clickcount": 27,
        "clicktrend": -7,
        "ssl_error": 0,
        "geo_lat": 41.90341413845876,
        "geo_long": 12.452917098999023,
        "has_extended_info": false
    }
]