[
    {
        "changeuuid": "03d4fbf2-412a-4857-9948-6830315562ef",
        "stationuuid": "96331553-0601-11e8-ae97-52543be04c81",
        "serveruuid": "a1f6d415-b65f-4e4b-b5fa-77caa7a28fc7",
        "name": "Xtreme FM 104.3 Kingstown",
        "url": "http://s10.voscast.com:9498/;",
        "url_resolved": "http://s10.voscast.com:9498/;",
        "homepage": "http://x104fm.com/site/",
        "favicon": "",
        "tags": "hiphop,kingstown,reggae,soca",
        "country": "Saint Vincent And The Grenadines",
        "countrycode": "VC",
        "iso_3166_2": null,
        "state": "",
        "language": "english",
        "languagecodes": "en",
        "votes": 1284,
        "lastchangetime": "2022-05-25 13:02:48",
        "lastchangetime_iso8601": "2022-05-25T13:02:48Z",
        "codec": "MP3",
        "bitrate": 96,
        "hls": 0,
        "lastcheckok": 1,
        "lastchecktime": "2023-04-07 22:38:28",
        "lastchecktime_iso8601": "2023-04-07T22:38:28Z",
        "lastcheckoktime": "2023-04-07 22:38:28",
        "lastcheckoktime_iso8601": "2023-04-07T22:38:28Z",
        "lastlocalchecktime": "2023-04-07 20:30:52",
        "lastlocalchecktime_iso8601": "2023-04-07T20:30:52Z",
        "clicktimestamp": "2023-04-08 14:23:25",
        "clicktimestamp_iso8601": "2023-04-08T14:23:25Z",
        "clickcount": 54,
        "clicktrend": 0,
        "ssl_error": 0,
        "geo_lat": null,
        "geo_long": null,
        "has_extended_info": false
    },
    {
        "changeuuid": "16b0fda0-f254-4181-8cba-20bfc3e4df6b",
        "stationuuid": "96217456-0601-11e8-ae97-52543be04c81",
        "serveruuid": "14e4e8f6-160c-4c64-9378-11d89c5e8578",
        "name": "Star FM 98.3 & 104.7 Kingstown",
        "url": "http://starradio.serverroom.net:6688/",
        "url_resolved": "http://starradio.serverroom.net:6688/",
        "homepage": "http://www.star983fm.com/",
        "favicon": "",
        "tags": "caribbean music,commercial,kingstown,pop,united labour party",
        "country": "Saint Vincent And The Grenadines",
        "countrycode": "VC",
        "iso_3166_2": null,
        "state": "",
        "language": "english",
        "languagecodes": "en",
        "votes": 758,
        "lastchangetime": "2022-08-27 17:32:00",
        "lastchangetime_iso8601": "2022-08-27T17:32:00Z",
        "codec": "MP3",
        "bitrate": 32,
        "hls": 0,
        "lastcheckok": 1,
        "lastchecktime": "2023-04-07 23:54:42",
        "lastchecktime_iso8601": "2023-04-07T23:54:42Z",
        "lastcheckoktime": "2023-04-07 23:54:42",
        "lastcheckoktime_iso8601": "2023-04-07T23:54:42Z",
        "lastlocalchecktime": "2023-04-07 16:01:40",
        "lastlocalchecktime_iso8601": "2023-04-07T16:01:40Z",
        "clicktimestamp": "2023-04-08 14:23:34",
        "clicktimestamp_iso8601": "2023-04-08T14:23:34Z",
        "clickcount": 19,
        "clicktrend": 0,
        "ssl_error": 0,
        "geo_lat": null,
        "geo_long": null,
        "has_extended_info": false
    },
    {
        "changeuuid": "ca84f479-eb53-4252-97bc-02fb35df133f",
        "stationuuid": "963d1cb1-0601-11e8-ae97-52543be04c81",
        "serveruuid": "4bc83729-52f4-4a99-881a-5856328cb9c8",
        "name": "Reggae141",
        "url": "http://hestia2.cdnstream.com/1301_128",
        "url_resolved": "http://hestia2.cdnstream.com/1301_128",
        "homepage": "http://www.reggae141.com/",
        "favicon": "",
        "tags": "reggae",
        "country": "Saint Vincent And The Grenadines",
        "countrycode": "VC",
        "iso_3166_2": null,
        "state": "",
        "language": "english",
        "languagecodes": "en",
        "votes": 518,
        "lastchangetime": "2022-03-28 13:02:19",
        "lastchangetime_iso8601": "2022-03-28T13:02:19Z",
        "codec": "MP3",
        "bitrate": 128,
        "hls": 0,
        "lastcheckok": 1,
        "lastchecktime": "2023-04-08 09:56:28",
        "lastchecktime_iso8601": "2023-04-08T09:56:28Z",
        "lastcheckoktime": "2023-04-08 09:56:28",
        "lastcheckoktime_iso8601": "2023-04-08T09:56:28Z",
        "lastlocalchecktime": "2023-04-07 20:33:14",
        "lastlocalchecktime_iso8601": "2023-04-07T20:33:14Z",
        "clicktimestamp": "2023-04-08 12:47:43",
        "clicktimestamp_iso8601": "2023-04-08T12:47:43Z",
        "clickcount": 50,
        "clicktrend": 0,
        "ssl_error": 0,
        "geo_lat": null,
        "geo_long": null,
        "has_extended_info": false
    },
    {
        "changeuuid": "d3623ca5-4cd3-4146-a3aa-0504f42f7ade",
        "stationuuid": "962172b1-0601-11e8-ae97-52543be04c81",
        "serveruuid": "4652a94c-9ac6-4825-b11e-2dffea610a3f",
        "name": "We FM 99.9 Kingstown",
        "url": "http://mountain2.serverroom.net:6266/;",
        "url_resolved": "http://mountain2.serverroom.net:6266/;",
        "homepage": "http://www.999wefm.com/",
        "favicon": "https://999wefm.com/wp-content/uploads/2017/01/we-fm_remake1-150x140.png",
        "tags": "caribbean music,kingstown,saint vincent,world music",
        "country": "Saint Vincent And The Grenadines",
        "countrycode": "VC",
        "iso_3166_2": null,
        "state": "",
        "language": "english",
        "languagecodes": "en",
        "votes": 402,
        "lastchangetime": "2022-03-28 10:02:44",
        "lastchangetime_iso8601": "2022-03-28T10:02:44Z",
        "codec": "MP3",
        "bitrate": 128,
        "hls": 0,
        "lastcheckok": 1,
        "lastchecktime": "2023-04-08 02:06:42",
        "lastchecktime_iso8601": "2023-04-08T02:06:42Z",
        "lastcheckoktime": "2023-04-08 02:06:42",
        "lastcheckoktime_iso8601": "2023-04-08T02:06:42Z",
        "lastlocalchecktime": "2023-04-07 19:18:10",
        "lastlocalchecktime_iso8601": "2023-04-07T19:18:10Z",
        "clicktimestamp": "2023-04-08 13:32:00",
        "clicktimestamp_iso8601": "2023-04-08T13:32:00Z",
        "clickcount": 15,
        "clicktrend": -2,
        "ssl_error": 0,
        "geo_lat": null,
        "geo_long": null,
        "has_extended_info": false
    },
    {
        "changeuuid": "4c199a9e-837c-4b58-96c8-97d32fbf488f",
        "stationuuid": "b379c25b-dae9-4055-8dd5-fa15303f5d95",
        "serveruuid": "af94ec62-ba5a-429b-8814-08676c6e6130",
        "name": "NBC SVG",
        "url": "https://sc1.carihost.com:2000/tunein/NBCSVG/stream/pls",
        "url_resolved": "http://sc1.carihost.com:8008/stream",
        "homepage": "https://www.nbcsvg.com/",
        "favicon": "https://i0.wp.com/www.nbcsvg.com/wp-content/uploads/2015/02/nbc-logo-fixed-54d36bd2v1_site_icon.png",
        "tags": "107.5 fm and 90.7 fm,caribbean music,kingsto,local news,reggae,soca",
        "country": "Saint Vincent And The Grenadines",
        "countrycode": "VC",
        "iso_3166_2": null,
        "state": "",
        "language": "english",
        "languagecodes": "en",
        "votes": 364,
        "lastchangetime": "2022-03-28 10:48:36",
        "lastchangetime_iso8601": "2022-03-28T10:48:36Z",
        "codec": "MP3",
        "bitrate": 64,
        "hls": 0,
        "lastcheckok": 1,
        "lastchecktime": "2023-04-08 13:48:03",
        "lastchecktime_iso8601": "2023-04-08T13:48:03Z",
        "lastcheckoktime": "2023-04-08 13:48:03",
        "lastcheckoktime_iso8601": "2023-04-08T13:48:03Z",
        "lastlocalchecktime": "2023-04-08 13:48:03",
        "lastlocalchecktime_iso8601": "2023-04-08T13:48:03Z",
        "clicktimestamp": "2023-04-08 00:19:58",
        "clicktimestamp_iso8601": "2023-04-08T00:19:58Z",
        "clickcount": 20,
        "clicktrend": -3,
        "ssl_error": 0,
        "geo_lat": null,
        "geo_long": null,
        "has_extended_info": false
    }
]