[
    {
        "changeuuid": "21d899db-f7b5-43a5-9c67-bd4d7b5b9d3d",
        "stationuuid": "96178d87-0601-11e8-ae97-52543be04c81",
        "serveruuid": "5bc47f1f-2da4-4e6f-a227-b9e4f135fab0",
        "name": "BRN Radio - Arabic Channel",
        "url": "http://192.241.185.108:8094/stream",
        "url_resolved": "http://192.241.185.108:8094/stream",
        "homepage": "http://brnradio.com/",
        "favicon": "http://brnradio.com/favicon.ico",
        "tags": "bible,christian",
        "country": "US Virgin Islands",
        "countrycode": "VI",
        "iso_3166_2": null,
        "state": "Virginia",
        "language": "arabic",
        "languagecodes": "ar",
        "votes": 379,
        "lastchangetime": "2022-09-04 19:57:24",
        "lastchangetime_iso8601": "2022-09-04T19:57:24Z",
        "codec": "AAC+",
        "bitrate": 128,
        "hls": 0,
        "lastcheckok": 1,
        "lastchecktime": "2023-04-08 10:33:30",
        "lastchecktime_iso8601": "2023-04-08T10:33:30Z",
        "lastcheckoktime": "2023-04-08 10:33:30",
        "lastcheckoktime_iso8601": "2023-04-08T10:33:30Z",
        "lastlocalchecktime": "2023-04-07 20:15:46",
        "lastlocalchecktime_iso8601": "2023-04-07T20:15:46Z",
        "clicktimestamp": "2023-04-08 08:35:04",
        "clicktimestamp_iso8601": "2023-04-08T08:35:04Z",
        "clickcount": 33,
        "clicktrend": -2,
        "ssl_error": 0,
        "geo_lat": null,
        "geo_long": null,
        "has_extended_info": false
    },
    {
        "changeuuid": "2a22bec1-a87f-446f-a1f6-5626a8d30bc2",
        "stationuuid": "962bfb55-0601-11e8-ae97-52543be04c81",
        "serveruuid": "f933f13f-5a34-4b95-b404-a8d35d0d4757",
        "name": "WSTX-FM 100.3 Christiansted",
        "url": "http://wstxradio.serverroom.net:7490/;",
        "url_resolved": "http://wstxradio.serverroom.net:7490/;",
        "homepage": "http://www.wstxradio.com/",
        "favicon": "",
        "tags": "christiansted,reggae",
        "country": "US Virgin Islands",
        "countrycode": "VI",
        "iso_3166_2": null,
        "state": "",
        "language": "english",
        "languagecodes": "en",
        "votes": 321,
        "lastchangetime": "2022-11-18 02:57:30",
        "lastchangetime_iso8601": "2022-11-18T02:57:30Z",
        "codec": "MP3",
        "bitrate": 128,
        "hls": 0,
        "lastcheckok": 1,
        "lastchecktime": "2023-04-08 10:20:51",
        "lastchecktime_iso8601": "2023-04-08T10:20:51Z",
        "lastcheckoktime": "2023-04-08 10:20:51",
        "lastcheckoktime_iso8601": "2023-04-08T10:20:51Z",
        "lastlocalchecktime": "2023-04-07 19:29:06",
        "lastlocalchecktime_iso8601": "2023-04-07T19:29:06Z",
        "clicktimestamp": "2023-04-08 12:01:59",
        "clicktimestamp_iso8601": "2023-04-08T12:01:59Z",
        "clickcount": 35,
        "clicktrend": 1,
        "ssl_error": 0,
        "geo_lat": null,
        "geo_long": null,
        "has_extended_info": false
    },
    {
        "changeuuid": "ce52d050-eaab-46d4-8d78-775556a5cf6c",
        "stationuuid": "9631d047-0601-11e8-ae97-52543be04c81",
        "serveruuid": "a1d8d630-ad70-43d2-8dcc-57af89744eec",
        "name": "WSTX-AM 970 Christiansted",
        "url": "http://wstxradio2.serverroom.net:8340/;",
        "url_resolved": "http://wstxradio2.serverroom.net:8340/;",
        "homepage": "http://www.wstxradio.com/",
        "favicon": "",
        "tags": "calypso,caribbean music,christiansted,news,reggae,talk",
        "country": "US Virgin Islands",
        "countrycode": "VI",
        "iso_3166_2": null,
        "state": "",
        "language": "english",
        "languagecodes": "en",
        "votes": 194,
        "lastchangetime": "2022-06-23 13:41:11",
        "lastchangetime_iso8601": "2022-06-23T13:41:11Z",
        "codec": "MP3",
        "bitrate": 96,
        "hls": 0,
        "lastcheckok": 1,
        "lastchecktime": "2023-04-08 05:13:53",
        "lastchecktime_iso8601": "2023-04-08T05:13:53Z",
        "lastcheckoktime": "2023-04-08 05:13:53",
        "lastcheckoktime_iso8601": "2023-04-08T05:13:53Z",
        "lastlocalchecktime": "2023-04-07 16:36:44",
        "lastlocalchecktime_iso8601": "2023-04-07T16:36:44Z",
        "clicktimestamp": "2023-04-08 12:53:09",
        "clicktimestamp_iso8601": "2023-04-08T12:53:09Z",
        "clickcount": 28,
        "clicktrend": 1,
        "ssl_error": 0,
        "geo_lat": null,
        "geo_long": null,
        "has_extended_info": false
    },
    {
        "changeuuid": "633d734a-1f6b-4b81-b4a8-546d8a78feef",
        "stationuuid": "b6f1d5de-a314-4f72-aedd-d63517020b1f",
        "serveruuid": "c84470f6-c6f7-4809-a6c9-3ae7a8368e73",
        "name": "Radiokey",
        "url": "http://live.audiradio.com:8006/key107",
        "url_resolved": "http://live.audiradio.com:8006/key107",
        "homepage": "https://www.radiokey.it/",
        "favicon": "",
        "tags": "disco funk,electronic,oldies,rock,soul",
        "country": "US Virgin Islands",
        "countrycode": "VI",
        "iso_3166_2": null,
        "state": "",
        "language": "english",
        "languagecodes": "en",
        "votes": 116,
        "lastchangetime": "2022-08-16 02:25:42",
        "lastchangetime_iso8601": "2022-08-16T02:25:42Z",
        "codec": "MP3",
        "bitrate": 192,
        "hls": 0,
        "lastcheckok": 1,
        "lastchecktime": "2023-04-08 07:35:55",
        "lastchecktime_iso8601": "2023-04-08T07:35:55Z",
        "lastcheckoktime": "2023-04-07 19:52:53",
        "lastcheckoktime_iso8601": "2023-04-07T19:52:53Z",
        "lastlocalchecktime": "2023-04-07 19:52:53",
        "lastlocalchecktime_iso8601": "2023-04-07T19:52:53Z",
        "clicktimestamp": "2023-04-07 19:32:29",
        "clicktimestamp_iso8601": "2023-04-07T19:32:29Z",
        "clickcount": 19,
        "clicktrend": 1,
        "ssl_error": 0,
        "geo_lat": 45.48324350868221,
        "geo_long": 11.4862060546875,
        "has_extended_info": false
    },
    {
        "changeuuid": "bc7e327c-5aec-4e7c-9cdd-07f2f18791b5",
        "stationuuid": "774f2696-c38c-4262-9a08-32c506df36aa",
        "serveruuid": "560f21d7-fe12-428f-86fe-172cb2aed732",
        "name": "102.9 AZUL POP",
        "url": "https://azulpop.ozelip.com/8006/stream",
        "url_resolved": "https://azulpop.ozelip.com/8006/stream",
        "homepage": "https://azulradyo.com/",
        "favicon": "",
        "tags": "70 80 hits,adult hits,contemporary hits,hits,latin,latin music,latin pop,latino,latino am\u00e9rica,latinoam\u00e9rica,musica latina,musica latinoamericana,pop,pop latino,spanish contemporary hits,top 40 hits,top hits,variety hits",
        "country": "US Virgin Islands",
        "countrycode": "VI",
        "iso_3166_2": null,
        "state": "Virginia",
        "language": "english",
        "languagecodes": "en",
        "votes": 90,
        "lastchangetime": "2023-02-24 03:34:33",
        "lastchangetime_iso8601": "2023-02-24T03:34:33Z",
        "codec": "MP3",
        "bitrate": 128,
        "hls": 0,
        "lastcheckok": 1,
        "lastchecktime": "2023-04-07 21:07:01",
        "lastchecktime_iso8601": "2023-04-07T21:07:01Z",
        "lastcheckoktime": "2023-04-07 21:07:01",
        "lastcheckoktime_iso8601": "2023-04-07T21:07:01Z",
        "lastlocalchecktime": "2023-04-07 21:07:01",
        "lastlocalchecktime_iso8601": "2023-04-07T21:07:01Z",
        "clicktimestamp": "2023-04-07 12:58:46",
        "clicktimestamp_iso8601": "2023-04-07T12:58:46Z",
        "clickcount": 25,
        "clicktrend": -3,
        "ssl_error": 0,
        "geo_lat": -45.726235178835175,
        "geo_long": 169.0466310270131,
        "has_extended_info": false
    },
    {
        "changeuuid": "0f8a0d3e-1d3d-4273-b87a-16119acca567",
        "stationuuid": "12e4ede4-f963-11e8-a97a-52543be04c81",
        "serveruuid": "5ef88aab-b5c6-4acf-867b-9369159cccc6",
        "name": "WTJC-LP",
        "url": "http://s9.viastreaming.net:7820/listen.pls",
        "url_resolved": "http://s9.viastreaming.net:7820/",
        "homepage": "http://www.wtjclpfm.com/",
        "favicon": "",
        "tags": "caribbean,church,god,jesus,methodist,religion,usvi,vi,virgin islands",
        "country": "US Virgin Islands",
        "countrycode": "VI",
        "iso_3166_2": null,
        "state": "",
        "language": "english",
        "languagecodes": "en",
        "votes": 66,
        "lastchangetime": "2022-03-28 11:25:48",
        "lastchangetime_iso8601": "2022-03-28T11:25:48Z",
        "codec": "MP3",
        "bitrate": 64,
        "hls": 0,
        "lastcheckok": 1,
        "lastchecktime": "2023-04-08 05:29:11",
        "lastchecktime_iso8601": "2023-04-08T05:29:11Z",
        "lastcheckoktime": "2023-04-08 05:29:11",
        "lastcheckoktime_iso8601": "2023-04-08T05:29:11Z",
        "lastlocalchecktime": "2023-04-07 17:21:11",
        "lastlocalchecktime_iso8601": "2023-04-07T17:21:11Z",
        "clicktimestamp": "2023-04-07 19:32:36",
        "clicktimestamp_iso8601": "2023-04-07T19:32:36Z",
        "clickcount": 15,
        "clicktrend": 1,
        "ssl_error": 0,
        "geo_lat": null,
        "geo_long": null,
        "has_extended_info": false
    },
    {
        "changeuuid": "df437cad-8a7a-45d4-849e-7b287c0b6826",
        "stationuuid": "665f3e94-3f3c-47eb-a186-c58c0a130f8e",
        "serveruuid": "930c5435-dde7-49ee-87b6-e0f794d52f9c",
        "name": "X Transmission FM",
        "url": "http://radio.xtransmissionfm.com:8000/xtfm",
        "url_resolved": "http://radio.xtransmissionfm.com:8000/xtfm",
        "homepage": "http://xtransmissionfm.com/",
        "favicon": "http://xtransmissionfm.com/favicon.ico",
        "tags": "",
        "country": "US Virgin Islands",
        "countrycode": "VI",
        "iso_3166_2": null,
        "state": "Ohio",
        "language": "",
        "languagecodes": "",
        "votes": 37,
        "lastchangetime": "2022-06-23 17:33:28",
        "lastchangetime_iso8601": "2022-06-23T17:33:28Z",
        "codec": "MP3",
        "bitrate": 128,
        "hls": 0,
        "lastcheckok": 1,
        "lastchecktime": "2023-04-08 10:19:01",
        "lastchecktime_iso8601": "2023-04-08T10:19:01Z",
        "lastcheckoktime": "2023-04-08 10:19:01",
        "lastcheckoktime_iso8601": "2023-04-08T10:19:01Z",
        "lastlocalchecktime": "2023-04-08 10:19:01",
        "lastlocalchecktime_iso8601": "2023-04-08T10:19:01Z",
        "clicktimestamp": "2023-04-08 11:56:43",
        "clicktimestamp_iso8601": "2023-04-08T11:56:43Z",
        "clickcount": 11,
        "clicktrend": 1,
        "ssl_error": 0,
        "geo_lat": null,
        "geo_long": null,
        "has_extended_info": false
    },
    {
        "changeuuid": "cff9bc39-8474-4912-8a50-7b55aeefb552",
        "stationuuid": "aba1f2c1-b7d7-4f4a-8bc1-621d3e16189b",
        "serveruuid": null,
        "name": " EXA FM: Pop music in Spanish and English",
        "url": "https://playerservices.streamtheworld.com/api/livestream-redirect/XHPSFMAAC.aac",
        "url_resolved": "https://26523.live.streamtheworld.com:443/XHPSFMAAC.aac",
        "homepage": "https://www.exafm.com/veracruz/",
        "favicon": "https://i.iheart.com/v3/re/new_assets/5f9883c7cde5eff19e6eabac",
        "tags": "",
        "country": "US Virgin Islands",
        "countrycode": "VI",
        "iso_3166_2": null,
        "state": "",
        "language": "spanish",
        "languagecodes": "es",
        "votes": 26,
        "lastchangetime": "2023-04-09 22:58:17",
        "lastchangetime_iso8601": "2023-04-09T22:58:17Z",
        "codec": "AAC+",
        "bitrate": 48,
        "hls": 0,
        "lastcheckok": 1,
        "lastchecktime": "2023-07-09 00:51:56",
        "lastchecktime_iso8601": "2023-07-09T00:51:56Z",
        "lastcheckoktime": "2023-07-09 00:51:56",
        "lastcheckoktime_iso8601": "2023-07-09T00:51:56Z",
        "lastlocalchecktime": "2023-07-08 22:42:30",
        "lastlocalchecktime_iso8601": "2023-07-08T22:42:30Z",
        "clicktimestamp": "2023-07-08 18:39:58",
        "clicktimestamp_iso8601": "2023-07-08T18:39:58Z",
        "clickcount": 41,
        "clicktrend": 1,
        "ssl_error": 0,
        "geo_lat": null,
        "geo_long": null,
        "has_extended_info": false
    },
    {
        "changeuuid": "76e0a4ed-cdae-4ffa-95c4-26d4090043d7",
        "stationuuid": "1c800884-06a3-4326-b6c2-68871b9a3a3b",
        "serveruuid": "f90f930b-4cd0-4cd3-b30a-e5548974d044",
        "name": "The Level Radio (ACC+ 64)",
        "url": "http://radio.kitinc.net:2238/listen.pls?sid=1",
        "url_resolved": "http://radio.kitinc.net:2238/stream",
        "homepage": "http://level.city/",
        "favicon": "",
        "tags": "00 hits,2000s,2k hits,chill house,chill vibes,deep house,tropical house",
        "country": "US Virgin Islands",
        "countrycode": "VI",
        "iso_3166_2": null,
        "state": "",
        "language": "english",
        "languagecodes": "en",
        "votes": 5,
        "lastchangetime": "2023-08-09 19:44:03",
        "lastchangetime_iso8601": "2023-08-09T19:44:03Z",
        "codec": "AAC+",
        "bitrate": 64,
        "hls": 0,
        "lastcheckok": 1,
        "lastchecktime": "2023-09-03 08:52:16",
        "lastchecktime_iso8601": "2023-09-03T08:52:16Z",
        "lastcheckoktime": "2023-09-03 08:52:16",
        "lastcheckoktime_iso8601": "2023-09-03T08:52:16Z",
        "lastlocalchecktime": "2023-09-03 08:52:16",
        "lastlocalchecktime_iso8601": "2023-09-03T08:52:16Z",
        "clicktimestamp": "2023-09-03 04:38:40",
        "clicktimestamp_iso8601": "2023-09-03T04:38:40Z",
        "clickcount": 9,
        "clicktrend": -1,
        "ssl_error": 0,
        "geo_lat": null,
        "geo_long": null,
        "has_extended_info": false
    },
    {
        "changeuuid": "70d36cd2-dced-464e-9512-e31cab675c4c",
        "stationuuid": "6cc8aa12-cdd1-4fb4-ac31-ee4cc1dfd165",
        "serveruuid": "43cff45c-bf4e-4b3c-bf6a-76e4ae074fe0",
        "name": "The Level Radio (MP3 96)",
        "url": "http://radio.kitinc.net:3178/listen.pls?sid=1",
        "url_resolved": "http://radio.kitinc.net:3178/stream",
        "homepage": "http://level.city/",
        "favicon": "",
        "tags": "2000s,deep house,house,tropical,tropical music",
        "country": "US Virgin Islands",
        "countrycode": "VI",
        "iso_3166_2": null,
        "state": "Illinois",
        "language": "english",
        "languagecodes": "en",
        "votes": 4,
        "lastchangetime": "2023-08-10 19:36:49",
        "lastchangetime_iso8601": "2023-08-10T19:36:49Z",
        "codec": "MP3",
        "bitrate": 96,
        "hls": 0,
        "lastcheckok": 1,
        "lastchecktime": "2023-09-03 02:03:43",
        "lastchecktime_iso8601": "2023-09-03T02:03:43Z",
        "lastcheckoktime": "2023-09-03 02:03:43",
        "lastcheckoktime_iso8601": "2023-09-03T02:03:43Z",
        "lastlocalchecktime": "2023-09-03 02:03:43",
        "lastlocalchecktime_iso8601": "2023-09-03T02:03:43Z",
        "clicktimestamp": "2023-09-02 13:42:49",
        "clicktimestamp_iso8601": "2023-09-02T13:42:49Z",
        "clickcount": 10,
        "clicktrend": -1,
        "ssl_error": 0,
        "geo_lat": null,
        "geo_long": null,
        "has_extended_info": false
    },
    {
        "changeuuid": "d27f1f8f-7e4e-47fc-84e0-fcc7f705e114",
        "stationuuid": "ee97f06b-c20c-4834-9bb4-a571df1e6781",
        "serveruuid": "0ac86ee6-945c-4985-8655-a5388fade590",
        "name": "The Level Radio (MP3 - 128)",
        "url": "http://radio2.kitinc.net:30717/listen.pls",
        "url_resolved": "http://radio2.kitinc.net:30717/",
        "homepage": "http://level.city/",
        "favicon": "",
        "tags": "128 kbps,128 mp3,2000s,chillout,hd radio,house,tropical,tropical house,tropical music",
        "country": "US Virgin Islands",
        "countrycode": "VI",
        "iso_3166_2": null,
        "state": "Illinois",
        "language": "english",
        "languagecodes": "en",
        "votes": 1,
        "lastchangetime": "2023-08-09 20:02:05",
        "lastchangetime_iso8601": "2023-08-09T20:02:05Z",
        "codec": "MP3",
        "bitrate": 128,
        "hls": 0,
        "lastcheckok": 1,
        "lastchecktime": "2023-09-03 00:10:10",
        "lastchecktime_iso8601": "2023-09-03T00:10:10Z",
        "lastcheckoktime": "2023-09-03 00:10:10",
        "lastcheckoktime_iso8601": "2023-09-03T00:10:10Z",
        "lastlocalchecktime": "2023-09-03 00:10:10",
        "lastlocalchecktime_iso8601": "2023-09-03T00:10:10Z",
        "clicktimestamp": "2023-08-29 13:10:08",
        "clicktimestamp_iso8601": "2023-08-29T13:10:08Z",
        "clickcount": 3,
        "clicktrend": 0,
        "ssl_error": 0,
        "geo_lat": null,
        "geo_long": null,
        "has_extended_info": false
    }
]