[
    {
        "changeuuid": "9e263592-f253-43cf-8aa0-5c616ed8f721",
        "stationuuid": "a072ec3e-7bb0-4dbc-9f2d-e854733501ee",
        "serveruuid": "cf245731-75cf-43ad-9704-095e0fa78866",
        "name": "VOV1",
        "url": "http://media.kythuatvov.vn:7001/;stream/",
        "url_resolved": "http://media.kythuatvov.vn:7001/;stream/",
        "homepage": "http://vovmedia.vn/vov1",
        "favicon": "",
        "tags": "culture,information,news",
        "country": "Vietnam",
        "countrycode": "VN",
        "iso_3166_2": null,
        "state": "",
        "language": "vietnamese",
        "languagecodes": "vi",
        "votes": 7686,
        "lastchangetime": "2023-01-31 22:16:14",
        "lastchangetime_iso8601": "2023-01-31T22:16:14Z",
        "codec": "AAC+",
        "bitrate": 40,
        "hls": 0,
        "lastcheckok": 1,
        "lastchecktime": "2023-04-08 08:51:56",
        "lastchecktime_iso8601": "2023-04-08T08:51:56Z",
        "lastcheckoktime": "2023-04-08 08:51:56",
        "lastcheckoktime_iso8601": "2023-04-08T08:51:56Z",
        "lastlocalchecktime": "2023-04-08 08:51:56",
        "lastlocalchecktime_iso8601": "2023-04-08T08:51:56Z",
        "clicktimestamp": "2023-04-08 14:25:06",
        "clicktimestamp_iso8601": "2023-04-08T14:25:06Z",
        "clickcount": 665,
        "clicktrend": -14,
        "ssl_error": 0,
        "geo_lat": null,
        "geo_long": null,
        "has_extended_info": false
    },
    {
        "changeuuid": "7d3ed84f-85f5-42d7-9119-80cd63c3154d",
        "stationuuid": "3961529a-89c9-47cb-ae4c-488bf604920c",
        "serveruuid": "8d349393-d2f1-4c56-bc28-fd7e13a88ef5",
        "name": "VOV2",
        "url": "http://media.kythuatvov.vn:7003/;stream/",
        "url_resolved": "http://media.kythuatvov.vn:7003/;stream/",
        "homepage": "http://vovmedia.vn/vov2",
        "favicon": "",
        "tags": "culture,general,information,life",
        "country": "Vietnam",
        "countrycode": "VN",
        "iso_3166_2": null,
        "state": "",
        "language": "vietnamese",
        "languagecodes": "vi",
        "votes": 2104,
        "lastchangetime": "2022-03-28 13:57:35",
        "lastchangetime_iso8601": "2022-03-28T13:57:35Z",
        "codec": "AAC+",
        "bitrate": 40,
        "hls": 0,
        "lastcheckok": 1,
        "lastchecktime": "2023-04-08 11:03:02",
        "lastchecktime_iso8601": "2023-04-08T11:03:02Z",
        "lastcheckoktime": "2023-04-08 11:03:02",
        "lastcheckoktime_iso8601": "2023-04-08T11:03:02Z",
        "lastlocalchecktime": "2023-04-08 07:54:02",
        "lastlocalchecktime_iso8601": "2023-04-08T07:54:02Z",
        "clicktimestamp": "2023-04-08 13:29:34",
        "clicktimestamp_iso8601": "2023-04-08T13:29:34Z",
        "clickcount": 88,
        "clicktrend": 3,
        "ssl_error": 0,
        "geo_lat": null,
        "geo_long": null,
        "has_extended_info": false
    },
    {
        "changeuuid": "f0947a09-c936-4a64-ba71-51eb84053316",
        "stationuuid": "8718e66e-1d39-456e-bfe1-01489b013a33",
        "serveruuid": "fcc8504e-ed33-4723-8808-f981f3611cb0",
        "name": "VOV3",
        "url": "http://media.kythuatvov.vn:7005/;stream/",
        "url_resolved": "http://media.kythuatvov.vn:7005/;stream/",
        "homepage": "http://vovmedia.vn/vov3",
        "favicon": "",
        "tags": "entertainment,information,music",
        "country": "Vietnam",
        "countrycode": "VN",
        "iso_3166_2": null,
        "state": "",
        "language": "vietnamese",
        "languagecodes": "vi",
        "votes": 1810,
        "lastchangetime": "2022-09-23 03:41:33",
        "lastchangetime_iso8601": "2022-09-23T03:41:33Z",
        "codec": "AAC+",
        "bitrate": 40,
        "hls": 0,
        "lastcheckok": 1,
        "lastchecktime": "2023-04-08 06:40:20",
        "lastchecktime_iso8601": "2023-04-08T06:40:20Z",
        "lastcheckoktime": "2023-04-08 06:40:20",
        "lastcheckoktime_iso8601": "2023-04-08T06:40:20Z",
        "lastlocalchecktime": "2023-04-07 16:12:12",
        "lastlocalchecktime_iso8601": "2023-04-07T16:12:12Z",
        "clicktimestamp": "2023-04-08 13:44:46",
        "clicktimestamp_iso8601": "2023-04-08T13:44:46Z",
        "clickcount": 265,
        "clicktrend": -7,
        "ssl_error": 0,
        "geo_lat": null,
        "geo_long": null,
        "has_extended_info": false
    },
    {
        "changeuuid": "399a0f92-90ff-4f7b-846e-3f4cfc5e5577",
        "stationuuid": "3f677986-cfc0-4a74-94d3-999da2c3e243",
        "serveruuid": "97748262-4877-4c2a-b0f1-8651df4c3238",
        "name": "VOV Giao Th\u00f4ng H\u00e0 N\u1ed9i",
        "url": "http://media.kythuatvov.vn:7025/;stream/",
        "url_resolved": "http://media.kythuatvov.vn:7025/;stream/",
        "homepage": "http://vovmedia.vn/vov-giao-thong-ha-noi",
        "favicon": "",
        "tags": "information,traffic,weather",
        "country": "Vietnam",
        "countrycode": "VN",
        "iso_3166_2": null,
        "state": "",
        "language": "vietnamese",
        "languagecodes": "vi",
        "votes": 1803,
        "lastchangetime": "2022-10-03 09:07:04",
        "lastchangetime_iso8601": "2022-10-03T09:07:04Z",
        "codec": "AAC+",
        "bitrate": 128,
        "hls": 0,
        "lastcheckok": 1,
        "lastchecktime": "2023-04-08 13:55:48",
        "lastchecktime_iso8601": "2023-04-08T13:55:48Z",
        "lastcheckoktime": "2023-04-08 13:55:48",
        "lastcheckoktime_iso8601": "2023-04-08T13:55:48Z",
        "lastlocalchecktime": "2023-04-08 13:55:48",
        "lastlocalchecktime_iso8601": "2023-04-08T13:55:48Z",
        "clicktimestamp": "2023-04-08 14:27:39",
        "clicktimestamp_iso8601": "2023-04-08T14:27:39Z",
        "clickcount": 1125,
        "clicktrend": -20,
        "ssl_error": 0,
        "geo_lat": null,
        "geo_long": null,
        "has_extended_info": false
    },
    {
        "changeuuid": "2e8195a5-32e9-4ad9-a058-2de5cf5f9848",
        "stationuuid": "ea84a20e-1b34-11e9-a80b-52543be04c81",
        "serveruuid": "63619099-70a6-4738-86f9-2f9b9de74729",
        "name": "Vietnam ANTV",
        "url": "http://antvlive.ab5c6921.cdnviet.com/antv/playlist.m3u8",
        "url_resolved": "http://antvlive.ab5c6921.cdnviet.com/antv/playlist.m3u8",
        "homepage": "http://www.antv.gov.vn/",
        "favicon": "http://www.antv.gov.vn/images/favicon.png",
        "tags": "",
        "country": "Vietnam",
        "countrycode": "VN",
        "iso_3166_2": null,
        "state": "Hanoi",
        "language": "vietnamese",
        "languagecodes": "vi",
        "votes": 886,
        "lastchangetime": "2023-03-11 05:27:57",
        "lastchangetime_iso8601": "2023-03-11T05:27:57Z",
        "codec": "AAC",
        "bitrate": 1273,
        "hls": 1,
        "lastcheckok": 1,
        "lastchecktime": "2023-04-08 07:00:34",
        "lastchecktime_iso8601": "2023-04-08T07:00:34Z",
        "lastcheckoktime": "2023-04-08 07:00:34",
        "lastcheckoktime_iso8601": "2023-04-08T07:00:34Z",
        "lastlocalchecktime": "2023-04-07 15:12:10",
        "lastlocalchecktime_iso8601": "2023-04-07T15:12:10Z",
        "clicktimestamp": "2023-04-08 13:44:50",
        "clicktimestamp_iso8601": "2023-04-08T13:44:50Z",
        "clickcount": 184,
        "clicktrend": 13,
        "ssl_error": 0,
        "geo_lat": null,
        "geo_long": null,
        "has_extended_info": false
    },
    {
        "changeuuid": "992399a7-04b4-418b-b3e4-863b4601cec4",
        "stationuuid": "f459462f-fb5d-4d5f-9f6e-2a91974139e8",
        "serveruuid": "164ffc59-ab89-4d9a-a66f-bdc48cf40add",
        "name": "VOH FM 99.9 Mhz",
        "url": "https://strm.voh.com.vn/radio/channel3/playlist.m3u8",
        "url_resolved": "https://strm.voh.com.vn/radio/channel3/playlist.m3u8",
        "homepage": "https://voh.com.vn/",
        "favicon": "",
        "tags": "",
        "country": "Vietnam",
        "countrycode": "VN",
        "iso_3166_2": null,
        "state": "",
        "language": "vietnamese",
        "languagecodes": "vi",
        "votes": 827,
        "lastchangetime": "2023-01-31 21:17:49",
        "lastchangetime_iso8601": "2023-01-31T21:17:49Z",
        "codec": "AAC",
        "bitrate": 105,
        "hls": 1,
        "lastcheckok": 1,
        "lastchecktime": "2023-04-08 07:56:20",
        "lastchecktime_iso8601": "2023-04-08T07:56:20Z",
        "lastcheckoktime": "2023-04-08 07:56:20",
        "lastcheckoktime_iso8601": "2023-04-08T07:56:20Z",
        "lastlocalchecktime": "2023-04-07 20:05:01",
        "lastlocalchecktime_iso8601": "2023-04-07T20:05:01Z",
        "clicktimestamp": "2023-04-08 14:13:21",
        "clicktimestamp_iso8601": "2023-04-08T14:13:21Z",
        "clickcount": 177,
        "clicktrend": 8,
        "ssl_error": 0,
        "geo_lat": null,
        "geo_long": null,
        "has_extended_info": false
    },
    {
        "changeuuid": "ced19983-80e1-4bfb-bcbd-2ceec0a63501",
        "stationuuid": "2c684b8f-22cc-4f28-af8d-ccf1a0cbe701",
        "serveruuid": "51c1233a-bcac-4d7c-a6d5-935c9fe372f5",
        "name": "TNT Radio",
        "url": "http://162.244.80.118:3092/stream/1/",
        "url_resolved": "http://162.244.80.118:3092/stream/1/",
        "homepage": "http://vietnamradio.org/",
        "favicon": "https://cdn.webrad.io/images/brand/icon_192x192.png",
        "tags": "",
        "country": "Vietnam",
        "countrycode": "VN",
        "iso_3166_2": null,
        "state": "",
        "language": "vietnamese",
        "languagecodes": "vi",
        "votes": 547,
        "lastchangetime": "2022-03-28 11:54:15",
        "lastchangetime_iso8601": "2022-03-28T11:54:15Z",
        "codec": "MP3",
        "bitrate": 64,
        "hls": 0,
        "lastcheckok": 1,
        "lastchecktime": "2023-04-08 11:18:38",
        "lastchecktime_iso8601": "2023-04-08T11:18:38Z",
        "lastcheckoktime": "2023-04-08 11:18:38",
        "lastcheckoktime_iso8601": "2023-04-08T11:18:38Z",
        "lastlocalchecktime": "2023-04-08 11:18:38",
        "lastlocalchecktime_iso8601": "2023-04-08T11:18:38Z",
        "clicktimestamp": "2023-04-08 10:20:33",
        "clicktimestamp_iso8601": "2023-04-08T10:20:33Z",
        "clickcount": 55,
        "clicktrend": 7,
        "ssl_error": 0,
        "geo_lat": null,
        "geo_long": null,
        "has_extended_info": false
    },
    {
        "changeuuid": "25eb7b1a-01d4-406b-b38a-e5131a39f390",
        "stationuuid": "544da166-3423-11e9-8f31-52543be04c81",
        "serveruuid": "85ae24ad-587b-428a-920e-001ac54e177a",
        "name": "\u0110\u1ed3ng Th\u00e1p",
        "url": "http://202.43.109.144:1935/thdtradio/thdtradio/chunklist_w200358279.m3u8",
        "url_resolved": "http://202.43.109.144:1935/thdtradio/thdtradio/chunklist_w200358279.m3u8",
        "homepage": "http://thdt.vn/",
        "favicon": "http://thdt.vn/wp-content/uploads/2019/01/cropped-favicon-192x192.png",
        "tags": "",
        "country": "Vietnam",
        "countrycode": "VN",
        "iso_3166_2": null,
        "state": "Dong Thap city",
        "language": "vietnamese",
        "languagecodes": "vi",
        "votes": 519,
        "lastchangetime": "2023-03-28 05:16:15",
        "lastchangetime_iso8601": "2023-03-28T05:16:15Z",
        "codec": "UNKNOWN",
        "bitrate": 0,
        "hls": 1,
        "lastcheckok": 1,
        "lastchecktime": "2023-04-08 06:40:20",
        "lastchecktime_iso8601": "2023-04-08T06:40:20Z",
        "lastcheckoktime": "2023-04-08 06:40:20",
        "lastcheckoktime_iso8601": "2023-04-08T06:40:20Z",
        "lastlocalchecktime": "2023-04-07 15:39:38",
        "lastlocalchecktime_iso8601": "2023-04-07T15:39:38Z",
        "clicktimestamp": "2023-04-08 13:25:47",
        "clicktimestamp_iso8601": "2023-04-08T13:25:47Z",
        "clickcount": 42,
        "clicktrend": 3,
        "ssl_error": 0,
        "geo_lat": null,
        "geo_long": null,
        "has_extended_info": false
    },
    {
        "changeuuid": "f17af5c8-b8e9-4042-9288-0e068398ed70",
        "stationuuid": "110ce984-1ab6-42c7-bcbe-148ea20a8fd2",
        "serveruuid": "7bf017bf-01ca-46c8-9015-9434ba0431ad",
        "name": "VOVMedia - VOV FM89",
        "url": "http://media.kythuatvov.vn:7021/;stream/",
        "url_resolved": "http://media.kythuatvov.vn:7021/;stream/",
        "homepage": "http://vovmedia.vn/",
        "favicon": "",
        "tags": "",
        "country": "Vietnam",
        "countrycode": "VN",
        "iso_3166_2": null,
        "state": "",
        "language": "vietnamese",
        "languagecodes": "vi",
        "votes": 517,
        "lastchangetime": "2023-01-31 17:18:45",
        "lastchangetime_iso8601": "2023-01-31T17:18:45Z",
        "codec": "AAC+",
        "bitrate": 40,
        "hls": 0,
        "lastcheckok": 1,
        "lastchecktime": "2023-04-08 09:45:23",
        "lastchecktime_iso8601": "2023-04-08T09:45:23Z",
        "lastcheckoktime": "2023-04-08 09:45:23",
        "lastcheckoktime_iso8601": "2023-04-08T09:45:23Z",
        "lastlocalchecktime": "2023-04-08 09:45:23",
        "lastlocalchecktime_iso8601": "2023-04-08T09:45:23Z",
        "clicktimestamp": "2023-04-08 14:01:07",
        "clicktimestamp_iso8601": "2023-04-08T14:01:07Z",
        "clickcount": 41,
        "clicktrend": 4,
        "ssl_error": 0,
        "geo_lat": null,
        "geo_long": null,
        "has_extended_info": false
    },
    {
        "changeuuid": "30a3e34d-4574-4105-bf6b-1bac002d8050",
        "stationuuid": "a908550e-e028-4cdb-9ae2-fe48aadb474e",
        "serveruuid": "7e18f5fd-e670-4963-9daa-945f8c41b99c",
        "name": "VOVMedia - VOV Giao th\u00f4ng H\u1ed3 Ch\u00ed Minh",
        "url": "http://media.kythuatvov.vn:7023/;stream/",
        "url_resolved": "http://media.kythuatvov.vn:7023/;stream/",
        "homepage": "http://vovmedia.vn/",
        "favicon": "",
        "tags": "",
        "country": "Vietnam",
        "countrycode": "VN",
        "iso_3166_2": null,
        "state": "",
        "language": "vietnamese",
        "languagecodes": "vi",
        "votes": 516,
        "lastchangetime": "2023-01-31 23:04:59",
        "lastchangetime_iso8601": "2023-01-31T23:04:59Z",
        "codec": "AAC+",
        "bitrate": 40,
        "hls": 0,
        "lastcheckok": 1,
        "lastchecktime": "2023-04-08 10:20:51",
        "lastchecktime_iso8601": "2023-04-08T10:20:51Z",
        "lastcheckoktime": "2023-04-08 10:20:51",
        "lastcheckoktime_iso8601": "2023-04-08T10:20:51Z",
        "lastlocalchecktime": "2023-04-07 18:20:09",
        "lastlocalchecktime_iso8601": "2023-04-07T18:20:09Z",
        "clicktimestamp": "2023-04-08 13:48:48",
        "clicktimestamp_iso8601": "2023-04-08T13:48:48Z",
        "clickcount": 128,
        "clicktrend": 2,
        "ssl_error": 0,
        "geo_lat": null,
        "geo_long": null,
        "has_extended_info": false
    },
    {
        "changeuuid": "c16bf2d1-6e94-403e-84f1-f4a1913820a5",
        "stationuuid": "3b0b2352-d00b-49b1-8277-49c567af2dc6",
        "serveruuid": "164ffc59-ab89-4d9a-a66f-bdc48cf40add",
        "name": "VOH FM 95.6 Mhz",
        "url": "https://strm.voh.com.vn/radio/channel1/playlist.m3u8",
        "url_resolved": "https://strm.voh.com.vn/radio/channel1/playlist.m3u8",
        "homepage": "https://voh.com.vn/",
        "favicon": "",
        "tags": "",
        "country": "Vietnam",
        "countrycode": "VN",
        "iso_3166_2": null,
        "state": "",
        "language": "vietnamese",
        "languagecodes": "vi",
        "votes": 430,
        "lastchangetime": "2022-09-07 23:23:40",
        "lastchangetime_iso8601": "2022-09-07T23:23:40Z",
        "codec": "AAC",
        "bitrate": 105,
        "hls": 1,
        "lastcheckok": 1,
        "lastchecktime": "2023-04-08 08:04:03",
        "lastchecktime_iso8601": "2023-04-08T08:04:03Z",
        "lastcheckoktime": "2023-04-08 08:04:03",
        "lastcheckoktime_iso8601": "2023-04-08T08:04:03Z",
        "lastlocalchecktime": "2023-04-08 08:04:03",
        "lastlocalchecktime_iso8601": "2023-04-08T08:04:03Z",
        "clicktimestamp": "2023-04-08 14:12:57",
        "clicktimestamp_iso8601": "2023-04-08T14:12:57Z",
        "clickcount": 139,
        "clicktrend": 11,
        "ssl_error": 0,
        "geo_lat": null,
        "geo_long": null,
        "has_extended_info": false
    },
    {
        "changeuuid": "206ae5b7-2acc-43df-9d93-6abe835d3170",
        "stationuuid": "5e4cc4c9-8643-48d8-9325-72bc03f76ee2",
        "serveruuid": "164ffc59-ab89-4d9a-a66f-bdc48cf40add",
        "name": "VOH AM 610 Khz",
        "url": "https://strm.voh.com.vn/radio/channel2/playlist.m3u8",
        "url_resolved": "https://strm.voh.com.vn/radio/channel2/playlist.m3u8",
        "homepage": "https://voh.com.vn/",
        "favicon": "",
        "tags": "",
        "country": "Vietnam",
        "countrycode": "VN",
        "iso_3166_2": null,
        "state": "",
        "language": "vietnamese",
        "languagecodes": "vi",
        "votes": 397,
        "lastchangetime": "2022-09-05 21:58:29",
        "lastchangetime_iso8601": "2022-09-05T21:58:29Z",
        "codec": "AAC",
        "bitrate": 105,
        "hls": 1,
        "lastcheckok": 1,
        "lastchecktime": "2023-04-08 13:29:24",
        "lastchecktime_iso8601": "2023-04-08T13:29:24Z",
        "lastcheckoktime": "2023-04-08 13:29:24",
        "lastcheckoktime_iso8601": "2023-04-08T13:29:24Z",
        "lastlocalchecktime": "2023-04-08 13:29:24",
        "lastlocalchecktime_iso8601": "2023-04-08T13:29:24Z",
        "clicktimestamp": "2023-04-08 11:11:16",
        "clicktimestamp_iso8601": "2023-04-08T11:11:16Z",
        "clickcount": 26,
        "clicktrend": 0,
        "ssl_error": 0,
        "geo_lat": null,
        "geo_long": null,
        "has_extended_info": false
    },
    {
        "changeuuid": "87d82dba-84f1-45d6-9773-8a96a32e8d79",
        "stationuuid": "7246a76a-7477-4472-ab93-b7075e23f942",
        "serveruuid": "164ffc59-ab89-4d9a-a66f-bdc48cf40add",
        "name": "VOH FM 87.7 Mhz",
        "url": "https://strm.voh.com.vn/live/channel5/playlist.m3u8",
        "url_resolved": "https://strm.voh.com.vn/live/channel5/playlist.m3u8",
        "homepage": "https://voh.com.vn/",
        "favicon": "",
        "tags": "",
        "country": "Vietnam",
        "countrycode": "VN",
        "iso_3166_2": null,
        "state": "",
        "language": "vietnamese",
        "languagecodes": "vi",
        "votes": 317,
        "lastchangetime": "2022-03-28 09:50:03",
        "lastchangetime_iso8601": "2022-03-28T09:50:03Z",
        "codec": "AAC",
        "bitrate": 105,
        "hls": 1,
        "lastcheckok": 1,
        "lastchecktime": "2023-04-07 23:54:42",
        "lastchecktime_iso8601": "2023-04-07T23:54:42Z",
        "lastcheckoktime": "2023-04-07 23:54:42",
        "lastcheckoktime_iso8601": "2023-04-07T23:54:42Z",
        "lastlocalchecktime": "2023-04-07 19:16:33",
        "lastlocalchecktime_iso8601": "2023-04-07T19:16:33Z",
        "clicktimestamp": "2023-04-08 11:11:46",
        "clicktimestamp_iso8601": "2023-04-08T11:11:46Z",
        "clickcount": 35,
        "clicktrend": 7,
        "ssl_error": 0,
        "geo_lat": null,
        "geo_long": null,
        "has_extended_info": false
    },
    {
        "changeuuid": "80b9dc7b-143f-4470-af84-b1d274d09d4a",
        "stationuuid": "e7eb9618-bac8-4f5f-8caa-fb2cad2b7c38",
        "serveruuid": "e6d2bf29-500f-465e-960a-4b5f0095aa9a",
        "name": "VOVMedia - VOV5 Ph\u00e1t thanh \u0111\u1ed1i ngo\u1ea1i",
        "url": "http://media.kythuatvov.vn:7007/;stream/",
        "url_resolved": "http://media.kythuatvov.vn:7007/;stream/",
        "homepage": "http://vovmedia.vn/",
        "favicon": "",
        "tags": "",
        "country": "Vietnam",
        "countrycode": "VN",
        "iso_3166_2": null,
        "state": "",
        "language": "vietnamese",
        "languagecodes": "vi",
        "votes": 277,
        "lastchangetime": "2023-01-31 13:38:02",
        "lastchangetime_iso8601": "2023-01-31T13:38:02Z",
        "codec": "AAC+",
        "bitrate": 40,
        "hls": 0,
        "lastcheckok": 1,
        "lastchecktime": "2023-04-08 08:59:50",
        "lastchecktime_iso8601": "2023-04-08T08:59:50Z",
        "lastcheckoktime": "2023-04-08 08:59:50",
        "lastcheckoktime_iso8601": "2023-04-08T08:59:50Z",
        "lastlocalchecktime": "2023-04-07 18:04:13",
        "lastlocalchecktime_iso8601": "2023-04-07T18:04:13Z",
        "clicktimestamp": "2023-04-08 11:12:46",
        "clicktimestamp_iso8601": "2023-04-08T11:12:46Z",
        "clickcount": 24,
        "clicktrend": 4,
        "ssl_error": 0,
        "geo_lat": null,
        "geo_long": null,
        "has_extended_info": false
    },
    {
        "changeuuid": "6d19beb3-5cc9-4cf8-8bfc-0d7c51459eb5",
        "stationuuid": "ad055ef7-5f3d-4e47-b444-a8067cd99e92",
        "serveruuid": "560f21d7-fe12-428f-86fe-172cb2aed732",
        "name": "100.6 AZUL POP",
        "url": "https://azulpop.ozelip.com/8006/stream",
        "url_resolved": "https://azulpop.ozelip.com/8006/stream",
        "homepage": "https://azulradyo.com/",
        "favicon": "",
        "tags": "#90s,#bandnews,#charts,#electro,#electronic-radio,#exclusive,#free,#hitsonly,#pop,chrismas,christian,christian contemporary,christian praise&worship,christmas,christmas music,chr\u00e9tien,classic,classic country,classic hits,classic jazz,classic rock,classical,classical music,classics,pop,rock classics",
        "country": "Vietnam",
        "countrycode": "VN",
        "iso_3166_2": null,
        "state": "Hanoi",
        "language": "vietnamese",
        "languagecodes": "vi",
        "votes": 270,
        "lastchangetime": "2023-02-24 02:16:32",
        "lastchangetime_iso8601": "2023-02-24T02:16:32Z",
        "codec": "MP3",
        "bitrate": 128,
        "hls": 0,
        "lastcheckok": 1,
        "lastchecktime": "2023-04-07 17:12:08",
        "lastchecktime_iso8601": "2023-04-07T17:12:08Z",
        "lastcheckoktime": "2023-04-07 17:12:08",
        "lastcheckoktime_iso8601": "2023-04-07T17:12:08Z",
        "lastlocalchecktime": "2023-04-07 16:56:37",
        "lastlocalchecktime_iso8601": "2023-04-07T16:56:37Z",
        "clicktimestamp": "2023-04-08 13:54:04",
        "clicktimestamp_iso8601": "2023-04-08T13:54:04Z",
        "clickcount": 112,
        "clicktrend": -2,
        "ssl_error": 0,
        "geo_lat": 14.991329655919198,
        "geo_long": 108.50830083712938,
        "has_extended_info": false
    },
    {
        "changeuuid": "e990d15a-0680-42c8-a991-fd7abe7ba359",
        "stationuuid": "41d1476e-0207-11e9-a1be-52543be04c81",
        "serveruuid": "4c782146-0d54-445e-96ac-ef008d19843c",
        "name": "Ba Ria-Vung Tau Radio",
        "url": "http://113.163.216.23:1935/live/radio1.sdp_audio/playlist.m3u8",
        "url_resolved": "http://113.163.216.23:1935/live/radio1.sdp_audio/playlist.m3u8",
        "homepage": "http://www.brt.vn/",
        "favicon": "http://www.brt.vn/favicon.png",
        "tags": "",
        "country": "Vietnam",
        "countrycode": "VN",
        "iso_3166_2": null,
        "state": "Ba Ria-Vung Tau",
        "language": "vietnamese",
        "languagecodes": "vi",
        "votes": 239,
        "lastchangetime": "2023-02-02 20:52:26",
        "lastchangetime_iso8601": "2023-02-02T20:52:26Z",
        "codec": "AAC",
        "bitrate": 96,
        "hls": 1,
        "lastcheckok": 1,
        "lastchecktime": "2023-04-08 10:45:53",
        "lastchecktime_iso8601": "2023-04-08T10:45:53Z",
        "lastcheckoktime": "2023-04-08 10:45:53",
        "lastcheckoktime_iso8601": "2023-04-08T10:45:53Z",
        "lastlocalchecktime": "2023-04-08 10:37:27",
        "lastlocalchecktime_iso8601": "2023-04-08T10:37:27Z",
        "clicktimestamp": "2023-04-08 11:13:03",
        "clicktimestamp_iso8601": "2023-04-08T11:13:03Z",
        "clickcount": 34,
        "clicktrend": 0,
        "ssl_error": 0,
        "geo_lat": null,
        "geo_long": null,
        "has_extended_info": false
    },
    {
        "changeuuid": "83f1c272-42b6-4407-b190-8c7d6d0b8cf5",
        "stationuuid": "cfac840a-020d-11e9-a1be-52543be04c81",
        "serveruuid": "6b6395ab-d9d1-4c2c-bf2f-09503c2fe444",
        "name": "Tien Giang TV",
        "url": "http://thtg.vn:8001/stream_hi.m3u8",
        "url_resolved": "http://thtg.vn:8001/stream_hi.m3u8",
        "homepage": "http://www.thtg.vn/",
        "favicon": "",
        "tags": "",
        "country": "Vietnam",
        "countrycode": "VN",
        "iso_3166_2": null,
        "state": "Tien Giang",
        "language": "vietnamese",
        "languagecodes": "vi",
        "votes": 230,
        "lastchangetime": "2022-05-31 17:32:44",
        "lastchangetime_iso8601": "2022-05-31T17:32:44Z",
        "codec": "UNKNOWN",
        "bitrate": 0,
        "hls": 1,
        "lastcheckok": 1,
        "lastchecktime": "2023-04-08 04:33:31",
        "lastchecktime_iso8601": "2023-04-08T04:33:31Z",
        "lastcheckoktime": "2023-04-08 04:33:31",
        "lastcheckoktime_iso8601": "2023-04-08T04:33:31Z",
        "lastlocalchecktime": "2023-04-07 20:43:39",
        "lastlocalchecktime_iso8601": "2023-04-07T20:43:39Z",
        "clicktimestamp": "2023-04-08 11:17:40",
        "clicktimestamp_iso8601": "2023-04-08T11:17:40Z",
        "clickcount": 16,
        "clicktrend": 1,
        "ssl_error": 0,
        "geo_lat": null,
        "geo_long": null,
        "has_extended_info": false
    },
    {
        "changeuuid": "64c5e362-6532-4267-b618-596884751544",
        "stationuuid": "4575c953-020e-11e9-a1be-52543be04c81",
        "serveruuid": "90731f29-8df8-4405-a27c-b330e25db8b7",
        "name": "Tien Giang Radio",
        "url": "http://thtg.vn/live/radio/radiolive.m3u8",
        "url_resolved": "http://thtg.vn/live/radio/radiolive.m3u8",
        "homepage": "http://www.thtg.vn/",
        "favicon": "",
        "tags": "",
        "country": "Vietnam",
        "countrycode": "VN",
        "iso_3166_2": null,
        "state": "Tien Giang",
        "language": "vietnamese",
        "languagecodes": "vi",
        "votes": 207,
        "lastchangetime": "2022-10-24 07:54:04",
        "lastchangetime_iso8601": "2022-10-24T07:54:04Z",
        "codec": "UNKNOWN",
        "bitrate": 0,
        "hls": 1,
        "lastcheckok": 1,
        "lastchecktime": "2023-04-08 02:32:09",
        "lastchecktime_iso8601": "2023-04-08T02:32:09Z",
        "lastcheckoktime": "2023-04-08 02:32:09",
        "lastcheckoktime_iso8601": "2023-04-08T02:32:09Z",
        "lastlocalchecktime": "2023-04-07 19:15:03",
        "lastlocalchecktime_iso8601": "2023-04-07T19:15:03Z",
        "clicktimestamp": "2023-04-08 11:17:57",
        "clicktimestamp_iso8601": "2023-04-08T11:17:57Z",
        "clickcount": 27,
        "clicktrend": -2,
        "ssl_error": 0,
        "geo_lat": null,
        "geo_long": null,
        "has_extended_info": false
    },
    {
        "changeuuid": "d540de5b-5266-4f7b-9ba4-3f195fa99c5a",
        "stationuuid": "92c57938-96d4-4565-a5ac-5f57a1f4de36",
        "serveruuid": "d48d18b6-1133-4918-8849-87f9664b0845",
        "name": "Lainzine",
        "url": "https://radio.lainzine.org:8443/music",
        "url_resolved": "https://radio.lainzine.org:8443/music",
        "homepage": "https://lainzine.org/",
        "favicon": "",
        "tags": "chiptune,cyberpunk,electronic",
        "country": "Vietnam",
        "countrycode": "VN",
        "iso_3166_2": null,
        "state": "",
        "language": "",
        "languagecodes": "",
        "votes": 201,
        "lastchangetime": "2022-08-28 03:44:43",
        "lastchangetime_iso8601": "2022-08-28T03:44:43Z",
        "codec": "MP3",
        "bitrate": 320,
        "hls": 0,
        "lastcheckok": 1,
        "lastchecktime": "2023-04-08 11:27:52",
        "lastchecktime_iso8601": "2023-04-08T11:27:52Z",
        "lastcheckoktime": "2023-04-08 11:27:52",
        "lastcheckoktime_iso8601": "2023-04-08T11:27:52Z",
        "lastlocalchecktime": "2023-04-08 11:27:52",
        "lastlocalchecktime_iso8601": "2023-04-08T11:27:52Z",
        "clicktimestamp": "2023-04-08 11:27:02",
        "clicktimestamp_iso8601": "2023-04-08T11:27:02Z",
        "clickcount": 28,
        "clicktrend": 0,
        "ssl_error": 0,
        "geo_lat": null,
        "geo_long": null,
        "has_extended_info": false
    },
    {
        "changeuuid": "ea86c27e-e43c-44ac-a7bf-2541e21de829",
        "stationuuid": "053c611e-3424-11e9-8f31-52543be04c81",
        "serveruuid": "d31d9cfe-8b22-4863-9fca-f8d62da6db0b",
        "name": "C\u00e0 Mau TV",
        "url": "http://tv.ctvcamau.vn/live/tv/tv.m3u8",
        "url_resolved": "http://tv.ctvcamau.vn/live/tv/tv.m3u8",
        "homepage": "http://ctvcamau.vn/",
        "favicon": "",
        "tags": "",
        "country": "Vietnam",
        "countrycode": "VN",
        "iso_3166_2": null,
        "state": "Ca Mau city",
        "language": "vietnamese",
        "languagecodes": "vi",
        "votes": 183,
        "lastchangetime": "2022-03-28 09:02:40",
        "lastchangetime_iso8601": "2022-03-28T09:02:40Z",
        "codec": "UNKNOWN",
        "bitrate": 0,
        "hls": 1,
        "lastcheckok": 1,
        "lastchecktime": "2023-04-07 21:07:13",
        "lastchecktime_iso8601": "2023-04-07T21:07:13Z",
        "lastcheckoktime": "2023-04-07 21:07:13",
        "lastcheckoktime_iso8601": "2023-04-07T21:07:13Z",
        "lastlocalchecktime": "2023-04-07 14:42:39",
        "lastlocalchecktime_iso8601": "2023-04-07T14:42:39Z",
        "clicktimestamp": "2023-04-08 11:27:10",
        "clicktimestamp_iso8601": "2023-04-08T11:27:10Z",
        "clickcount": 20,
        "clicktrend": 3,
        "ssl_error": 0,
        "geo_lat": null,
        "geo_long": null,
        "has_extended_info": false
    },
    {
        "changeuuid": "93c6c179-f4a2-4b97-a176-c393a9867625",
        "stationuuid": "d1a9fcd7-0202-11e9-a1be-52543be04c81",
        "serveruuid": "725a4eee-e588-49f3-9cbf-653d564d6159",
        "name": "Da Nang Radio",
        "url": "http://drtdnglive.e49a7c38.cdnviet.com/liveradio/playlist.m3u8",
        "url_resolved": "http://drtdnglive.e49a7c38.cdnviet.com/liveradio/playlist.m3u8",
        "homepage": "http://www.drt.danang.vn/",
        "favicon": "",
        "tags": "",
        "country": "Vietnam",
        "countrycode": "VN",
        "iso_3166_2": null,
        "state": "Da Nang",
        "language": "vietnamese",
        "languagecodes": "vi",
        "votes": 150,
        "lastchangetime": "2022-10-11 04:42:46",
        "lastchangetime_iso8601": "2022-10-11T04:42:46Z",
        "codec": "AAC",
        "bitrate": 2758,
        "hls": 1,
        "lastcheckok": 1,
        "lastchecktime": "2023-04-08 09:50:47",
        "lastchecktime_iso8601": "2023-04-08T09:50:47Z",
        "lastcheckoktime": "2023-04-08 09:50:47",
        "lastcheckoktime_iso8601": "2023-04-08T09:50:47Z",
        "lastlocalchecktime": "2023-04-07 19:49:28",
        "lastlocalchecktime_iso8601": "2023-04-07T19:49:28Z",
        "clicktimestamp": "2023-04-08 11:27:20",
        "clicktimestamp_iso8601": "2023-04-08T11:27:20Z",
        "clickcount": 27,
        "clicktrend": 1,
        "ssl_error": 0,
        "geo_lat": null,
        "geo_long": null,
        "has_extended_info": false
    },
    {
        "changeuuid": "16ddf1c8-0b0d-4329-9349-07adab96d70e",
        "stationuuid": "1c49f7bf-6761-11e9-af37-52543be04c81",
        "serveruuid": "4c782146-0d54-445e-96ac-ef008d19843c",
        "name": "Ba Ria-Vung Tau TV",
        "url": "http://113.163.216.23:1935/live/tv2.stream_480p/playlist.m3u8",
        "url_resolved": "http://113.163.216.23:1935/live/tv2.stream_480p/playlist.m3u8",
        "homepage": "http://www.brt.vn/",
        "favicon": "http://www.brt.vn/favicon.png",
        "tags": "",
        "country": "Vietnam",
        "countrycode": "VN",
        "iso_3166_2": null,
        "state": "Ba Ria-Vung Tau",
        "language": "vietnamese",
        "languagecodes": "vi",
        "votes": 149,
        "lastchangetime": "2022-12-30 16:23:47",
        "lastchangetime_iso8601": "2022-12-30T16:23:47Z",
        "codec": "AAC,H.264",
        "bitrate": 680,
        "hls": 1,
        "lastcheckok": 1,
        "lastchecktime": "2023-04-08 11:27:52",
        "lastchecktime_iso8601": "2023-04-08T11:27:52Z",
        "lastcheckoktime": "2023-04-08 11:27:52",
        "lastcheckoktime_iso8601": "2023-04-08T11:27:52Z",
        "lastlocalchecktime": "2023-04-08 11:27:52",
        "lastlocalchecktime_iso8601": "2023-04-08T11:27:52Z",
        "clicktimestamp": "2023-04-07 13:23:47",
        "clicktimestamp_iso8601": "2023-04-07T13:23:47Z",
        "clickcount": 14,
        "clicktrend": -1,
        "ssl_error": 0,
        "geo_lat": null,
        "geo_long": null,
        "has_extended_info": false
    },
    {
        "changeuuid": "74a4b205-d5ca-409a-9082-a6a598f6378e",
        "stationuuid": "f96674c8-26de-11e9-a80b-52543be04c81",
        "serveruuid": "bc6ea08d-7a0a-4a9a-9f91-00c1e0da10ac",
        "name": "Khanh Hoa Radio",
        "url": "http://210.245.20.94/hls/radio.m3u8",
        "url_resolved": "http://210.245.20.94/hls/radio.m3u8",
        "homepage": "http://ktv.org.vn/",
        "favicon": "",
        "tags": "",
        "country": "Vietnam",
        "countrycode": "VN",
        "iso_3166_2": null,
        "state": "Khanh Hoa",
        "language": "vietnamese",
        "languagecodes": "vi",
        "votes": 131,
        "lastchangetime": "2022-03-28 12:33:57",
        "lastchangetime_iso8601": "2022-03-28T12:33:57Z",
        "codec": "UNKNOWN",
        "bitrate": 0,
        "hls": 1,
        "lastcheckok": 1,
        "lastchecktime": "2023-04-08 09:26:17",
        "lastchecktime_iso8601": "2023-04-08T09:26:17Z",
        "lastcheckoktime": "2023-04-08 09:26:17",
        "lastcheckoktime_iso8601": "2023-04-08T09:26:17Z",
        "lastlocalchecktime": "2023-04-07 15:45:09",
        "lastlocalchecktime_iso8601": "2023-04-07T15:45:09Z",
        "clicktimestamp": "2023-04-08 11:46:00",
        "clicktimestamp_iso8601": "2023-04-08T11:46:00Z",
        "clickcount": 12,
        "clicktrend": 1,
        "ssl_error": 0,
        "geo_lat": null,
        "geo_long": null,
        "has_extended_info": false
    },
    {
        "changeuuid": "e7106f19-ebc2-4efe-8b5f-61a71d0ef1ae",
        "stationuuid": "127bd429-3423-11e9-8f31-52543be04c81",
        "serveruuid": "a2a29b7a-28d6-4748-8154-96530112a45c",
        "name": "T\u00e2y Ninh",
        "url": "http://202.43.109.142:1935/radio11/tnradio/chunklist_w697011492.m3u8",
        "url_resolved": "http://202.43.109.142:1935/radio11/tnradio/chunklist_w697011492.m3u8",
        "homepage": "http://ttv11.vn/",
        "favicon": "",
        "tags": "",
        "country": "Vietnam",
        "countrycode": "VN",
        "iso_3166_2": null,
        "state": "Tay Ninh city",
        "language": "vietnamese",
        "languagecodes": "vi",
        "votes": 126,
        "lastchangetime": "2022-03-28 13:02:19",
        "lastchangetime_iso8601": "2022-03-28T13:02:19Z",
        "codec": "UNKNOWN",
        "bitrate": 0,
        "hls": 1,
        "lastcheckok": 1,
        "lastchecktime": "2023-04-08 10:14:10",
        "lastchecktime_iso8601": "2023-04-08T10:14:10Z",
        "lastcheckoktime": "2023-04-08 10:14:10",
        "lastcheckoktime_iso8601": "2023-04-08T10:14:10Z",
        "lastlocalchecktime": "2023-04-07 19:50:48",
        "lastlocalchecktime_iso8601": "2023-04-07T19:50:48Z",
        "clicktimestamp": "2023-04-08 09:59:39",
        "clicktimestamp_iso8601": "2023-04-08T09:59:39Z",
        "clickcount": 19,
        "clicktrend": 0,
        "ssl_error": 0,
        "geo_lat": null,
        "geo_long": null,
        "has_extended_info": false
    },
    {
        "changeuuid": "6f66bbff-c632-4785-bf91-41f1404232c1",
        "stationuuid": "2d148412-e42e-11e8-a9cc-52543be04c81",
        "serveruuid": "90f2676a-95e8-42d0-a6a1-b2ec9364bcfe",
        "name": "Hoa Binh TV",
        "url": "http://hoabinhtvlive.746b3ddb.cdnviet.com/hoabinhtv/playlist.m3u8",
        "url_resolved": "http://hoabinhtvlive.746b3ddb.cdnviet.com/hoabinhtv/playlist.m3u8",
        "homepage": "http://www.hoabinhtv.vn/",
        "favicon": "",
        "tags": "",
        "country": "Vietnam",
        "countrycode": "VN",
        "iso_3166_2": null,
        "state": "Hoa Binh",
        "language": "vietnamese",
        "languagecodes": "vi",
        "votes": 106,
        "lastchangetime": "2022-03-28 09:44:46",
        "lastchangetime_iso8601": "2022-03-28T09:44:46Z",
        "codec": "AAC",
        "bitrate": 1297,
        "hls": 1,
        "lastcheckok": 1,
        "lastchecktime": "2023-04-08 02:52:31",
        "lastchecktime_iso8601": "2023-04-08T02:52:31Z",
        "lastcheckoktime": "2023-04-08 02:52:31",
        "lastcheckoktime_iso8601": "2023-04-08T02:52:31Z",
        "lastlocalchecktime": "2023-04-07 17:31:40",
        "lastlocalchecktime_iso8601": "2023-04-07T17:31:40Z",
        "clicktimestamp": "2023-04-07 21:21:18",
        "clicktimestamp_iso8601": "2023-04-07T21:21:18Z",
        "clickcount": 11,
        "clicktrend": 0,
        "ssl_error": 0,
        "geo_lat": null,
        "geo_long": null,
        "has_extended_info": false
    },
    {
        "changeuuid": "f8ad039e-05ef-4c01-8209-9d9b7a739a36",
        "stationuuid": "93b7ffef-0202-11e9-a1be-52543be04c81",
        "serveruuid": "725a4eee-e588-49f3-9cbf-653d564d6159",
        "name": "Da Nang TV-2",
        "url": "http://drtdnglive.e49a7c38.cdnviet.com/livestream/chunklist.m3u8",
        "url_resolved": "http://drtdnglive.e49a7c38.cdnviet.com/livestream/chunklist.m3u8",
        "homepage": "http://www.drt.danang.vn/",
        "favicon": "",
        "tags": "",
        "country": "Vietnam",
        "countrycode": "VN",
        "iso_3166_2": null,
        "state": "Da Nang",
        "language": "vietnamese",
        "languagecodes": "vi",
        "votes": 96,
        "lastchangetime": "2022-10-11 08:00:33",
        "lastchangetime_iso8601": "2022-10-11T08:00:33Z",
        "codec": "UNKNOWN",
        "bitrate": 0,
        "hls": 1,
        "lastcheckok": 1,
        "lastchecktime": "2023-04-08 11:09:59",
        "lastchecktime_iso8601": "2023-04-08T11:09:59Z",
        "lastcheckoktime": "2023-04-08 11:09:59",
        "lastcheckoktime_iso8601": "2023-04-08T11:09:59Z",
        "lastlocalchecktime": "2023-04-07 18:49:42",
        "lastlocalchecktime_iso8601": "2023-04-07T18:49:42Z",
        "clicktimestamp": "2023-04-08 09:02:47",
        "clicktimestamp_iso8601": "2023-04-08T09:02:47Z",
        "clickcount": 20,
        "clicktrend": 3,
        "ssl_error": 0,
        "geo_lat": null,
        "geo_long": null,
        "has_extended_info": false
    },
    {
        "changeuuid": "f427b674-48c4-4a8c-a361-6092bfd484b0",
        "stationuuid": "fea73ade-26dd-11e9-a80b-52543be04c81",
        "serveruuid": "bc6ea08d-7a0a-4a9a-9f91-00c1e0da10ac",
        "name": "Khanh Hoa TV",
        "url": "http://210.245.20.94/hls/ktv1.m3u8",
        "url_resolved": "http://210.245.20.94/hls/ktv1.m3u8",
        "homepage": "http://ktv.org.vn/",
        "favicon": "",
        "tags": "",
        "country": "Vietnam",
        "countrycode": "VN",
        "iso_3166_2": null,
        "state": "Khanh Hoa",
        "language": "vietnamese",
        "languagecodes": "vi",
        "votes": 96,
        "lastchangetime": "2022-04-06 17:24:44",
        "lastchangetime_iso8601": "2022-04-06T17:24:44Z",
        "codec": "UNKNOWN",
        "bitrate": 0,
        "hls": 1,
        "lastcheckok": 1,
        "lastchecktime": "2023-04-08 11:49:33",
        "lastchecktime_iso8601": "2023-04-08T11:49:33Z",
        "lastcheckoktime": "2023-04-08 11:49:33",
        "lastcheckoktime_iso8601": "2023-04-08T11:49:33Z",
        "lastlocalchecktime": "2023-04-08 11:49:33",
        "lastlocalchecktime_iso8601": "2023-04-08T11:49:33Z",
        "clicktimestamp": "2023-04-08 11:42:25",
        "clicktimestamp_iso8601": "2023-04-08T11:42:25Z",
        "clickcount": 15,
        "clicktrend": 4,
        "ssl_error": 0,
        "geo_lat": null,
        "geo_long": null,
        "has_extended_info": false
    },
    {
        "changeuuid": "f271f400-24c6-48d2-a42c-1558310fe570",
        "stationuuid": "e996461f-f1b8-4bcd-bb0e-b6e4773a9e38",
        "serveruuid": "6b3f21c1-0e96-44e4-95bd-9d3134a21137",
        "name": "Current Time FM",
        "url": "http://stream.zeno.fm/psymefk0hd0uv",
        "url_resolved": "http://stream-050.zeno.fm/psymefk0hd0uv?zs=0glTXfJ1TIiNUfPVYpk6mw",
        "homepage": "https://zeno.fm/radio/currenttime881/",
        "favicon": "https://zeno.fm/static/icons/apple-icon-120x120.png",
        "tags": "news",
        "country": "Vietnam",
        "countrycode": "VN",
        "iso_3166_2": null,
        "state": "",
        "language": "",
        "languagecodes": "",
        "votes": 87,
        "lastchangetime": "2023-03-29 22:45:01",
        "lastchangetime_iso8601": "2023-03-29T22:45:01Z",
        "codec": "MP3",
        "bitrate": 0,
        "hls": 0,
        "lastcheckok": 1,
        "lastchecktime": "2023-04-08 07:55:56",
        "lastchecktime_iso8601": "2023-04-08T07:55:56Z",
        "lastcheckoktime": "2023-04-08 07:55:56",
        "lastcheckoktime_iso8601": "2023-04-08T07:55:56Z",
        "lastlocalchecktime": "2023-04-08 07:55:56",
        "lastlocalchecktime_iso8601": "2023-04-08T07:55:56Z",
        "clicktimestamp": "2023-04-08 07:18:34",
        "clicktimestamp_iso8601": "2023-04-08T07:18:34Z",
        "clickcount": 17,
        "clicktrend": 3,
        "ssl_error": 0,
        "geo_lat": null,
        "geo_long": null,
        "has_extended_info": false
    },
    {
        "changeuuid": "ed4f3711-946c-428d-b170-2648d4d50408",
        "stationuuid": "1ffbc866-698e-11e9-af37-52543be04c81",
        "serveruuid": "1e968eae-18c9-4b01-8d1d-0bd31fe690e4",
        "name": "Kien Giang Radio",
        "url": "http://tv.kgtv.vn/live/kgaudio/kgaudio.m3u8",
        "url_resolved": "http://tv.kgtv.vn/live/kgaudio/kgaudio.m3u8",
        "homepage": "http://kgtv.vn/",
        "favicon": "",
        "tags": "",
        "country": "Vietnam",
        "countrycode": "VN",
        "iso_3166_2": null,
        "state": "Kien Giang",
        "language": "vietnamese",
        "languagecodes": "vi",
        "votes": 80,
        "lastchangetime": "2022-03-28 09:02:40",
        "lastchangetime_iso8601": "2022-03-28T09:02:40Z",
        "codec": "UNKNOWN",
        "bitrate": 0,
        "hls": 1,
        "lastcheckok": 1,
        "lastchecktime": "2023-04-08 00:55:29",
        "lastchecktime_iso8601": "2023-04-08T00:55:29Z",
        "lastcheckoktime": "2023-04-08 00:55:29",
        "lastcheckoktime_iso8601": "2023-04-08T00:55:29Z",
        "lastlocalchecktime": "2023-04-07 20:32:17",
        "lastlocalchecktime_iso8601": "2023-04-07T20:32:17Z",
        "clicktimestamp": "2023-04-08 08:06:26",
        "clicktimestamp_iso8601": "2023-04-08T08:06:26Z",
        "clickcount": 13,
        "clicktrend": 2,
        "ssl_error": 0,
        "geo_lat": null,
        "geo_long": null,
        "has_extended_info": false
    },
    {
        "changeuuid": "b2e6b3e5-525c-4e6e-8a95-a2477c607379",
        "stationuuid": "76192bb9-698d-11e9-af37-52543be04c81",
        "serveruuid": "1e968eae-18c9-4b01-8d1d-0bd31fe690e4",
        "name": "Kien Giang TV-1",
        "url": "http://tv.kgtv.vn/live/kgtv1/kgtv1.m3u8",
        "url_resolved": "http://tv.kgtv.vn/live/kgtv1/kgtv1.m3u8",
        "homepage": "http://kgtv.vn/",
        "favicon": "",
        "tags": "",
        "country": "Vietnam",
        "countrycode": "VN",
        "iso_3166_2": null,
        "state": "Kien Giang",
        "language": "vietnamese",
        "languagecodes": "vi",
        "votes": 77,
        "lastchangetime": "2022-05-25 16:22:58",
        "lastchangetime_iso8601": "2022-05-25T16:22:58Z",
        "codec": "UNKNOWN",
        "bitrate": 0,
        "hls": 1,
        "lastcheckok": 1,
        "lastchecktime": "2023-04-08 12:29:40",
        "lastchecktime_iso8601": "2023-04-08T12:29:40Z",
        "lastcheckoktime": "2023-04-08 12:29:40",
        "lastcheckoktime_iso8601": "2023-04-08T12:29:40Z",
        "lastlocalchecktime": "2023-04-08 08:44:14",
        "lastlocalchecktime_iso8601": "2023-04-08T08:44:14Z",
        "clicktimestamp": "2023-04-07 21:26:36",
        "clicktimestamp_iso8601": "2023-04-07T21:26:36Z",
        "clickcount": 13,
        "clicktrend": 1,
        "ssl_error": 0,
        "geo_lat": null,
        "geo_long": null,
        "has_extended_info": false
    },
    {
        "changeuuid": "c4151cd8-5f5d-4028-bcc1-5ab70b70ec52",
        "stationuuid": "98a54f07-7686-47cb-9a33-4c67cec608f6",
        "serveruuid": "c5d01b79-39b5-4df2-8805-2f290b2392bb",
        "name": "Xonefm",
        "url": "https://vnno-pt-1-tf-playlist-live-zmp3.zadn.vn/hpOx2UjqVEQ/zhls/live/standard-audio/855a669d5ad8b386eac9/standard-audio.m3u8",
        "url_resolved": "https://vnno-pt-1-tf-playlist-live-zmp3.zadn.vn/hpOx2UjqVEQ/zhls/live/standard-audio/855a669d5ad8b386eac9/standard-audio.m3u8",
        "homepage": "https://xonefm.com/",
        "favicon": "",
        "tags": "",
        "country": "Vietnam",
        "countrycode": "VN",
        "iso_3166_2": null,
        "state": "Hanoi",
        "language": "vietnamese",
        "languagecodes": "vi",
        "votes": 77,
        "lastchangetime": "2022-05-15 20:00:34",
        "lastchangetime_iso8601": "2022-05-15T20:00:34Z",
        "codec": "UNKNOWN",
        "bitrate": 0,
        "hls": 1,
        "lastcheckok": 1,
        "lastchecktime": "2023-04-08 07:51:17",
        "lastchecktime_iso8601": "2023-04-08T07:51:17Z",
        "lastcheckoktime": "2023-04-08 07:51:17",
        "lastcheckoktime_iso8601": "2023-04-08T07:51:17Z",
        "lastlocalchecktime": "2023-04-07 20:15:46",
        "lastlocalchecktime_iso8601": "2023-04-07T20:15:46Z",
        "clicktimestamp": "2023-04-08 12:35:08",
        "clicktimestamp_iso8601": "2023-04-08T12:35:08Z",
        "clickcount": 26,
        "clicktrend": -1,
        "ssl_error": 0,
        "geo_lat": 21.027450282285,
        "geo_long": 105.84168434143068,
        "has_extended_info": false
    },
    {
        "changeuuid": "eda38802-30d5-4b11-af31-9a98cad962be",
        "stationuuid": "3b127ac7-698d-11e9-af37-52543be04c81",
        "serveruuid": "1e968eae-18c9-4b01-8d1d-0bd31fe690e4",
        "name": "Kien Giang TV",
        "url": "http://tv.kgtv.vn/live/kgtv/kgtv.m3u8",
        "url_resolved": "http://tv.kgtv.vn/live/kgtv/kgtv.m3u8",
        "homepage": "http://kgtv.vn/",
        "favicon": "",
        "tags": "",
        "country": "Vietnam",
        "countrycode": "VN",
        "iso_3166_2": null,
        "state": "Kien Giang",
        "language": "vietnamese",
        "languagecodes": "vi",
        "votes": 77,
        "lastchangetime": "2022-03-28 13:57:35",
        "lastchangetime_iso8601": "2022-03-28T13:57:35Z",
        "codec": "UNKNOWN",
        "bitrate": 0,
        "hls": 1,
        "lastcheckok": 1,
        "lastchecktime": "2023-04-08 10:57:36",
        "lastchecktime_iso8601": "2023-04-08T10:57:36Z",
        "lastcheckoktime": "2023-04-08 10:57:36",
        "lastcheckoktime_iso8601": "2023-04-08T10:57:36Z",
        "lastlocalchecktime": "2023-04-07 19:55:46",
        "lastlocalchecktime_iso8601": "2023-04-07T19:55:46Z",
        "clicktimestamp": "2023-04-06 13:24:34",
        "clicktimestamp_iso8601": "2023-04-06T13:24:34Z",
        "clickcount": 10,
        "clicktrend": 0,
        "ssl_error": 0,
        "geo_lat": null,
        "geo_long": null,
        "has_extended_info": false
    },
    {
        "changeuuid": "d1041d9a-69a9-4d01-a71f-d89d40c5f63f",
        "stationuuid": "71c497e1-26dc-11e9-a80b-52543be04c81",
        "serveruuid": "cd22483e-cfc8-49c4-b3c9-303d15ff2b50",
        "name": "Yen Bai TV",
        "url": "http://yenbaitv.org.vn/hls/livestream.m3u8",
        "url_resolved": "https://yenbaitv.org.vn/hls/livestream.m3u8",
        "homepage": "http://www.yenbaitv.org.vn/",
        "favicon": "http://www.yenbaitv.org.vn/modules/frontend/themes/ptthyb/images/favicon/apple-icon-120x120.png?v=2.620230119091643",
        "tags": "",
        "country": "Vietnam",
        "countrycode": "VN",
        "iso_3166_2": null,
        "state": "Yen Bai",
        "language": "vietnamese",
        "languagecodes": "vi",
        "votes": 74,
        "lastchangetime": "2023-01-27 23:02:33",
        "lastchangetime_iso8601": "2023-01-27T23:02:33Z",
        "codec": "UNKNOWN",
        "bitrate": 0,
        "hls": 1,
        "lastcheckok": 1,
        "lastchecktime": "2023-04-08 03:07:38",
        "lastchecktime_iso8601": "2023-04-08T03:07:38Z",
        "lastcheckoktime": "2023-04-08 03:07:38",
        "lastcheckoktime_iso8601": "2023-04-08T03:07:38Z",
        "lastlocalchecktime": "2023-04-07 20:30:52",
        "lastlocalchecktime_iso8601": "2023-04-07T20:30:52Z",
        "clicktimestamp": "2023-04-08 12:35:11",
        "clicktimestamp_iso8601": "2023-04-08T12:35:11Z",
        "clickcount": 14,
        "clicktrend": 3,
        "ssl_error": 0,
        "geo_lat": null,
        "geo_long": null,
        "has_extended_info": false
    },
    {
        "changeuuid": "06d66331-7d28-4711-a8a0-c106d793970c",
        "stationuuid": "bbcd3bc3-b1a5-40ab-9503-55f4145266f7",
        "serveruuid": "164ffc59-ab89-4d9a-a66f-bdc48cf40add",
        "name": "FM99.9",
        "url": "https://strm.voh.com.vn/radio/channel3/playlist.m3u8",
        "url_resolved": "https://strm.voh.com.vn/radio/channel3/playlist.m3u8",
        "homepage": "",
        "favicon": "",
        "tags": "",
        "country": "Vietnam",
        "countrycode": "VN",
        "iso_3166_2": null,
        "state": "",
        "language": "",
        "languagecodes": "",
        "votes": 51,
        "lastchangetime": "2022-10-13 00:22:26",
        "lastchangetime_iso8601": "2022-10-13T00:22:26Z",
        "codec": "AAC",
        "bitrate": 105,
        "hls": 1,
        "lastcheckok": 1,
        "lastchecktime": "2023-04-08 13:53:03",
        "lastchecktime_iso8601": "2023-04-08T13:53:03Z",
        "lastcheckoktime": "2023-04-08 13:53:03",
        "lastcheckoktime_iso8601": "2023-04-08T13:53:03Z",
        "lastlocalchecktime": "2023-04-08 13:53:03",
        "lastlocalchecktime_iso8601": "2023-04-08T13:53:03Z",
        "clicktimestamp": "2023-04-08 13:52:27",
        "clicktimestamp_iso8601": "2023-04-08T13:52:27Z",
        "clickcount": 65,
        "clicktrend": -3,
        "ssl_error": 0,
        "geo_lat": null,
        "geo_long": null,
        "has_extended_info": false
    },
    {
        "changeuuid": "e89cd745-7403-43c2-9d18-44c418f94ec9",
        "stationuuid": "7d8d3eaf-03c9-40a0-ad9b-a01865ce577e",
        "serveruuid": "a0f29e36-1bab-4ac6-b9bf-15d9c8aaabd5",
        "name": "VOV\u4e2d\u6587",
        "url": "http://media.kythuatvov.vn:10027/",
        "url_resolved": "http://media.kythuatvov.vn:10027/",
        "homepage": "https://vovworld.vn/zh-CN.vov",
        "favicon": "https://so1.360tres.com/t015e40f8d6efd9d92e.png",
        "tags": "international",
        "country": "Vietnam",
        "countrycode": "VN",
        "iso_3166_2": null,
        "state": "",
        "language": "chinese",
        "languagecodes": "zh",
        "votes": 20,
        "lastchangetime": "2023-03-21 12:40:39",
        "lastchangetime_iso8601": "2023-03-21T12:40:39Z",
        "codec": "AAC+",
        "bitrate": 40,
        "hls": 0,
        "lastcheckok": 1,
        "lastchecktime": "2023-04-08 12:58:37",
        "lastchecktime_iso8601": "2023-04-08T12:58:37Z",
        "lastcheckoktime": "2023-04-08 12:58:37",
        "lastcheckoktime_iso8601": "2023-04-08T12:58:37Z",
        "lastlocalchecktime": "2023-04-07 17:10:24",
        "lastlocalchecktime_iso8601": "2023-04-07T17:10:24Z",
        "clicktimestamp": "2023-04-08 07:42:09",
        "clicktimestamp_iso8601": "2023-04-08T07:42:09Z",
        "clickcount": 34,
        "clicktrend": 0,
        "ssl_error": 0,
        "geo_lat": null,
        "geo_long": null,
        "has_extended_info": false
    },
    {
        "changeuuid": "32d120ff-9b1d-44a1-b86d-0efbe9faa410",
        "stationuuid": "8191e928-f06e-4992-8a4d-63fa6969d702",
        "serveruuid": "22ec2e07-562d-4253-a8df-b0839ca84d21",
        "name": "VOV English",
        "url": "http://media.kythuatvov.vn:10017/",
        "url_resolved": "http://media.kythuatvov.vn:10017/",
        "homepage": "https://vovworld.vn/zh-CN.vov",
        "favicon": "https://so1.360tres.com/t015e40f8d6efd9d92e.png",
        "tags": "international",
        "country": "Vietnam",
        "countrycode": "VN",
        "iso_3166_2": null,
        "state": "",
        "language": "english",
        "languagecodes": "en",
        "votes": 10,
        "lastchangetime": "2023-03-21 12:55:36",
        "lastchangetime_iso8601": "2023-03-21T12:55:36Z",
        "codec": "AAC+",
        "bitrate": 40,
        "hls": 0,
        "lastcheckok": 1,
        "lastchecktime": "2023-04-08 13:04:22",
        "lastchecktime_iso8601": "2023-04-08T13:04:22Z",
        "lastcheckoktime": "2023-04-08 13:04:22",
        "lastcheckoktime_iso8601": "2023-04-08T13:04:22Z",
        "lastlocalchecktime": "2023-04-07 16:09:29",
        "lastlocalchecktime_iso8601": "2023-04-07T16:09:29Z",
        "clicktimestamp": "2023-04-08 10:20:45",
        "clicktimestamp_iso8601": "2023-04-08T10:20:45Z",
        "clickcount": 47,
        "clicktrend": -1,
        "ssl_error": 0,
        "geo_lat": null,
        "geo_long": null,
        "has_extended_info": false
    },
    {
        "changeuuid": "819b2f70-491e-4633-b502-eba68a4ce4ac",
        "stationuuid": "3824c06d-db1a-4102-a65e-01915689ac37",
        "serveruuid": "a615642e-f69c-42bd-bc7d-54ba9933d863",
        "name": "VOV English",
        "url": "https://str.vov.gov.vn/vovlive/vov247vov5English.sdp_aac/chunklist_w2120919378.m3u8",
        "url_resolved": "https://str.vov.gov.vn/vovlive/vov247vov5English.sdp_aac/chunklist_w2120919378.m3u8",
        "homepage": "https://vovworld.vn/zh-CN.vov",
        "favicon": "https://so1.360tres.com/t015e40f8d6efd9d92e.png",
        "tags": "international",
        "country": "Vietnam",
        "countrycode": "VN",
        "iso_3166_2": null,
        "state": "",
        "language": "english",
        "languagecodes": "en",
        "votes": 8,
        "lastchangetime": "2023-03-21 12:55:36",
        "lastchangetime_iso8601": "2023-03-21T12:55:36Z",
        "codec": "UNKNOWN",
        "bitrate": 0,
        "hls": 1,
        "lastcheckok": 1,
        "lastchecktime": "2023-04-08 13:10:16",
        "lastchecktime_iso8601": "2023-04-08T13:10:16Z",
        "lastcheckoktime": "2023-04-08 13:10:16",
        "lastcheckoktime_iso8601": "2023-04-08T13:10:16Z",
        "lastlocalchecktime": "2023-04-08 08:28:21",
        "lastlocalchecktime_iso8601": "2023-04-08T08:28:21Z",
        "clicktimestamp": "2023-04-06 00:45:01",
        "clicktimestamp_iso8601": "2023-04-06T00:45:01Z",
        "clickcount": 19,
        "clicktrend": 0,
        "ssl_error": 0,
        "geo_lat": null,
        "geo_long": null,
        "has_extended_info": false
    },
    {
        "changeuuid": "7b841b8c-9623-4d71-8773-2bfab2dff4da",
        "stationuuid": "3aa9ffce-7476-4e61-93f2-9662ea5d4b93",
        "serveruuid": "e0e11266-0794-4ae6-b4c2-a1dab3acc0f1",
        "name": "RFI Ti\u1ebfng Vi\u1ec7t",
        "url": "https://rfienvietnamien64k.ice.infomaniak.ch/rfienvietnamien-64.mp3",
        "url_resolved": "https://rfienvietnamien64k.ice.infomaniak.ch/rfienvietnamien-64.mp3",
        "homepage": "",
        "favicon": "https://www.radio.net/images/broadcasts/be/74/112440/1/c300.png",
        "tags": "news",
        "country": "Vietnam",
        "countrycode": "VN",
        "iso_3166_2": null,
        "state": "",
        "language": "",
        "languagecodes": "",
        "votes": 4,
        "lastchangetime": "2023-08-27 21:28:39",
        "lastchangetime_iso8601": "2023-08-27T21:28:39Z",
        "codec": "MP3",
        "bitrate": 64,
        "hls": 0,
        "lastcheckok": 1,
        "lastchecktime": "2023-09-03 00:06:44",
        "lastchecktime_iso8601": "2023-09-03T00:06:44Z",
        "lastcheckoktime": "2023-09-03 00:06:44",
        "lastcheckoktime_iso8601": "2023-09-03T00:06:44Z",
        "lastlocalchecktime": "2023-09-03 00:06:44",
        "lastlocalchecktime_iso8601": "2023-09-03T00:06:44Z",
        "clicktimestamp": "2023-09-03 08:40:46",
        "clicktimestamp_iso8601": "2023-09-03T08:40:46Z",
        "clickcount": 30,
        "clicktrend": 2,
        "ssl_error": 0,
        "geo_lat": null,
        "geo_long": null,
        "has_extended_info": false
    },
    {
        "changeuuid": "290b0516-242d-4760-8bba-f7e9fa551ad6",
        "stationuuid": "a8200747-f284-4c30-8df0-1a9f4649df2d",
        "serveruuid": "f7c9fd68-884a-46d8-a58e-64ade45bd289",
        "name": "VOH FM 99.9",
        "url": "https://strm.voh.com.vn/radio/channel3/chunklist_w1005696319.m3u8",
        "url_resolved": "https://strm.voh.com.vn/radio/channel3/chunklist_w1005696319.m3u8",
        "homepage": "https://voh.com.vn/radio-kenh-fm-999-fm999mhz.html",
        "favicon": "https://i.ibb.co/CBr490C/voh99.png",
        "tags": "",
        "country": "Vietnam",
        "countrycode": "VN",
        "iso_3166_2": null,
        "state": "",
        "language": "vietnamese",
        "languagecodes": "vi",
        "votes": 68,
        "lastchangetime": "2023-11-04 15:37:15",
        "lastchangetime_iso8601": "2023-11-04T15:37:15Z",
        "codec": "UNKNOWN",
        "bitrate": 0,
        "hls": 1,
        "lastcheckok": 1,
        "lastchecktime": "2023-11-07 18:18:45",
        "lastchecktime_iso8601": "2023-11-07T18:18:45Z",
        "lastcheckoktime": "2023-11-07 18:18:45",
        "lastcheckoktime_iso8601": "2023-11-07T18:18:45Z",
        "lastlocalchecktime": "2023-11-07 18:18:45",
        "lastlocalchecktime_iso8601": "2023-11-07T18:18:45Z",
        "clicktimestamp": "2023-11-07 14:04:29",
        "clicktimestamp_iso8601": "2023-11-07T14:04:29Z",
        "clickcount": 72,
        "clicktrend": 1,
        "ssl_error": 0,
        "geo_lat": null,
        "geo_long": null,
        "has_extended_info": false
    },
    {
        "changeuuid": "a164da60-1e17-46d0-a88e-d104b532864b",
        "stationuuid": "a8a5e275-8d1c-4cb4-ac18-460660393359",
        "serveruuid": "f7c9fd68-884a-46d8-a58e-64ade45bd289",
        "name": "VOH FM 95.6",
        "url": "https://strm.voh.com.vn/radio/channel1/chunklist_w829828563.m3u8",
        "url_resolved": "https://strm.voh.com.vn/radio/channel1/chunklist_w829828563.m3u8",
        "homepage": "https://voh.com.vn/radio-kenh-fm-956-fm956mhz.html",
        "favicon": "https://scontent.fbmv1-1.fna.fbcdn.net/v/t1.6435-9/134371033_1323365154685248_4808542305984160538_n.png?_nc_cat=100&ccb=1-7&_nc_sid=9a8829&_nc_eui2=AeFPBRWqXfEQH5LCSD6y0-KfH6x_SMNZOC8frH9Iw1k4L3pW34KVvoxepb9ANOCstlIK0lu7AxtIJ9jBRPzhdjCb&_nc_ohc=CR1fJpzAk6QAX-sxGNe&_nc_ht=scontent.fbmv1-1.fna&oh=00_AfAzhSlz3YTEZAD7aEWAYwvq_lV78GsTn2Mr-Yyer1jJVQ&oe=6569BE58",
        "tags": "",
        "country": "Vietnam",
        "countrycode": "VN",
        "iso_3166_2": null,
        "state": "",
        "language": "",
        "languagecodes": "",
        "votes": 9,
        "lastchangetime": "2023-11-01 13:27:12",
        "lastchangetime_iso8601": "2023-11-01T13:27:12Z",
        "codec": "UNKNOWN",
        "bitrate": 0,
        "hls": 1,
        "lastcheckok": 1,
        "lastchecktime": "2023-11-07 16:35:31",
        "lastchecktime_iso8601": "2023-11-07T16:35:31Z",
        "lastcheckoktime": "2023-11-07 16:35:31",
        "lastcheckoktime_iso8601": "2023-11-07T16:35:31Z",
        "lastlocalchecktime": "2023-11-07 13:41:54",
        "lastlocalchecktime_iso8601": "2023-11-07T13:41:54Z",
        "clicktimestamp": "2023-11-07 14:07:34",
        "clicktimestamp_iso8601": "2023-11-07T14:07:34Z",
        "clickcount": 22,
        "clicktrend": 4,
        "ssl_error": 0,
        "geo_lat": null,
        "geo_long": null,
        "has_extended_info": false
    }
]