[
    {
        "changeuuid": "1110dfa2-43a6-47e6-a5f9-bc326e17dab4",
        "stationuuid": "bf24423b-80b0-47e5-af73-e4cec9a30282",
        "serveruuid": "e4da8b1b-f2e8-4c63-9785-2d403f1e648e",
        "name": "radioalfa tropical5",
        "url": "http://stream.zeno.fm/x9y4ytkavqzuv",
        "url_resolved": "http://stream-021.zeno.fm/x9y4ytkavqzuv?zs=ybBgevwUSiCtT9aKYZHtFA",
        "homepage": "http://radioalfatropical5.blogspot.com/",
        "favicon": "",
        "tags": "university radio",
        "country": "Vanuatu",
        "countrycode": "VU",
        "iso_3166_2": null,
        "state": "",
        "language": "",
        "languagecodes": "",
        "votes": 49,
        "lastchangetime": "2022-08-19 19:43:49",
        "lastchangetime_iso8601": "2022-08-19T19:43:49Z",
        "codec": "MP3",
        "bitrate": 0,
        "hls": 0,
        "lastcheckok": 1,
        "lastchecktime": "2023-04-08 11:26:45",
        "lastchecktime_iso8601": "2023-04-08T11:26:45Z",
        "lastcheckoktime": "2023-04-08 11:26:45",
        "lastcheckoktime_iso8601": "2023-04-08T11:26:45Z",
        "lastlocalchecktime": "2023-04-08 09:28:12",
        "lastlocalchecktime_iso8601": "2023-04-08T09:28:12Z",
        "clicktimestamp": "2023-04-07 00:43:58",
        "clicktimestamp_iso8601": "2023-04-07T00:43:58Z",
        "clickcount": 8,
        "clicktrend": -1,
        "ssl_error": 0,
        "geo_lat": null,
        "geo_long": null,
        "has_extended_info": false
    },
    {
        "changeuuid": "3f567403-30ce-49df-b937-e26a726ba77f",
        "stationuuid": "50aad688-5866-4d6e-83d9-49dad1e25c33",
        "serveruuid": "560f21d7-fe12-428f-86fe-172cb2aed732",
        "name": "100.3 AZUL POP",
        "url": "https://azulpop.ozelip.com/8006/stream",
        "url_resolved": "https://azulpop.ozelip.com/8006/stream",
        "homepage": "https://azulradyo.com/",
        "favicon": "",
        "tags": "101,101.7 fm,90s,alternative,alternative rock,balada pop,charts,chillout,electro,m\u00fasica popular mexicana,pop,pop dance,pop en ingl\u00e9s,top charts",
        "country": "Vanuatu",
        "countrycode": "VU",
        "iso_3166_2": null,
        "state": "Berlin",
        "language": "bosnian,bulgaria,bulgarian,english",
        "languagecodes": "bg,bs,en",
        "votes": 44,
        "lastchangetime": "2023-02-23 21:33:29",
        "lastchangetime_iso8601": "2023-02-23T21:33:29Z",
        "codec": "MP3",
        "bitrate": 128,
        "hls": 0,
        "lastcheckok": 1,
        "lastchecktime": "2023-04-08 09:03:44",
        "lastchecktime_iso8601": "2023-04-08T09:03:44Z",
        "lastcheckoktime": "2023-04-08 09:03:44",
        "lastcheckoktime_iso8601": "2023-04-08T09:03:44Z",
        "lastlocalchecktime": "2023-04-08 09:03:44",
        "lastlocalchecktime_iso8601": "2023-04-08T09:03:44Z",
        "clicktimestamp": "2023-04-07 04:37:48",
        "clicktimestamp_iso8601": "2023-04-07T04:37:48Z",
        "clickcount": 12,
        "clicktrend": -1,
        "ssl_error": 0,
        "geo_lat": null,
        "geo_long": null,
        "has_extended_info": false
    }
]