[
    {
        "changeuuid": "45617828-62f5-490b-96b7-5c904ef45bb3",
        "stationuuid": "af0034da-8e41-478d-8333-803952f9e8ee",
        "serveruuid": "ccd51172-51b6-4ffe-a893-d4b59ff765b4",
        "name": "Wallis & Futuna 1",
        "url": "https://wallisetfutuna.ice.infomaniak.ch/wallisetfutuna-128.mp3",
        "url_resolved": "https://wallisetfutuna.ice.infomaniak.ch/wallisetfutuna-128.mp3",
        "homepage": "https://la1ere.francetvinfo.fr/wallisfutuna/radio",
        "favicon": "https://la1ere.francetvinfo.fr/favicon.png",
        "tags": "folk,news",
        "country": "Wallis And Futuna",
        "countrycode": "WF",
        "iso_3166_2": null,
        "state": "",
        "language": "",
        "languagecodes": "",
        "votes": 129,
        "lastchangetime": "2022-12-13 03:21:57",
        "lastchangetime_iso8601": "2022-12-13T03:21:57Z",
        "codec": "MP3",
        "bitrate": 128,
        "hls": 0,
        "lastcheckok": 1,
        "lastchecktime": "2023-04-08 11:11:10",
        "lastchecktime_iso8601": "2023-04-08T11:11:10Z",
        "lastcheckoktime": "2023-04-08 11:11:10",
        "lastcheckoktime_iso8601": "2023-04-08T11:11:10Z",
        "lastlocalchecktime": "2023-04-08 11:11:10",
        "lastlocalchecktime_iso8601": "2023-04-08T11:11:10Z",
        "clicktimestamp": "2023-04-08 08:14:30",
        "clicktimestamp_iso8601": "2023-04-08T08:14:30Z",
        "clickcount": 7,
        "clicktrend": 0,
        "ssl_error": 0,
        "geo_lat": null,
        "geo_long": null,
        "has_extended_info": false
    },
    {
        "changeuuid": "4180a12a-d165-4263-a244-bcdf93f2257e",
        "stationuuid": "6fb1e51d-fc68-49ea-843e-579299cb5353",
        "serveruuid": "560f21d7-fe12-428f-86fe-172cb2aed732",
        "name": "_100.9 AZUL POP",
        "url": "https://azulpop.ozelip.com/8006/stream",
        "url_resolved": "https://azulpop.ozelip.com/8006/stream",
        "homepage": "https://azulradyo.com/",
        "favicon": "",
        "tags": "italian pop,latin pop,pop,pop music",
        "country": "Wallis And Futuna",
        "countrycode": "WF",
        "iso_3166_2": null,
        "state": "Bavaria",
        "language": "american english",
        "languagecodes": "",
        "votes": 25,
        "lastchangetime": "2023-02-24 02:13:39",
        "lastchangetime_iso8601": "2023-02-24T02:13:39Z",
        "codec": "MP3",
        "bitrate": 128,
        "hls": 0,
        "lastcheckok": 1,
        "lastchecktime": "2023-04-08 12:30:52",
        "lastchecktime_iso8601": "2023-04-08T12:30:52Z",
        "lastcheckoktime": "2023-04-08 12:30:52",
        "lastcheckoktime_iso8601": "2023-04-08T12:30:52Z",
        "lastlocalchecktime": "2023-04-08 12:30:52",
        "lastlocalchecktime_iso8601": "2023-04-08T12:30:52Z",
        "clicktimestamp": "2023-04-08 06:24:25",
        "clicktimestamp_iso8601": "2023-04-08T06:24:25Z",
        "clickcount": 6,
        "clicktrend": 1,
        "ssl_error": 0,
        "geo_lat": null,
        "geo_long": null,
        "has_extended_info": false
    }
]