[
    {
        "changeuuid": "6d2c999a-591c-483e-82db-6cbc7b48418a",
        "stationuuid": "d02bbe19-9b15-11e8-a767-52543be04c81",
        "serveruuid": "9f221719-f9a5-4dfd-b559-7d1df99ac70b",
        "name": "Radio Dukagjini",
        "url": "http://s6.voscast.com:8824/;stream.mp3",
        "url_resolved": "http://s6.voscast.com:8824/;stream.mp3",
        "homepage": "http://www.dukagjini.com/",
        "favicon": "http://www.dukagjini.com/favicon.ico",
        "tags": "",
        "country": "Kosovo",
        "countrycode": "XK",
        "iso_3166_2": null,
        "state": "",
        "language": "albanian",
        "languagecodes": "sq",
        "votes": 423,
        "lastchangetime": "2023-03-13 16:28:51",
        "lastchangetime_iso8601": "2023-03-13T16:28:51Z",
        "codec": "MP3",
        "bitrate": 192,
        "hls": 0,
        "lastcheckok": 1,
        "lastchecktime": "2023-04-08 02:42:23",
        "lastchecktime_iso8601": "2023-04-08T02:42:23Z",
        "lastcheckoktime": "2023-04-08 02:42:23",
        "lastcheckoktime_iso8601": "2023-04-08T02:42:23Z",
        "lastlocalchecktime": "2023-04-07 17:31:40",
        "lastlocalchecktime_iso8601": "2023-04-07T17:31:40Z",
        "clicktimestamp": "2023-04-08 05:53:51",
        "clicktimestamp_iso8601": "2023-04-08T05:53:51Z",
        "clickcount": 88,
        "clicktrend": -3,
        "ssl_error": 0,
        "geo_lat": null,
        "geo_long": null,
        "has_extended_info": false
    },
    {
        "changeuuid": "89d687fe-469d-4adb-8b2b-cfc289198be2",
        "stationuuid": "9637649a-0601-11e8-ae97-52543be04c81",
        "serveruuid": "b4b77595-15be-4dd7-9544-8240e5368967",
        "name": "RTK Radio Kosova 1",
        "url": "http://82.114.72.2:8088/;.mp3",
        "url_resolved": "http://82.114.72.2:8088/;.mp3",
        "homepage": "http://www.rtklive.com/sq/livestream/radio/radio_kosova.html",
        "favicon": "",
        "tags": "pristina",
        "country": "Kosovo",
        "countrycode": "XK",
        "iso_3166_2": null,
        "state": "",
        "language": "albanian",
        "languagecodes": "sq",
        "votes": 315,
        "lastchangetime": "2022-03-28 14:03:27",
        "lastchangetime_iso8601": "2022-03-28T14:03:27Z",
        "codec": "MP3",
        "bitrate": 128,
        "hls": 0,
        "lastcheckok": 1,
        "lastchecktime": "2023-04-07 20:51:20",
        "lastchecktime_iso8601": "2023-04-07T20:51:20Z",
        "lastcheckoktime": "2023-04-07 20:51:20",
        "lastcheckoktime_iso8601": "2023-04-07T20:51:20Z",
        "lastlocalchecktime": "2023-04-07 20:51:20",
        "lastlocalchecktime_iso8601": "2023-04-07T20:51:20Z",
        "clicktimestamp": "2023-04-08 14:20:03",
        "clicktimestamp_iso8601": "2023-04-08T14:20:03Z",
        "clickcount": 16,
        "clicktrend": 1,
        "ssl_error": 0,
        "geo_lat": null,
        "geo_long": null,
        "has_extended_info": false
    },
    {
        "changeuuid": "03f22545-6fd5-4b09-8c41-f44cc7cf1c3b",
        "stationuuid": "c79f7984-746a-11ea-b1cf-52543be04c81",
        "serveruuid": "ed026c41-1709-4ea3-bb33-2562d2ea5c61",
        "name": "92.1 Capital FM",
        "url": "http://cfm.albaservers.com:8010/",
        "url_resolved": "http://cfm.albaservers.com:8010/",
        "homepage": "https://www.capital921.com/",
        "favicon": "",
        "tags": "92.1 capital fm,92.1 fm,capital fm,capital fm kosovo,kosova,kosove,kosovo,shqip",
        "country": "Kosovo",
        "countrycode": "XK",
        "iso_3166_2": null,
        "state": "",
        "language": "albanian,english,shqip",
        "languagecodes": "en,sq",
        "votes": 289,
        "lastchangetime": "2022-03-28 10:21:29",
        "lastchangetime_iso8601": "2022-03-28T10:21:29Z",
        "codec": "AAC+",
        "bitrate": 64,
        "hls": 0,
        "lastcheckok": 1,
        "lastchecktime": "2023-04-08 05:24:09",
        "lastchecktime_iso8601": "2023-04-08T05:24:09Z",
        "lastcheckoktime": "2023-04-08 05:24:09",
        "lastcheckoktime_iso8601": "2023-04-08T05:24:09Z",
        "lastlocalchecktime": "2023-04-07 14:42:39",
        "lastlocalchecktime_iso8601": "2023-04-07T14:42:39Z",
        "clicktimestamp": "2023-04-08 08:45:42",
        "clicktimestamp_iso8601": "2023-04-08T08:45:42Z",
        "clickcount": 29,
        "clicktrend": 0,
        "ssl_error": 0,
        "geo_lat": null,
        "geo_long": null,
        "has_extended_info": false
    },
    {
        "changeuuid": "dcab953f-c3fb-4f67-9266-e189d8fcd5d5",
        "stationuuid": "130200f8-56f8-487b-bcf1-bac2f72e7709",
        "serveruuid": "21955441-ac63-4e6d-b15a-d27d700177d7",
        "name": "KLAN Kosova FM",
        "url": "http://s4.radio.co/sd1d1904dc/listen.m3u",
        "url_resolved": "http://s4.radio.co/sd1d1904dc/listen",
        "homepage": "http://s4.radio.co/sd1d1904dc/listen.m3u",
        "favicon": "",
        "tags": "shqip",
        "country": "Kosovo",
        "countrycode": "XK",
        "iso_3166_2": null,
        "state": "",
        "language": "",
        "languagecodes": "",
        "votes": 270,
        "lastchangetime": "2021-10-06 11:14:20",
        "lastchangetime_iso8601": "2021-10-06T11:14:20Z",
        "codec": "MP3",
        "bitrate": 192,
        "hls": 0,
        "lastcheckok": 1,
        "lastchecktime": "2023-04-08 10:02:20",
        "lastchecktime_iso8601": "2023-04-08T10:02:20Z",
        "lastcheckoktime": "2023-04-08 10:02:20",
        "lastcheckoktime_iso8601": "2023-04-08T10:02:20Z",
        "lastlocalchecktime": "2023-04-07 20:29:54",
        "lastlocalchecktime_iso8601": "2023-04-07T20:29:54Z",
        "clicktimestamp": "2023-04-08 13:39:27",
        "clicktimestamp_iso8601": "2023-04-08T13:39:27Z",
        "clickcount": 46,
        "clicktrend": -5,
        "ssl_error": 0,
        "geo_lat": 42.633188946020574,
        "geo_long": 21.135616728246163,
        "has_extended_info": false
    },
    {
        "changeuuid": "f7a27507-5b0d-4d69-8fdb-8b5a3d014fe7",
        "stationuuid": "29c5d450-576b-11ea-be63-52543be04c81",
        "serveruuid": "b4b77595-15be-4dd7-9544-8240e5368967",
        "name": "Radio Kosova 1",
        "url": "http://82.114.72.2:8088/",
        "url_resolved": "http://82.114.72.2:8088/",
        "homepage": "http://www.rtklive.com/",
        "favicon": "",
        "tags": "kosova,kosovo,prishtine,pristina",
        "country": "Kosovo",
        "countrycode": "XK",
        "iso_3166_2": null,
        "state": "",
        "language": "albanian,shqip",
        "languagecodes": "sq",
        "votes": 244,
        "lastchangetime": "2022-03-28 11:39:48",
        "lastchangetime_iso8601": "2022-03-28T11:39:48Z",
        "codec": "MP3",
        "bitrate": 128,
        "hls": 0,
        "lastcheckok": 1,
        "lastchecktime": "2023-04-08 11:09:59",
        "lastchecktime_iso8601": "2023-04-08T11:09:59Z",
        "lastcheckoktime": "2023-04-08 11:09:59",
        "lastcheckoktime_iso8601": "2023-04-08T11:09:59Z",
        "lastlocalchecktime": "2023-04-08 10:15:17",
        "lastlocalchecktime_iso8601": "2023-04-08T10:15:17Z",
        "clicktimestamp": "2023-04-08 14:20:34",
        "clicktimestamp_iso8601": "2023-04-08T14:20:34Z",
        "clickcount": 32,
        "clicktrend": 1,
        "ssl_error": 0,
        "geo_lat": null,
        "geo_long": null,
        "has_extended_info": false
    },
    {
        "changeuuid": "d138ad66-b4c0-4438-8a15-89937357d2be",
        "stationuuid": "960e664f-0601-11e8-ae97-52543be04c81",
        "serveruuid": "6c4d5e81-ff07-4318-9f59-5bb62a2a69c0",
        "name": "RTK Radio Kosova 2",
        "url": "http://82.114.72.2:8098/;stream.mp3",
        "url_resolved": "http://82.114.72.2:8098/;stream.mp3",
        "homepage": "http://www.rtklive.com/sq/index.php",
        "favicon": "",
        "tags": "pristina",
        "country": "Kosovo",
        "countrycode": "XK",
        "iso_3166_2": null,
        "state": "",
        "language": "albanian",
        "languagecodes": "sq",
        "votes": 233,
        "lastchangetime": "2022-10-04 00:01:20",
        "lastchangetime_iso8601": "2022-10-04T00:01:20Z",
        "codec": "MP3",
        "bitrate": 128,
        "hls": 0,
        "lastcheckok": 1,
        "lastchecktime": "2023-04-08 05:13:53",
        "lastchecktime_iso8601": "2023-04-08T05:13:53Z",
        "lastcheckoktime": "2023-04-08 05:13:53",
        "lastcheckoktime_iso8601": "2023-04-08T05:13:53Z",
        "lastlocalchecktime": "2023-04-07 16:33:13",
        "lastlocalchecktime_iso8601": "2023-04-07T16:33:13Z",
        "clicktimestamp": "2023-04-07 08:30:34",
        "clicktimestamp_iso8601": "2023-04-07T08:30:34Z",
        "clickcount": 26,
        "clicktrend": -3,
        "ssl_error": 0,
        "geo_lat": null,
        "geo_long": null,
        "has_extended_info": false
    },
    {
        "changeuuid": "6620ddcc-64e9-457f-98d3-3063b4500f01",
        "stationuuid": "5ee3d745-db38-4f32-98a6-c08e41c2733f",
        "serveruuid": "34a02e97-4854-43ec-836f-35d4d05ccf88",
        "name": "Radio Z\u00ebri i Shtimes",
        "url": "http://radio.1dhe1.com:8090/listen.pls",
        "url_resolved": "http://radio.1dhe1.com:8090/stream",
        "homepage": "http://radiozeri.info/",
        "favicon": "https://play-lh.googleusercontent.com/K0f_WZEICLST7bpre3GvvucO9iVhCd-t_Pb6lqlyPpLNx-dq--rzWidXsC6Acxu9ZQ=s192-rw",
        "tags": "kosova,shqip",
        "country": "Kosovo",
        "countrycode": "XK",
        "iso_3166_2": null,
        "state": "",
        "language": "",
        "languagecodes": "",
        "votes": 165,
        "lastchangetime": "2022-05-01 15:32:28",
        "lastchangetime_iso8601": "2022-05-01T15:32:28Z",
        "codec": "MP3",
        "bitrate": 96,
        "hls": 0,
        "lastcheckok": 1,
        "lastchecktime": "2023-04-08 08:14:19",
        "lastchecktime_iso8601": "2023-04-08T08:14:19Z",
        "lastcheckoktime": "2023-04-08 08:14:19",
        "lastcheckoktime_iso8601": "2023-04-08T08:14:19Z",
        "lastlocalchecktime": "2023-04-07 15:42:46",
        "lastlocalchecktime_iso8601": "2023-04-07T15:42:46Z",
        "clicktimestamp": "2023-04-07 15:02:26",
        "clicktimestamp_iso8601": "2023-04-07T15:02:26Z",
        "clickcount": 36,
        "clicktrend": -3,
        "ssl_error": 0,
        "geo_lat": null,
        "geo_long": null,
        "has_extended_info": false
    },
    {
        "changeuuid": "7875e28d-eda6-48b8-b090-81e65bb71be0",
        "stationuuid": "6e4f26d9-576b-11ea-be63-52543be04c81",
        "serveruuid": "6c4d5e81-ff07-4318-9f59-5bb62a2a69c0",
        "name": "Radio Kosova 2",
        "url": "http://82.114.72.2:8098/",
        "url_resolved": "http://82.114.72.2:8098/",
        "homepage": "http://www.rtklive.com/",
        "favicon": "",
        "tags": "kosova,kosovo,prishtine,pristina",
        "country": "Kosovo",
        "countrycode": "XK",
        "iso_3166_2": null,
        "state": "",
        "language": "albanian,serbian,shqip",
        "languagecodes": "sq,sr",
        "votes": 156,
        "lastchangetime": "2022-03-28 13:02:19",
        "lastchangetime_iso8601": "2022-03-28T13:02:19Z",
        "codec": "MP3",
        "bitrate": 128,
        "hls": 0,
        "lastcheckok": 1,
        "lastchecktime": "2023-04-08 07:51:17",
        "lastchecktime_iso8601": "2023-04-08T07:51:17Z",
        "lastcheckoktime": "2023-04-08 07:51:17",
        "lastcheckoktime_iso8601": "2023-04-08T07:51:17Z",
        "lastlocalchecktime": "2023-04-07 18:06:06",
        "lastlocalchecktime_iso8601": "2023-04-07T18:06:06Z",
        "clicktimestamp": "2023-04-08 14:20:16",
        "clicktimestamp_iso8601": "2023-04-08T14:20:16Z",
        "clickcount": 12,
        "clicktrend": 2,
        "ssl_error": 0,
        "geo_lat": null,
        "geo_long": null,
        "has_extended_info": false
    },
    {
        "changeuuid": "f5d4c2a6-550b-472c-b167-1e76bfd2fb18",
        "stationuuid": "566bc94b-25e1-4f46-b4df-826b212cf242",
        "serveruuid": "6951e7b0-6171-4c2f-9dbb-a930bf0ebcc2",
        "name": "GlamRADIO",
        "url": "https://stream.glamradio.fm:8443/glamradio",
        "url_resolved": "https://stream.glamradio.fm:8443/glamradio",
        "homepage": "https://glamradio.fm/#/",
        "favicon": "https://glamradio.fm/images/Cafe_1637571735_1637577445.png",
        "tags": "",
        "country": "Kosovo",
        "countrycode": "XK",
        "iso_3166_2": null,
        "state": "",
        "language": "albanian",
        "languagecodes": "sq",
        "votes": 151,
        "lastchangetime": "2022-05-15 20:00:34",
        "lastchangetime_iso8601": "2022-05-15T20:00:34Z",
        "codec": "MP3",
        "bitrate": 128,
        "hls": 0,
        "lastcheckok": 1,
        "lastchecktime": "2023-04-08 10:51:43",
        "lastchecktime_iso8601": "2023-04-08T10:51:43Z",
        "lastcheckoktime": "2023-04-08 10:51:43",
        "lastcheckoktime_iso8601": "2023-04-08T10:51:43Z",
        "lastlocalchecktime": "2023-04-07 19:57:48",
        "lastlocalchecktime_iso8601": "2023-04-07T19:57:48Z",
        "clicktimestamp": "2023-04-08 05:11:21",
        "clicktimestamp_iso8601": "2023-04-08T05:11:21Z",
        "clickcount": 14,
        "clicktrend": 2,
        "ssl_error": 0,
        "geo_lat": 42.07647784808877,
        "geo_long": 20.723598952703824,
        "has_extended_info": false
    },
    {
        "changeuuid": "6c089681-c19f-41a6-b903-92e343fdc7ed",
        "stationuuid": "7b1f7dbb-5a7b-11e9-a622-52543be04c81",
        "serveruuid": "e6f7fdeb-1ed4-4c6b-b8e1-3c3b2b7b8b76",
        "name": "RADIO MARIA KOSOVO",
        "url": "http://dreamsiteradiocp2.com:8124/stream",
        "url_resolved": "http://dreamsiteradiocp2.com:8124/stream",
        "homepage": "https://www.radiomariakosove.org/",
        "favicon": "",
        "tags": "catholic,religion",
        "country": "Kosovo",
        "countrycode": "XK",
        "iso_3166_2": null,
        "state": "",
        "language": "",
        "languagecodes": "",
        "votes": 115,
        "lastchangetime": "2022-08-07 18:35:59",
        "lastchangetime_iso8601": "2022-08-07T18:35:59Z",
        "codec": "AAC+",
        "bitrate": 64,
        "hls": 0,
        "lastcheckok": 1,
        "lastchecktime": "2023-04-08 08:02:45",
        "lastchecktime_iso8601": "2023-04-08T08:02:45Z",
        "lastcheckoktime": "2023-04-08 08:02:45",
        "lastcheckoktime_iso8601": "2023-04-08T08:02:45Z",
        "lastlocalchecktime": "2023-04-07 19:21:32",
        "lastlocalchecktime_iso8601": "2023-04-07T19:21:32Z",
        "clicktimestamp": "2023-04-07 20:08:59",
        "clicktimestamp_iso8601": "2023-04-07T20:08:59Z",
        "clickcount": 8,
        "clicktrend": 1,
        "ssl_error": 0,
        "geo_lat": null,
        "geo_long": null,
        "has_extended_info": false
    },
    {
        "changeuuid": "9b8cee43-bba7-49d2-9332-28e52a30a1fc",
        "stationuuid": "629eb76b-dc23-4002-928c-aaf00478b34f",
        "serveruuid": "9f221719-f9a5-4dfd-b559-7d1df99ac70b",
        "name": "Radio Dukagjini",
        "url": "http://s6.voscast.com:8824/listen.pls",
        "url_resolved": "http://s6.voscast.com:8824/",
        "homepage": "http://www.dukagjini.com/",
        "favicon": "http://www.dukagjini.com/favicon.ico",
        "tags": "",
        "country": "Kosovo",
        "countrycode": "XK",
        "iso_3166_2": null,
        "state": "Prishtina",
        "language": "",
        "languagecodes": "",
        "votes": 115,
        "lastchangetime": "2023-03-14 03:32:36",
        "lastchangetime_iso8601": "2023-03-14T03:32:36Z",
        "codec": "MP3",
        "bitrate": 192,
        "hls": 0,
        "lastcheckok": 1,
        "lastchecktime": "2023-04-08 11:45:59",
        "lastchecktime_iso8601": "2023-04-08T11:45:59Z",
        "lastcheckoktime": "2023-04-08 11:45:59",
        "lastcheckoktime_iso8601": "2023-04-08T11:45:59Z",
        "lastlocalchecktime": "2023-04-08 09:48:54",
        "lastlocalchecktime_iso8601": "2023-04-08T09:48:54Z",
        "clicktimestamp": "2023-04-07 11:09:16",
        "clicktimestamp_iso8601": "2023-04-07T11:09:16Z",
        "clickcount": 11,
        "clicktrend": -4,
        "ssl_error": 0,
        "geo_lat": 42.671125385076486,
        "geo_long": 21.124348640441895,
        "has_extended_info": false
    },
    {
        "changeuuid": "0c052f43-a164-414e-8922-5cd8541000dc",
        "stationuuid": "adbc780e-24bd-4c7f-9fc9-d4b02a3f8e33",
        "serveruuid": "9f221719-f9a5-4dfd-b559-7d1df99ac70b",
        "name": "Radio Dukagjini",
        "url": "http://s6.voscast.com:8824/;stream.mp3",
        "url_resolved": "http://s6.voscast.com:8824/;stream.mp3",
        "homepage": "http://www.dukagjini.com/",
        "favicon": "http://www.dukagjini.com/favicon.ico",
        "tags": "",
        "country": "Kosovo",
        "countrycode": "XK",
        "iso_3166_2": null,
        "state": "Prishtina",
        "language": "",
        "languagecodes": "",
        "votes": 78,
        "lastchangetime": "2023-03-14 07:33:49",
        "lastchangetime_iso8601": "2023-03-14T07:33:49Z",
        "codec": "MP3",
        "bitrate": 192,
        "hls": 0,
        "lastcheckok": 1,
        "lastchecktime": "2023-04-08 10:51:43",
        "lastchecktime_iso8601": "2023-04-08T10:51:43Z",
        "lastcheckoktime": "2023-04-08 10:51:43",
        "lastcheckoktime_iso8601": "2023-04-08T10:51:43Z",
        "lastlocalchecktime": "2023-04-07 18:17:23",
        "lastlocalchecktime_iso8601": "2023-04-07T18:17:23Z",
        "clicktimestamp": "2023-04-08 05:10:23",
        "clicktimestamp_iso8601": "2023-04-08T05:10:23Z",
        "clickcount": 15,
        "clicktrend": 3,
        "ssl_error": 0,
        "geo_lat": null,
        "geo_long": null,
        "has_extended_info": false
    },
    {
        "changeuuid": "9d0105fe-dc26-4253-b6be-df50e8d6e130",
        "stationuuid": "86d841af-e9d9-4917-9986-cae25a516087",
        "serveruuid": "12444e38-b5b0-4c05-80db-0f88c5b4a5e0",
        "name": "Radio Kosova E Lire",
        "url": "http://quasar.shoutca.st:8018/",
        "url_resolved": "http://quasar.shoutca.st:8018/",
        "homepage": "https://www.radiokosovaelire.com/",
        "favicon": "https://www.radiokosovaelire.com/wp-content/uploads/RKL_UCK-e1469806643318.jpg",
        "tags": "albanian music,shqip",
        "country": "Kosovo",
        "countrycode": "XK",
        "iso_3166_2": null,
        "state": "",
        "language": "albanian",
        "languagecodes": "sq",
        "votes": 52,
        "lastchangetime": "2023-02-01 04:04:46",
        "lastchangetime_iso8601": "2023-02-01T04:04:46Z",
        "codec": "MP3",
        "bitrate": 96,
        "hls": 0,
        "lastcheckok": 1,
        "lastchecktime": "2023-04-08 08:14:19",
        "lastchecktime_iso8601": "2023-04-08T08:14:19Z",
        "lastcheckoktime": "2023-04-08 08:14:19",
        "lastcheckoktime_iso8601": "2023-04-08T08:14:19Z",
        "lastlocalchecktime": "2023-04-07 19:21:32",
        "lastlocalchecktime_iso8601": "2023-04-07T19:21:32Z",
        "clicktimestamp": "2023-04-07 15:29:54",
        "clicktimestamp_iso8601": "2023-04-07T15:29:54Z",
        "clickcount": 38,
        "clicktrend": -4,
        "ssl_error": 0,
        "geo_lat": null,
        "geo_long": null,
        "has_extended_info": false
    },
    {
        "changeuuid": "5071a3af-121b-4176-b52a-343582fc61b0",
        "stationuuid": "23745d0a-6d5e-4e98-bc23-a46d50443392",
        "serveruuid": "c338249a-bd53-4160-aadf-633bd951a911",
        "name": "Radio K4 Shqip",
        "url": "http://fm.radiokfor.com:8080/;",
        "url_resolved": "http://fm.radiokfor.com:8080/;",
        "homepage": "http://radiokfor.com/",
        "favicon": "",
        "tags": "hits,pop,top40",
        "country": "Kosovo",
        "countrycode": "XK",
        "iso_3166_2": null,
        "state": "",
        "language": "english,shqip",
        "languagecodes": "en",
        "votes": 5,
        "lastchangetime": "2023-07-16 18:28:59",
        "lastchangetime_iso8601": "2023-07-16T18:28:59Z",
        "codec": "MP3",
        "bitrate": 160,
        "hls": 0,
        "lastcheckok": 1,
        "lastchecktime": "2023-09-03 07:21:37",
        "lastchecktime_iso8601": "2023-09-03T07:21:37Z",
        "lastcheckoktime": "2023-09-03 07:21:37",
        "lastcheckoktime_iso8601": "2023-09-03T07:21:37Z",
        "lastlocalchecktime": "2023-09-03 07:21:37",
        "lastlocalchecktime_iso8601": "2023-09-03T07:21:37Z",
        "clicktimestamp": "2023-09-03 00:42:55",
        "clicktimestamp_iso8601": "2023-09-03T00:42:55Z",
        "clickcount": 9,
        "clicktrend": -1,
        "ssl_error": 0,
        "geo_lat": null,
        "geo_long": null,
        "has_extended_info": false
    }
]