[
    {
        "changeuuid": "543477fb-b2ae-40c9-a7ea-bb253fba94a1",
        "stationuuid": "30013766-4928-48f7-b8c4-15367b4ce475",
        "serveruuid": "560f21d7-fe12-428f-86fe-172cb2aed732",
        "name": "100.8 AZUL POP",
        "url": "https://azulpop.ozelip.com/8006/stream",
        "url_resolved": "https://azulpop.ozelip.com/8006/stream",
        "homepage": "https://azulradyo.com/",
        "favicon": "",
        "tags": "italian pop,latin pop,pop,pop dance,pop en espa\u00f1ol,pop en espa\u00f1ol e ingl\u00e9s,pop en ingles,pop espa\u00f1ol,pop latino,pop music,pop rock",
        "country": "Yemen",
        "countrycode": "YE",
        "iso_3166_2": null,
        "state": "Barcelona",
        "language": "american english,arabic,english",
        "languagecodes": "ar,en",
        "votes": 1119,
        "lastchangetime": "2023-02-24 15:04:23",
        "lastchangetime_iso8601": "2023-02-24T15:04:23Z",
        "codec": "MP3",
        "bitrate": 128,
        "hls": 0,
        "lastcheckok": 1,
        "lastchecktime": "2023-04-08 13:19:49",
        "lastchecktime_iso8601": "2023-04-08T13:19:49Z",
        "lastcheckoktime": "2023-04-08 13:19:49",
        "lastcheckoktime_iso8601": "2023-04-08T13:19:49Z",
        "lastlocalchecktime": "2023-04-08 13:19:49",
        "lastlocalchecktime_iso8601": "2023-04-08T13:19:49Z",
        "clicktimestamp": "2023-04-08 12:42:47",
        "clicktimestamp_iso8601": "2023-04-08T12:42:47Z",
        "clickcount": 302,
        "clicktrend": -1,
        "ssl_error": 0,
        "geo_lat": null,
        "geo_long": null,
        "has_extended_info": false
    },
    {
        "changeuuid": "d5ae50f4-f0dc-4cb3-8e24-570d2a797f7c",
        "stationuuid": "d5f23db0-d3a1-44f1-adea-be5d931ef12f",
        "serveruuid": "ae371a89-672a-456f-ae46-609e10bcca24",
        "name": "Noor Al-Eman",
        "url": "http://edge.mixlr.com/channel/boaht",
        "url_resolved": "http://edge.mixlr.com/channel/boaht",
        "homepage": "https://nooraleman.com/",
        "favicon": "",
        "tags": "",
        "country": "Yemen",
        "countrycode": "YE",
        "iso_3166_2": null,
        "state": "",
        "language": "arabic",
        "languagecodes": "ar",
        "votes": 123,
        "lastchangetime": "2023-05-17 18:33:12",
        "lastchangetime_iso8601": "2023-05-17T18:33:12Z",
        "codec": "MP3",
        "bitrate": 0,
        "hls": 0,
        "lastcheckok": 1,
        "lastchecktime": "2023-07-09 07:13:26",
        "lastchecktime_iso8601": "2023-07-09T07:13:26Z",
        "lastcheckoktime": "2023-07-09 07:13:26",
        "lastcheckoktime_iso8601": "2023-07-09T07:13:26Z",
        "lastlocalchecktime": "2023-07-09 07:13:26",
        "lastlocalchecktime_iso8601": "2023-07-09T07:13:26Z",
        "clicktimestamp": "2023-07-09 13:29:06",
        "clicktimestamp_iso8601": "2023-07-09T13:29:06Z",
        "clickcount": 103,
        "clicktrend": 4,
        "ssl_error": 0,
        "geo_lat": null,
        "geo_long": null,
        "has_extended_info": false
    },
    {
        "changeuuid": "52b7ebc5-dbf5-462c-917d-54739947866e",
        "stationuuid": "ce0742b2-f840-460e-b1ea-3aa6eb346c5a",
        "serveruuid": "454ae35b-ac28-4296-844e-996e6b50f9db",
        "name": "DIMusic Club Yemen ",
        "url": "http://stream1.dimusic.club:11496/live",
        "url_resolved": "http://stream1.dimusic.club:11496/live",
        "homepage": "http://dimusic.club/",
        "favicon": "https://firebasestorage.googleapis.com/v0/b/radiogalaxy-580f4.appspot.com/o/images%2FIMG_20230505_061229821.jpg?alt=media&token=d288749c-902b-46c8-90c3-03ef118709a7",
        "tags": "dance,eurodance,europop,hits,pop,pophits",
        "country": "Yemen",
        "countrycode": "YE",
        "iso_3166_2": null,
        "state": "",
        "language": "english/espa\u00f1a/russia",
        "languagecodes": "",
        "votes": 397,
        "lastchangetime": "2023-05-05 03:20:12",
        "lastchangetime_iso8601": "2023-05-05T03:20:12Z",
        "codec": "AAC+",
        "bitrate": 96,
        "hls": 0,
        "lastcheckok": 1,
        "lastchecktime": "2023-09-03 07:27:26",
        "lastchecktime_iso8601": "2023-09-03T07:27:26Z",
        "lastcheckoktime": "2023-09-03 07:27:26",
        "lastcheckoktime_iso8601": "2023-09-03T07:27:26Z",
        "lastlocalchecktime": "2023-09-03 00:33:35",
        "lastlocalchecktime_iso8601": "2023-09-03T00:33:35Z",
        "clicktimestamp": "2023-09-03 04:50:43",
        "clicktimestamp_iso8601": "2023-09-03T04:50:43Z",
        "clickcount": 96,
        "clicktrend": 2,
        "ssl_error": 0,
        "geo_lat": null,
        "geo_long": null,
        "has_extended_info": false
    },
    {
        "changeuuid": "aec8b9ca-59a2-4a75-a01d-5e8995c33c48",
        "stationuuid": "6b527198-4c4e-42bd-aa1b-56d538e504d7",
        "serveruuid": "532458f3-7220-4433-a26b-84b10188f43e",
        "name": ". quran",
        "url": "https://backup.qurango.net/radio/ahmad_khader_altarabulsi",
        "url_resolved": "https://backup.qurango.net/radio/ahmad_khader_altarabulsi",
        "homepage": "",
        "favicon": "",
        "tags": "classical",
        "country": "Yemen",
        "countrycode": "YE",
        "iso_3166_2": null,
        "state": "",
        "language": "",
        "languagecodes": "",
        "votes": 58,
        "lastchangetime": "2023-10-26 05:24:27",
        "lastchangetime_iso8601": "2023-10-26T05:24:27Z",
        "codec": "MP3",
        "bitrate": 128,
        "hls": 0,
        "lastcheckok": 1,
        "lastchecktime": "2023-11-07 06:05:00",
        "lastchecktime_iso8601": "2023-11-07T06:05:00Z",
        "lastcheckoktime": "2023-11-07 06:05:00",
        "lastcheckoktime_iso8601": "2023-11-07T06:05:00Z",
        "lastlocalchecktime": "2023-11-07 06:05:00",
        "lastlocalchecktime_iso8601": "2023-11-07T06:05:00Z",
        "clicktimestamp": "2023-11-07 17:01:15",
        "clicktimestamp_iso8601": "2023-11-07T17:01:15Z",
        "clickcount": 115,
        "clicktrend": 3,
        "ssl_error": 0,
        "geo_lat": null,
        "geo_long": null,
        "has_extended_info": false
    },
    {
        "changeuuid": "3109f7a2-a41c-4312-8124-ea4e722716e8",
        "stationuuid": "c5015613-0a68-4b03-ad44-dc23412e275b",
        "serveruuid": "72905375-aeea-49af-afa5-72684645719c",
        "name": ".\u0627\u0644\u0642\u0631\u0622\u0646 \u0627\u0644\u0643\u0631\u064a\u0645 ",
        "url": "http://m.live.net.sa:1935/live/quransa/playlist.m3u8",
        "url_resolved": "http://m.live.net.sa:1935/live/quransa/playlist.m3u8",
        "homepage": "",
        "favicon": "",
        "tags": "classical",
        "country": "Yemen",
        "countrycode": "YE",
        "iso_3166_2": null,
        "state": "",
        "language": "",
        "languagecodes": "",
        "votes": 33,
        "lastchangetime": "2023-10-26 05:11:11",
        "lastchangetime_iso8601": "2023-10-26T05:11:11Z",
        "codec": "AAC",
        "bitrate": 67,
        "hls": 1,
        "lastcheckok": 1,
        "lastchecktime": "2023-11-07 15:44:38",
        "lastchecktime_iso8601": "2023-11-07T15:44:38Z",
        "lastcheckoktime": "2023-11-07 15:44:38",
        "lastcheckoktime_iso8601": "2023-11-07T15:44:38Z",
        "lastlocalchecktime": "2023-11-07 06:15:57",
        "lastlocalchecktime_iso8601": "2023-11-07T06:15:57Z",
        "clicktimestamp": "2023-11-07 13:04:42",
        "clicktimestamp_iso8601": "2023-11-07T13:04:42Z",
        "clickcount": 74,
        "clicktrend": -5,
        "ssl_error": 0,
        "geo_lat": null,
        "geo_long": null,
        "has_extended_info": false
    }
]