[
    {
        "changeuuid": "c8fcf7d5-a9e5-462d-bfbe-5f395814c2ac",
        "stationuuid": "acb6af8a-c8e3-4bdb-ae7d-ceedab23e4b7",
        "serveruuid": "ce41ecff-e766-42a6-bd94-93a5b90eb841",
        "name": "Mayotte La 1\u00e8re",
        "url": "https://mayotte.ice.infomaniak.ch/mayotte-128.mp3",
        "url_resolved": "https://mayotte.ice.infomaniak.ch/mayotte-128.mp3",
        "homepage": "https://la1ere.francetvinfo.fr/mayotte/",
        "favicon": "",
        "tags": "french overseas,public radio",
        "country": "Mayotte",
        "countrycode": "YT",
        "iso_3166_2": null,
        "state": "",
        "language": "french,shimaor\u00e9",
        "languagecodes": "fr",
        "votes": 1348,
        "lastchangetime": "2022-05-25 14:47:24",
        "lastchangetime_iso8601": "2022-05-25T14:47:24Z",
        "codec": "MP3",
        "bitrate": 128,
        "hls": 0,
        "lastcheckok": 1,
        "lastchecktime": "2023-04-08 01:36:07",
        "lastchecktime_iso8601": "2023-04-08T01:36:07Z",
        "lastcheckoktime": "2023-04-08 01:36:07",
        "lastcheckoktime_iso8601": "2023-04-08T01:36:07Z",
        "lastlocalchecktime": "2023-04-07 16:16:25",
        "lastlocalchecktime_iso8601": "2023-04-07T16:16:25Z",
        "clicktimestamp": "2023-04-08 13:42:52",
        "clicktimestamp_iso8601": "2023-04-08T13:42:52Z",
        "clickcount": 26,
        "clicktrend": 2,
        "ssl_error": 0,
        "geo_lat": null,
        "geo_long": null,
        "has_extended_info": false
    },
    {
        "changeuuid": "10b94ea5-8c3f-4c35-a9bf-994d6c3c075d",
        "stationuuid": "49784263-8360-45ca-8552-98b5559dfefd",
        "serveruuid": "04678d48-6ceb-4950-ac3e-78f726818a3d",
        "name": "Nour Webradio",
        "url": "http://nour-webradio.ice.infomaniak.ch/nour-webradio.mayotte-32.aac",
        "url_resolved": "http://nour-webradio.ice.infomaniak.ch/nour-webradio.mayotte-32.aac",
        "homepage": "https://www.radio-nour-webradio-mayotte.fr/",
        "favicon": "",
        "tags": "religion",
        "country": "Mayotte",
        "countrycode": "YT",
        "iso_3166_2": null,
        "state": "",
        "language": "",
        "languagecodes": "",
        "votes": 163,
        "lastchangetime": "2022-03-02 23:24:04",
        "lastchangetime_iso8601": "2022-03-02T23:24:04Z",
        "codec": "AAC+",
        "bitrate": 64,
        "hls": 0,
        "lastcheckok": 1,
        "lastchecktime": "2023-04-08 10:45:53",
        "lastchecktime_iso8601": "2023-04-08T10:45:53Z",
        "lastcheckoktime": "2023-04-08 10:45:53",
        "lastcheckoktime_iso8601": "2023-04-08T10:45:53Z",
        "lastlocalchecktime": "2023-04-07 16:27:51",
        "lastlocalchecktime_iso8601": "2023-04-07T16:27:51Z",
        "clicktimestamp": "2023-04-08 13:43:12",
        "clicktimestamp_iso8601": "2023-04-08T13:43:12Z",
        "clickcount": 12,
        "clicktrend": 0,
        "ssl_error": 0,
        "geo_lat": null,
        "geo_long": null,
        "has_extended_info": false
    },
    {
        "changeuuid": "388900ce-42f2-4fdd-b04e-5768464d11b3",
        "stationuuid": "bb42caa7-7ec5-4e68-aad4-8a70ed44ba09",
        "serveruuid": "560f21d7-fe12-428f-86fe-172cb2aed732",
        "name": "100.2 AZUL POP",
        "url": "https://azulpop.ozelip.com/8006/stream",
        "url_resolved": "https://azulpop.ozelip.com/8006/stream",
        "homepage": "https://azulradyo.com/",
        "favicon": "",
        "tags": "ambient,ambient and relaxation music,ambient jazz,ambient lounge,ambient techno,ambiental,ambiente,dark ambient,deep ambient,electro,electro deep,electro house,electro swing,electronic,electronic beats,electronic dance music,electronic music,electronica,electropop,zen ambient",
        "country": "Mayotte",
        "countrycode": "YT",
        "iso_3166_2": null,
        "state": "San Jos\u00e9 de Mayo",
        "language": "american english,english,french,italian,occitan",
        "languagecodes": "en,fr,it,oc",
        "votes": 55,
        "lastchangetime": "2023-02-24 13:37:06",
        "lastchangetime_iso8601": "2023-02-24T13:37:06Z",
        "codec": "MP3",
        "bitrate": 128,
        "hls": 0,
        "lastcheckok": 1,
        "lastchecktime": "2023-04-08 13:44:48",
        "lastchecktime_iso8601": "2023-04-08T13:44:48Z",
        "lastcheckoktime": "2023-04-08 13:44:48",
        "lastcheckoktime_iso8601": "2023-04-08T13:44:48Z",
        "lastlocalchecktime": "2023-04-08 13:44:48",
        "lastlocalchecktime_iso8601": "2023-04-08T13:44:48Z",
        "clicktimestamp": "2023-04-08 14:14:51",
        "clicktimestamp_iso8601": "2023-04-08T14:14:51Z",
        "clickcount": 24,
        "clicktrend": 2,
        "ssl_error": 0,
        "geo_lat": null,
        "geo_long": null,
        "has_extended_info": false
    },
    {
        "changeuuid": "8b2584ec-1137-4814-b112-e3226bd5d9eb",
        "stationuuid": "07bbe812-f561-418e-9e73-11a827b72819",
        "serveruuid": "454ae35b-ac28-4296-844e-996e6b50f9db",
        "name": "DIMusic Club Mayotte ",
        "url": "http://stream1.dimusic.club:11496/live",
        "url_resolved": "http://stream1.dimusic.club:11496/live",
        "homepage": "http://dimusic.club/",
        "favicon": "https://firebasestorage.googleapis.com/v0/b/radiogalaxy-580f4.appspot.com/o/images%2FIMG_20230519_094822269.jpg?alt=media&token=702574cd-2803-4904-a639-bfef38f567f0",
        "tags": "dancemusic,eurodance,eurohit,hothit,pophit",
        "country": "Mayotte",
        "countrycode": "YT",
        "iso_3166_2": null,
        "state": "",
        "language": "english/ russian /francia /espa\u00f1a",
        "languagecodes": "",
        "votes": 19,
        "lastchangetime": "2023-05-19 07:00:09",
        "lastchangetime_iso8601": "2023-05-19T07:00:09Z",
        "codec": "AAC+",
        "bitrate": 96,
        "hls": 0,
        "lastcheckok": 1,
        "lastchecktime": "2023-07-09 07:56:41",
        "lastchecktime_iso8601": "2023-07-09T07:56:41Z",
        "lastcheckoktime": "2023-07-09 07:56:41",
        "lastcheckoktime_iso8601": "2023-07-09T07:56:41Z",
        "lastlocalchecktime": "2023-07-09 03:57:29",
        "lastlocalchecktime_iso8601": "2023-07-09T03:57:29Z",
        "clicktimestamp": "2023-07-07 05:33:16",
        "clicktimestamp_iso8601": "2023-07-07T05:33:16Z",
        "clickcount": 9,
        "clicktrend": 0,
        "ssl_error": 0,
        "geo_lat": null,
        "geo_long": null,
        "has_extended_info": false
    }
]