[
    {
        "changeuuid": "bccb518a-9bab-40b5-8963-615c9e1d9523",
        "stationuuid": "925d371f-40a8-4c04-bf3d-973b034813e5",
        "serveruuid": "e138e1d5-e412-4e11-9af5-da689d3abbcb",
        "name": "Hot FM 87.7",
        "url": "http://s2.yesstreaming.net:7091/stream?type=.mp3%2F%3Bstream.mp3&_=1",
        "url_resolved": "http://s2.yesstreaming.net:7091/stream?type=.mp3%2F%3Bstream.mp3&_=1",
        "homepage": "http://www.hot877.com/",
        "favicon": "https://hot877.com/wp-content/plugins/under-construction-page/themes/images/favicon.png",
        "tags": "african music,zambian music",
        "country": "Zambia",
        "countrycode": "ZM",
        "iso_3166_2": null,
        "state": "lusaka",
        "language": "english",
        "languagecodes": "en",
        "votes": 1645,
        "lastchangetime": "2022-12-21 12:36:59",
        "lastchangetime_iso8601": "2022-12-21T12:36:59Z",
        "codec": "MP3",
        "bitrate": 128,
        "hls": 0,
        "lastcheckok": 1,
        "lastchecktime": "2023-04-08 06:15:03",
        "lastchecktime_iso8601": "2023-04-08T06:15:03Z",
        "lastcheckoktime": "2023-04-08 06:15:03",
        "lastcheckoktime_iso8601": "2023-04-08T06:15:03Z",
        "lastlocalchecktime": "2023-04-07 17:56:32",
        "lastlocalchecktime_iso8601": "2023-04-07T17:56:32Z",
        "clicktimestamp": "2023-04-08 10:52:08",
        "clicktimestamp_iso8601": "2023-04-08T10:52:08Z",
        "clickcount": 176,
        "clicktrend": -14,
        "ssl_error": 0,
        "geo_lat": null,
        "geo_long": null,
        "has_extended_info": false
    },
    {
        "changeuuid": "21269a2d-74b6-4838-b86d-58cf0c143e61",
        "stationuuid": "109fdd9b-0ce8-46ff-b857-f70aee67c666",
        "serveruuid": "01d0681b-2adb-49dc-84cf-4bfd4aad6615",
        "name": "Sun Fm Zambia",
        "url": "http://11233.cloudrad.io:9102/live",
        "url_resolved": "http://11233.cloudrad.io:9102/live",
        "homepage": "https://www.zambia.com/",
        "favicon": "",
        "tags": "",
        "country": "Zambia",
        "countrycode": "ZM",
        "iso_3166_2": null,
        "state": "",
        "language": "english",
        "languagecodes": "en",
        "votes": 1206,
        "lastchangetime": "2022-10-04 06:21:26",
        "lastchangetime_iso8601": "2022-10-04T06:21:26Z",
        "codec": "MP3",
        "bitrate": 128,
        "hls": 0,
        "lastcheckok": 1,
        "lastchecktime": "2023-04-08 11:49:33",
        "lastchecktime_iso8601": "2023-04-08T11:49:33Z",
        "lastcheckoktime": "2023-04-08 11:49:33",
        "lastcheckoktime_iso8601": "2023-04-08T11:49:33Z",
        "lastlocalchecktime": "2023-04-08 11:49:33",
        "lastlocalchecktime_iso8601": "2023-04-08T11:49:33Z",
        "clicktimestamp": "2023-04-08 06:07:08",
        "clicktimestamp_iso8601": "2023-04-08T06:07:08Z",
        "clickcount": 71,
        "clicktrend": 0,
        "ssl_error": 0,
        "geo_lat": null,
        "geo_long": null,
        "has_extended_info": false
    },
    {
        "changeuuid": "af4a2faf-6f15-4dea-9fce-0993ae69fa69",
        "stationuuid": "d9822dbf-3291-46d8-a437-1ff934aba419",
        "serveruuid": "49ea0c6b-632f-4dae-a804-fc523af1df9f",
        "name": "Radio Christian Voice",
        "url": "https://zas5.ndx.co.za:8184/stream?1621623539438",
        "url_resolved": "https://zas5.ndx.co.za:8184/stream?1621623539438",
        "homepage": "https://rcvoice.co.zm/",
        "favicon": "https://rcvoice.co.zm/wp-content/uploads/2019/05/favicon-png.png",
        "tags": "",
        "country": "Zambia",
        "countrycode": "ZM",
        "iso_3166_2": null,
        "state": "lusaka",
        "language": "",
        "languagecodes": "",
        "votes": 1041,
        "lastchangetime": "2021-11-11 16:33:21",
        "lastchangetime_iso8601": "2021-11-11T16:33:21Z",
        "codec": "AAC",
        "bitrate": 48,
        "hls": 0,
        "lastcheckok": 1,
        "lastchecktime": "2023-04-08 04:43:35",
        "lastchecktime_iso8601": "2023-04-08T04:43:35Z",
        "lastcheckoktime": "2023-04-08 04:43:35",
        "lastcheckoktime_iso8601": "2023-04-08T04:43:35Z",
        "lastlocalchecktime": "2023-04-07 15:51:57",
        "lastlocalchecktime_iso8601": "2023-04-07T15:51:57Z",
        "clicktimestamp": "2023-04-08 12:55:47",
        "clicktimestamp_iso8601": "2023-04-08T12:55:47Z",
        "clickcount": 82,
        "clicktrend": -1,
        "ssl_error": 0,
        "geo_lat": -16.63619187839765,
        "geo_long": 27.24609375,
        "has_extended_info": false
    },
    {
        "changeuuid": "37f60117-076a-4903-99f8-f157f9eee390",
        "stationuuid": "785e7d27-445e-43a0-9d8b-a61f910756da",
        "serveruuid": "5869ed14-20a1-4c23-a2a6-dc345e926e8f",
        "name": "ZNBC Radio 1",
        "url": "https://eu6.fastcast4u.com/proxy/radio1?mp=/1&1632938861811",
        "url_resolved": "https://eu6.fastcast4u.com/proxy/radio1?mp=/1&1632938861811",
        "homepage": "https://www.znbc.co.zm/radio1",
        "favicon": "https://www.znbc.co.zm/favicon.ico",
        "tags": "",
        "country": "Zambia",
        "countrycode": "ZM",
        "iso_3166_2": null,
        "state": "lusaka",
        "language": "",
        "languagecodes": "",
        "votes": 989,
        "lastchangetime": "2023-04-06 18:13:57",
        "lastchangetime_iso8601": "2023-04-06T18:13:57Z",
        "codec": "MP3",
        "bitrate": 128,
        "hls": 0,
        "lastcheckok": 1,
        "lastchecktime": "2023-04-08 08:59:50",
        "lastchecktime_iso8601": "2023-04-08T08:59:50Z",
        "lastcheckoktime": "2023-04-08 08:59:50",
        "lastcheckoktime_iso8601": "2023-04-08T08:59:50Z",
        "lastlocalchecktime": "2023-04-07 18:15:11",
        "lastlocalchecktime_iso8601": "2023-04-07T18:15:11Z",
        "clicktimestamp": "2023-04-08 07:28:36",
        "clicktimestamp_iso8601": "2023-04-08T07:28:36Z",
        "clickcount": 181,
        "clicktrend": 2,
        "ssl_error": 0,
        "geo_lat": -15.241789855961722,
        "geo_long": 28.454589843750004,
        "has_extended_info": false
    },
    {
        "changeuuid": "d8ab1a03-1d74-4461-a543-0b0d4b907814",
        "stationuuid": "05c8380c-c68a-11e8-a498-52543be04c81",
        "serveruuid": "c5010abb-a7f4-4eaf-99b0-6aa581af189a",
        "name": "Flava (Kitwe)",
        "url": "http://s2.voscast.com:9304/;",
        "url_resolved": "http://s2.voscast.com:9304/;",
        "homepage": "http://www.flavafm.co.zm/",
        "favicon": "",
        "tags": "",
        "country": "Zambia",
        "countrycode": "ZM",
        "iso_3166_2": null,
        "state": "",
        "language": "",
        "languagecodes": "",
        "votes": 885,
        "lastchangetime": "2022-09-05 03:49:40",
        "lastchangetime_iso8601": "2022-09-05T03:49:40Z",
        "codec": "MP3",
        "bitrate": 96,
        "hls": 0,
        "lastcheckok": 1,
        "lastchecktime": "2023-04-08 09:26:17",
        "lastchecktime_iso8601": "2023-04-08T09:26:17Z",
        "lastcheckoktime": "2023-04-08 09:26:17",
        "lastcheckoktime_iso8601": "2023-04-08T09:26:17Z",
        "lastlocalchecktime": "2023-04-07 16:38:14",
        "lastlocalchecktime_iso8601": "2023-04-07T16:38:14Z",
        "clicktimestamp": "2023-04-08 02:32:31",
        "clicktimestamp_iso8601": "2023-04-08T02:32:31Z",
        "clickcount": 41,
        "clicktrend": -1,
        "ssl_error": 0,
        "geo_lat": null,
        "geo_long": null,
        "has_extended_info": false
    },
    {
        "changeuuid": "76808fd0-9ddb-4fa5-8b08-cb3f5a0c46d1",
        "stationuuid": "482e7fe4-caf6-4449-889c-5b74b883f6dd",
        "serveruuid": "e39acdc6-2332-49f8-b556-7b5216d7343a",
        "name": "5fm Radio Zambia",
        "url": "http://ca9.rcast.net:8014/;stream.mp3",
        "url_resolved": "http://ca9.rcast.net:8014/;stream.mp3",
        "homepage": "http://www.5fm.co.zm/",
        "favicon": "",
        "tags": "",
        "country": "Zambia",
        "countrycode": "ZM",
        "iso_3166_2": null,
        "state": "",
        "language": "english",
        "languagecodes": "en",
        "votes": 724,
        "lastchangetime": "2022-08-28 04:31:27",
        "lastchangetime_iso8601": "2022-08-28T04:31:27Z",
        "codec": "MP3",
        "bitrate": 96,
        "hls": 0,
        "lastcheckok": 1,
        "lastchecktime": "2023-04-08 11:59:36",
        "lastchecktime_iso8601": "2023-04-08T11:59:36Z",
        "lastcheckoktime": "2023-04-08 11:59:36",
        "lastcheckoktime_iso8601": "2023-04-08T11:59:36Z",
        "lastlocalchecktime": "2023-04-07 17:30:34",
        "lastlocalchecktime_iso8601": "2023-04-07T17:30:34Z",
        "clicktimestamp": "2023-04-08 07:44:59",
        "clicktimestamp_iso8601": "2023-04-08T07:44:59Z",
        "clickcount": 82,
        "clicktrend": 0,
        "ssl_error": 0,
        "geo_lat": null,
        "geo_long": null,
        "has_extended_info": false
    },
    {
        "changeuuid": "2f1c7352-883b-4981-9d08-29d61ea280ec",
        "stationuuid": "3ced9252-6c28-4217-8145-65dba218b4fd",
        "serveruuid": "49efdbe8-16a7-410f-9b9d-44d9aacd0945",
        "name": "Power FM Zambia",
        "url": "http://41.60.195.11:8000/stream.ogg",
        "url_resolved": "http://41.60.195.11:8000/stream.ogg",
        "homepage": "https://www.zambia.com/",
        "favicon": "http://cdn-profiles.tunein.com/s228654/images/logoq.jpg?t=153323",
        "tags": "",
        "country": "Zambia",
        "countrycode": "ZM",
        "iso_3166_2": null,
        "state": "",
        "language": "english",
        "languagecodes": "en",
        "votes": 684,
        "lastchangetime": "2022-03-28 11:13:02",
        "lastchangetime_iso8601": "2022-03-28T11:13:02Z",
        "codec": "OGG",
        "bitrate": 128,
        "hls": 0,
        "lastcheckok": 1,
        "lastchecktime": "2023-04-08 09:59:25",
        "lastchecktime_iso8601": "2023-04-08T09:59:25Z",
        "lastcheckoktime": "2023-04-08 09:59:25",
        "lastcheckoktime_iso8601": "2023-04-08T09:59:25Z",
        "lastlocalchecktime": "2023-04-08 09:59:25",
        "lastlocalchecktime_iso8601": "2023-04-08T09:59:25Z",
        "clicktimestamp": "2023-04-08 03:53:29",
        "clicktimestamp_iso8601": "2023-04-08T03:53:29Z",
        "clickcount": 59,
        "clicktrend": 1,
        "ssl_error": 0,
        "geo_lat": null,
        "geo_long": null,
        "has_extended_info": false
    },
    {
        "changeuuid": "da00224d-2657-4f5d-8478-fecea0966ab6",
        "stationuuid": "4355d788-eb83-4cfa-a23f-a4f260615fd0",
        "serveruuid": "aa367a7b-5620-43c5-961e-b0ff6513b1c2",
        "name": "ThaBiggRadio",
        "url": "http://stream.zeno.fm/c17yxm6rrg0uv",
        "url_resolved": "http://stream-038.zeno.fm/c17yxm6rrg0uv?zs=Oxd44Uu4QfS5ZrXrqQp5Uw",
        "homepage": "",
        "favicon": "",
        "tags": "r&b/urban",
        "country": "Zambia",
        "countrycode": "ZM",
        "iso_3166_2": null,
        "state": "",
        "language": "",
        "languagecodes": "",
        "votes": 346,
        "lastchangetime": "2021-08-06 08:36:45",
        "lastchangetime_iso8601": "2021-08-06T08:36:45Z",
        "codec": "MP3",
        "bitrate": 0,
        "hls": 0,
        "lastcheckok": 1,
        "lastchecktime": "2023-04-08 02:27:05",
        "lastchecktime_iso8601": "2023-04-08T02:27:05Z",
        "lastcheckoktime": "2023-04-08 02:27:05",
        "lastcheckoktime_iso8601": "2023-04-08T02:27:05Z",
        "lastlocalchecktime": "2023-04-07 16:13:34",
        "lastlocalchecktime_iso8601": "2023-04-07T16:13:34Z",
        "clicktimestamp": "2023-04-08 02:49:11",
        "clicktimestamp_iso8601": "2023-04-08T02:49:11Z",
        "clickcount": 27,
        "clicktrend": 1,
        "ssl_error": 0,
        "geo_lat": null,
        "geo_long": null,
        "has_extended_info": false
    },
    {
        "changeuuid": "a10311f3-d9ca-4e5a-8c33-2c347417fee2",
        "stationuuid": "8e1e2b39-5b55-45f9-b6c2-a94e5e8c23f5",
        "serveruuid": "560f21d7-fe12-428f-86fe-172cb2aed732",
        "name": "_100.5 AZUL HITS",
        "url": "https://azulpop.ozelip.com/8006/stream",
        "url_resolved": "https://azulpop.ozelip.com/8006/stream",
        "homepage": "https://azulradyo.com/",
        "favicon": "",
        "tags": "classic dance,dance,dance music,electronic dance music,eurodance,indie dance,italo dance,pop,pop dance,tango,tango nuevo,tangos",
        "country": "Zambia",
        "countrycode": "ZM",
        "iso_3166_2": null,
        "state": "Paris",
        "language": "afrikaans,english,espa\u00f1ol argentina,espa\u00f1ol internacional",
        "languagecodes": "af,en",
        "votes": 92,
        "lastchangetime": "2023-02-24 03:01:48",
        "lastchangetime_iso8601": "2023-02-24T03:01:48Z",
        "codec": "MP3",
        "bitrate": 128,
        "hls": 0,
        "lastcheckok": 1,
        "lastchecktime": "2023-04-08 10:25:23",
        "lastchecktime_iso8601": "2023-04-08T10:25:23Z",
        "lastcheckoktime": "2023-04-08 10:25:23",
        "lastcheckoktime_iso8601": "2023-04-08T10:25:23Z",
        "lastlocalchecktime": "2023-04-08 10:25:23",
        "lastlocalchecktime_iso8601": "2023-04-08T10:25:23Z",
        "clicktimestamp": "2023-04-08 08:08:52",
        "clicktimestamp_iso8601": "2023-04-08T08:08:52Z",
        "clickcount": 33,
        "clicktrend": -5,
        "ssl_error": 0,
        "geo_lat": null,
        "geo_long": null,
        "has_extended_info": false
    },
    {
        "changeuuid": "89ae158c-c1d3-491b-b8ae-f593ca3bddf3",
        "stationuuid": "2eeab1c9-835b-403f-b055-ebcabb64cd31",
        "serveruuid": "951b7975-42c9-4ecf-9743-5dfa75a7a4ea",
        "name": "Chikuni Community Radio Station",
        "url": "https://chikunir.radioca.st/stream",
        "url_resolved": "https://chikunir.radioca.st/stream",
        "homepage": "https://www.chikuniradiozm.org/",
        "favicon": "https://www.chikuniradiozm.org/uploads/3/0/4/6/30464488/editor/chikuni-radio-on-whatsapp.png?1626204787",
        "tags": "",
        "country": "Zambia",
        "countrycode": "ZM",
        "iso_3166_2": null,
        "state": "",
        "language": "",
        "languagecodes": "",
        "votes": 90,
        "lastchangetime": "2022-10-24 06:33:53",
        "lastchangetime_iso8601": "2022-10-24T06:33:53Z",
        "codec": "MP3",
        "bitrate": 96,
        "hls": 0,
        "lastcheckok": 1,
        "lastchecktime": "2023-04-08 05:13:53",
        "lastchecktime_iso8601": "2023-04-08T05:13:53Z",
        "lastcheckoktime": "2023-04-08 05:13:53",
        "lastcheckoktime_iso8601": "2023-04-08T05:13:53Z",
        "lastlocalchecktime": "2023-04-07 19:42:44",
        "lastlocalchecktime_iso8601": "2023-04-07T19:42:44Z",
        "clicktimestamp": "2023-04-08 13:32:59",
        "clicktimestamp_iso8601": "2023-04-08T13:32:59Z",
        "clickcount": 38,
        "clicktrend": 0,
        "ssl_error": 0,
        "geo_lat": null,
        "geo_long": null,
        "has_extended_info": false
    },
    {
        "changeuuid": "1c4fc067-066b-4eb9-abdb-31fc678a3782",
        "stationuuid": "427cd6d2-fbcf-4e95-8a43-700561b7af73",
        "serveruuid": "c4caf20e-e122-443e-b2b9-dc24b47669b3",
        "name": "Hot 102.7FM",
        "url": "https://edge.iono.fm/xice/57_medium.aac?ref=https%3A%2F%2Fhot1027.co.za%2F&adToken=",
        "url_resolved": "https://edge.iono.fm/xice/57_medium.aac?ref=https%3A%2F%2Fhot1027.co.za%2F&adToken=",
        "homepage": "https://hot1027.co.za/",
        "favicon": "https://hot1027.co.za/favicon.ico",
        "tags": "",
        "country": "Zambia",
        "countrycode": "ZM",
        "iso_3166_2": null,
        "state": "",
        "language": "",
        "languagecodes": "",
        "votes": 24,
        "lastchangetime": "2023-06-24 14:53:33",
        "lastchangetime_iso8601": "2023-06-24T14:53:33Z",
        "codec": "AAC",
        "bitrate": 0,
        "hls": 0,
        "lastcheckok": 1,
        "lastchecktime": "2023-07-08 21:30:23",
        "lastchecktime_iso8601": "2023-07-08T21:30:23Z",
        "lastcheckoktime": "2023-07-08 21:30:23",
        "lastcheckoktime_iso8601": "2023-07-08T21:30:23Z",
        "lastlocalchecktime": "2023-07-08 21:30:23",
        "lastlocalchecktime_iso8601": "2023-07-08T21:30:23Z",
        "clicktimestamp": "2023-07-09 12:57:11",
        "clicktimestamp_iso8601": "2023-07-09T12:57:11Z",
        "clickcount": 30,
        "clicktrend": 2,
        "ssl_error": 0,
        "geo_lat": null,
        "geo_long": null,
        "has_extended_info": false
    },
    {
        "changeuuid": "d404e366-3dc5-48df-a242-5705b714c85c",
        "stationuuid": "120437e1-97fe-4096-9306-7a25249a832c",
        "serveruuid": "454ae35b-ac28-4296-844e-996e6b50f9db",
        "name": "DIMusic Club Zambia \ud83c\uddff\ud83c\uddf2 ",
        "url": "http://stream1.dimusic.club:11496/live",
        "url_resolved": "http://stream1.dimusic.club:11496/live",
        "homepage": "http://dimusic.club/",
        "favicon": "https://firebasestorage.googleapis.com/v0/b/radiogalaxy-580f4.appspot.com/o/images%2FIMG_20230609_062729539.jpg?alt=media&token=73a24632-68fe-4ba4-8a00-ed493d2588df",
        "tags": "pop dance eurodance  electro retro hits",
        "country": "Zambia",
        "countrycode": "ZM",
        "iso_3166_2": null,
        "state": "",
        "language": "english/ russian/francia/ espa\u00f1a/",
        "languagecodes": "",
        "votes": 7,
        "lastchangetime": "2023-06-09 03:38:01",
        "lastchangetime_iso8601": "2023-06-09T03:38:01Z",
        "codec": "AAC+",
        "bitrate": 96,
        "hls": 0,
        "lastcheckok": 1,
        "lastchecktime": "2023-07-09 06:55:17",
        "lastchecktime_iso8601": "2023-07-09T06:55:17Z",
        "lastcheckoktime": "2023-07-09 06:55:17",
        "lastcheckoktime_iso8601": "2023-07-09T06:55:17Z",
        "lastlocalchecktime": "2023-07-09 06:55:17",
        "lastlocalchecktime_iso8601": "2023-07-09T06:55:17Z",
        "clicktimestamp": "2023-07-09 12:57:53",
        "clicktimestamp_iso8601": "2023-07-09T12:57:53Z",
        "clickcount": 32,
        "clicktrend": -1,
        "ssl_error": 0,
        "geo_lat": null,
        "geo_long": null,
        "has_extended_info": false
    },
    {
        "changeuuid": "7e9b2398-14d9-421e-bb57-e406c278ae94",
        "stationuuid": "f2b49723-67a4-41cf-afde-a09a7ac83231",
        "serveruuid": "aa584a6c-d724-4903-82f0-75a8bc18d598",
        "name": "Energy Broadcst Accouant",
        "url": "https://sv2.famcast.co.za/proxy/energyfm?mp=/stream",
        "url_resolved": "https://sv2.famcast.co.za/proxy/energyfm?mp=/stream",
        "homepage": "https://www.energyfmsa.co.za/",
        "favicon": "https://www.energyfmsa.co.za/wp-content/uploads/2022/08/d09a5cad-5828-40da-a736-0d42c11e0dbb-e1660134886775.jpg",
        "tags": "",
        "country": "Zambia",
        "countrycode": "ZM",
        "iso_3166_2": null,
        "state": "",
        "language": "",
        "languagecodes": "",
        "votes": 5,
        "lastchangetime": "2023-11-04 07:07:46",
        "lastchangetime_iso8601": "2023-11-04T07:07:46Z",
        "codec": "MP3",
        "bitrate": 128,
        "hls": 0,
        "lastcheckok": 1,
        "lastchecktime": "2023-11-07 17:51:59",
        "lastchecktime_iso8601": "2023-11-07T17:51:59Z",
        "lastcheckoktime": "2023-11-07 17:51:59",
        "lastcheckoktime_iso8601": "2023-11-07T17:51:59Z",
        "lastlocalchecktime": "2023-11-07 07:16:09",
        "lastlocalchecktime_iso8601": "2023-11-07T07:16:09Z",
        "clicktimestamp": "2023-11-07 15:43:01",
        "clicktimestamp_iso8601": "2023-11-07T15:43:01Z",
        "clickcount": 19,
        "clicktrend": -4,
        "ssl_error": 0,
        "geo_lat": null,
        "geo_long": null,
        "has_extended_info": false
    }
]