[
    {
        "changeuuid": "4d2dbb7f-f6fe-4d2c-bf02-35ee63ab0fd1",
        "stationuuid": "a92d5314-f3d3-11e8-a471-52543be04c81",
        "serveruuid": "a5d31747-4a0a-4521-9d31-b55137fc68bd",
        "name": "Zimbabwe Khulumani Radio",
        "url": "http://197.221.250.170:88/broadwavehigh.mp3?src=1",
        "url_resolved": "http://197.221.250.170:88/broadwavehigh.mp3?src=1",
        "homepage": "http://www.khulumanifm.co.zw/",
        "favicon": "http://www.khulumanifm.co.zw/favicon.ico",
        "tags": "",
        "country": "Zimbabwe",
        "countrycode": "ZW",
        "iso_3166_2": null,
        "state": "Harare",
        "language": "english",
        "languagecodes": "en",
        "votes": 836,
        "lastchangetime": "2023-02-19 05:34:56",
        "lastchangetime_iso8601": "2023-02-19T05:34:56Z",
        "codec": "MP3",
        "bitrate": 0,
        "hls": 0,
        "lastcheckok": 1,
        "lastchecktime": "2023-04-08 08:51:56",
        "lastchecktime_iso8601": "2023-04-08T08:51:56Z",
        "lastcheckoktime": "2023-04-08 08:51:56",
        "lastcheckoktime_iso8601": "2023-04-08T08:51:56Z",
        "lastlocalchecktime": "2023-04-08 08:51:56",
        "lastlocalchecktime_iso8601": "2023-04-08T08:51:56Z",
        "clicktimestamp": "2023-04-08 13:37:29",
        "clicktimestamp_iso8601": "2023-04-08T13:37:29Z",
        "clickcount": 66,
        "clicktrend": 2,
        "ssl_error": 0,
        "geo_lat": null,
        "geo_long": null,
        "has_extended_info": false
    },
    {
        "changeuuid": "326fd160-e6da-4c30-a099-28bf7c82ddfe",
        "stationuuid": "a16a152f-b687-4646-a27b-5df9b87a9626",
        "serveruuid": "a5d31747-4a0a-4521-9d31-b55137fc68bd",
        "name": "Khulumani FM",
        "url": "http://197.221.250.170:88/broadwavehigh.mp3",
        "url_resolved": "http://197.221.250.170:88/broadwavehigh.mp3",
        "homepage": "https://www.khulumanifm.co.zw/",
        "favicon": "https://www.khulumanifm.co.zw/favicon.ico",
        "tags": "african music,business news,house,local music,mbaqanga,relaxation,sport,talk",
        "country": "Zimbabwe",
        "countrycode": "ZW",
        "iso_3166_2": null,
        "state": "",
        "language": "xhosa",
        "languagecodes": "xh",
        "votes": 540,
        "lastchangetime": "2023-01-23 14:11:41",
        "lastchangetime_iso8601": "2023-01-23T14:11:41Z",
        "codec": "MP3",
        "bitrate": 0,
        "hls": 0,
        "lastcheckok": 1,
        "lastchecktime": "2023-04-08 03:07:38",
        "lastchecktime_iso8601": "2023-04-08T03:07:38Z",
        "lastcheckoktime": "2023-04-08 03:07:38",
        "lastcheckoktime_iso8601": "2023-04-08T03:07:38Z",
        "lastlocalchecktime": "2023-04-07 18:56:40",
        "lastlocalchecktime_iso8601": "2023-04-07T18:56:40Z",
        "clicktimestamp": "2023-04-08 13:37:43",
        "clicktimestamp_iso8601": "2023-04-08T13:37:43Z",
        "clickcount": 59,
        "clicktrend": 2,
        "ssl_error": 0,
        "geo_lat": null,
        "geo_long": null,
        "has_extended_info": false
    },
    {
        "changeuuid": "491b67bd-bede-404d-a2e1-c7ecd50b1f62",
        "stationuuid": "c7a36015-4324-48c9-bd2c-2d4ffab24ec9",
        "serveruuid": "560f21d7-fe12-428f-86fe-172cb2aed732",
        "name": "102.1 AZUL POP",
        "url": "https://azulpop.ozelip.com/8006/stream",
        "url_resolved": "https://azulpop.ozelip.com/8006/stream",
        "homepage": "https://azulradyo.com/",
        "favicon": "",
        "tags": "#africa,#african,#blues,#hit,#hits,#latin,#pop,#top100,#top40,#top50,adult top 40,american top 40,los40,pop,rhythmic top 40,top 40,top 40 hits,top 40 pop,top 40/pop",
        "country": "Zimbabwe",
        "countrycode": "ZW",
        "iso_3166_2": null,
        "state": "Harare",
        "language": "africa,afrikaans,english",
        "languagecodes": "af,en",
        "votes": 198,
        "lastchangetime": "2023-02-23 17:56:55",
        "lastchangetime_iso8601": "2023-02-23T17:56:55Z",
        "codec": "MP3",
        "bitrate": 128,
        "hls": 0,
        "lastcheckok": 1,
        "lastchecktime": "2023-04-07 19:44:58",
        "lastchecktime_iso8601": "2023-04-07T19:44:58Z",
        "lastcheckoktime": "2023-04-07 19:44:58",
        "lastcheckoktime_iso8601": "2023-04-07T19:44:58Z",
        "lastlocalchecktime": "2023-04-07 16:41:14",
        "lastlocalchecktime_iso8601": "2023-04-07T16:41:14Z",
        "clicktimestamp": "2023-04-08 13:37:51",
        "clicktimestamp_iso8601": "2023-04-08T13:37:51Z",
        "clickcount": 84,
        "clicktrend": 2,
        "ssl_error": 0,
        "geo_lat": 2.7574172903991676,
        "geo_long": 13.681637048721315,
        "has_extended_info": false
    },
    {
        "changeuuid": "908db0ae-ed05-497a-8e0e-c5e527a45e22",
        "stationuuid": "3deb2ce9-86d6-4a4a-bdaa-7dbf96f5bc92",
        "serveruuid": "c4caf20e-e122-443e-b2b9-dc24b47669b3",
        "name": "Capitalk 100.4FM Harare",
        "url": "https://edge.iono.fm/xice/162_medium.aac",
        "url_resolved": "https://edge.iono.fm/xice/162_medium.aac",
        "homepage": "https://capitalkfm.co.zw/",
        "favicon": "https://cdn-radiotime-logos.tunein.com/s295932d.png",
        "tags": "african music",
        "country": "Zimbabwe",
        "countrycode": "ZW",
        "iso_3166_2": null,
        "state": "Harare",
        "language": "english",
        "languagecodes": "en",
        "votes": 80,
        "lastchangetime": "2023-07-17 00:10:05",
        "lastchangetime_iso8601": "2023-07-17T00:10:05Z",
        "codec": "AAC",
        "bitrate": 0,
        "hls": 0,
        "lastcheckok": 1,
        "lastchecktime": "2023-09-03 09:44:27",
        "lastchecktime_iso8601": "2023-09-03T09:44:27Z",
        "lastcheckoktime": "2023-09-03 09:44:27",
        "lastcheckoktime_iso8601": "2023-09-03T09:44:27Z",
        "lastlocalchecktime": "2023-09-03 09:44:27",
        "lastlocalchecktime_iso8601": "2023-09-03T09:44:27Z",
        "clicktimestamp": "2023-09-03 11:59:38",
        "clicktimestamp_iso8601": "2023-09-03T11:59:38Z",
        "clickcount": 164,
        "clicktrend": -6,
        "ssl_error": 0,
        "geo_lat": -17.8643597784372,
        "geo_long": 31.05148315429688,
        "has_extended_info": false
    },
    {
        "changeuuid": "7a1bd79b-a5fe-4a8c-9667-0ca08fd430ed",
        "stationuuid": "7ebca806-72d8-41e1-9510-92cb1791c062",
        "serveruuid": "c4caf20e-e122-443e-b2b9-dc24b47669b3",
        "name": "Star FM 89.7",
        "url": "https://edge.iono.fm/xice/159_medium.aac",
        "url_resolved": "https://edge.iono.fm/xice/159_medium.aac",
        "homepage": "https://www.starfm.co.zw/#&panel1-9",
        "favicon": "",
        "tags": "",
        "country": "Zimbabwe",
        "countrycode": "ZW",
        "iso_3166_2": null,
        "state": "",
        "language": "",
        "languagecodes": "",
        "votes": 5,
        "lastchangetime": "2023-11-01 08:41:09",
        "lastchangetime_iso8601": "2023-11-01T08:41:09Z",
        "codec": "AAC",
        "bitrate": 0,
        "hls": 0,
        "lastcheckok": 1,
        "lastchecktime": "2023-11-07 17:07:47",
        "lastchecktime_iso8601": "2023-11-07T17:07:47Z",
        "lastcheckoktime": "2023-11-07 17:07:47",
        "lastcheckoktime_iso8601": "2023-11-07T17:07:47Z",
        "lastlocalchecktime": "2023-11-07 08:52:23",
        "lastlocalchecktime_iso8601": "2023-11-07T08:52:23Z",
        "clicktimestamp": "2023-11-07 18:18:30",
        "clicktimestamp_iso8601": "2023-11-07T18:18:30Z",
        "clickcount": 46,
        "clicktrend": 3,
        "ssl_error": 0,
        "geo_lat": null,
        "geo_long": null,
        "has_extended_info": false
    }
]